# File produced by Open Asset Import Library (http://www.assimp.sf.net)
# (assimp v3.1.118612264)

mtllib barrel.mtl

# vertex positions
v 0.808936 -0.085068 0.433114
v 0.817004 0.103706 0.463223
v 0.848777 0.103706 0.459040
v 0.848777 -0.085068 0.427868
v 0.936145 -0.291831 0.483886
v 0.952449 -0.085068 0.455647
v 0.984329 -0.085068 0.480110
v 0.961273 -0.291831 0.503167
v 0.967941 -0.291831 0.509835
v 0.990997 -0.085068 0.486778
v 1.015460 -0.085068 0.518659
v 0.987222 -0.291831 0.534962
v 0.991937 -0.291831 0.543129
v 1.020175 -0.085068 0.526825
v 1.035553 -0.085068 0.563951
v 1.004057 -0.291831 0.572390
v 1.006498 -0.291831 0.581499
v 1.037994 -0.085068 0.573060
v 1.043239 -0.085068 0.612900
v 1.010632 -0.291831 0.612900
v 1.010632 -0.291831 0.622331
v 1.043239 -0.085068 0.622331
v 1.037994 -0.085068 0.662171
v 1.006498 -0.291831 0.653732
v 1.004057 -0.291831 0.662841
v 1.035553 -0.085068 0.671280
v 1.020175 -0.085068 0.708406
v 0.991937 -0.291831 0.692102
v 0.987222 -0.291831 0.700269
v 1.015460 -0.085068 0.716572
v 0.990997 -0.085068 0.748453
v 0.967941 -0.291831 0.725396
v 0.961273 -0.291831 0.732064
v 0.984329 -0.085068 0.755121
v 0.952449 -0.085068 0.779584
v 0.936145 -0.291831 0.751345
v 0.927979 -0.291831 0.756060
v 0.944282 -0.085068 0.784299
v 0.907157 -0.085068 0.799677
v 0.898717 -0.291831 0.768181
v 0.889608 -0.291831 0.770621
v 0.898048 -0.085068 0.802117
v 0.858207 -0.085068 0.807363
v 0.858207 -0.291831 0.774755
v 0.848777 -0.291831 0.774755
v 0.848777 -0.085068 0.807363
v 0.808936 -0.085068 0.802117
v 0.817376 -0.291831 0.770621
v 0.808267 -0.291831 0.768181
v 0.799827 -0.085068 0.799677
v 0.762702 -0.085068 0.784299
v 0.779005 -0.291831 0.756060
v 0.770839 -0.291831 0.751345
v 0.754535 -0.085068 0.779584
v 0.722655 -0.085068 0.755121
v 0.745711 -0.291831 0.732064
v 0.739043 -0.291831 0.725396
v 0.715987 -0.085068 0.748453
v 0.691524 -0.085068 0.716572
v 0.719762 -0.291831 0.700269
v 0.715047 -0.291831 0.692102
v 0.686809 -0.085068 0.708406
v 0.671431 -0.085068 0.671280
v 0.702927 -0.291831 0.662841
v 0.700486 -0.291831 0.653732
v 0.668990 -0.085068 0.662171
v 0.663745 -0.085068 0.622331
v 0.696352 -0.291831 0.622331
v 0.696352 -0.291831 0.612900
v 0.663745 -0.085068 0.612900
v 0.668990 -0.085068 0.573060
v 0.700486 -0.291831 0.581499
v 0.702927 -0.291831 0.572390
v 0.671431 -0.085068 0.563951
v 0.686809 -0.085068 0.526825
v 0.715047 -0.291831 0.543129
v 0.719762 -0.291831 0.534962
v 0.691524 -0.085068 0.518659
v 0.715987 -0.085068 0.486778
v 0.739043 -0.291831 0.509835
v 0.745711 -0.291831 0.503167
v 0.722655 -0.085068 0.480110
v 0.754535 -0.085068 0.455647
v 0.770839 -0.291831 0.483886
v 0.779005 -0.291831 0.479171
v 0.762702 -0.085068 0.450932
v 0.799827 -0.085068 0.435554
v 0.808267 -0.291831 0.467050
v 0.858207 -0.085068 0.427868
v 0.858207 0.103706 0.459040
v 0.889980 0.103706 0.463223
v 0.898048 -0.085068 0.433114
v 0.898717 -0.291831 0.467050
v 0.907157 -0.085068 0.435554
v 0.944282 -0.085068 0.450932
v 0.927979 -0.291831 0.479171
v 0.817376 -0.291831 0.464610
v 0.848777 -0.291831 0.460476
v 0.892222 -0.291831 0.746557
v 0.917281 -0.291831 0.736178
v 0.778287 0.103706 0.477927
v 0.807895 0.103706 0.465663
v 0.744696 0.103706 0.502151
v 0.770121 0.103706 0.482642
v 0.718519 0.103706 0.534244
v 0.738028 0.103706 0.508819
v 0.701540 0.103706 0.572019
v 0.713804 0.103706 0.542411
v 0.694916 0.103706 0.612900
v 0.699099 0.103706 0.581127
v 0.699099 0.103706 0.654104
v 0.694916 0.103706 0.622331
v 0.713804 0.103706 0.692820
v 0.701540 0.103706 0.663212
v 0.738028 0.103706 0.726412
v 0.718519 0.103706 0.700987
v 0.770121 0.103706 0.752589
v 0.744696 0.103706 0.733080
v 0.807895 0.103706 0.769568
v 0.778287 0.103706 0.757304
v 0.848777 0.103706 0.776191
v 0.817004 0.103706 0.772008
v 0.889980 0.103706 0.772008
v 0.858207 0.103706 0.776191
v 0.928697 0.103706 0.757304
v 0.899089 0.103706 0.769568
v 0.962288 0.103706 0.733080
v 0.936863 0.103706 0.752589
v 0.988465 0.103706 0.700987
v 0.968956 0.103706 0.726412
v 1.005444 0.103706 0.663212
v 0.993180 0.103706 0.692820
v 1.012068 0.103706 0.622331
v 1.007885 0.103706 0.654104
v 1.007885 0.103706 0.581127
v 1.012068 0.103706 0.612900
v 0.993180 0.103706 0.542411
v 1.005444 0.103706 0.572019
v 0.968956 0.103706 0.508819
v 0.988465 0.103706 0.534244
v 0.936863 0.103706 0.482642
v 0.962288 0.103706 0.502151
v 0.899089 0.103706 0.465663
v 0.928697 0.103706 0.477927
v 0.929813 -0.291831 0.485423
v 0.924275 -0.291831 0.503091
v 0.918852 -0.291831 0.504408
v 0.853492 -0.085258 0.433299
v 0.853492 0.098113 0.463578
v 0.901197 -0.085258 0.439580
v 0.892999 -0.291831 0.470174
v 0.889608 -0.291831 0.464610
v 0.945650 -0.085258 0.457993
v 0.983823 -0.085258 0.487284
v 0.961426 -0.291831 0.509681
v 1.013114 -0.085258 0.525457
v 0.985684 -0.291831 0.541294
v 1.031528 -0.085258 0.569911
v 1.000933 -0.291831 0.578109
v 1.037808 -0.085258 0.617616
v 1.006134 -0.291831 0.617616
v 1.031528 -0.085258 0.665320
v 1.000933 -0.291831 0.657122
v 1.013114 -0.085258 0.709774
v 0.985684 -0.291831 0.693937
v 0.983823 -0.085258 0.747947
v 0.961426 -0.291831 0.725550
v 0.945650 -0.085258 0.777238
v 0.929813 -0.291831 0.749808
v 0.901197 -0.085258 0.795651
v 0.892999 -0.291831 0.765057
v 0.853492 -0.085258 0.801932
v 0.853492 -0.291831 0.770258
v 0.805787 -0.085258 0.795651
v 0.813985 -0.291831 0.765057
v 0.761334 -0.085258 0.777238
v 0.777171 -0.291831 0.749808
v 0.723161 -0.085258 0.747947
v 0.745558 -0.291831 0.725550
v 0.693870 -0.085258 0.709774
v 0.721300 -0.291831 0.693937
v 0.675456 -0.085258 0.665320
v 0.706051 -0.291831 0.657122
v 0.669176 -0.085258 0.617616
v 0.700850 -0.291831 0.617616
v 0.675456 -0.085258 0.569911
v 0.706051 -0.291831 0.578109
v 0.693870 -0.085258 0.525457
v 0.721300 -0.291831 0.541294
v 0.723161 -0.085258 0.487284
v 0.745558 -0.291831 0.509681
v 0.761334 -0.085258 0.457993
v 0.777171 -0.291831 0.485423
v 0.805787 -0.085258 0.439580
v 0.813985 -0.291831 0.470174
v 0.853492 -0.291831 0.464973
v 0.858207 -0.291831 0.460476
v 0.893360 0.098113 0.468827
v 0.930511 0.098113 0.484215
v 0.962413 0.098113 0.508695
v 0.986892 0.098113 0.540597
v 1.002281 0.098113 0.577748
v 1.007529 0.098113 0.617616
v 1.002281 0.098113 0.657483
v 0.986892 0.098113 0.694634
v 0.962413 0.098113 0.726536
v 0.930511 0.098113 0.751016
v 0.893360 0.098113 0.766404
v 0.853492 0.098113 0.771653
v 0.813624 0.098113 0.766404
v 0.776473 0.098113 0.751016
v 0.744571 0.098113 0.726536
v 0.720092 0.098113 0.694634
v 0.704703 0.098113 0.657483
v 0.699455 0.098113 0.617616
v 0.704703 0.098113 0.577748
v 0.720092 0.098113 0.540597
v 0.744571 0.098113 0.508695
v 0.776473 0.098113 0.484215
v 0.813624 0.098113 0.468827
v 0.853492 -0.291831 0.748336
v 0.857530 -0.291831 0.752188
v 0.884422 -0.291831 0.748648
v 0.761190 -0.291831 0.519603
v 0.761058 -0.291831 0.525182
v 0.822562 -0.291831 0.748648
v 0.849454 -0.291831 0.752188
v 0.734930 -0.291831 0.681405
v 0.740284 -0.291831 0.682976
v 0.727225 -0.291831 0.583782
v 0.722460 -0.291831 0.586686
v 0.789703 -0.291831 0.736178
v 0.814762 -0.291831 0.746558
v 0.984213 -0.291831 0.617616
v 0.988065 -0.291831 0.613578
v 0.968016 -0.291831 0.688399
v 0.966700 -0.291831 0.682976
v 0.761190 -0.291831 0.715628
v 0.782709 -0.291831 0.732140
v 0.951504 -0.291831 0.525314
v 0.945926 -0.291831 0.525182
v 0.738968 -0.291831 0.688399
v 0.755480 -0.291831 0.709917
v 0.819659 -0.291831 0.743882
v 0.724550 -0.291831 0.656346
v 0.789703 -0.291831 0.499053
v 0.788132 -0.291831 0.504408
v 0.740284 -0.291831 0.552255
v 0.734930 -0.291831 0.553826
v 0.718919 -0.291831 0.621653
v 0.722460 -0.291831 0.648545
v 0.979759 -0.291831 0.651449
v 0.984524 -0.291831 0.648545
v 0.727225 -0.291831 0.651449
v 0.718919 -0.291831 0.613578
v 0.945794 -0.291831 0.715628
v 0.945926 -0.291831 0.710049
v 0.788132 -0.291831 0.730823
v 0.724550 -0.291831 0.578885
v 0.887325 -0.291831 0.491349
v 0.884422 -0.291831 0.486583
v 0.972054 -0.291831 0.553826
v 0.966700 -0.291831 0.552255
v 0.755480 -0.291831 0.525314
v 0.738968 -0.291831 0.546832
v 0.782709 -0.291831 0.503091
v 0.822562 -0.291831 0.486583
v 0.819659 -0.291831 0.491349
v 0.972054 -0.291831 0.681405
v 0.814762 -0.291831 0.488674
v 0.722771 -0.291831 0.617616
v 0.761058 -0.291831 0.710049
v 0.917281 -0.291831 0.499053
v 0.918852 -0.291831 0.730823
v 0.857530 -0.291831 0.483043
v 0.984524 -0.291831 0.586686
v 0.979759 -0.291831 0.583782
v 0.951504 -0.291831 0.709917
v 0.849454 -0.291831 0.483043
v 0.853492 -0.291831 0.486895
v 0.892222 -0.291831 0.488674
v 0.945794 -0.291831 0.519603
v 0.887325 -0.291831 0.743882
v 0.924275 -0.291831 0.732140
v 0.968016 -0.291831 0.546832
v 0.988065 -0.291831 0.621653
v 0.982434 -0.291831 0.578885
v 0.982434 -0.291831 0.656346
v 0.857332 0.103360 0.488480
v 0.883206 0.103360 0.491887
v 0.921385 0.103360 0.727530
v 0.916211 0.098805 0.726249
v 0.823778 0.103360 0.743344
v 0.821026 0.098805 0.738780
v 0.890623 0.103360 0.493874
v 0.914734 0.103360 0.503861
v 0.764793 0.098805 0.706314
v 0.759465 0.103360 0.706213
v 0.724357 0.103360 0.621455
v 0.728053 0.098805 0.617616
v 0.978931 0.098805 0.617616
v 0.982627 0.103360 0.621455
v 0.816361 0.103360 0.493874
v 0.821026 0.098805 0.496451
v 0.823778 0.103360 0.491887
v 0.963406 0.103360 0.549723
v 0.962125 0.098805 0.554896
v 0.921385 0.103360 0.507701
v 0.942089 0.103360 0.523588
v 0.790773 0.098805 0.726249
v 0.785599 0.103360 0.727530
v 0.947519 0.103360 0.529018
v 0.947519 0.103360 0.706213
v 0.942191 0.098805 0.706314
v 0.857332 0.103360 0.746751
v 0.853492 0.098805 0.743055
v 0.974657 0.098805 0.585150
v 0.979221 0.103360 0.587902
v 0.967246 0.103360 0.556373
v 0.977233 0.103360 0.580484
v 0.729751 0.103360 0.654747
v 0.732327 0.098805 0.650082
v 0.790773 0.098805 0.508982
v 0.792250 0.103360 0.503861
v 0.982627 0.103360 0.613776
v 0.816361 0.103360 0.741357
v 0.785599 0.103360 0.507701
v 0.979221 0.103360 0.647329
v 0.942191 0.098805 0.528917
v 0.977233 0.103360 0.654747
v 0.967246 0.103360 0.678858
v 0.853492 0.098805 0.492177
v 0.764793 0.098805 0.528917
v 0.764895 0.103360 0.523588
v 0.963406 0.103360 0.685508
v 0.962125 0.098805 0.680335
v 0.849652 0.103360 0.746751
v 0.942089 0.103360 0.711643
v 0.743578 0.103360 0.685508
v 0.744859 0.098805 0.680335
v 0.914734 0.103360 0.731370
v 0.890623 0.103360 0.741357
v 0.744859 0.098805 0.554896
v 0.743578 0.103360 0.549723
v 0.759465 0.103360 0.529018
v 0.883206 0.103360 0.743344
v 0.885958 0.098805 0.738780
v 0.916211 0.098805 0.508982
v 0.792250 0.103360 0.731370
v 0.974657 0.098805 0.650082
v 0.732327 0.098805 0.585150
v 0.729751 0.103360 0.580484
v 0.764895 0.103360 0.711643
v 0.885958 0.098805 0.496451
v 0.739738 0.103360 0.556373
v 0.739738 0.103360 0.678858
v 0.724357 0.103360 0.613776
v 0.727763 0.103360 0.647329
v 0.727763 0.103360 0.587902
v 0.849652 0.103360 0.488480
v 0.739117 0.085199 0.573441
v 0.739117 0.103810 0.573441
v 0.753134 0.102679 0.538729
v 0.753134 0.085199 0.538729
v 0.903671 0.085199 0.501282
v 0.903671 0.103953 0.501282
v 0.953851 0.102679 0.538729
v 0.953851 0.085199 0.538729
v 0.967860 0.085199 0.661422
v 0.967860 0.103810 0.661422
v 0.953851 0.102679 0.696116
v 0.953851 0.085199 0.696116
v 0.803313 0.085199 0.733563
v 0.803313 0.103953 0.733563
v 0.753134 0.102679 0.696116
v 0.753134 0.085199 0.696116
v 0.910676 0.083892 0.682360
v 0.903671 0.085199 0.733563
v 0.796308 0.105262 0.682360
v 0.739124 0.103810 0.661422
v 0.910676 0.105262 0.682360
v 0.853492 0.106714 0.691184
v 0.853492 0.105227 0.749345
v 0.903671 0.103953 0.733563
v 0.796308 0.083892 0.682360
v 0.853492 0.083152 0.691184
v 0.853492 0.085199 0.749345
v 0.803313 0.085199 0.501282
v 0.803313 0.103953 0.501282
v 0.853492 0.105227 0.485500
v 0.853492 0.085199 0.485500
v 0.739124 0.085199 0.661422
v 0.853492 0.108386 0.609090
v 0.788428 0.106734 0.610087
v 0.787425 0.104907 0.617423
v 0.853492 0.106585 0.617423
v 0.723364 0.085199 0.612452
v 0.788428 0.082421 0.610087
v 0.787425 0.080220 0.617423
v 0.721357 0.083185 0.617423
v 0.853492 0.080850 0.609090
v 0.918556 0.082421 0.610087
v 0.919560 0.080220 0.617423
v 0.853492 0.078542 0.617423
v 0.983620 0.105082 0.612452
v 0.918556 0.106734 0.610087
v 0.919560 0.104907 0.617423
v 0.985627 0.103230 0.617423
v 0.723364 0.105082 0.612452
v 0.721357 0.103230 0.617423
v 0.983620 0.085199 0.612452
v 0.985627 0.083185 0.617423
v 0.723637 0.085199 0.623069
v 0.723637 0.105060 0.623069
v 0.737246 0.101947 0.656769
v 0.737246 0.083185 0.656769
v 0.853492 0.107111 0.675635
v 0.794436 0.105612 0.668671
v 0.795369 0.103423 0.675493
v 0.853492 0.104899 0.683384
v 0.735379 0.085199 0.652147
v 0.794436 0.083542 0.668671
v 0.795369 0.081702 0.675493
v 0.853492 0.082605 0.675635
v 0.912549 0.083542 0.668671
v 0.911616 0.081702 0.675493
v 0.853492 0.080864 0.683384
v 0.971606 0.104112 0.652147
v 0.912549 0.105612 0.668671
v 0.911616 0.103423 0.675493
v 0.969739 0.101947 0.656769
v 0.735379 0.104112 0.652147
v 0.971606 0.085199 0.652147
v 0.969739 0.083185 0.656769
v 0.967867 0.085199 0.573441
v 0.967867 0.103810 0.573441
v 0.969739 0.101947 0.578076
v 0.969739 0.083185 0.578076
v 0.910680 0.083891 0.552512
v 0.911616 0.081702 0.559352
v 0.796305 0.105262 0.552512
v 0.737246 0.101947 0.578076
v 0.795369 0.103423 0.559352
v 0.910680 0.105262 0.552512
v 0.853492 0.106714 0.543692
v 0.853492 0.104899 0.551461
v 0.911616 0.103423 0.559352
v 0.796305 0.083891 0.552512
v 0.853492 0.083151 0.543692
v 0.853492 0.080864 0.551461
v 0.795369 0.081702 0.559352
v 0.737246 0.083185 0.578076
v 0.735694 0.085199 0.581918
v 0.735694 0.104087 0.581918
v 0.971290 0.104087 0.581918
v 0.971290 0.085199 0.581918
v 0.912391 0.083572 0.565022
v 0.794593 0.105582 0.565022
v 0.853492 0.107078 0.557902
v 0.912391 0.105582 0.565022
v 0.853492 0.082651 0.557902
v 0.794593 0.083572 0.565022
v 0.983347 0.105060 0.623069
v 0.983347 0.085199 0.623069
v 0.918420 0.082447 0.625756
v 0.788565 0.106708 0.625756
v 0.853492 0.108357 0.626888
v 0.918420 0.106708 0.625756
v 0.853492 0.080889 0.626888
v 0.788565 0.082447 0.625756
v 0.853492 -0.299905 0.460990
v 0.853492 -0.258188 0.452726
v 0.896119 -0.258188 0.458338
v 0.893980 -0.299905 0.466320
v 0.935840 -0.258188 0.474791
v 0.931709 -0.299905 0.481948
v 0.969950 -0.258188 0.500965
v 0.964107 -0.299905 0.506808
v 0.996123 -0.258188 0.535074
v 0.988967 -0.299905 0.539206
v 1.012577 -0.258188 0.574796
v 1.004595 -0.299905 0.576935
v 1.018189 -0.258188 0.617423
v 1.009925 -0.299905 0.617423
v 1.012577 -0.258188 0.660049
v 1.004595 -0.299905 0.657910
v 0.996123 -0.258188 0.699771
v 0.988967 -0.299905 0.695639
v 0.969950 -0.258188 0.733881
v 0.964107 -0.299905 0.728037
v 0.935840 -0.258188 0.760054
v 0.931709 -0.299905 0.752897
v 0.896119 -0.258188 0.776507
v 0.893980 -0.299905 0.768525
v 0.853492 -0.258188 0.782119
v 0.853492 -0.299905 0.773856
v 0.810866 -0.258188 0.776507
v 0.813004 -0.299905 0.768525
v 0.771144 -0.258188 0.760054
v 0.775276 -0.299905 0.752897
v 0.737034 -0.258188 0.733881
v 0.742877 -0.299905 0.728037
v 0.710861 -0.258188 0.699771
v 0.718017 -0.299905 0.695639
v 0.694408 -0.258188 0.660049
v 0.702390 -0.299905 0.657910
v 0.688796 -0.258188 0.617423
v 0.697059 -0.299905 0.617423
v 0.694408 -0.258188 0.574796
v 0.702390 -0.299905 0.576935
v 0.710861 -0.258188 0.535074
v 0.718017 -0.299905 0.539206
v 0.737034 -0.258188 0.500965
v 0.742877 -0.299905 0.506808
v 0.771144 -0.258188 0.474791
v 0.775276 -0.299905 0.481948
v 0.810866 -0.258188 0.458338
v 0.813004 -0.299905 0.466320
v 0.853492 -0.198356 0.441831
v 0.853492 -0.153463 0.430743
v 0.901808 -0.153463 0.437104
v 0.898939 -0.198356 0.447814
v 0.946832 -0.153463 0.455754
v 0.941288 -0.198356 0.465356
v 0.985494 -0.153463 0.485420
v 0.977654 -0.198356 0.493260
v 1.015161 -0.153463 0.524083
v 1.005559 -0.198356 0.529627
v 1.033811 -0.153463 0.569106
v 1.023101 -0.198356 0.571976
v 1.040172 -0.153463 0.617423
v 1.029084 -0.198356 0.617423
v 1.033811 -0.153463 0.665739
v 1.023101 -0.198356 0.662869
v 1.015161 -0.153463 0.710762
v 1.005559 -0.198356 0.705218
v 0.985494 -0.153463 0.749425
v 0.977654 -0.198356 0.741585
v 0.946832 -0.153463 0.779092
v 0.941288 -0.198356 0.769490
v 0.901808 -0.153463 0.797741
v 0.898939 -0.198356 0.787031
v 0.853492 -0.153463 0.804102
v 0.853492 -0.198356 0.793014
v 0.805176 -0.153463 0.797741
v 0.808046 -0.198356 0.787031
v 0.760153 -0.153463 0.779092
v 0.765696 -0.198356 0.769490
v 0.721490 -0.153463 0.749425
v 0.729330 -0.198356 0.741585
v 0.691823 -0.153463 0.710762
v 0.701425 -0.198356 0.705218
v 0.673174 -0.153463 0.665739
v 0.683884 -0.198356 0.662869
v 0.666813 -0.153463 0.617423
v 0.677900 -0.198356 0.617423
v 0.673174 -0.153463 0.569106
v 0.683884 -0.198356 0.571976
v 0.691823 -0.153463 0.524083
v 0.701425 -0.198356 0.529627
v 0.721490 -0.153463 0.485420
v 0.729330 -0.198356 0.493260
v 0.760153 -0.153463 0.455754
v 0.765696 -0.198356 0.465356
v 0.805176 -0.153463 0.437104
v 0.808046 -0.198356 0.447814
v 0.853492 -0.036109 0.428596
v 0.853492 0.007655 0.435435
v 0.900594 0.007655 0.441636
v 0.902364 -0.036109 0.435030
v 0.944486 0.007655 0.459816
v 0.947906 -0.036109 0.453894
v 0.982177 0.007655 0.488738
v 0.987013 -0.036109 0.483902
v 1.011098 0.007655 0.526429
v 1.017021 -0.036109 0.523009
v 1.029279 0.007655 0.570321
v 1.035885 -0.036109 0.568551
v 1.035480 0.007655 0.617423
v 1.042319 -0.036109 0.617423
v 1.029279 0.007655 0.664524
v 1.035885 -0.036109 0.666295
v 1.011098 0.007655 0.708416
v 1.017021 -0.036109 0.711836
v 0.982177 0.007655 0.746107
v 0.987013 -0.036109 0.750943
v 0.944486 0.007655 0.775029
v 0.947906 -0.036109 0.780951
v 0.900594 0.007655 0.793209
v 0.902364 -0.036109 0.799815
v 0.853492 0.007655 0.799410
v 0.853492 -0.036109 0.806249
v 0.806390 0.007655 0.793209
v 0.804620 -0.036109 0.799815
v 0.762498 0.007655 0.775029
v 0.759079 -0.036109 0.780951
v 0.724807 0.007655 0.746107
v 0.719971 -0.036109 0.750943
v 0.695886 0.007655 0.708416
v 0.689963 -0.036109 0.711836
v 0.677705 0.007655 0.664524
v 0.671099 -0.036109 0.666295
v 0.671504 0.007655 0.617423
v 0.664665 -0.036109 0.617423
v 0.677705 0.007655 0.570321
v 0.671099 -0.036109 0.568551
v 0.695886 0.007655 0.526429
v 0.689963 -0.036109 0.523009
v 0.724807 0.007655 0.488738
v 0.719971 -0.036109 0.483902
v 0.762498 0.007655 0.459816
v 0.759079 -0.036109 0.453894
v 0.806390 0.007655 0.441636
v 0.804620 -0.036109 0.435030
v 0.853492 0.073875 0.451187
v 0.853492 0.112648 0.456171
v 0.895227 0.112648 0.461666
v 0.896517 0.073875 0.456851
v 0.934118 0.112648 0.477775
v 0.936610 0.073875 0.473458
v 0.967514 0.112648 0.503401
v 0.971039 0.073875 0.499876
v 0.993140 0.112648 0.536797
v 0.997457 0.073875 0.534305
v 1.009249 0.112648 0.575688
v 1.014064 0.073875 0.574398
v 1.014743 0.112648 0.617423
v 1.019728 0.073875 0.617423
v 1.009249 0.112648 0.659157
v 1.014064 0.073875 0.660448
v 0.993140 0.112648 0.698048
v 0.997457 0.073875 0.700540
v 0.967514 0.112648 0.731444
v 0.971039 0.073875 0.734969
v 0.934118 0.112648 0.757070
v 0.936610 0.073875 0.761387
v 0.895227 0.112648 0.773179
v 0.896517 0.073875 0.777994
v 0.853492 0.112648 0.778674
v 0.853492 0.073875 0.783658
v 0.811757 0.112648 0.773179
v 0.810467 0.073875 0.777994
v 0.772867 0.112648 0.757070
v 0.770374 0.073875 0.761387
v 0.739470 0.112648 0.731444
v 0.735946 0.073875 0.734969
v 0.713845 0.112648 0.698048
v 0.709528 0.073875 0.700540
v 0.697736 0.112648 0.659157
v 0.692921 0.073875 0.660448
v 0.692241 0.112648 0.617423
v 0.687256 0.073875 0.617423
v 0.697736 0.112648 0.575688
v 0.692921 0.073875 0.574398
v 0.713845 0.112648 0.536797
v 0.709528 0.073875 0.534305
v 0.739470 0.112648 0.503401
v 0.735946 0.073875 0.499876
v 0.772867 0.112648 0.477775
v 0.770374 0.073875 0.473458
v 0.915798 0.112648 0.509506
v 0.941606 0.112648 0.529309
v 0.811757 0.112648 0.461666
v 0.810467 0.073875 0.456851
v 0.973858 0.112648 0.649674
v 0.961409 0.112648 0.679728
v 0.853492 0.112648 0.492811
v 0.885744 0.112648 0.497057
v 0.853492 0.112648 0.742034
v 0.821240 0.112648 0.737788
v 0.733127 0.112648 0.649674
v 0.728881 0.112648 0.617423
v 0.791186 0.112648 0.509506
v 0.821240 0.112648 0.497057
v 0.973858 0.112648 0.585171
v 0.978104 0.112648 0.617423
v 0.915798 0.112648 0.725339
v 0.885744 0.112648 0.737788
v 0.765378 0.112648 0.705536
v 0.745575 0.112648 0.679728
v 0.745575 0.112648 0.555117
v 0.765378 0.112648 0.529309
v 0.961409 0.112648 0.555117
v 0.941606 0.112648 0.705536
v 0.791186 0.112648 0.725339
v 0.733127 0.112648 0.585171
v 0.909991 0.087366 0.715281
v 0.882738 0.087366 0.726570
v 0.933394 0.087366 0.537521
v 0.951351 0.087366 0.560924
v 0.740495 0.087366 0.617423
v 0.744345 0.087366 0.588177
v 0.853492 0.087366 0.730420
v 0.962640 0.087366 0.588177
v 0.755633 0.087366 0.560924
v 0.824246 0.087366 0.726570
v 0.966490 0.087366 0.617423
v 0.773591 0.087366 0.537521
v 0.796993 0.087366 0.715281
v 0.962640 0.087366 0.646668
v 0.796993 0.087366 0.519564
v 0.773591 0.087366 0.697324
v 0.951351 0.087366 0.673921
v 0.824246 0.087366 0.508275
v 0.853492 0.087366 0.504425
v 0.882738 0.087366 0.508275
v 0.755633 0.087366 0.673921
v 0.933394 0.087366 0.697324
v 0.909991 0.087366 0.519564
v 0.744345 0.087366 0.646668

# UV coordinates
vt 0.645649 0.149394
vt 0.645649 0.003990
vt 0.670516 0.003990
vt 0.670516 0.149394
vt 0.751532 0.301561
vt 0.751532 0.149394
vt 0.776332 0.149394
vt 0.776332 0.301561
vt 0.786162 0.301561
vt 0.786162 0.149394
vt 0.811996 0.149394
vt 0.811996 0.301561
vt 0.821800 0.301561
vt 0.821800 0.149394
vt 0.847713 0.149394
vt 0.847713 0.301561
vt 0.004796 0.301561
vt 0.004796 0.149394
vt 0.030570 0.149394
vt 0.030570 0.301561
vt 0.040348 0.301561
vt 0.040348 0.149394
vt 0.064666 0.149394
vt 0.064666 0.301561
vt 0.074993 0.301561
vt 0.074993 0.149394
vt 0.099263 0.149394
vt 0.099263 0.301561
vt 0.109733 0.301561
vt 0.109733 0.149394
vt 0.134270 0.149394
vt 0.134270 0.301561
vt 0.144842 0.301561
vt 0.144842 0.149394
vt 0.169568 0.149394
vt 0.169568 0.301561
vt 0.180211 0.301561
vt 0.180211 0.149394
vt 0.205070 0.149394
vt 0.205070 0.301561
vt 0.215765 0.301561
vt 0.215765 0.149394
vt 0.240716 0.149394
vt 0.240716 0.301561
vt 0.251445 0.301561
vt 0.251445 0.149394
vt 0.276460 0.149394
vt 0.276460 0.301561
vt 0.287215 0.301561
vt 0.287215 0.149394
vt 0.312275 0.149394
vt 0.312275 0.301561
vt 0.323046 0.301561
vt 0.323046 0.149394
vt 0.348135 0.149394
vt 0.348135 0.301561
vt 0.358918 0.301561
vt 0.358918 0.149394
vt 0.384024 0.149394
vt 0.384024 0.301561
vt 0.394815 0.301561
vt 0.394815 0.149394
vt 0.419929 0.149394
vt 0.419929 0.301561
vt 0.430722 0.301561
vt 0.430722 0.149394
vt 0.455995 0.149394
vt 0.455995 0.301561
vt 0.466439 0.301561
vt 0.466439 0.149394
vt 0.491982 0.149394
vt 0.491982 0.301561
vt 0.502525 0.301561
vt 0.502525 0.149394
vt 0.527617 0.149394
vt 0.527617 0.301561
vt 0.538395 0.301561
vt 0.538395 0.149394
vt 0.563459 0.149394
vt 0.563459 0.301561
vt 0.574223 0.301561
vt 0.574223 0.149394
vt 0.599244 0.149394
vt 0.599244 0.301561
vt 0.609984 0.301561
vt 0.609984 0.149394
vt 0.634943 0.149394
vt 0.634943 0.301561
vt 0.681173 0.149394
vt 0.681173 0.005438
vt 0.705909 0.005438
vt 0.705909 0.149394
vt 0.716496 0.301561
vt 0.716496 0.149394
vt 0.741046 0.149394
vt 0.741046 0.301561
vt 0.645649 0.301561
vt 0.670516 0.301561
vt 0.923122 0.178367
vt 0.923692 0.205665
vt 0.903244 0.205988
vt 0.902081 0.179336
vt 0.609984 0.002716
vt 0.634943 0.002716
vt 0.574223 0.001661
vt 0.599244 0.001661
vt 0.538395 0.000851
vt 0.563459 0.000851
vt 0.502525 0.000302
vt 0.527617 0.000302
vt 0.466439 0.000020
vt 0.491982 0.000020
vt 0.430722 0.000009
vt 0.455995 0.000009
vt 0.394815 0.000271
vt 0.419929 0.000271
vt 0.358918 0.000806
vt 0.384024 0.000806
vt 0.323046 0.003003
vt 0.348135 0.003003
vt 0.287215 0.003967
vt 0.312275 0.003967
vt 0.251445 0.005198
vt 0.276460 0.005198
vt 0.215765 0.006685
vt 0.240716 0.006685
vt 0.180211 0.008410
vt 0.205070 0.008410
vt 0.144842 0.010339
vt 0.169568 0.010339
vt 0.109733 0.012409
vt 0.134270 0.012409
vt 0.074993 0.014518
vt 0.099263 0.014518
vt 0.040348 0.015401
vt 0.064666 0.015401
vt 0.004796 0.016577
vt 0.030570 0.016577
vt 0.821800 0.010247
vt 0.847713 0.010247
vt 0.786162 0.009695
vt 0.811996 0.009695
vt 0.751532 0.008475
vt 0.776332 0.008475
vt 0.716496 0.006979
vt 0.741046 0.006979
vt 0.931538 0.730532
vt 0.935271 0.734235
vt 0.914124 0.734710
vt 0.911479 0.730736
vt 0.675798 0.149394
vt 0.675798 0.008178
vt 0.711158 0.149394
vt 0.711158 0.301561
vt 0.705909 0.301561
vt 0.746254 0.149394
vt 0.746254 0.301561
vt 0.781184 0.149394
vt 0.781184 0.301561
vt 0.816834 0.149394
vt 0.816834 0.301561
vt 0.852530 0.149394
vt 0.852530 0.301561
vt 0.035529 0.149394
vt 0.035529 0.301561
vt 0.069887 0.149394
vt 0.069887 0.301561
vt 0.104572 0.149394
vt 0.104572 0.301561
vt 0.139638 0.149394
vt 0.139638 0.301561
vt 0.174972 0.149394
vt 0.174972 0.301561
vt 0.210496 0.149394
vt 0.210496 0.301561
vt 0.246152 0.149394
vt 0.246152 0.301561
vt 0.281900 0.149394
vt 0.281900 0.301561
vt 0.317712 0.149394
vt 0.317712 0.301561
vt 0.353567 0.149394
vt 0.353567 0.301561
vt 0.389448 0.149394
vt 0.389448 0.301561
vt 0.425342 0.149394
vt 0.425342 0.301561
vt 0.461237 0.149394
vt 0.461237 0.301561
vt 0.497123 0.149394
vt 0.497123 0.301561
vt 0.532987 0.149394
vt 0.532987 0.301561
vt 0.568811 0.149394
vt 0.568811 0.301561
vt 0.604576 0.149394
vt 0.604576 0.301561
vt 0.640252 0.149394
vt 0.640252 0.301561
vt 0.675798 0.301561
vt 0.681173 0.301561
vt 0.711158 0.009690
vt 0.746254 0.011243
vt 0.781184 0.012664
vt 0.816834 0.013663
vt 0.852530 0.013751
vt 0.035529 0.019689
vt 0.069887 0.018084
vt 0.104572 0.014518
vt 0.139638 0.012409
vt 0.174972 0.010339
vt 0.210496 0.008410
vt 0.246152 0.006685
vt 0.281900 0.005198
vt 0.317712 0.003967
vt 0.353567 0.003003
vt 0.389448 0.003990
vt 0.425342 0.003591
vt 0.461237 0.003466
vt 0.497123 0.003612
vt 0.532987 0.004028
vt 0.568811 0.004707
vt 0.604576 0.005640
vt 0.640252 0.006808
vt 0.000000 0.149394
vt 0.000000 0.020436
vt 0.000000 0.301561
vt 0.924818 0.240401
vt 0.921662 0.244220
vt 0.901582 0.244785
vt 0.904378 0.240689
vt 0.924311 0.213108
vt 0.903263 0.214028
vt 0.929113 0.556857
vt 0.932844 0.560553
vt 0.911745 0.561091
vt 0.909041 0.557120
vt 0.925433 0.247848
vt 0.925881 0.275137
vt 0.905448 0.275392
vt 0.904377 0.248725
vt 0.925549 0.383158
vt 0.929302 0.386819
vt 0.908225 0.387538
vt 0.905472 0.383584
vt 0.931026 0.483584
vt 0.927852 0.487375
vt 0.907777 0.487701
vt 0.910617 0.483648
vt 0.926492 0.282589
vt 0.926885 0.309876
vt 0.906456 0.310097
vt 0.905430 0.283425
vt 0.916191 0.030658
vt 0.912872 0.035228
vt 0.892566 0.037642
vt 0.895082 0.033501
vt 0.916705 0.105288
vt 0.920489 0.108870
vt 0.899475 0.109976
vt 0.896607 0.106057
vt 0.927488 0.317331
vt 0.927828 0.344615
vt 0.907404 0.344804
vt 0.906421 0.318127
vt 0.932105 0.765171
vt 0.935884 0.768776
vt 0.914696 0.769559
vt 0.912055 0.765586
vt 0.928424 0.352074
vt 0.928714 0.379356
vt 0.908293 0.379512
vt 0.907352 0.352832
vt 0.922725 0.278953
vt 0.902645 0.279481
vt 0.929541 0.414097
vt 0.909124 0.414223
vt 0.929668 0.591599
vt 0.933394 0.595301
vt 0.912290 0.595806
vt 0.909596 0.591833
vt 0.931685 0.518328
vt 0.928509 0.522116
vt 0.908435 0.522410
vt 0.911281 0.518363
vt 0.930121 0.421564
vt 0.930311 0.448840
vt 0.909899 0.448935
vt 0.909040 0.422246
vt 0.918373 0.066523
vt 0.915155 0.070480
vt 0.895022 0.071503
vt 0.897760 0.067359
vt 0.926373 0.417896
vt 0.906297 0.418287
vt 0.930884 0.456310
vt 0.909799 0.456955
vt 0.918073 0.140028
vt 0.921855 0.143624
vt 0.900825 0.144648
vt 0.897984 0.140719
vt 0.923726 0.313686
vt 0.903647 0.314180
vt 0.931591 0.491057
vt 0.910501 0.491666
vt 0.934264 0.692034
vt 0.931088 0.695814
vt 0.911023 0.695990
vt 0.913897 0.691968
vt 0.933396 0.799359
vt 0.937452 0.802420
vt 0.916086 0.804950
vt 0.913347 0.800974
vt 0.932244 0.525805
vt 0.932292 0.553073
vt 0.911892 0.553079
vt 0.911149 0.526378
vt 0.932848 0.587817
vt 0.912454 0.587797
vt 0.930176 0.626339
vt 0.933899 0.630048
vt 0.912789 0.630522
vt 0.910106 0.626547
vt 0.919883 0.101433
vt 0.899375 0.101925
vt 0.933357 0.622560
vt 0.912969 0.622517
vt 0.927140 0.452635
vt 0.907065 0.452993
vt 0.924666 0.348422
vt 0.904589 0.348881
vt 0.934704 0.726750
vt 0.914354 0.726708
vt 0.919343 0.174759
vt 0.899258 0.175402
vt 0.934366 0.664792
vt 0.913248 0.665241
vt 0.904107 0.000000
vt 0.909351 0.002411
vt 0.889593 0.008890
vt 0.886503 0.005918
vt 0.921237 0.136191
vt 0.900761 0.136598
vt 0.933824 0.657300
vt 0.913446 0.657239
vt 0.930645 0.661079
vt 0.910577 0.661265
vt 0.934811 0.699528
vt 0.913681 0.699966
vt 0.935235 0.761385
vt 0.914923 0.761502
vt 0.920537 0.209489
vt 0.900454 0.210091
vt 0.922500 0.170930
vt 0.902042 0.171290
vt 0.936337 0.795583
vt 0.916152 0.796561
vt 0.916691 0.038798
vt 0.895791 0.041103
vt 0.941367 0.827985
vt 0.922343 0.831915
vt 0.918940 0.074049
vt 0.897954 0.075361
vt 0.938652 0.832513
vt 0.921379 0.835967
vt 0.861910 0.824731
vt 0.862073 0.795573
vt 0.890827 0.795804
vt 0.891649 0.823826
vt 0.863135 0.207597
vt 0.858380 0.201388
vt 0.888147 0.200992
vt 0.891296 0.207773
vt 0.863060 0.332236
vt 0.858292 0.326033
vt 0.888053 0.325582
vt 0.891220 0.332355
vt 0.862601 0.866329
vt 0.862684 0.837144
vt 0.891449 0.837309
vt 0.892339 0.865310
vt 0.859051 0.421564
vt 0.863192 0.415337
vt 0.891351 0.415398
vt 0.887785 0.422112
vt 0.863732 0.539992
vt 0.858927 0.533816
vt 0.888681 0.533201
vt 0.891889 0.539955
vt 0.858096 0.048341
vt 0.861963 0.042090
vt 0.889961 0.040903
vt 0.886661 0.047871
vt 0.865625 0.747750
vt 0.860781 0.741605
vt 0.890526 0.740801
vt 0.893780 0.747537
vt 0.861528 0.754014
vt 0.890278 0.754288
vt 0.870828 0.956769
vt 0.865682 0.950608
vt 0.895261 0.947447
vt 0.899152 0.953435
vt 0.863546 0.908094
vt 0.863396 0.878783
vt 0.892198 0.878769
vt 0.893280 0.906673
vt 0.858958 0.380009
vt 0.863104 0.373786
vt 0.891264 0.373877
vt 0.887690 0.380588
vt 0.864428 0.920767
vt 0.893361 0.919984
vt 0.863193 0.166065
vt 0.858434 0.159864
vt 0.888205 0.159446
vt 0.891352 0.166228
vt 0.863055 0.290687
vt 0.858292 0.284480
vt 0.888054 0.284055
vt 0.891214 0.290831
vt 0.854955 0.006949
vt 0.858772 0.000008
vt 0.886064 0.000316
vt 0.883476 0.006442
vt 0.873343 0.994657
vt 0.867206 0.964102
vt 0.896302 0.960145
vt 0.901706 0.986148
vt 0.863503 0.498441
vt 0.858707 0.492258
vt 0.888463 0.491678
vt 0.891662 0.498437
vt 0.861039 0.712457
vt 0.865141 0.706198
vt 0.893297 0.706023
vt 0.889787 0.712770
vt 0.856817 0.036311
vt 0.886523 0.034163
vt 0.858909 0.338455
vt 0.887639 0.339061
vt 0.860306 0.700047
vt 0.890053 0.699283
vt 0.858129 0.077146
vt 0.887913 0.076134
vt 0.868464 0.914232
vt 0.896707 0.913233
vt 0.858423 0.118400
vt 0.858919 0.089392
vt 0.887604 0.089725
vt 0.888201 0.117859
vt 0.866165 0.789302
vt 0.894320 0.789047
vt 0.860605 0.670901
vt 0.864712 0.664647
vt 0.892868 0.664507
vt 0.889350 0.671250
vt 0.859066 0.130774
vt 0.887776 0.131368
vt 0.863203 0.124567
vt 0.891360 0.124645
vt 0.858900 0.296902
vt 0.887628 0.297535
vt 0.859039 0.172274
vt 0.887757 0.172932
vt 0.863325 0.456889
vt 0.858535 0.450701
vt 0.888292 0.450155
vt 0.891483 0.456918
vt 0.858325 0.242930
vt 0.858977 0.213807
vt 0.887700 0.214473
vt 0.888089 0.242527
vt 0.860222 0.629345
vt 0.864334 0.623095
vt 0.892491 0.622991
vt 0.888965 0.629728
vt 0.859884 0.658489
vt 0.889634 0.657764
vt 0.858926 0.255352
vt 0.887651 0.256005
vt 0.863083 0.249140
vt 0.891243 0.249304
vt 0.867478 0.872455
vt 0.895651 0.872004
vt 0.858329 0.367588
vt 0.888089 0.367107
vt 0.862997 0.083186
vt 0.891129 0.082924
vt 0.859890 0.587788
vt 0.864007 0.581544
vt 0.892165 0.581474
vt 0.888631 0.588206
vt 0.858410 0.409144
vt 0.888168 0.408632
vt 0.866772 0.830862
vt 0.894929 0.830548
vt 0.859515 0.616931
vt 0.889266 0.616243
vt 0.859189 0.463120
vt 0.887925 0.463637
vt 0.859607 0.546233
vt 0.888347 0.546684
vt 0.859373 0.504676
vt 0.888111 0.505161
vt 0.859196 0.575374
vt 0.888948 0.574722
vt 0.861313 0.783165
vt 0.891055 0.782316
vt 0.879855 1.000000
vt 0.906433 0.991009
vt 0.444509 0.527267
vt 0.449374 0.483796
vt 0.458961 0.484869
vt 0.454097 0.528339
vt 0.486700 0.531988
vt 0.491564 0.488517
vt 0.502432 0.489733
vt 0.497568 0.533204
vt 0.531456 0.536996
vt 0.536320 0.493525
vt 0.545903 0.494597
vt 0.541039 0.538068
vt 0.573642 0.541716
vt 0.578506 0.498245
vt 0.589374 0.499461
vt 0.584510 0.542932
vt 0.530240 0.547863
vt 0.539823 0.548936
vt 0.539969 0.460922
vt 0.541185 0.450054
vt 0.550767 0.451126
vt 0.549551 0.461994
vt 0.537537 0.482657
vt 0.538753 0.471789
vt 0.548335 0.472862
vt 0.547119 0.483729
vt 0.527808 0.569599
vt 0.529024 0.558731
vt 0.538607 0.559803
vt 0.537391 0.570671
vt 0.551906 0.539284
vt 0.556771 0.495813
vt 0.567638 0.497029
vt 0.562774 0.540500
vt 0.464965 0.529556
vt 0.469829 0.486085
vt 0.480697 0.487301
vt 0.475832 0.530772
vt 0.526592 0.580467
vt 0.536174 0.581539
vt 0.525227 0.470276
vt 0.526443 0.459408
vt 0.527816 0.459562
vt 0.526600 0.470430
vt 0.513066 0.578953
vt 0.514282 0.568085
vt 0.515655 0.568239
vt 0.514439 0.579107
vt 0.515498 0.557218
vt 0.516714 0.546350
vt 0.518087 0.546504
vt 0.516871 0.557371
vt 0.522795 0.492011
vt 0.524011 0.481144
vt 0.525384 0.481297
vt 0.524168 0.492165
vt 0.527659 0.448541
vt 0.529032 0.448694
vt 0.517930 0.535482
vt 0.519303 0.535636
vt 0.430802 0.525733
vt 0.435666 0.482262
vt 0.437226 0.482436
vt 0.432362 0.525907
vt 0.420209 0.524547
vt 0.425073 0.481077
vt 0.426358 0.481220
vt 0.421494 0.524691
vt 0.536191 0.471503
vt 0.537407 0.460635
vt 0.538684 0.460778
vt 0.537467 0.471646
vt 0.524030 0.580180
vt 0.525246 0.569312
vt 0.526523 0.569455
vt 0.525307 0.580323
vt 0.526462 0.558445
vt 0.527678 0.547577
vt 0.528955 0.547720
vt 0.527739 0.558587
vt 0.533759 0.493238
vt 0.534975 0.482370
vt 0.536251 0.482513
vt 0.535035 0.493381
vt 0.538623 0.449767
vt 0.539900 0.449910
vt 0.528894 0.536709
vt 0.530171 0.536852
vt 0.507155 0.534277
vt 0.512020 0.490806
vt 0.513300 0.490949
vt 0.508436 0.534420
vt 0.505939 0.545144
vt 0.507219 0.545288
vt 0.515668 0.458203
vt 0.516884 0.447335
vt 0.518164 0.447478
vt 0.516948 0.458346
vt 0.513236 0.479938
vt 0.514452 0.469070
vt 0.515732 0.469214
vt 0.514516 0.480081
vt 0.503507 0.566880
vt 0.504723 0.556012
vt 0.506003 0.556155
vt 0.504787 0.567023
vt 0.502291 0.577747
vt 0.503571 0.577891
vt 0.442168 0.527005
vt 0.447032 0.483534
vt 0.448094 0.483652
vt 0.443229 0.527123
vt 0.433734 0.526061
vt 0.438599 0.482590
vt 0.514361 0.491068
vt 0.509497 0.534539
vt 0.508281 0.545406
vt 0.519225 0.447597
vt 0.518009 0.458465
vt 0.516793 0.469332
vt 0.515577 0.480200
vt 0.507065 0.556274
vt 0.505848 0.567142
vt 0.504632 0.578009
vt 0.504864 0.467997
vt 0.506080 0.457130
vt 0.492704 0.576675
vt 0.493920 0.565807
vt 0.495136 0.554939
vt 0.496352 0.544071
vt 0.503648 0.478865
vt 0.507296 0.446262
vt 0.525727 0.492340
vt 0.520863 0.535810
vt 0.519647 0.546678
vt 0.530591 0.448869
vt 0.529375 0.459736
vt 0.528159 0.470604
vt 0.526943 0.481472
vt 0.518431 0.557546
vt 0.517215 0.568413
vt 0.515998 0.579281
vt 0.422771 0.524834
vt 0.427635 0.481363
vt 0.410626 0.523475
vt 0.415490 0.480004
vt 0.352950 0.222876
vt 0.006280 0.208237
vt 0.008164 0.166586
vt 0.354740 0.183315
vt 0.010300 0.124948
vt 0.356769 0.143766
vt 0.012686 0.083324
vt 0.359036 0.104230
vt 0.015324 0.041715
vt 0.361541 0.064709
vt 0.018212 0.000122
vt 0.364284 0.025203
vt 0.364284 0.974797
vt 0.018212 0.999878
vt 0.015324 0.958285
vt 0.361541 0.935291
vt 0.012686 0.916676
vt 0.359036 0.895770
vt 0.010300 0.875052
vt 0.356769 0.856234
vt 0.008164 0.833414
vt 0.354740 0.816685
vt 0.006279 0.791763
vt 0.352950 0.777124
vt 0.004646 0.750103
vt 0.351399 0.737554
vt 0.003264 0.708433
vt 0.350086 0.697975
vt 0.002133 0.666755
vt 0.349012 0.658388
vt 0.001253 0.625072
vt 0.348176 0.618796
vt 0.000625 0.583384
vt 0.347579 0.579200
vt 0.000248 0.541693
vt 0.347221 0.539601
vt 0.000122 0.500000
vt 0.347102 0.500000
vt 0.000248 0.458307
vt 0.347221 0.460399
vt 0.000625 0.416616
vt 0.347579 0.420800
vt 0.001253 0.374928
vt 0.348176 0.381204
vt 0.002133 0.333245
vt 0.349012 0.341612
vt 0.003264 0.291567
vt 0.350086 0.302025
vt 0.620098 0.285173
vt 0.583991 0.306019
vt 0.543719 0.316810
vt 0.502026 0.316810
vt 0.461754 0.306019
vt 0.425647 0.285173
vt 0.396166 0.255692
vt 0.375319 0.219585
vt 0.364528 0.179313
vt 0.364528 0.137620
vt 0.375319 0.097348
vt 0.396166 0.061241
vt 0.425647 0.031759
vt 0.461754 0.010913
vt 0.502026 0.000122
vt 0.543719 0.000122
vt 0.583991 0.010913
vt 0.620098 0.031759
vt 0.649579 0.061241
vt 0.670426 0.097348
vt 0.681217 0.137620
vt 0.681217 0.179313
vt 0.670426 0.219585
vt 0.649579 0.255692
vt 0.004646 0.249897
vt 0.351399 0.262446
vt 0.422580 0.347104
vt 0.456876 0.327304
vt 0.495127 0.317054
vt 0.534728 0.317055
vt 0.572980 0.327304
vt 0.607275 0.347104
vt 0.635277 0.375106
vt 0.655078 0.409402
vt 0.665327 0.447653
vt 0.665327 0.487254
vt 0.655078 0.525506
vt 0.635277 0.559801
vt 0.607275 0.587803
vt 0.572980 0.607604
vt 0.534728 0.617853
vt 0.495127 0.617853
vt 0.456876 0.607604
vt 0.422580 0.587803
vt 0.394578 0.559801
vt 0.374778 0.525506
vt 0.364528 0.487254
vt 0.364528 0.447653
vt 0.374778 0.409402
vt 0.394578 0.375106
vt 0.014116 0.774523
vt 0.343287 0.791857
vt 0.340937 0.833504
vt 0.011905 0.813696
vt 0.338274 0.875132
vt 0.009400 0.852852
vt 0.335298 0.916739
vt 0.006601 0.891987
vt 0.332010 0.958322
vt 0.003508 0.931101
vt 0.328409 0.999879
vt 0.000121 0.970190
vt 0.000121 0.029810
vt 0.328409 0.000121
vt 0.332010 0.041678
vt 0.003508 0.068899
vt 0.335298 0.083261
vt 0.006601 0.108013
vt 0.338274 0.124868
vt 0.009400 0.147148
vt 0.340937 0.166496
vt 0.011905 0.186304
vt 0.343287 0.208143
vt 0.014116 0.225477
vt 0.345324 0.249806
vt 0.016032 0.264666
vt 0.347048 0.291483
vt 0.017653 0.303868
vt 0.348459 0.333173
vt 0.018980 0.343081
vt 0.349556 0.374871
vt 0.020012 0.382303
vt 0.350340 0.416577
vt 0.020749 0.421532
vt 0.350810 0.458287
vt 0.021191 0.460765
vt 0.350967 0.500000
vt 0.021339 0.500000
vt 0.350810 0.541713
vt 0.021191 0.539235
vt 0.350340 0.583423
vt 0.020749 0.578468
vt 0.349556 0.625129
vt 0.020012 0.617697
vt 0.348459 0.666827
vt 0.018980 0.656919
vt 0.347048 0.708517
vt 0.017653 0.696132
vt 0.636398 0.061269
vt 0.657254 0.097394
vt 0.668050 0.137685
vt 0.668050 0.179398
vt 0.657254 0.219690
vt 0.636398 0.255815
vt 0.606902 0.285310
vt 0.570777 0.306167
vt 0.530486 0.316963
vt 0.488773 0.316963
vt 0.448481 0.306167
vt 0.412356 0.285310
vt 0.382861 0.255815
vt 0.362004 0.219690
vt 0.351208 0.179398
vt 0.351208 0.137685
vt 0.362004 0.097394
vt 0.382861 0.061269
vt 0.412356 0.031773
vt 0.448481 0.010917
vt 0.488773 0.000121
vt 0.530486 0.000121
vt 0.570777 0.010917
vt 0.606902 0.031773
vt 0.345324 0.750194
vt 0.016032 0.735334
vt 0.408725 0.346977
vt 0.442704 0.327359
vt 0.480602 0.317204
vt 0.519838 0.317204
vt 0.557736 0.327359
vt 0.591715 0.346977
vt 0.619459 0.374721
vt 0.639077 0.408700
vt 0.649232 0.446598
vt 0.649232 0.485834
vt 0.639077 0.523732
vt 0.619459 0.557711
vt 0.591716 0.585455
vt 0.557737 0.605073
vt 0.519838 0.615228
vt 0.480602 0.615228
vt 0.442704 0.605073
vt 0.408725 0.585455
vt 0.380981 0.557712
vt 0.361363 0.523733
vt 0.351208 0.485834
vt 0.351208 0.446598
vt 0.361363 0.408700
vt 0.380981 0.374721
vt 0.326370 0.208299
vt 0.009193 0.218864
vt 0.007760 0.178720
vt 0.324883 0.166646
vt 0.006136 0.138583
vt 0.323199 0.125001
vt 0.004322 0.098454
vt 0.321316 0.083364
vt 0.002316 0.058334
vt 0.319235 0.041737
vt 0.000120 0.018225
vt 0.316956 0.000120
vt 0.316956 0.999880
vt 0.000120 0.981775
vt 0.002316 0.941666
vt 0.319235 0.958263
vt 0.004322 0.901546
vt 0.321316 0.916636
vt 0.006136 0.861417
vt 0.323199 0.874999
vt 0.007760 0.821280
vt 0.324883 0.833354
vt 0.009193 0.781136
vt 0.326370 0.791701
vt 0.010434 0.740986
vt 0.327658 0.750042
vt 0.011485 0.700830
vt 0.328749 0.708377
vt 0.012345 0.660669
vt 0.329641 0.666707
vt 0.013014 0.620505
vt 0.330335 0.625034
vt 0.013491 0.580338
vt 0.330830 0.583357
vt 0.013778 0.540170
vt 0.331128 0.541679
vt 0.013874 0.500000
vt 0.331227 0.500000
vt 0.013778 0.459830
vt 0.331128 0.458321
vt 0.013491 0.419662
vt 0.330830 0.416643
vt 0.013014 0.379495
vt 0.330335 0.374966
vt 0.012345 0.339331
vt 0.329641 0.333293
vt 0.011485 0.299170
vt 0.328749 0.291623
vt 0.542912 0.611667
vt 0.504111 0.622064
vt 0.463941 0.622064
vt 0.425140 0.611667
vt 0.390352 0.591582
vt 0.361948 0.563178
vt 0.341863 0.528390
vt 0.331466 0.489589
vt 0.331466 0.449419
vt 0.341863 0.410619
vt 0.361948 0.375831
vt 0.390352 0.347426
vt 0.425140 0.327341
vt 0.463941 0.316945
vt 0.504111 0.316945
vt 0.542912 0.327341
vt 0.577700 0.347426
vt 0.606104 0.375830
vt 0.626189 0.410618
vt 0.636585 0.449419
vt 0.636585 0.489589
vt 0.626189 0.528390
vt 0.606104 0.563178
vt 0.577700 0.591582
vt 0.010434 0.259014
vt 0.327658 0.249958
vt 0.648052 0.137573
vt 0.648052 0.179252
vt 0.637264 0.219511
vt 0.616425 0.255607
vt 0.586953 0.285078
vt 0.550858 0.305918
vt 0.510599 0.316705
vt 0.468919 0.316705
vt 0.428660 0.305918
vt 0.392565 0.285078
vt 0.363093 0.255607
vt 0.342254 0.219511
vt 0.331466 0.179252
vt 0.331466 0.137573
vt 0.342254 0.097314
vt 0.363093 0.061218
vt 0.392565 0.031747
vt 0.428660 0.010907
vt 0.468919 0.000120
vt 0.510599 0.000120
vt 0.550858 0.010907
vt 0.586953 0.031747
vt 0.616425 0.061218
vt 0.637264 0.097314
vt 0.326816 0.208343
vt 0.007650 0.217089
vt 0.006464 0.176685
vt 0.325593 0.166691
vt 0.005120 0.136286
vt 0.324207 0.125043
vt 0.003617 0.095893
vt 0.322658 0.083402
vt 0.001957 0.055507
vt 0.320946 0.041767
vt 0.000138 0.015127
vt 0.319072 0.000138
vt 0.319072 0.999862
vt 0.000138 0.984873
vt 0.001957 0.944493
vt 0.320946 0.958234
vt 0.003617 0.904107
vt 0.322658 0.916598
vt 0.005120 0.863714
vt 0.324207 0.874957
vt 0.006464 0.823315
vt 0.325593 0.833309
vt 0.007650 0.782911
vt 0.326816 0.791657
vt 0.008678 0.742504
vt 0.327876 0.750000
vt 0.009548 0.702092
vt 0.328772 0.708339
vt 0.010260 0.661677
vt 0.329506 0.666675
vt 0.010813 0.621260
vt 0.330077 0.625009
vt 0.011209 0.580841
vt 0.330485 0.583340
vt 0.011446 0.540421
vt 0.330729 0.541670
vt 0.011525 0.500000
vt 0.330811 0.500000
vt 0.011446 0.459579
vt 0.330729 0.458330
vt 0.011209 0.419159
vt 0.330485 0.416660
vt 0.010813 0.378740
vt 0.330077 0.374992
vt 0.010260 0.338323
vt 0.329506 0.333325
vt 0.009548 0.297908
vt 0.328772 0.291661
vt 0.585514 0.068304
vt 0.596007 0.102325
vt 0.561379 0.111783
vt 0.552993 0.079322
vt 0.008678 0.257496
vt 0.327876 0.250000
vt 0.916114 0.061224
vt 0.936949 0.097312
vt 0.947734 0.137562
vt 0.947734 0.179233
vt 0.936949 0.219483
vt 0.916114 0.255571
vt 0.886649 0.285036
vt 0.850561 0.305872
vt 0.810310 0.316657
vt 0.768640 0.316657
vt 0.728389 0.305871
vt 0.692302 0.285036
vt 0.662836 0.255571
vt 0.642001 0.219483
vt 0.631216 0.179233
vt 0.631216 0.137562
vt 0.642001 0.097312
vt 0.662836 0.061224
vt 0.692302 0.031758
vt 0.728389 0.010923
vt 0.768640 0.000138
vt 0.810310 0.000138
vt 0.850561 0.010923
vt 0.886649 0.031759
vt 0.588457 0.709099
vt 0.577993 0.741244
vt 0.547584 0.729274
vt 0.557027 0.698809
vt 0.604603 0.137294
vt 0.611520 0.171746
vt 0.577307 0.177290
vt 0.570164 0.144416
vt 0.621657 0.544420
vt 0.617020 0.577753
vt 0.584109 0.571766
vt 0.588542 0.539356
vt 0.630940 0.375849
vt 0.630940 0.409738
vt 0.597269 0.408351
vt 0.597190 0.375387
vt 0.617194 0.205953
vt 0.621751 0.240059
vt 0.587719 0.243278
vt 0.583150 0.210238
vt 0.565112 0.772719
vt 0.548344 0.802464
vt 0.524247 0.785280
vt 0.536745 0.758451
vt 0.611444 0.610907
vt 0.604896 0.643864
vt 0.572511 0.635953
vt 0.578771 0.603980
vt 0.630010 0.443565
vt 0.628151 0.477303
vt 0.594709 0.474073
vt 0.596441 0.441255
vt 0.625395 0.274022
vt 0.628158 0.307974
vt 0.594301 0.309360
vt 0.591479 0.276327
vt 0.572869 0.034261
vt 0.540760 0.048610
vt 0.597294 0.676606
vt 0.565289 0.667609
vt 0.625367 0.510930
vt 0.592075 0.506782
vt 0.630010 0.341920
vt 0.596202 0.342384
vt 0.554123 0.000138
vt 0.526806 0.020192
vt 0.366220 0.594130
vt 0.371004 0.567752
vt 0.347088 0.137576
vt 0.339397 0.111400
vt 0.384042 0.379690
vt 0.382935 0.352580
vt 0.375068 0.541212
vt 0.331087 0.085535
vt 0.381079 0.325471
vt 0.378407 0.514529
vt 0.332079 0.723739
vt 0.340258 0.697571
vt 0.378472 0.298385
vt 0.381014 0.487724
vt 0.347706 0.672065
vt 0.375114 0.271343
vt 0.382885 0.460817
vt 0.354547 0.646309
vt 0.370895 0.244380
vt 0.366027 0.217440
vt 0.360422 0.190627
vt 0.384015 0.433829
vt 0.360729 0.620323
vt 0.354098 0.163986
vt 0.384402 0.406780

# vertex normals
vn -0.130505 0.003600 -0.991441
vn -0.514006 0.694608 -0.503306
vn 0.366290 0.694581 -0.619183
vn -0.130505 0.003500 -0.991441
vn 0.411202 -0.737303 -0.536002
vn 0.608808 0.003500 -0.793310
vn 0.411307 -0.737312 -0.535909
vn 0.535980 -0.737272 -0.411285
vn 0.793310 0.003500 -0.608808
vn 0.536002 -0.737303 -0.411202
vn 0.624075 -0.737370 -0.258490
vn 0.923871 0.003500 -0.382688
vn 0.669737 -0.737341 -0.088205
vn 0.991441 0.003500 -0.130505
vn 0.669737 -0.737341 0.088205
vn 0.991441 0.003500 0.130505
vn 0.624075 -0.737370 0.258489
vn 0.923871 0.003500 0.382688
vn 0.536002 -0.737303 0.411201
vn 0.793310 0.003500 0.608808
vn 0.411307 -0.737312 0.535909
vn 0.608808 0.003500 0.793310
vn 0.411202 -0.737303 0.536002
vn 0.258489 -0.737370 0.624074
vn 0.382688 0.003500 0.923871
vn 0.088199 -0.737292 0.669792
vn 0.130505 0.003500 0.991441
vn 0.088100 -0.737298 0.669798
vn -0.088199 -0.737292 0.669792
vn -0.130505 0.003500 0.991441
vn -0.258489 -0.737370 0.624074
vn -0.382688 0.003500 0.923871
vn -0.411202 -0.737303 0.536002
vn -0.608808 0.003500 0.793310
vn -0.411307 -0.737312 0.535909
vn -0.535980 -0.737272 0.411285
vn -0.793310 0.003500 0.608808
vn -0.536002 -0.737303 0.411201
vn -0.624075 -0.737370 0.258489
vn -0.923871 0.003500 0.382688
vn -0.669737 -0.737341 0.088205
vn -0.991441 0.003500 0.130505
vn -0.669792 -0.737292 -0.088199
vn -0.991441 0.003500 -0.130505
vn -0.669737 -0.737341 -0.088205
vn -0.624075 -0.737370 -0.258490
vn -0.923871 0.003500 -0.382688
vn -0.536002 -0.737303 -0.411202
vn -0.793310 0.003500 -0.608808
vn -0.535909 -0.737312 -0.411307
vn -0.411307 -0.737312 -0.535909
vn -0.608808 0.003500 -0.793310
vn -0.411202 -0.737303 -0.536002
vn -0.258489 -0.737370 -0.624075
vn -0.382688 0.003500 -0.923871
vn 0.130505 0.003500 -0.991441
vn -0.366204 0.694607 -0.619206
vn 0.513970 0.694660 -0.503271
vn 0.130505 0.003600 -0.991441
vn 0.258489 -0.737370 -0.624075
vn 0.382688 0.003500 -0.923871
vn -0.088199 -0.737292 -0.669792
vn -0.088100 -0.737298 -0.669798
vn 0.258492 -0.737278 0.624182
vn 0.258602 -0.737305 0.624104
vn 0.000000 -1.000000 -0.000000
vn -0.626687 0.694686 -0.353093
vn 0.193402 0.694606 -0.692906
vn -0.696798 0.694598 -0.178899
vn 0.007500 0.694680 -0.719280
vn -0.719329 0.694628 0.007600
vn -0.178900 0.694699 -0.696698
vn -0.692906 0.694606 0.193402
vn -0.353095 0.694591 -0.626791
vn -0.619206 0.694607 0.366204
vn -0.503271 0.694660 -0.513970
vn -0.503306 0.694608 0.514006
vn -0.619183 0.694581 -0.366290
vn -0.353093 0.694686 0.626687
vn -0.692906 0.694606 -0.193402
vn -0.178900 0.694598 0.696798
vn -0.719280 0.694680 -0.007500
vn 0.007500 0.694628 0.719330
vn -0.696699 0.694699 0.178900
vn 0.193402 0.694606 0.692906
vn -0.626792 0.694591 0.353095
vn 0.366204 0.694607 0.619206
vn -0.513971 0.694660 0.503271
vn -0.130505 0.003600 0.991441
vn 0.130505 0.003600 0.991441
vn 0.514006 0.694608 0.503306
vn -0.366290 0.694581 0.619184
vn 0.626687 0.694686 0.353093
vn -0.193402 0.694606 0.692906
vn 0.696798 0.694598 0.178900
vn -0.007500 0.694680 0.719280
vn 0.719329 0.694628 -0.007600
vn 0.178900 0.694699 0.696699
vn 0.692906 0.694606 -0.193402
vn 0.353095 0.694591 0.626792
vn 0.619206 0.694607 -0.366204
vn 0.503271 0.694660 0.513971
vn 0.503306 0.694608 -0.514006
vn 0.619184 0.694581 0.366290
vn 0.353093 0.694686 -0.626687
vn 0.692906 0.694606 0.193402
vn 0.178900 0.694598 -0.696798
vn 0.719280 0.694680 0.007500
vn -0.007500 0.694629 -0.719329
vn 0.696699 0.694699 -0.178900
vn -0.193402 0.694606 -0.692906
vn 0.626792 0.694591 -0.353095
vn 0.187298 -0.927192 -0.324397
vn -0.244699 -0.497898 -0.831997
vn 0.000000 -0.001600 -0.999999
vn 0.000000 0.739003 -0.673702
vn -0.741001 0.002100 -0.671501
vn 0.258807 -0.001600 -0.965928
vn 0.096897 -0.927172 -0.361889
vn 0.761397 -0.497798 -0.415298
vn 0.889574 0.002100 -0.456787
vn 0.500010 -0.001600 -0.866018
vn 0.842882 -0.497890 -0.204096
vn 0.977485 0.002100 -0.210997
vn 0.707106 -0.001600 -0.707106
vn 0.264894 -0.927180 -0.264894
vn 0.866985 -0.497891 0.021000
vn 0.998792 0.002100 0.049100
vn 0.865975 -0.001500 -0.500085
vn 0.324397 -0.927192 -0.187299
vn 0.831997 -0.497898 0.244699
vn 0.952026 0.002100 0.306008
vn 0.965903 -0.001600 -0.258901
vn 0.361885 -0.927163 -0.096996
vn 0.740307 -0.497905 0.451704
vn 0.840383 0.002100 0.541989
vn 0.999999 -0.001600 -0.000000
vn 0.374595 -0.927188 -0.000000
vn 0.598198 -0.497899 0.627898
vn 0.671501 0.002100 0.741001
vn 0.965928 -0.001600 0.258807
vn 0.361802 -0.927205 0.096900
vn 0.415298 -0.497798 0.761397
vn 0.456827 0.002100 0.889553
vn 0.866018 -0.001600 0.500010
vn 0.324397 -0.927192 0.187298
vn 0.204096 -0.497890 0.842882
vn 0.210997 0.002100 0.977485
vn 0.707156 -0.001600 0.707056
vn 0.264887 -0.927155 0.264987
vn -0.021000 -0.497892 0.866985
vn -0.049100 0.002100 0.998792
vn 0.500010 -0.001600 0.866018
vn 0.187298 -0.927192 0.324397
vn -0.244699 -0.497898 0.831997
vn -0.306009 0.002100 0.952026
vn 0.258901 -0.001600 0.965903
vn 0.096897 -0.927172 0.361889
vn -0.451704 -0.497905 0.740307
vn -0.541989 0.002100 0.840383
vn 0.000100 -0.001600 0.999999
vn 0.000000 -0.927188 0.374595
vn -0.627898 -0.497899 0.598198
vn -0.741001 0.002100 0.671501
vn -0.258714 -0.001600 0.965953
vn -0.096897 -0.927172 0.361889
vn -0.761397 -0.497798 0.415298
vn -0.889574 0.002100 0.456787
vn -0.500010 -0.001600 0.866018
vn -0.187298 -0.927192 0.324397
vn -0.842882 -0.497890 0.204096
vn -0.977485 0.002100 0.210997
vn -0.707106 -0.001600 0.707106
vn -0.264894 -0.927180 0.264894
vn -0.866985 -0.497891 -0.021000
vn -0.998792 0.002100 -0.049100
vn -0.865975 -0.001500 0.500085
vn -0.324397 -0.927192 0.187298
vn -0.831997 -0.497898 -0.244699
vn -0.952026 0.002100 -0.306008
vn -0.965903 -0.001600 0.258901
vn -0.361885 -0.927163 0.096996
vn -0.740307 -0.497905 -0.451704
vn -0.840383 0.002100 -0.541989
vn -0.999999 -0.001600 0.000100
vn -0.374595 -0.927188 -0.000000
vn -0.598198 -0.497898 -0.627898
vn -0.671501 0.002100 -0.741001
vn -0.965928 -0.001600 -0.258807
vn -0.361802 -0.927205 -0.096901
vn -0.415298 -0.497798 -0.761397
vn -0.456827 0.002100 -0.889553
vn -0.866018 -0.001600 -0.500010
vn -0.324397 -0.927192 -0.187299
vn -0.204096 -0.497890 -0.842882
vn -0.210997 0.002100 -0.977485
vn -0.707106 -0.001600 -0.707106
vn -0.264887 -0.927155 -0.264987
vn 0.021000 -0.497891 -0.866985
vn 0.049100 0.002100 -0.998792
vn -0.500010 -0.001600 -0.866018
vn -0.187298 -0.927192 -0.324397
vn 0.244699 -0.497898 -0.831997
vn 0.306009 0.002100 -0.952026
vn -0.258901 -0.001600 -0.965903
vn -0.096897 -0.927172 -0.361889
vn 0.451704 -0.497905 -0.740307
vn 0.541989 0.002100 -0.840383
vn 0.000000 -0.927188 -0.374595
vn 0.000100 -0.001600 -0.999999
vn -0.627898 -0.497898 -0.598198
vn 0.174406 0.738926 -0.650823
vn 0.513897 0.694696 -0.503297
vn 0.336904 0.739008 -0.583406
vn 0.626665 0.694661 -0.353180
vn 0.476392 0.738987 -0.476392
vn 0.696735 0.694634 -0.179009
vn 0.583406 0.739008 -0.336904
vn 0.866018 -0.001600 -0.500010
vn 0.650775 0.738972 -0.174393
vn 0.965928 -0.001600 -0.258807
vn 0.673702 0.739003 0.000000
vn 0.619163 0.694658 0.366178
vn 0.650775 0.738971 0.174393
vn 0.456787 0.002100 0.889574
vn 0.503297 0.694696 0.513897
vn 0.583406 0.739008 0.336904
vn 0.353180 0.694661 0.626665
vn 0.476392 0.738987 0.476392
vn 0.707106 -0.001600 0.707106
vn 0.336904 0.739008 0.583406
vn 0.174393 0.738971 0.650775
vn 0.258807 -0.001600 0.965928
vn -0.193305 0.694619 0.692919
vn 0.000000 0.739003 0.673703
vn 0.000000 -0.001600 0.999999
vn -0.366204 0.694607 0.619206
vn -0.174406 0.738926 0.650823
vn -0.258807 -0.001600 0.965928
vn -0.513897 0.694696 0.503297
vn -0.336904 0.739008 0.583406
vn -0.626665 0.694661 0.353180
vn -0.476392 0.738987 0.476392
vn -0.696735 0.694634 0.179009
vn -0.583406 0.739008 0.336904
vn -0.866018 -0.001600 0.500010
vn -0.650775 0.738971 0.174393
vn -0.965928 -0.001600 0.258807
vn -0.673757 0.738953 0.000000
vn -0.999999 -0.001600 -0.000000
vn -0.619206 0.694607 -0.366204
vn -0.650775 0.738972 -0.174393
vn -0.456787 0.002100 -0.889574
vn -0.503297 0.694696 -0.513897
vn -0.583406 0.739008 -0.336904
vn -0.353180 0.694661 -0.626665
vn -0.476392 0.738987 -0.476392
vn -0.336904 0.739008 -0.583406
vn -0.174393 0.738972 -0.650775
vn -0.258807 -0.001600 -0.965928
vn 0.193305 0.694619 -0.692919
vn 0.088199 -0.737292 -0.669792
vn 0.741001 0.002100 0.671501
vn 0.627898 -0.497899 0.598198
vn -0.000100 -0.001600 0.999999
vn 0.193305 0.694619 0.692919
vn 0.541989 0.002100 0.840383
vn -0.174393 0.738971 0.650775
vn 0.451704 -0.497905 0.740307
vn -0.258901 -0.001600 0.965903
vn 0.007500 0.694680 0.719280
vn 0.306009 0.002100 0.952026
vn 0.244699 -0.497898 0.831997
vn -0.500085 -0.001600 0.865975
vn -0.178900 0.694699 0.696699
vn 0.049100 0.002100 0.998792
vn 0.021000 -0.497892 0.866985
vn -0.264794 -0.927180 0.264994
vn -0.707206 -0.001600 0.707006
vn -0.353180 0.694661 0.626665
vn -0.210997 0.002100 0.977485
vn -0.204096 -0.497890 0.842882
vn -0.866018 -0.001700 0.500010
vn -0.503297 0.694696 0.513897
vn -0.456787 0.002100 0.889574
vn -0.456827 0.002100 0.889553
vn -0.415298 -0.497798 0.761397
vn -0.361802 -0.927205 0.096900
vn -0.619163 0.694658 0.366178
vn -0.671501 0.002100 0.741001
vn -0.999999 -0.001600 -0.000100
vn -0.673702 0.739003 0.000000
vn -0.598198 -0.497899 0.627898
vn -0.840383 0.002100 0.541989
vn -0.965903 -0.001600 -0.258901
vn -0.740307 -0.497905 0.451704
vn -0.361806 -0.927214 -0.096802
vn -0.965902 -0.001700 -0.258901
vn -0.719280 0.694680 0.007500
vn -0.952026 0.002100 0.306008
vn -0.831997 -0.497898 0.244699
vn -0.324403 -0.927210 -0.187202
vn -0.865975 -0.001600 -0.500085
vn -0.696699 0.694699 -0.178900
vn -0.998792 0.002100 0.049100
vn -0.866985 -0.497891 0.021000
vn -0.264901 -0.927204 -0.264801
vn -0.626665 0.694661 -0.353180
vn -0.977485 0.002100 -0.210997
vn -0.842882 -0.497890 -0.204096
vn -0.513897 0.694696 -0.503297
vn -0.889574 0.002100 -0.456787
vn -0.174406 0.738926 -0.650823
vn -0.761397 -0.497798 -0.415298
vn -0.096901 -0.927205 -0.361802
vn -0.258714 -0.001700 -0.965952
vn 0.627898 -0.497898 -0.598198
vn 0.741001 0.002100 -0.671501
vn -0.000100 -0.001600 -0.999999
vn 0.366204 0.694607 -0.619206
vn -0.193305 0.694619 -0.692919
vn -0.541989 0.002100 -0.840383
vn 0.174393 0.738972 -0.650775
vn -0.451704 -0.497905 -0.740307
vn 0.258901 -0.001600 -0.965903
vn -0.007500 0.694680 -0.719280
vn -0.306009 0.002100 -0.952026
vn 0.500085 -0.001600 -0.865975
vn 0.178900 0.694699 -0.696698
vn -0.049100 0.002100 -0.998792
vn -0.021000 -0.497891 -0.866985
vn 0.264794 -0.927180 -0.264994
vn 0.707106 -0.001700 -0.707106
vn 0.353180 0.694661 -0.626665
vn 0.210997 0.002100 -0.977485
vn 0.583515 0.738920 -0.336909
vn 0.204096 -0.497890 -0.842882
vn 0.866018 -0.001700 -0.500010
vn 0.503297 0.694696 -0.513897
vn 0.456787 0.002100 -0.889574
vn 0.456827 0.002100 -0.889553
vn 0.415298 -0.497798 -0.761397
vn 0.361802 -0.927205 -0.096901
vn 0.671501 0.002100 -0.741001
vn 0.673757 0.738953 0.000000
vn 0.598198 -0.497898 -0.627898
vn 0.374595 -0.927188 -0.000100
vn 0.999999 -0.001600 0.000100
vn 0.840383 0.002100 -0.541989
vn 0.965903 -0.001600 0.258901
vn 0.740307 -0.497905 -0.451704
vn 0.361806 -0.927214 0.096801
vn 0.965902 -0.001700 0.258901
vn 0.719280 0.694680 -0.007500
vn 0.952026 0.002100 -0.306008
vn 0.831997 -0.497898 -0.244699
vn 0.324403 -0.927210 0.187202
vn 0.865975 -0.001600 0.500085
vn 0.696699 0.694699 0.178900
vn 0.998792 0.002100 -0.049100
vn 0.866985 -0.497891 -0.021000
vn 0.264901 -0.927204 0.264801
vn 0.626665 0.694661 0.353180
vn 0.977485 0.002100 0.210997
vn 0.842882 -0.497890 0.204096
vn 0.513897 0.694696 0.503297
vn 0.889574 0.002100 0.456787
vn 0.174406 0.738926 0.650823
vn 0.761397 -0.497798 0.415298
vn 0.096901 -0.927205 0.361802
vn 0.258714 -0.001700 0.965952
vn -0.627800 -0.497900 0.598300
vn -0.088298 -0.737285 0.669786
vn -0.415309 -0.497911 -0.761317
vn -0.258492 -0.737278 0.624182
vn 0.831977 -0.497886 -0.244793
vn -0.411285 -0.737272 0.535980
vn -0.761317 -0.497911 0.415309
vn -0.096901 -0.927205 0.361802
vn -0.624182 -0.737278 0.258492
vn -0.624121 -0.737324 0.258508
vn -0.842900 -0.497900 -0.204000
vn -0.669792 -0.737292 0.088199
vn 0.415309 -0.497911 0.761317
vn -0.415195 -0.497894 0.761390
vn -0.669787 -0.737285 -0.088298
vn -0.624182 -0.737278 -0.258492
vn 0.761317 -0.497911 -0.415309
vn 0.096901 -0.927205 -0.361802
vn -0.535980 -0.737272 -0.411285
vn 0.020900 -0.497892 -0.866987
vn -0.264801 -0.927204 -0.264901
vn -0.411285 -0.737272 -0.535980
vn -0.761390 -0.497894 -0.415195
vn -0.258492 -0.737278 -0.624182
vn -0.258602 -0.737305 -0.624104
vn -0.264801 -0.927204 0.264901
vn 0.842900 -0.497900 0.204000
vn 0.088298 -0.737285 -0.669787
vn 0.415195 -0.497894 -0.761390
vn -0.020900 -0.497893 0.866987
vn 0.264801 -0.927204 0.264901
vn 0.258492 -0.737278 -0.624182
vn 0.264801 -0.927204 -0.264901
vn 0.411285 -0.737272 -0.535980
vn 0.761390 -0.497894 0.415195
vn 0.451625 -0.497927 -0.740340
vn 0.624182 -0.737278 -0.258492
vn 0.624121 -0.737324 -0.258509
vn 0.627800 -0.497900 -0.598300
vn 0.669792 -0.737292 -0.088199
vn 0.669792 -0.737292 0.088199
vn 0.669787 -0.737285 0.088298
vn -0.831977 -0.497886 0.244793
vn -0.451625 -0.497927 0.740340
vn 0.624182 -0.737278 0.258492
vn 0.535980 -0.737272 0.411285
vn 0.411285 -0.737272 0.535980
vn 0.514006 0.694608 -0.503306
vn -0.479318 0.877633 -0.003900
vn 0.464012 0.877622 0.120303
vn -0.007500 0.694578 0.719378
vn -0.413114 0.877630 0.243108
vn 0.012200 0.999705 0.021000
vn -0.513907 0.694609 0.503407
vn -0.464012 0.877622 -0.120303
vn -0.006300 0.999706 0.023400
vn 0.626709 0.694610 -0.353205
vn -0.193498 0.694593 -0.692892
vn -0.462004 0.877607 -0.127901
vn 0.417112 0.877624 0.236207
vn -0.476414 0.739022 0.476314
vn -0.017100 0.999709 0.017000
vn 0.336116 0.877642 0.341717
vn -0.619268 0.694564 -0.366181
vn -0.003900 0.877633 -0.479318
vn -0.024200 0.999707 0.000000
vn 0.619268 0.694564 -0.366181
vn 0.673598 0.739098 0.000000
vn 0.024100 0.999710 0.000000
vn 0.003900 0.877633 -0.479318
vn 0.462004 0.877607 -0.127901
vn -0.006300 0.999706 -0.023400
vn -0.513907 0.694609 -0.503407
vn -0.464090 0.877581 0.120298
vn 0.719378 0.694579 0.007500
vn 0.243098 0.877594 0.413197
vn 0.021000 0.999706 -0.012100
vn 0.696798 0.694598 -0.178899
vn -0.007500 0.694579 -0.719378
vn -0.413114 0.877630 -0.243108
vn 0.341716 0.877642 0.336116
vn 0.007500 0.694578 0.719378
vn -0.012100 0.999706 0.021000
vn 0.413114 0.877630 0.243108
vn -0.336116 0.877642 -0.341716
vn 0.243108 0.877630 0.413114
vn 0.476379 0.739068 0.476279
vn 0.178900 0.694598 0.696798
vn -0.336116 0.877642 0.341717
vn 0.017100 0.999709 0.017000
vn -0.479395 0.877591 0.003900
vn 0.000000 0.999707 0.024200
vn 0.503407 0.694609 -0.513907
vn 0.650717 0.739020 -0.174405
vn 0.023400 0.999706 -0.006300
vn -0.120297 0.877581 -0.464090
vn 0.353183 0.694566 -0.626769
vn -0.236207 0.877624 -0.417111
vn 0.127901 0.877607 0.462004
vn -0.127901 0.877607 -0.462004
vn -0.023400 0.999706 0.006300
vn -0.626709 0.694610 -0.353205
vn -0.012100 0.999706 -0.021000
vn -0.417112 0.877624 0.236207
vn 0.619206 0.694607 0.366204
vn -0.120303 0.877622 -0.464012
vn 0.003900 0.877633 0.479318
vn -0.006300 0.999709 0.023300
vn 0.462004 0.877607 0.127901
vn 0.007500 0.694579 -0.719378
vn 0.413114 0.877630 -0.243108
vn -0.012200 0.999705 -0.021000
vn 0.503306 0.694608 0.514006
vn -0.120303 0.877622 0.464012
vn 0.353205 0.694610 -0.626709
vn 0.583363 0.739053 -0.336879
vn 0.476314 0.739022 -0.476414
vn 0.696786 0.694586 -0.178996
vn 0.017100 0.999706 -0.017200
vn 0.353205 0.694610 0.626709
vn 0.127901 0.877607 -0.462004
vn -0.236207 0.877624 0.417112
vn 0.000000 0.739098 -0.673598
vn 0.000000 0.999707 -0.024200
vn -0.479395 0.877591 -0.003900
vn -0.696786 0.694586 -0.178996
vn -0.476314 0.739022 -0.476414
vn -0.017100 0.999708 -0.017100
vn -0.341716 0.877642 0.336116
vn 0.719378 0.694579 -0.007500
vn 0.243108 0.877630 -0.413114
vn 0.021100 0.999704 0.012100
vn 0.000000 0.739098 0.673598
vn 0.479395 0.877591 0.003900
vn 0.341716 0.877642 -0.336116
vn 0.476414 0.739022 -0.476314
vn 0.017100 0.999709 -0.017000
vn -0.719378 0.694579 -0.007500
vn -0.243098 0.877594 -0.413197
vn -0.021000 0.999706 0.012100
vn 0.626769 0.694566 0.353183
vn 0.417112 0.877624 -0.236206
vn -0.462004 0.877607 0.127901
vn -0.719378 0.694579 0.007500
vn -0.021000 0.999706 -0.012100
vn -0.243203 0.877609 0.413104
vn -0.476379 0.739068 -0.476279
vn -0.178900 0.694598 -0.696798
vn 0.336116 0.877642 -0.341716
vn 0.464012 0.877622 -0.120303
vn -0.479318 0.877633 0.003900
vn 0.513907 0.694609 0.503407
vn 0.006300 0.999706 0.023400
vn 0.464090 0.877581 -0.120297
vn 0.336879 0.739053 -0.583363
vn 0.012100 0.999706 -0.021000
vn -0.514006 0.694608 0.503306
vn 0.479318 0.877633 0.003900
vn -0.626709 0.694610 0.353205
vn 0.193498 0.694592 0.692892
vn -0.417112 0.877624 -0.236206
vn 0.650717 0.739020 0.174405
vn 0.023400 0.999706 0.006300
vn -0.023400 0.999706 -0.006300
vn -0.127901 0.877607 0.462004
vn -0.696798 0.694598 0.178900
vn -0.341716 0.877642 -0.336116
vn 0.626709 0.694610 0.353205
vn 0.012100 0.999706 0.021000
vn -0.476314 0.739022 0.476414
vn -0.696786 0.694586 0.178996
vn -0.017100 0.999706 0.017200
vn -0.243108 0.877630 -0.413114
vn 0.006300 0.999709 -0.023300
vn -0.583363 0.739053 -0.336879
vn -0.353205 0.694610 -0.626709
vn 0.236207 0.877624 -0.417111
vn -0.021100 0.999704 -0.012100
vn -0.353183 0.694566 0.626769
vn 0.236207 0.877624 0.417112
vn -0.619229 0.694632 0.366117
vn -0.024200 0.999707 -0.000100
vn -0.003900 0.877591 0.479395
vn 0.513907 0.694609 -0.503407
vn 0.006300 0.999706 -0.023400
vn 0.120303 0.877622 0.464012
vn 0.696786 0.694586 0.178996
vn 0.476314 0.739022 0.476414
vn 0.017100 0.999708 0.017100
vn -0.503306 0.694608 -0.514006
vn -0.003900 0.877633 0.479318
vn 0.120303 0.877622 -0.464012
vn 0.619229 0.694632 0.366117
vn 0.003900 0.877591 0.479395
vn 0.024200 0.999707 -0.000100
vn -0.336879 0.739053 0.583363
vn -0.650717 0.739020 0.174405
vn -0.243108 0.877630 0.413114
vn 0.021000 0.999706 0.012100
vn 0.243203 0.877609 -0.413104
vn -0.650717 0.739020 -0.174405
vn -0.503407 0.694609 -0.513907
vn 0.120297 0.877581 -0.464090
vn -0.626769 0.694566 -0.353183
vn -0.353205 0.694610 0.626709
vn 0.479395 0.877591 -0.003900
vn -0.464012 0.877622 0.120303
vn 0.479318 0.877633 -0.003900
vn -0.819500 -0.464100 -0.336200
vn -0.817202 0.465601 -0.339701
vn -0.617620 0.624920 -0.477515
vn -0.607089 -0.640889 -0.469792
vn 0.343287 -0.660175 -0.668074
vn 0.352696 0.655892 -0.667392
vn 0.617620 0.624920 -0.477515
vn 0.607089 -0.640889 -0.469792
vn 0.819538 -0.464022 0.336216
vn 0.817240 0.465523 0.339717
vn 0.617620 0.624920 0.477515
vn 0.607089 -0.640889 0.469792
vn -0.343287 -0.660175 0.668074
vn -0.352696 0.655892 0.667392
vn -0.617620 0.624920 0.477515
vn -0.607089 -0.640889 0.469792
vn 0.019900 -0.999489 0.025000
vn 0.343287 -0.660175 0.668074
vn -0.041102 0.998538 0.035101
vn -0.817240 0.465523 0.339717
vn 0.041102 0.998538 0.035101
vn 0.000000 0.999619 0.027601
vn 0.000000 0.642326 0.766431
vn 0.352696 0.655892 0.667392
vn -0.019900 -0.999489 0.025000
vn 0.000000 -0.999501 0.031600
vn 0.000000 -0.635283 0.772279
vn -0.343287 -0.660175 -0.668074
vn -0.352696 0.655892 -0.667392
vn 0.000000 0.642326 -0.766431
vn 0.000000 -0.635283 -0.772280
vn -0.819538 -0.464022 0.336216
vn 0.000000 0.974546 0.224188
vn -0.021400 0.967984 0.250096
vn -0.021701 0.999627 0.016601
vn 0.000000 0.999892 0.014700
vn -0.635016 -0.618215 -0.463212
vn -0.035599 -0.952169 -0.303490
vn -0.039300 -0.999099 -0.016000
vn -0.718587 -0.695387 -0.008400
vn 0.000000 -0.960556 -0.278087
vn 0.035599 -0.952169 -0.303490
vn 0.039300 -0.999099 -0.016000
vn 0.000000 -0.999899 -0.014200
vn 0.530102 0.846903 0.041800
vn 0.021400 0.967984 0.250096
vn 0.021701 0.999627 0.016601
vn 0.837302 0.546701 0.006600
vn -0.530102 0.846903 0.041800
vn -0.837302 0.546701 0.006600
vn 0.635016 -0.618215 -0.463212
vn 0.718587 -0.695387 -0.008400
vn -0.630710 -0.637211 0.442907
vn -0.537102 0.843503 -0.004900
vn -0.640468 -0.610769 0.465577
vn -0.397009 0.910120 -0.118602
vn -0.740234 0.551125 0.385118
vn -0.588395 -0.797292 0.134599
vn 0.000000 0.956204 0.292701
vn -0.106999 0.932189 0.345796
vn -0.013600 0.999907 0.000900
vn 0.000000 0.999995 0.003000
vn -0.869503 -0.449102 0.205601
vn 0.051598 -0.953456 -0.297086
vn -0.043301 -0.997723 0.051701
vn 0.000000 -0.970873 -0.239594
vn -0.051598 -0.953456 -0.297086
vn 0.043301 -0.997723 0.051701
vn 0.000000 -0.998663 0.051698
vn 0.706632 0.526324 0.472921
vn 0.106999 0.932189 0.345796
vn 0.013600 0.999907 0.000900
vn 0.740234 0.551125 0.385118
vn -0.706632 0.526324 0.472921
vn 0.869503 -0.449102 0.205601
vn 0.588395 -0.797292 0.134599
vn 0.640779 -0.609980 -0.466184
vn 0.396396 0.910190 0.120099
vn 0.747327 0.526519 -0.405315
vn 0.581532 -0.807744 -0.096805
vn 0.091699 -0.941190 -0.325197
vn 0.037499 -0.998986 -0.024900
vn 0.039399 0.960868 0.274191
vn -0.396396 0.910190 0.120099
vn -0.747327 0.526519 -0.405315
vn -0.019199 0.999462 -0.026599
vn -0.039399 0.960868 0.274191
vn 0.000000 0.969948 0.243312
vn 0.000000 0.999665 -0.025899
vn 0.019199 0.999462 -0.026599
vn -0.091699 -0.941190 -0.325197
vn 0.000000 -0.955124 -0.296207
vn 0.000000 -0.999602 -0.028200
vn -0.037499 -0.998986 -0.024900
vn -0.640779 -0.609980 -0.466184
vn -0.581532 -0.807744 -0.096805
vn -0.880200 -0.437400 -0.184200
vn -0.689298 0.523898 -0.500398
vn -0.754922 -0.577917 -0.310009
vn -0.746212 0.586410 -0.315105
vn -0.554586 0.795979 -0.242594
vn -0.553810 -0.800015 -0.230804
vn 0.689298 0.523898 -0.500398
vn 0.880200 -0.437400 -0.184200
vn -0.067001 -0.932613 0.354605
vn -0.120102 0.908917 -0.399307
vn 0.000000 0.940056 -0.341020
vn 0.120102 0.908917 -0.399307
vn 0.000000 -0.956905 0.290401
vn 0.067001 -0.932613 0.354605
vn -0.041102 0.998538 -0.035101
vn 0.000000 0.999619 -0.027600
vn -0.020000 -0.999487 -0.025000
vn 0.020000 -0.999487 -0.025000
vn 0.000000 -0.999501 -0.031600
vn 0.041102 0.998538 -0.035101
vn 0.817202 0.465601 -0.339701
vn 0.819500 -0.464100 -0.336200
vn 0.553810 -0.800015 -0.230804
vn 0.554586 0.795979 -0.242594
vn 0.746212 0.586410 -0.315105
vn 0.754922 -0.577917 -0.310009
vn 0.028799 -0.999156 -0.029299
vn 0.031700 -0.999102 -0.028100
vn -0.028601 0.999122 -0.030601
vn -0.029199 0.999058 -0.032099
vn 0.028601 0.999122 -0.030601
vn 0.000000 0.999627 -0.027301
vn 0.029199 0.999058 -0.032099
vn -0.028799 -0.999156 -0.029299
vn 0.000000 -0.999485 -0.032100
vn -0.031700 -0.999102 -0.028100
vn 0.537102 0.843503 -0.004900
vn 0.630710 -0.637211 0.442907
vn 0.035900 -0.961288 0.273196
vn -0.021600 0.975619 -0.218404
vn 0.000000 0.980723 -0.195404
vn 0.021600 0.975619 -0.218404
vn 0.000000 -0.968116 0.250504
vn -0.035900 -0.961288 0.273196
vn -0.554806 -0.799209 0.231203
vn -0.555577 0.795167 0.242990
vn -0.747304 0.584803 0.315502
vn -0.755998 -0.576298 0.310399
vn 0.755998 -0.576298 0.310399
vn 0.747304 0.584803 0.315502
vn 0.555577 0.795167 0.242990
vn 0.554806 -0.799209 0.231203
vn 0.031700 -0.999102 0.028100
vn 0.028899 -0.999153 0.029298
vn -0.029199 0.999058 0.032099
vn -0.028601 0.999119 0.030701
vn 0.029199 0.999058 0.032099
vn 0.000000 0.999627 0.027301
vn 0.028601 0.999119 0.030701
vn -0.031700 -0.999102 0.028100
vn 0.000000 -0.999485 0.032099
vn -0.028899 -0.999153 0.029298
vn 0.039100 0.961191 -0.273097
vn 0.000000 0.970201 -0.242300
vn -0.091397 -0.941567 0.324189
vn 0.091397 -0.941567 0.324189
vn 0.000000 -0.955404 0.295301
vn -0.039100 0.961191 -0.273097
vn 0.397009 0.910120 -0.118602
vn 0.640468 -0.610769 0.465577
vn 0.000000 -0.194308 -0.980941
vn 0.253903 -0.194302 -0.947512
vn 0.490502 -0.194301 -0.849503
vn 0.693630 -0.194308 -0.693630
vn 0.849503 -0.194301 -0.490502
vn 0.947512 -0.194302 -0.253903
vn 0.980941 -0.194308 -0.000000
vn 0.947512 -0.194303 0.253903
vn 0.849503 -0.194301 0.490502
vn 0.693630 -0.194308 0.693630
vn 0.490502 -0.194301 0.849503
vn 0.253903 -0.194303 0.947512
vn 0.000000 -0.194308 0.980941
vn -0.253903 -0.194303 0.947512
vn -0.490502 -0.194301 0.849503
vn -0.693630 -0.194308 0.693630
vn -0.849503 -0.194301 0.490502
vn -0.947512 -0.194303 0.253903
vn -0.980941 -0.194308 -0.000000
vn -0.947512 -0.194302 -0.253903
vn -0.849503 -0.194301 -0.490502
vn -0.693630 -0.194308 -0.693630
vn -0.490502 -0.194301 -0.849503
vn 0.000000 1.000000 0.000000
vn -0.253903 -0.194302 -0.947512
vn 0.000000 -0.239805 -0.970821
vn 0.251308 -0.239807 -0.937730
vn 0.485385 -0.239792 -0.840774
vn 0.686477 -0.239792 -0.686476
vn 0.840774 -0.239793 -0.485385
vn 0.937729 -0.239807 -0.251308
vn 0.970821 -0.239805 -0.000000
vn 0.937730 -0.239808 0.251308
vn 0.840774 -0.239793 0.485385
vn 0.686477 -0.239792 0.686476
vn 0.485385 -0.239793 0.840774
vn 0.251308 -0.239808 0.937729
vn 0.000000 -0.239805 0.970821
vn -0.251308 -0.239808 0.937729
vn -0.485385 -0.239793 0.840774
vn -0.686477 -0.239792 0.686476
vn -0.840774 -0.239793 0.485385
vn -0.937730 -0.239808 0.251308
vn -0.970821 -0.239805 -0.000000
vn -0.937729 -0.239807 -0.251308
vn -0.840774 -0.239793 -0.485385
vn -0.686477 -0.239792 -0.686476
vn -0.485385 -0.239792 -0.840774
vn -0.251308 -0.239807 -0.937730
vn 0.000000 0.154401 -0.988008
vn 0.255711 0.154407 -0.954343
vn 0.494018 0.154406 -0.855631
vn 0.698627 0.154406 -0.698627
vn 0.855631 0.154406 -0.494018
vn 0.954343 0.154407 -0.255711
vn 0.988008 0.154401 0.000000
vn 0.954343 0.154407 0.255711
vn 0.855631 0.154406 0.494018
vn 0.698627 0.154406 0.698627
vn 0.494018 0.154406 0.855631
vn 0.255711 0.154407 0.954343
vn 0.000000 0.154401 0.988008
vn -0.255711 0.154407 0.954343
vn -0.494018 0.154406 0.855631
vn -0.698627 0.154406 0.698627
vn -0.855631 0.154406 0.494018
vn -0.954343 0.154407 0.255711
vn -0.988008 0.154401 0.000000
vn -0.954343 0.154407 -0.255711
vn -0.855631 0.154406 -0.494018
vn -0.698627 0.154406 -0.698627
vn -0.494018 0.154406 -0.855631
vn -0.255711 0.154407 -0.954343
vn 0.000000 0.127505 -0.991838
vn 0.256711 0.127506 -0.958041
vn 0.495887 0.127497 -0.858977
vn 0.701335 0.127506 -0.701335
vn 0.858977 0.127497 -0.495887
vn 0.958041 0.127505 -0.256711
vn 0.991838 0.127505 0.000000
vn 0.958041 0.127505 0.256711
vn 0.858977 0.127496 0.495887
vn 0.701335 0.127506 0.701335
vn 0.495887 0.127496 0.858977
vn 0.256711 0.127505 0.958041
vn 0.000000 0.127505 0.991838
vn -0.256711 0.127505 0.958041
vn -0.495887 0.127496 0.858977
vn -0.701335 0.127506 0.701335
vn -0.858977 0.127496 0.495887
vn -0.958041 0.127505 0.256711
vn -0.991838 0.127505 0.000000
vn -0.958041 0.127505 -0.256711
vn -0.858977 0.127497 -0.495887
vn -0.701335 0.127506 -0.701335
vn -0.495887 0.127497 -0.858977
vn -0.253206 0.862320 0.438510
vn -0.358020 0.862348 0.358020
vn -0.256711 0.127506 -0.958041
vn -0.489114 0.862325 -0.131004
vn -0.438510 0.862320 -0.253206
vn 0.000000 0.862343 0.506325
vn -0.131004 0.862325 0.489115
vn 0.000000 0.862343 -0.506325
vn 0.131004 0.862325 -0.489114
vn 0.489114 0.862325 -0.131004
vn 0.506325 0.862343 0.000000
vn 0.253206 0.862320 0.438510
vn 0.131004 0.862325 0.489115
vn -0.489114 0.862325 0.131004
vn -0.506325 0.862343 0.000000
vn -0.253206 0.862320 -0.438510
vn -0.131004 0.862325 -0.489114
vn 0.358020 0.862348 -0.358020
vn 0.438510 0.862320 -0.253206
vn 0.438510 0.862320 0.253206
vn 0.358020 0.862348 0.358020
vn -0.438510 0.862320 0.253206
vn -0.358020 0.862348 -0.358020
vn 0.253206 0.862320 -0.438510
vn 0.489114 0.862325 0.131004
vn -0.454384 0.417385 -0.786972
vn -0.235212 0.417421 -0.877744
vn -0.642570 0.417381 0.642570
vn -0.786972 0.417385 0.454384
vn 0.908719 0.417409 0.000000
vn 0.877744 0.417421 0.235212
vn 0.000000 0.417409 -0.908719
vn -0.877744 0.417421 0.235212
vn 0.786972 0.417385 0.454384
vn 0.235212 0.417421 -0.877744
vn -0.908719 0.417409 0.000000
vn 0.642570 0.417381 0.642570
vn 0.454384 0.417385 -0.786972
vn -0.877744 0.417421 -0.235212
vn 0.454384 0.417385 0.786972
vn 0.642570 0.417381 -0.642570
vn -0.786972 0.417385 -0.454384
vn 0.235212 0.417421 0.877744
vn 0.000000 0.417409 0.908719
vn -0.235212 0.417421 0.877744
vn 0.786972 0.417385 -0.454384
vn -0.642570 0.417381 -0.642570
vn -0.454384 0.417385 0.786972
vn 0.877744 0.417421 -0.235212

# Mesh
g test2barel.001_test2barel.001-0
usemtl uvthecannon2_Material_004.003
f 1/1/1 2/2/2 3/3/3
f 1/1/1 3/3/3 4/4/4
f 5/5/5 6/6/6 7/7/6
f 5/5/5 7/7/6 8/8/7
f 9/9/8 10/10/9 11/11/9
f 9/9/8 11/11/9 12/12/10
f 13/13/11 14/14/12 15/15/12
f 13/13/11 15/15/12 16/16/11
f 17/17/13 18/18/14 19/19/14
f 17/17/13 19/19/14 20/20/13
f 21/21/15 22/22/16 23/23/16
f 21/21/15 23/23/16 24/24/15
f 25/25/17 26/26/18 27/27/18
f 25/25/17 27/27/18 28/28/17
f 29/29/19 30/30/20 31/31/20
f 29/29/19 31/31/20 32/32/19
f 33/33/21 34/34/22 35/35/22
f 33/33/21 35/35/22 36/36/23
f 37/37/24 38/38/25 39/39/25
f 37/37/24 39/39/25 40/40/24
f 41/41/26 42/42/27 43/43/27
f 41/41/26 43/43/27 44/44/28
f 45/45/29 46/46/30 47/47/30
f 45/45/29 47/47/30 48/48/29
f 49/49/31 50/50/32 51/51/32
f 49/49/31 51/51/32 52/52/31
f 53/53/33 54/54/34 55/55/34
f 53/53/33 55/55/34 56/56/35
f 57/57/36 58/58/37 59/59/37
f 57/57/36 59/59/37 60/60/38
f 61/61/39 62/62/40 63/63/40
f 61/61/39 63/63/40 64/64/39
f 65/65/41 66/66/42 67/67/42
f 65/65/41 67/67/42 68/68/41
f 69/69/43 70/70/44 71/71/44
f 69/69/43 71/71/44 72/72/45
f 73/73/46 74/74/47 75/75/47
f 73/73/46 75/75/47 76/76/46
f 77/77/48 78/78/49 79/79/49
f 77/77/48 79/79/49 80/80/50
f 81/81/51 82/82/52 83/83/52
f 81/81/51 83/83/52 84/84/53
f 85/85/54 86/86/55 87/87/55
f 85/85/54 87/87/55 88/88/54
f 89/89/56 90/90/57 91/91/58
f 89/89/56 91/91/58 92/92/59
f 93/93/60 94/94/61 95/95/61
f 93/93/60 95/95/61 96/96/60
f 97/97/62 1/1/4 4/4/4
f 97/97/62 4/4/4 98/98/63
f 37/99/64 40/100/65 99/101/66
f 37/99/64 99/101/66 100/102/66
f 86/86/55 101/103/67 102/104/68
f 86/86/55 102/104/68 87/87/55
f 82/82/52 103/105/69 104/106/70
f 82/82/52 104/106/70 83/83/52
f 78/78/49 105/107/71 106/108/72
f 78/78/49 106/108/72 79/79/49
f 74/74/47 107/109/73 108/110/74
f 74/74/47 108/110/74 75/75/47
f 70/70/44 109/111/75 110/112/76
f 70/70/44 110/112/76 71/71/44
f 66/66/42 111/113/77 112/114/78
f 66/66/42 112/114/78 67/67/42
f 62/62/40 113/115/79 114/116/80
f 62/62/40 114/116/80 63/63/40
f 58/58/37 115/117/81 116/118/82
f 58/58/37 116/118/82 59/59/37
f 54/54/34 117/119/83 118/120/84
f 54/54/34 118/120/84 55/55/34
f 50/50/32 119/121/85 120/122/86
f 50/50/32 120/122/86 51/51/32
f 46/46/30 121/123/87 122/124/88
f 46/46/30 122/124/88 47/47/89
f 42/42/90 123/125/91 124/126/92
f 42/42/90 124/126/92 43/43/27
f 38/38/25 125/127/93 126/128/94
f 38/38/25 126/128/94 39/39/25
f 34/34/22 127/129/95 128/130/96
f 34/34/22 128/130/96 35/35/22
f 30/30/20 129/131/97 130/132/98
f 30/30/20 130/132/98 31/31/20
f 26/26/18 131/133/99 132/134/100
f 26/26/18 132/134/100 27/27/18
f 22/22/16 133/135/101 134/136/102
f 22/22/16 134/136/102 23/23/16
f 18/18/14 135/137/103 136/138/104
f 18/18/14 136/138/104 19/19/14
f 14/14/12 137/139/105 138/140/106
f 14/14/12 138/140/106 15/15/12
f 10/10/9 139/141/107 140/142/108
f 10/10/9 140/142/108 11/11/9
f 6/6/6 141/143/109 142/144/110
f 6/6/6 142/144/110 7/7/6
f 94/94/61 143/145/111 144/146/112
f 94/94/61 144/146/112 95/95/61
f 145/147/113 5/148/114 146/149/66
f 145/147/113 146/149/66 147/150/66
f 148/151/115 149/152/116 90/90/57
f 148/151/115 90/90/57 89/89/117
f 150/153/118 151/154/119 152/155/120
f 150/153/118 152/155/120 92/92/121
f 153/156/122 145/157/113 96/96/123
f 153/156/122 96/96/123 95/95/124
f 154/158/125 155/159/126 8/8/127
f 154/158/125 8/8/127 7/7/128
f 156/160/129 157/161/130 12/12/131
f 156/160/129 12/12/131 11/11/132
f 158/162/133 159/163/134 16/16/135
f 158/162/133 16/16/135 15/15/136
f 160/164/137 161/165/138 20/20/139
f 160/164/137 20/20/139 19/19/140
f 162/166/141 163/167/142 24/24/143
f 162/166/141 24/24/143 23/23/144
f 164/168/145 165/169/146 28/28/147
f 164/168/145 28/28/147 27/27/148
f 166/170/149 167/171/150 32/32/151
f 166/170/149 32/32/151 31/31/152
f 168/172/153 169/173/154 36/36/155
f 168/172/153 36/36/155 35/35/156
f 170/174/157 171/175/158 40/40/159
f 170/174/157 40/40/159 39/39/160
f 172/176/161 173/177/162 44/44/163
f 172/176/161 44/44/163 43/43/164
f 174/178/165 175/179/166 48/48/167
f 174/178/165 48/48/167 47/47/168
f 176/180/169 177/181/170 52/52/171
f 176/180/169 52/52/171 51/51/172
f 178/182/173 179/183/174 56/56/175
f 178/182/173 56/56/175 55/55/176
f 180/184/177 181/185/178 60/60/179
f 180/184/177 60/60/179 59/59/180
f 182/186/181 183/187/182 64/64/183
f 182/186/181 64/64/183 63/63/184
f 184/188/185 185/189/186 68/68/187
f 184/188/185 68/68/187 67/67/188
f 186/190/189 187/191/190 72/72/191
f 186/190/189 72/72/191 71/71/192
f 188/192/193 189/193/194 76/76/195
f 188/192/193 76/76/195 75/75/196
f 190/194/197 191/195/198 80/80/199
f 190/194/197 80/80/199 79/79/200
f 192/196/201 193/197/202 84/84/203
f 192/196/201 84/84/203 83/83/204
f 194/198/205 195/199/206 88/88/207
f 194/198/205 88/88/207 87/87/208
f 196/200/209 148/151/210 89/89/117
f 196/200/209 89/89/117 197/201/211
f 198/202/212 150/153/118 92/92/121
f 198/202/212 92/92/121 91/91/213
f 199/203/214 153/156/122 95/95/124
f 199/203/214 95/95/124 144/146/215
f 200/204/216 154/158/125 7/7/128
f 200/204/216 7/7/128 142/144/217
f 201/205/218 156/160/219 11/11/132
f 201/205/218 11/11/132 140/142/108
f 202/206/220 158/162/221 15/15/136
f 202/206/220 15/15/136 138/140/106
f 203/207/222 160/164/137 19/19/140
f 203/207/222 19/19/140 136/138/223
f 204/208/224 162/166/141 23/23/225
f 204/208/224 23/23/225 134/136/226
f 205/209/227 164/168/145 27/27/148
f 205/209/227 27/27/148 132/134/228
f 206/210/229 166/170/230 31/31/152
f 206/210/229 31/31/152 130/132/98
f 207/211/231 168/172/153 35/35/156
f 207/211/231 35/35/156 128/130/96
f 208/212/232 170/174/233 39/39/160
f 208/212/232 39/39/160 126/128/234
f 209/213/235 172/176/236 43/43/164
f 209/213/235 43/43/164 124/126/237
f 210/214/238 174/178/239 47/47/168
f 210/214/238 47/47/168 122/124/240
f 211/215/241 176/180/169 51/51/172
f 211/215/241 51/51/172 120/122/242
f 212/216/243 178/182/173 55/55/176
f 212/216/243 55/55/176 118/120/244
f 213/217/245 180/184/246 59/59/180
f 213/217/245 59/59/180 116/118/82
f 214/218/247 182/186/248 63/63/184
f 214/218/247 63/63/184 114/116/80
f 215/219/249 184/188/250 67/67/188
f 215/219/249 67/67/188 112/114/251
f 216/220/252 186/190/189 71/71/253
f 216/220/252 71/71/253 110/112/254
f 217/221/255 188/192/193 75/75/196
f 217/221/255 75/75/196 108/110/256
f 218/222/257 190/194/197 79/79/200
f 218/222/257 79/79/200 106/108/72
f 219/223/258 192/196/201 83/83/204
f 219/223/258 83/83/204 104/106/70
f 220/224/259 194/198/260 87/87/208
f 220/224/259 87/87/208 102/104/261
f 197/201/262 89/89/56 92/92/56
f 197/201/262 92/92/56 152/155/262
f 121/123/87 46/46/263 172/176/236
f 121/123/87 172/176/236 209/213/235
f 46/46/263 45/45/264 173/177/162
f 46/46/263 173/177/162 172/176/265
f 119/121/266 50/50/267 174/178/239
f 119/121/266 174/178/239 210/214/268
f 50/50/267 49/49/269 175/179/166
f 50/50/267 175/179/166 174/178/270
f 117/119/271 54/54/272 176/180/169
f 117/119/271 176/180/169 211/215/241
f 54/54/272 53/53/273 177/181/170
f 54/54/272 177/181/170 176/180/274
f 115/117/275 58/58/276 178/182/173
f 115/117/275 178/182/173 212/216/243
f 58/58/276 57/57/277 179/183/278
f 58/58/276 179/183/278 178/182/279
f 113/115/280 62/62/281 180/184/246
f 113/115/280 180/184/246 213/217/245
f 62/62/281 61/61/282 181/185/178
f 62/62/281 181/185/178 180/184/283
f 111/113/284 66/66/285 182/186/248
f 111/113/284 182/186/248 214/218/247
f 66/66/286 65/65/287 183/187/288
f 66/66/286 183/187/288 182/186/248
f 109/111/289 70/70/290 184/188/291
f 109/111/289 184/188/291 215/219/292
f 70/70/290 69/69/293 185/189/186
f 70/70/290 185/189/186 184/188/250
f 107/109/73 74/74/294 186/190/295
f 107/109/73 186/190/295 216/220/252
f 74/74/294 73/73/296 187/191/297
f 74/74/294 187/191/297 186/190/298
f 105/107/299 78/78/300 188/192/193
f 105/107/299 188/192/193 217/221/255
f 78/78/300 77/77/301 189/193/302
f 78/78/300 189/193/302 188/192/303
f 103/105/304 82/82/305 190/194/197
f 103/105/304 190/194/197 218/222/257
f 82/82/305 81/81/306 191/195/307
f 82/82/305 191/195/307 190/194/197
f 101/103/308 86/86/309 192/196/201
f 101/103/308 192/196/201 219/223/258
f 86/86/309 85/85/310 193/197/202
f 86/86/309 193/197/202 192/196/201
f 2/2/311 1/1/312 194/198/260
f 2/2/311 194/198/260 220/224/313
f 1/1/312 97/97/314 195/199/315
f 1/1/312 195/199/315 194/198/316
f 98/98/317 4/4/318 148/151/319
f 98/98/317 148/151/319 196/200/209
f 4/4/318 3/3/320 149/152/116
f 4/4/318 149/152/116 148/151/115
f 143/145/321 94/94/322 150/153/118
f 143/145/321 150/153/118 198/202/323
f 94/94/322 93/93/324 151/154/119
f 94/94/322 151/154/119 150/153/325
f 141/143/326 6/6/327 153/156/122
f 141/143/326 153/156/122 199/203/214
f 6/6/327 5/5/114 145/157/113
f 6/6/327 145/157/113 153/156/328
f 139/141/329 10/10/330 154/158/125
f 139/141/329 154/158/125 200/204/216
f 10/10/330 9/9/331 155/159/332
f 10/10/330 155/159/332 154/158/333
f 137/139/334 14/14/335 156/160/219
f 137/139/334 156/160/219 201/205/336
f 14/14/335 13/13/337 157/161/130
f 14/14/335 157/161/130 156/160/338
f 135/137/339 18/18/340 158/225/221
f 135/137/339 158/225/221 202/226/220
f 18/18/341 17/17/342 159/227/343
f 18/18/341 159/227/343 158/225/221
f 133/135/101 22/22/344 160/164/137
f 133/135/101 160/164/137 203/207/345
f 22/22/344 21/21/346 161/165/347
f 22/22/344 161/165/347 160/164/348
f 131/133/99 26/26/349 162/166/350
f 131/133/99 162/166/350 204/208/224
f 26/26/349 25/25/351 163/167/352
f 26/26/349 163/167/352 162/166/353
f 129/131/354 30/30/355 164/168/145
f 129/131/354 164/168/145 205/209/227
f 30/30/355 29/29/356 165/169/357
f 30/30/355 165/169/357 164/168/358
f 127/129/359 34/34/360 166/170/230
f 127/129/359 166/170/230 206/210/229
f 34/34/360 33/33/361 167/171/362
f 34/34/360 167/171/362 166/170/230
f 125/127/363 38/38/364 168/172/153
f 125/127/363 168/172/153 207/211/231
f 38/38/364 37/37/365 169/173/154
f 38/38/364 169/173/154 168/172/153
f 123/125/366 42/42/367 170/174/233
f 123/125/366 170/174/233 208/212/368
f 42/42/367 41/41/369 171/175/370
f 42/42/367 171/175/370 170/174/371
f 44/228/372 173/229/162 221/230/66
f 44/228/372 221/230/66 222/231/66
f 41/232/26 44/228/26 222/231/66
f 41/232/26 222/231/66 223/233/66
f 191/234/307 81/235/306 224/236/66
f 191/234/307 224/236/66 225/237/66
f 45/238/29 48/239/373 226/240/66
f 45/238/29 226/240/66 227/241/66
f 181/242/178 61/243/282 228/244/66
f 181/242/178 228/244/66 229/245/66
f 72/246/374 187/247/190 230/248/66
f 72/246/374 230/248/66 231/249/66
f 49/250/375 52/251/375 232/252/66
f 49/250/375 232/252/66 233/253/66
f 20/254/139 161/255/138 234/256/66
f 20/254/139 234/256/66 235/257/66
f 165/258/146 29/259/376 236/260/66
f 165/258/146 236/260/66 237/261/66
f 53/262/377 56/263/377 238/264/66
f 53/262/377 238/264/66 239/265/66
f 155/266/126 9/267/331 240/268/66
f 155/266/126 240/268/66 241/269/66
f 57/270/36 60/271/36 242/272/66
f 57/270/36 242/272/66 243/273/66
f 48/239/378 175/274/379 244/275/66
f 48/239/378 244/275/66 226/240/66
f 61/243/380 64/276/381 245/277/66
f 61/243/380 245/277/66 228/244/66
f 193/278/202 85/279/382 246/280/66
f 193/278/202 246/280/66 247/281/66
f 76/282/195 189/283/194 248/284/66
f 76/282/195 248/284/66 249/285/66
f 65/286/383 68/287/383 250/288/66
f 65/286/383 250/288/66 251/289/66
f 24/290/384 163/291/142 252/292/66
f 24/290/384 252/292/66 253/293/66
f 183/294/288 65/286/385 251/289/66
f 183/294/288 251/289/66 254/295/66
f 69/296/43 72/246/386 231/249/66
f 69/296/43 231/249/66 255/297/66
f 173/229/162 45/238/264 227/241/66
f 173/229/162 227/241/66 221/230/66
f 167/298/362 33/299/361 256/300/66
f 167/298/362 256/300/66 257/301/66
f 52/251/171 177/302/170 258/303/66
f 52/251/171 258/303/66 232/252/66
f 73/304/387 76/282/387 249/285/66
f 73/304/387 249/285/66 259/305/66
f 152/306/388 151/307/389 260/308/66
f 152/306/388 260/308/66 261/309/66
f 157/310/130 13/311/337 262/312/66
f 157/310/130 262/312/66 263/313/66
f 77/314/390 80/315/390 264/316/66
f 77/314/390 264/316/66 265/317/66
f 80/315/391 191/234/392 225/237/66
f 80/315/391 225/237/66 264/316/66
f 81/235/393 84/318/393 266/319/66
f 81/235/393 266/319/66 224/236/66
f 195/320/315 97/321/394 267/322/66
f 195/320/315 267/322/66 268/323/66
f 28/324/147 165/258/146 237/261/66
f 28/324/147 237/261/66 269/325/66
f 85/279/395 88/326/396 270/327/66
f 85/279/395 270/327/66 246/280/66
f 185/328/186 69/296/293 255/297/66
f 185/328/186 255/297/66 271/329/66
f 56/263/175 179/330/397 272/331/66
f 56/263/175 272/331/66 238/264/66
f 96/332/123 145/147/113 147/150/66
f 96/332/123 147/150/66 273/333/66
f 175/274/379 49/250/269 233/253/66
f 175/274/379 233/253/66 244/275/66
f 169/334/154 37/99/398 100/102/66
f 169/334/154 100/102/66 274/335/66
f 197/336/262 152/306/399 261/309/66
f 197/336/262 261/309/66 275/337/66
f 84/318/203 193/278/202 247/281/66
f 84/318/203 247/281/66 266/319/66
f 159/338/343 17/339/400 276/340/66
f 159/338/343 276/340/66 277/341/66
f 32/342/401 167/298/402 257/301/66
f 32/342/401 257/301/66 278/343/66
f 97/321/62 98/344/62 279/345/66
f 97/321/62 279/345/66 267/322/66
f 60/271/179 181/242/178 229/245/66
f 60/271/179 229/245/66 242/272/66
f 196/346/209 197/336/211 275/337/66
f 196/346/209 275/337/66 280/347/66
f 93/348/403 96/332/403 273/333/66
f 93/348/403 273/333/66 281/349/66
f 187/247/190 73/304/296 259/305/66
f 187/247/190 259/305/66 230/248/66
f 8/350/127 155/266/404 241/269/66
f 8/350/127 241/269/66 282/351/66
f 5/148/405 8/350/405 282/351/66
f 5/148/405 282/351/66 146/149/66
f 177/302/170 53/262/273 239/265/66
f 177/302/170 239/265/66 258/303/66
f 171/352/370 41/232/406 223/233/66
f 171/352/370 223/233/66 283/353/66
f 88/326/407 195/320/315 268/323/66
f 88/326/407 268/323/66 270/327/66
f 36/354/155 169/334/154 274/335/66
f 36/354/155 274/335/66 284/355/66
f 9/267/8 12/356/8 285/357/66
f 9/267/8 285/357/66 240/268/66
f 161/255/138 21/358/346 286/359/66
f 161/255/138 286/359/66 234/256/66
f 13/311/408 16/360/409 287/361/66
f 13/311/408 287/361/66 262/312/66
f 98/344/410 196/346/209 280/347/66
f 98/344/410 280/347/66 279/345/66
f 64/276/183 183/294/288 254/295/66
f 64/276/183 254/295/66 245/277/66
f 151/307/389 93/348/324 281/349/66
f 151/307/389 281/349/66 260/308/66
f 17/339/411 20/254/411 235/257/66
f 17/339/411 235/257/66 276/340/66
f 12/356/131 157/310/130 263/313/66
f 12/356/131 263/313/66 285/357/66
f 21/358/412 24/290/413 253/293/66
f 21/358/412 253/293/66 286/359/66
f 189/283/194 77/314/414 265/317/66
f 189/283/194 265/317/66 248/284/66
f 40/100/415 171/352/370 283/353/66
f 40/100/415 283/353/66 99/101/66
f 25/362/416 28/324/416 269/325/66
f 25/362/416 269/325/66 288/363/66
f 179/330/174 57/270/277 243/273/66
f 179/330/174 243/273/66 272/331/66
f 29/259/417 32/342/417 278/343/66
f 29/259/417 278/343/66 236/260/66
f 163/291/142 25/362/351 288/363/66
f 163/291/142 288/363/66 252/292/66
f 68/287/187 185/328/186 271/329/66
f 68/287/187 271/329/66 250/288/66
f 33/299/418 36/354/418 284/355/66
f 33/299/418 284/355/66 256/300/66
f 16/360/135 159/364/343 277/365/66
f 16/360/135 277/365/66 287/361/66
f 91/366/419 90/367/57 289/368/420
f 91/366/419 289/368/420 290/369/421
f 207/370/231 128/371/422 291/372/423
f 207/370/231 291/372/423 292/373/424
f 210/374/268 122/375/425 293/376/426
f 210/374/268 293/376/426 294/377/427
f 144/378/428 143/379/429 295/380/430
f 144/378/428 295/380/430 296/381/431
f 115/382/81 212/383/432 297/384/433
f 115/382/81 297/384/433 298/385/434
f 215/386/292 112/387/435 299/388/436
f 215/386/292 299/388/436 300/389/437
f 133/390/438 203/391/439 301/392/440
f 133/390/438 301/392/440 302/393/441
f 220/394/259 102/395/261 303/396/442
f 220/394/259 303/396/442 304/397/443
f 2/398/444 220/394/259 304/397/443
f 2/398/444 304/397/443 305/399/445
f 201/400/218 140/401/446 306/402/447
f 201/400/218 306/402/447 307/403/448
f 142/404/449 141/405/450 308/406/451
f 142/404/449 308/406/451 309/407/452
f 117/408/453 211/409/241 310/410/454
f 117/408/453 310/410/454 311/411/455
f 140/401/446 139/412/107 312/413/456
f 140/401/446 312/413/456 306/402/457
f 206/414/458 130/415/459 313/416/460
f 206/414/458 313/416/460 314/417/461
f 209/418/235 124/419/237 315/420/462
f 209/418/235 315/420/462 316/421/463
f 135/422/464 202/423/465 317/424/466
f 135/422/464 317/424/466 318/425/467
f 138/426/106 137/427/468 319/428/469
f 138/426/106 319/428/469 320/429/470
f 214/430/247 114/431/80 321/432/471
f 214/430/247 321/432/471 322/433/472
f 101/434/473 219/435/258 323/436/474
f 101/434/473 323/436/474 324/437/475
f 136/438/476 135/422/103 318/425/477
f 136/438/476 318/425/477 325/439/478
f 119/440/266 210/374/268 294/377/479
f 119/440/266 294/377/479 326/441/480
f 219/435/258 104/442/481 327/443/482
f 219/435/258 327/443/482 323/436/483
f 134/444/484 133/390/101 302/393/441
f 134/444/484 302/393/441 328/445/485
f 137/427/486 201/400/487 307/403/448
f 137/427/486 307/403/448 319/428/469
f 200/446/488 142/404/489 309/407/452
f 200/446/488 309/407/452 329/447/490
f 132/448/491 131/449/99 330/450/492
f 132/448/491 330/450/492 331/451/493
f 90/367/57 149/452/494 332/453/495
f 90/367/57 332/453/495 289/368/496
f 103/454/497 218/455/498 333/456/499
f 103/454/497 333/456/499 334/457/500
f 130/415/459 129/458/501 335/459/502
f 130/415/459 335/459/502 313/416/460
f 205/460/227 132/448/491 331/451/493
f 205/460/227 331/451/493 336/461/503
f 121/462/87 209/418/504 316/421/463
f 121/462/87 316/421/463 337/463/505
f 128/371/422 127/464/95 338/465/506
f 128/371/422 338/465/506 291/372/423
f 139/412/107 200/446/507 329/447/508
f 139/412/107 329/447/508 312/413/456
f 213/466/245 116/467/509 339/468/510
f 213/466/245 339/468/510 340/469/511
f 126/470/94 125/471/512 341/472/513
f 126/470/94 341/472/513 342/473/514
f 105/474/515 217/475/255 343/476/516
f 105/474/515 343/476/516 344/477/517
f 218/455/518 106/478/519 345/479/520
f 218/455/518 345/479/520 333/456/499
f 124/419/237 123/480/91 346/481/521
f 124/419/237 346/481/521 315/420/522
f 123/480/523 208/482/232 347/483/524
f 123/480/523 347/483/524 346/481/525
f 199/484/526 144/378/428 296/381/431
f 199/484/526 296/381/431 348/485/527
f 122/375/528 121/462/87 337/463/529
f 122/375/528 337/463/529 293/376/426
f 141/405/450 199/484/214 348/485/527
f 141/405/450 348/485/527 308/406/451
f 120/486/530 119/440/531 326/441/480
f 120/486/530 326/441/480 349/487/532
f 204/488/533 134/444/226 328/445/485
f 204/488/533 328/445/485 350/489/534
f 107/490/73 216/491/252 351/492/535
f 107/490/73 351/492/535 352/493/536
f 118/494/537 117/408/453 311/411/455
f 118/494/537 311/411/455 353/495/538
f 125/471/539 207/370/231 292/373/540
f 125/471/539 292/373/540 341/472/513
f 212/383/541 118/494/542 353/495/538
f 212/383/541 353/495/538 297/384/543
f 116/467/509 115/382/81 298/385/434
f 116/467/509 298/385/434 339/468/544
f 143/379/321 198/496/323 354/497/545
f 143/379/321 354/497/545 295/380/430
f 217/475/546 108/498/547 355/499/548
f 217/475/546 355/499/548 343/476/549
f 114/431/80 113/500/550 356/501/551
f 114/431/80 356/501/551 321/432/471
f 109/502/552 215/386/292 300/389/553
f 109/502/552 300/389/553 357/503/554
f 198/496/323 91/366/555 290/369/421
f 198/496/323 290/369/421 354/497/556
f 112/387/251 111/504/77 358/505/557
f 112/387/251 358/505/557 299/388/436
f 127/464/558 206/414/559 314/417/560
f 127/464/558 314/417/560 338/465/506
f 110/506/561 109/502/75 357/503/562
f 110/506/561 357/503/562 359/507/563
f 203/391/439 136/438/564 325/439/565
f 203/391/439 325/439/565 301/392/566
f 108/498/547 107/490/73 352/493/536
f 108/498/547 352/493/536 355/499/548
f 208/482/232 126/470/234 342/473/514
f 208/482/232 342/473/514 347/483/524
f 211/409/567 120/486/530 349/487/532
f 211/409/567 349/487/532 310/410/454
f 111/504/284 214/430/568 322/433/472
f 111/504/284 322/433/472 358/505/557
f 106/478/519 105/474/515 344/477/569
f 106/478/519 344/477/569 345/479/520
f 129/458/501 205/460/227 336/461/570
f 129/458/501 336/461/570 335/459/571
f 216/491/572 110/506/573 359/507/574
f 216/491/572 359/507/574 351/492/535
f 104/442/481 103/454/69 334/457/500
f 104/442/481 334/457/500 327/443/482
f 102/395/68 101/434/575 324/437/475
f 102/395/68 324/437/475 303/396/442
f 113/500/576 213/466/245 340/469/511
f 113/500/576 340/469/511 356/501/551
f 149/452/116 3/508/320 360/509/577
f 149/452/116 360/509/577 332/453/495
f 3/508/320 2/398/2 305/399/578
f 3/508/320 305/399/578 360/509/579
f 202/510/465 138/426/106 320/429/470
f 202/510/465 320/429/470 317/511/466
f 131/449/99 204/488/224 350/489/534
f 131/449/99 350/489/534 330/450/492
f 361/512/580 362/513/581 363/514/582
f 361/512/580 363/514/582 364/515/583
f 365/516/584 366/517/585 367/518/586
f 365/516/584 367/518/586 368/519/587
f 369/520/588 370/521/589 371/522/590
f 369/520/588 371/522/590 372/523/591
f 373/524/592 374/525/593 375/526/594
f 373/524/592 375/526/594 376/527/595
f 377/528/596 369/520/588 372/523/591
f 377/528/596 372/523/591 378/529/597
f 379/530/598 380/531/599 375/532/594
f 379/530/598 375/532/594 374/533/593
f 381/534/600 382/535/601 383/536/602
f 381/534/600 383/536/602 384/537/603
f 385/538/604 386/539/605 387/540/606
f 385/538/604 387/540/606 373/541/592
f 378/542/597 384/543/603 383/544/602
f 378/542/597 383/544/602 387/545/606
f 388/546/607 389/547/608 390/548/609
f 388/546/607 390/548/609 391/549/610
f 372/523/591 371/522/590 384/543/603
f 372/523/591 384/543/603 378/542/597
f 370/521/589 381/534/600 384/537/603
f 370/521/589 384/537/603 371/522/590
f 386/539/605 377/528/596 378/529/597
f 386/539/605 378/529/597 387/540/606
f 391/549/610 390/548/609 366/517/585
f 391/549/610 366/517/585 365/516/584
f 364/515/583 363/514/582 389/547/608
f 364/515/583 389/547/608 388/546/607
f 392/550/611 385/538/604 373/541/592
f 392/550/611 373/541/592 376/551/595
f 382/535/601 379/530/598 374/533/593
f 382/535/601 374/533/593 383/536/602
f 387/545/606 383/544/602 374/525/593
f 387/545/606 374/525/593 373/524/592
f 393/552/612 394/553/613 395/554/614
f 393/552/612 395/554/614 396/555/615
f 397/556/616 398/557/617 399/558/618
f 397/556/616 399/558/618 400/559/619
f 401/560/620 402/561/621 403/562/622
f 401/560/620 403/562/622 404/563/623
f 405/564/624 406/565/625 407/566/626
f 405/564/624 407/566/626 408/567/627
f 398/557/617 401/560/620 404/563/623
f 398/557/617 404/563/623 399/558/618
f 406/565/625 393/552/612 396/555/615
f 406/565/625 396/555/615 407/566/626
f 394/553/613 409/568/628 410/569/629
f 394/553/613 410/569/629 395/554/614
f 402/561/621 411/570/630 412/571/631
f 402/561/621 412/571/631 403/562/622
f 411/570/630 405/564/624 408/567/627
f 411/570/630 408/567/627 412/571/631
f 413/572/632 414/573/633 410/574/629
f 413/572/632 410/574/629 400/575/619
f 392/576/634 380/577/635 415/578/636
f 392/576/634 415/578/636 416/579/637
f 417/580/638 418/581/639 419/582/640
f 417/580/638 419/582/640 420/583/641
f 421/584/642 422/585/643 423/586/644
f 421/584/642 423/586/644 416/587/637
f 424/588/645 425/589/646 426/590/647
f 424/588/645 426/590/647 427/591/648
f 428/592/649 429/593/650 430/594/651
f 428/592/649 430/594/651 431/595/652
f 422/585/643 424/588/645 427/591/648
f 422/585/643 427/591/648 423/586/644
f 429/593/650 417/580/638 420/583/641
f 429/593/650 420/583/641 430/594/651
f 418/581/639 432/596/653 415/597/636
f 418/581/639 415/597/636 419/582/640
f 425/589/646 433/598/654 434/599/655
f 425/589/646 434/599/655 426/590/647
f 433/598/654 428/592/649 431/595/652
f 433/598/654 431/595/652 434/599/655
f 435/600/656 436/601/657 437/602/658
f 435/600/656 437/602/658 438/603/659
f 439/604/660 435/600/656 438/603/659
f 439/604/660 438/603/659 440/605/661
f 441/606/662 362/607/663 442/608/664
f 441/606/662 442/608/664 443/609/665
f 444/610/666 445/611/667 446/612/668
f 444/610/666 446/612/668 447/613/669
f 448/614/670 449/615/671 450/616/672
f 448/614/670 450/616/672 451/617/673
f 436/601/657 444/610/666 447/613/669
f 436/601/657 447/613/669 437/602/658
f 449/615/671 439/604/660 440/605/661
f 449/615/671 440/605/661 450/616/672
f 361/618/674 448/614/670 451/617/673
f 361/618/674 451/617/673 452/619/675
f 445/611/667 441/606/662 443/609/665
f 445/611/667 443/609/665 446/612/668
f 453/620/676 454/621/677 442/622/664
f 453/620/676 442/622/664 452/623/675
f 397/624/678 409/625/679 454/621/680
f 397/624/678 454/621/680 453/620/681
f 438/603/659 437/602/658 455/626/682
f 438/603/659 455/626/682 456/627/683
f 440/605/661 438/603/659 456/627/683
f 440/605/661 456/627/683 457/628/684
f 443/609/665 442/608/664 454/629/677
f 443/609/665 454/629/677 458/630/685
f 447/613/669 446/612/668 459/631/686
f 447/613/669 459/631/686 460/632/687
f 451/617/673 450/616/672 461/633/688
f 451/617/673 461/633/688 462/634/689
f 437/602/658 447/613/669 460/632/687
f 437/602/658 460/632/687 455/626/682
f 450/616/672 440/605/661 457/628/684
f 450/616/672 457/628/684 461/633/688
f 452/619/675 451/617/673 462/634/689
f 452/619/675 462/634/689 453/635/676
f 446/612/668 443/609/665 458/630/685
f 446/612/668 458/630/685 459/631/686
f 390/636/609 389/637/608 441/606/690
f 390/636/609 441/606/690 445/611/691
f 364/638/583 388/639/607 448/614/692
f 364/638/583 448/614/692 361/618/580
f 391/640/610 365/641/584 439/604/693
f 391/640/610 439/604/693 449/615/694
f 367/518/586 366/642/585 444/610/695
f 367/518/586 444/610/695 436/601/696
f 388/639/607 391/640/610 449/615/694
f 388/639/607 449/615/694 448/614/692
f 366/642/585 390/636/609 445/611/691
f 366/642/585 445/611/691 444/610/695
f 389/637/608 363/643/582 362/607/581
f 389/637/608 362/607/581 441/606/690
f 365/641/584 368/519/587 435/600/697
f 365/641/584 435/600/697 439/604/693
f 368/519/587 367/518/586 436/601/696
f 368/519/587 436/601/696 435/600/697
f 452/623/675 442/622/664 362/513/663
f 452/623/675 362/513/663 361/512/674
f 400/575/619 410/574/629 409/625/628
f 400/575/619 409/625/628 397/624/616
f 456/627/698 455/626/699 405/564/700
f 456/627/698 405/564/700 411/570/701
f 457/628/702 456/627/698 411/570/701
f 457/628/702 411/570/701 402/561/703
f 458/630/704 454/629/680 409/568/679
f 458/630/704 409/568/679 394/553/705
f 460/632/706 459/631/707 393/552/707
f 460/632/706 393/552/707 406/565/708
f 462/634/709 461/633/710 401/560/710
f 462/634/709 401/560/710 398/557/711
f 455/626/699 460/632/706 406/565/708
f 455/626/699 406/565/708 405/564/700
f 461/633/710 457/628/702 402/561/703
f 461/633/710 402/561/703 401/560/710
f 453/635/681 462/634/709 398/557/711
f 453/635/681 398/557/711 397/556/678
f 459/631/707 458/630/704 394/553/705
f 459/631/707 394/553/705 393/552/707
f 412/571/631 408/567/627 463/644/712
f 412/571/631 463/644/712 464/645/713
f 403/562/622 412/571/631 464/645/713
f 403/562/622 464/645/713 465/646/714
f 395/554/614 410/569/629 414/647/633
f 395/554/614 414/647/633 466/648/715
f 407/566/626 396/555/615 467/649/716
f 407/566/626 467/649/716 468/650/717
f 399/558/618 404/563/623 469/651/718
f 399/558/618 469/651/718 470/652/719
f 408/567/627 407/566/626 468/650/717
f 408/567/627 468/650/717 463/644/712
f 404/563/623 403/562/622 465/646/714
f 404/563/623 465/646/714 469/651/718
f 400/559/619 399/558/618 470/652/719
f 400/559/619 470/652/719 413/653/632
f 396/555/615 395/554/614 466/648/715
f 396/555/615 466/648/715 467/649/716
f 421/654/720 432/655/721 414/573/722
f 421/654/720 414/573/722 413/572/723
f 416/579/637 415/578/636 432/655/653
f 416/579/637 432/655/653 421/654/642
f 464/645/724 463/644/725 428/592/726
f 464/645/724 428/592/726 433/598/727
f 465/646/728 464/645/724 433/598/727
f 465/646/728 433/598/727 425/589/729
f 466/648/730 414/647/722 432/596/721
f 466/648/730 432/596/721 418/581/731
f 468/650/732 467/649/733 417/580/733
f 468/650/732 417/580/733 429/593/734
f 470/652/735 469/651/736 424/588/736
f 470/652/735 424/588/736 422/585/737
f 463/644/725 468/650/732 429/593/734
f 463/644/725 429/593/734 428/592/726
f 469/651/736 465/646/728 425/589/729
f 469/651/736 425/589/729 424/588/736
f 413/653/723 470/652/735 422/585/737
f 413/653/723 422/585/737 421/584/720
f 467/649/733 466/648/730 418/581/731
f 467/649/733 418/581/731 417/580/733
f 376/656/595 375/657/594 380/577/599
f 376/656/595 380/577/599 392/576/611
f 420/583/641 419/582/640 379/530/738
f 420/583/641 379/530/738 382/535/739
f 416/587/637 423/586/644 385/538/740
f 416/587/637 385/538/740 392/550/634
f 427/591/648 426/590/647 377/528/741
f 427/591/648 377/528/741 386/539/742
f 431/595/652 430/594/651 381/534/743
f 431/595/652 381/534/743 370/521/744
f 423/586/644 427/591/648 386/539/742
f 423/586/644 386/539/742 385/538/740
f 430/594/651 420/583/641 382/535/739
f 430/594/651 382/535/739 381/534/743
f 419/582/640 415/597/636 380/531/635
f 419/582/640 380/531/635 379/530/738
f 426/590/647 434/599/655 369/520/745
f 426/590/647 369/520/745 377/528/741
f 434/599/655 431/595/652 370/521/744
f 434/599/655 370/521/744 369/520/745

# Mesh
g test2barel.001_test2barel.001-1
usemtl Material.046
f 471/658/746 472/659/746 473/660/747
f 471/658/746 473/660/747 474/661/747
f 474/661/747 473/660/747 475/662/748
f 474/661/747 475/662/748 476/663/748
f 476/663/748 475/662/748 477/664/749
f 476/663/748 477/664/749 478/665/749
f 478/665/749 477/664/749 479/666/750
f 478/665/749 479/666/750 480/667/750
f 480/667/750 479/666/750 481/668/751
f 480/667/750 481/668/751 482/669/751
f 482/670/751 481/671/751 483/672/752
f 482/670/751 483/672/752 484/673/752
f 484/673/752 483/672/752 485/674/753
f 484/673/752 485/674/753 486/675/753
f 486/675/753 485/674/753 487/676/754
f 486/675/753 487/676/754 488/677/754
f 488/677/754 487/676/754 489/678/755
f 488/677/754 489/678/755 490/679/755
f 490/679/755 489/678/755 491/680/756
f 490/679/755 491/680/756 492/681/756
f 492/681/756 491/680/756 493/682/757
f 492/681/756 493/682/757 494/683/757
f 494/683/757 493/682/757 495/684/758
f 494/683/757 495/684/758 496/685/758
f 496/685/758 495/684/758 497/686/759
f 496/685/758 497/686/759 498/687/759
f 498/687/759 497/686/759 499/688/760
f 498/687/759 499/688/760 500/689/760
f 500/689/760 499/688/760 501/690/761
f 500/689/760 501/690/761 502/691/761
f 502/691/761 501/690/761 503/692/762
f 502/691/761 503/692/762 504/693/762
f 504/693/762 503/692/762 505/694/763
f 504/693/762 505/694/763 506/695/763
f 506/695/763 505/694/763 507/696/764
f 506/695/763 507/696/764 508/697/764
f 508/697/764 507/696/764 509/698/765
f 508/697/764 509/698/765 510/699/765
f 510/699/765 509/698/765 511/700/766
f 510/699/765 511/700/766 512/701/766
f 512/701/766 511/700/766 513/702/767
f 512/701/766 513/702/767 514/703/767
f 514/703/767 513/702/767 515/704/768
f 514/703/767 515/704/768 516/705/768
f 475/706/769 473/707/769 472/708/769
f 472/708/769 517/709/769 515/710/769
f 515/710/769 513/711/769 511/712/769
f 511/712/769 509/713/769 507/714/769
f 507/714/769 505/715/769 503/716/769
f 503/716/769 501/717/769 499/718/769
f 499/718/769 497/719/769 495/720/769
f 495/720/769 493/721/769 491/722/769
f 491/722/769 489/723/769 487/724/769
f 487/724/769 485/725/769 483/726/769
f 483/726/769 481/727/769 479/728/769
f 479/728/769 477/729/769 475/706/769
f 475/706/769 472/708/769 515/710/769
f 515/710/769 511/712/769 507/714/769
f 507/714/769 503/716/769 499/718/769
f 499/718/769 495/720/769 491/722/769
f 491/722/769 487/724/769 483/726/769
f 483/726/769 479/728/769 475/706/769
f 475/706/769 515/710/769 507/714/769
f 507/714/769 499/718/769 491/722/769
f 491/722/769 483/726/769 475/706/769
f 507/714/769 491/722/769 475/706/769
f 516/705/768 515/704/768 517/730/770
f 516/705/768 517/730/770 518/731/770
f 518/731/770 517/730/770 472/659/746
f 518/731/770 472/659/746 471/658/746
f 518/732/66 471/733/66 474/734/66
f 474/734/66 476/735/66 478/736/66
f 478/736/66 480/737/66 482/738/66
f 482/738/66 484/739/66 486/740/66
f 486/740/66 488/741/66 490/742/66
f 490/742/66 492/743/66 494/744/66
f 494/744/66 496/745/66 498/746/66
f 498/746/66 500/747/66 502/748/66
f 502/748/66 504/749/66 506/750/66
f 506/750/66 508/751/66 510/752/66
f 510/752/66 512/753/66 514/754/66
f 514/754/66 516/755/66 518/732/66
f 518/732/66 474/734/66 478/736/66
f 478/736/66 482/738/66 486/740/66
f 486/740/66 490/742/66 494/744/66
f 494/744/66 498/746/66 502/748/66
f 502/748/66 506/750/66 510/752/66
f 510/752/66 514/754/66 518/732/66
f 518/732/66 478/736/66 486/740/66
f 486/740/66 494/744/66 502/748/66
f 502/748/66 510/752/66 518/732/66
f 486/740/66 502/748/66 518/732/66
f 519/756/771 520/757/771 521/758/772
f 519/756/771 521/758/772 522/759/772
f 522/759/772 521/758/772 523/760/773
f 522/759/772 523/760/773 524/761/773
f 524/761/773 523/760/773 525/762/774
f 524/761/773 525/762/774 526/763/774
f 526/763/774 525/762/774 527/764/775
f 526/763/774 527/764/775 528/765/775
f 528/765/775 527/764/775 529/766/776
f 528/765/775 529/766/776 530/767/776
f 530/768/776 529/769/776 531/770/777
f 530/768/776 531/770/777 532/771/777
f 532/771/777 531/770/777 533/772/778
f 532/771/777 533/772/778 534/773/778
f 534/773/778 533/772/778 535/774/779
f 534/773/778 535/774/779 536/775/779
f 536/775/779 535/774/779 537/776/780
f 536/775/779 537/776/780 538/777/780
f 538/777/780 537/776/780 539/778/781
f 538/777/780 539/778/781 540/779/781
f 540/779/781 539/778/781 541/780/782
f 540/779/781 541/780/782 542/781/782
f 542/781/782 541/780/782 543/782/783
f 542/781/782 543/782/783 544/783/783
f 544/783/783 543/782/783 545/784/784
f 544/783/783 545/784/784 546/785/784
f 546/785/784 545/784/784 547/786/785
f 546/785/784 547/786/785 548/787/785
f 548/787/785 547/786/785 549/788/786
f 548/787/785 549/788/786 550/789/786
f 550/789/786 549/788/786 551/790/787
f 550/789/786 551/790/787 552/791/787
f 552/791/787 551/790/787 553/792/788
f 552/791/787 553/792/788 554/793/788
f 554/793/788 553/792/788 555/794/789
f 554/793/788 555/794/789 556/795/789
f 556/795/789 555/794/789 557/796/790
f 556/795/789 557/796/790 558/797/790
f 558/797/790 557/796/790 559/798/791
f 558/797/790 559/798/791 560/799/791
f 560/799/791 559/798/791 561/800/792
f 560/799/791 561/800/792 562/801/792
f 562/801/792 561/800/792 563/802/793
f 562/801/792 563/802/793 564/803/793
f 523/804/769 521/805/769 520/806/769
f 520/806/769 565/807/769 563/808/769
f 563/808/769 561/809/769 559/810/769
f 559/810/769 557/811/769 555/812/769
f 555/812/769 553/813/769 551/814/769
f 551/814/769 549/815/769 547/816/769
f 547/816/769 545/817/769 543/818/769
f 543/818/769 541/819/769 539/820/769
f 539/820/769 537/821/769 535/822/769
f 535/822/769 533/823/769 531/824/769
f 531/824/769 529/825/769 527/826/769
f 527/826/769 525/827/769 523/804/769
f 523/804/769 520/806/769 563/808/769
f 563/808/769 559/810/769 555/812/769
f 555/812/769 551/814/769 547/816/769
f 547/816/769 543/818/769 539/820/769
f 539/820/769 535/822/769 531/824/769
f 531/824/769 527/826/769 523/804/769
f 523/804/769 563/808/769 555/812/769
f 555/812/769 547/816/769 539/820/769
f 539/820/769 531/824/769 523/804/769
f 555/812/769 539/820/769 523/804/769
f 564/803/793 563/802/793 565/828/794
f 564/803/793 565/828/794 566/829/794
f 566/829/794 565/828/794 520/757/771
f 566/829/794 520/757/771 519/756/771
f 566/830/66 519/831/66 522/832/66
f 522/832/66 524/833/66 526/834/66
f 526/834/66 528/835/66 530/836/66
f 530/836/66 532/837/66 534/838/66
f 534/838/66 536/839/66 538/840/66
f 538/840/66 540/841/66 542/842/66
f 542/842/66 544/843/66 546/844/66
f 546/844/66 548/845/66 550/846/66
f 550/846/66 552/847/66 554/848/66
f 554/848/66 556/849/66 558/850/66
f 558/850/66 560/851/66 562/852/66
f 562/852/66 564/853/66 566/830/66
f 566/830/66 522/832/66 526/834/66
f 526/834/66 530/836/66 534/838/66
f 534/838/66 538/840/66 542/842/66
f 542/842/66 546/844/66 550/846/66
f 550/846/66 554/848/66 558/850/66
f 558/850/66 562/852/66 566/830/66
f 566/830/66 526/834/66 534/838/66
f 534/838/66 542/842/66 550/846/66
f 550/846/66 558/850/66 566/830/66
f 534/838/66 550/846/66 566/830/66
f 567/854/795 568/855/795 569/856/796
f 567/854/795 569/856/796 570/857/796
f 570/857/796 569/856/796 571/858/797
f 570/857/796 571/858/797 572/859/797
f 572/859/797 571/858/797 573/860/798
f 572/859/797 573/860/798 574/861/798
f 574/861/798 573/860/798 575/862/799
f 574/861/798 575/862/799 576/863/799
f 576/863/799 575/862/799 577/864/800
f 576/863/799 577/864/800 578/865/800
f 578/866/800 577/867/800 579/868/801
f 578/866/800 579/868/801 580/869/801
f 580/869/801 579/868/801 581/870/802
f 580/869/801 581/870/802 582/871/802
f 582/871/802 581/870/802 583/872/803
f 582/871/802 583/872/803 584/873/803
f 584/873/803 583/872/803 585/874/804
f 584/873/803 585/874/804 586/875/804
f 586/875/804 585/874/804 587/876/805
f 586/875/804 587/876/805 588/877/805
f 588/877/805 587/876/805 589/878/806
f 588/877/805 589/878/806 590/879/806
f 590/879/806 589/878/806 591/880/807
f 590/879/806 591/880/807 592/881/807
f 592/881/807 591/880/807 593/882/808
f 592/881/807 593/882/808 594/883/808
f 594/883/808 593/882/808 595/884/809
f 594/883/808 595/884/809 596/885/809
f 596/885/809 595/884/809 597/886/810
f 596/885/809 597/886/810 598/887/810
f 598/887/810 597/886/810 599/888/811
f 598/887/810 599/888/811 600/889/811
f 600/889/811 599/888/811 601/890/812
f 600/889/811 601/890/812 602/891/812
f 602/891/812 601/890/812 603/892/813
f 602/891/812 603/892/813 604/893/813
f 604/893/813 603/892/813 605/894/814
f 604/893/813 605/894/814 606/895/814
f 606/895/814 605/894/814 607/896/815
f 606/895/814 607/896/815 608/897/815
f 608/897/815 607/896/815 609/898/816
f 608/897/815 609/898/816 610/899/816
f 610/899/816 609/898/816 611/900/817
f 610/899/816 611/900/817 612/901/817
f 571/902/769 569/903/769 568/904/769
f 568/904/769 613/905/769 611/906/769
f 611/906/769 609/907/769 607/908/769
f 607/908/769 605/909/769 603/910/769
f 603/910/769 601/911/769 599/912/769
f 599/912/769 597/913/769 595/914/769
f 595/914/769 593/915/769 591/916/769
f 591/916/769 589/917/769 587/918/769
f 587/918/769 585/919/769 583/920/769
f 583/920/769 581/921/769 579/922/769
f 579/922/769 577/923/769 575/924/769
f 575/924/769 573/925/769 571/902/769
f 571/902/769 568/904/769 611/906/769
f 611/906/769 607/908/769 603/910/769
f 603/910/769 599/912/769 595/914/769
f 595/914/769 591/916/769 587/918/769
f 587/918/769 583/920/769 579/922/769
f 579/922/769 575/924/769 571/902/769
f 571/902/769 611/906/769 603/910/769
f 603/910/769 595/914/769 587/918/769
f 587/918/769 579/922/769 571/902/769
f 603/910/769 587/918/769 571/902/769
f 612/901/817 611/900/817 613/926/818
f 612/901/817 613/926/818 614/927/818
f 614/927/818 613/926/818 568/855/795
f 614/927/818 568/855/795 567/854/795
f 614/928/66 567/929/66 570/930/66
f 570/930/66 572/931/66 574/932/66
f 574/932/66 576/933/66 578/934/66
f 578/934/66 580/935/66 582/936/66
f 582/936/66 584/937/66 586/938/66
f 586/938/66 588/939/66 590/940/66
f 590/940/66 592/941/66 594/942/66
f 594/942/66 596/943/66 598/944/66
f 598/944/66 600/945/66 602/946/66
f 602/946/66 604/947/66 606/948/66
f 606/948/66 608/949/66 610/950/66
f 610/950/66 612/951/66 614/928/66
f 614/928/66 570/930/66 574/932/66
f 574/932/66 578/934/66 582/936/66
f 582/936/66 586/938/66 590/940/66
f 590/940/66 594/942/66 598/944/66
f 598/944/66 602/946/66 606/948/66
f 606/948/66 610/950/66 614/928/66
f 614/928/66 574/932/66 582/936/66
f 582/936/66 590/940/66 598/944/66
f 598/944/66 606/948/66 614/928/66
f 582/936/66 598/944/66 614/928/66
f 615/952/819 616/953/819 617/954/820
f 615/952/819 617/954/820 618/955/820
f 618/955/820 617/954/820 619/956/821
f 618/955/820 619/956/821 620/957/821
f 620/957/821 619/956/821 621/958/822
f 620/957/821 621/958/822 622/959/822
f 622/959/822 621/958/822 623/960/823
f 622/959/822 623/960/823 624/961/823
f 624/961/823 623/960/823 625/962/824
f 624/961/823 625/962/824 626/963/824
f 626/964/824 625/965/824 627/966/825
f 626/964/824 627/966/825 628/967/825
f 628/967/825 627/966/825 629/968/826
f 628/967/825 629/968/826 630/969/826
f 630/969/826 629/968/826 631/970/827
f 630/969/826 631/970/827 632/971/827
f 632/971/827 631/970/827 633/972/828
f 632/971/827 633/972/828 634/973/828
f 634/973/828 633/972/828 635/974/829
f 634/973/828 635/974/829 636/975/829
f 636/975/829 635/974/829 637/976/830
f 636/975/829 637/976/830 638/977/830
f 638/977/830 637/976/830 639/978/831
f 638/977/830 639/978/831 640/979/831
f 640/979/831 639/978/831 641/980/832
f 640/979/831 641/980/832 642/981/832
f 642/981/832 641/980/832 643/982/833
f 642/981/832 643/982/833 644/983/833
f 644/983/833 643/982/833 645/984/834
f 644/983/833 645/984/834 646/985/834
f 646/985/834 645/984/834 647/986/835
f 646/985/834 647/986/835 648/987/835
f 648/987/835 647/986/835 649/988/836
f 648/987/835 649/988/836 650/989/836
f 650/989/836 649/988/836 651/990/837
f 650/989/836 651/990/837 652/991/837
f 652/991/837 651/990/837 653/992/838
f 652/991/837 653/992/838 654/993/838
f 654/993/838 653/992/838 655/994/839
f 654/993/838 655/994/839 656/995/839
f 656/995/839 655/994/839 657/996/840
f 656/995/839 657/996/840 658/997/840
f 658/997/840 657/996/840 659/998/841
f 658/997/840 659/998/841 660/999/841
f 621/1000/769 619/1001/769 661/1002/842
f 621/1000/769 661/1002/842 662/1003/843
f 660/999/841 659/998/841 663/1004/844
f 660/999/841 663/1004/844 664/1005/844
f 664/1005/844 663/1004/844 616/953/819
f 664/1005/844 616/953/819 615/952/819
f 664/1006/66 615/1007/66 618/1008/66
f 618/1008/66 620/1009/66 622/1010/66
f 622/1010/66 624/1011/66 626/1012/66
f 626/1012/66 628/1013/66 630/1014/66
f 630/1014/66 632/1015/66 634/1016/66
f 634/1016/66 636/1017/66 638/1018/66
f 638/1018/66 640/1019/66 642/1020/66
f 642/1020/66 644/1021/66 646/1022/66
f 646/1022/66 648/1023/66 650/1024/66
f 650/1024/66 652/1025/66 654/1026/66
f 654/1026/66 656/1027/66 658/1028/66
f 658/1028/66 660/1029/66 664/1006/66
f 664/1006/66 618/1008/66 622/1010/66
f 622/1010/66 626/1012/66 630/1014/66
f 630/1014/66 634/1016/66 638/1018/66
f 638/1018/66 642/1020/66 646/1022/66
f 646/1022/66 650/1024/66 654/1026/66
f 654/1026/66 658/1028/66 664/1006/66
f 664/1006/66 622/1010/66 630/1014/66
f 630/1014/66 638/1018/66 646/1022/66
f 646/1022/66 654/1026/66 664/1006/66
f 630/1014/66 646/1022/66 664/1006/66
f 631/1030/769 629/1031/769 665/1032/845
f 631/1030/769 665/1032/845 666/1033/846
f 617/1034/769 616/1035/769 667/1036/847
f 617/1034/769 667/1036/847 668/1037/848
f 641/1038/769 639/1039/769 669/1040/849
f 641/1038/769 669/1040/849 670/1041/850
f 651/1042/769 649/1043/769 671/1044/851
f 651/1042/769 671/1044/851 672/1045/852
f 663/1046/769 659/1047/769 673/1048/853
f 663/1046/769 673/1048/853 674/1049/854
f 627/1050/769 625/1051/769 675/1052/855
f 627/1050/769 675/1052/855 676/1053/856
f 637/1054/769 635/1055/769 677/1056/857
f 637/1054/769 677/1056/857 678/1057/858
f 647/1058/769 645/1059/769 679/1060/859
f 647/1058/769 679/1060/859 680/1061/860
f 657/1062/769 655/1063/769 681/1064/861
f 657/1062/769 681/1064/861 682/1065/862
f 623/1066/769 621/1000/769 662/1003/843
f 623/1066/769 662/1003/843 683/1067/863
f 633/1068/769 631/1030/769 666/1033/846
f 633/1068/769 666/1033/846 684/1069/864
f 643/1070/769 641/1038/769 670/1041/850
f 643/1070/769 670/1041/850 685/1071/865
f 653/1072/769 651/1042/769 672/1045/852
f 653/1072/769 672/1045/852 686/1073/866
f 616/1035/769 663/1046/769 674/1049/854
f 616/1035/769 674/1049/854 667/1036/847
f 619/1001/769 617/1034/769 668/1037/848
f 619/1001/769 668/1037/848 661/1002/842
f 629/1031/769 627/1050/769 676/1053/856
f 629/1031/769 676/1053/856 665/1032/845
f 639/1039/769 637/1054/769 678/1057/858
f 639/1039/769 678/1057/858 669/1040/849
f 649/1043/769 647/1058/769 680/1061/860
f 649/1043/769 680/1061/860 671/1044/851
f 659/1047/769 657/1062/769 682/1065/862
f 659/1047/769 682/1065/862 673/1048/853
f 625/1074/769 623/1066/769 683/1067/863
f 625/1074/769 683/1067/863 675/1075/855
f 635/1055/769 633/1068/769 684/1069/864
f 635/1055/769 684/1069/864 677/1056/857
f 645/1059/769 643/1070/769 685/1071/865
f 645/1059/769 685/1071/865 679/1060/859
f 655/1063/769 653/1072/769 686/1073/866
f 655/1063/769 686/1073/866 681/1064/861
f 678/1057/858 677/1056/857 687/1076/867
f 678/1057/858 687/1076/867 688/1077/868
f 683/1067/863 662/1003/843 689/1078/869
f 683/1067/863 689/1078/869 690/1079/870
f 686/1073/866 672/1045/852 691/1080/871
f 686/1073/866 691/1080/871 692/1081/872
f 669/1040/849 678/1057/858 688/1077/868
f 669/1040/849 688/1077/868 693/1082/873
f 675/1075/855 683/1067/863 690/1079/870
f 675/1075/855 690/1079/870 694/1083/874
f 681/1064/861 686/1073/866 692/1081/872
f 681/1064/861 692/1081/872 695/1084/875
f 670/1041/850 669/1040/849 693/1082/873
f 670/1041/850 693/1082/873 696/1085/876
f 676/1053/856 675/1052/855 694/1086/874
f 676/1053/856 694/1086/874 697/1087/877
f 682/1065/862 681/1064/861 695/1084/875
f 682/1065/862 695/1084/875 698/1088/878
f 685/1071/865 670/1041/850 696/1085/876
f 685/1071/865 696/1085/876 699/1089/879
f 665/1032/845 676/1053/856 697/1087/877
f 665/1032/845 697/1087/877 700/1090/880
f 673/1048/853 682/1065/862 698/1088/878
f 673/1048/853 698/1088/878 701/1091/881
f 679/1060/859 685/1071/865 699/1089/879
f 679/1060/859 699/1089/879 702/1092/882
f 666/1033/846 665/1032/845 700/1090/880
f 666/1033/846 700/1090/880 703/1093/883
f 674/1049/854 673/1048/853 701/1091/881
f 674/1049/854 701/1091/881 704/1094/884
f 668/1037/848 667/1036/847 705/1095/885
f 668/1037/848 705/1095/885 706/1096/886
f 680/1061/860 679/1060/859 702/1092/882
f 680/1061/860 702/1092/882 707/1097/887
f 684/1069/864 666/1033/846 703/1093/883
f 684/1069/864 703/1093/883 708/1098/888
f 667/1036/847 674/1049/854 704/1094/884
f 667/1036/847 704/1094/884 705/1095/885
f 661/1002/842 668/1037/848 706/1096/886
f 661/1002/842 706/1096/886 709/1099/889
f 671/1044/851 680/1061/860 707/1097/887
f 671/1044/851 707/1097/887 710/1100/890
f 677/1056/857 684/1069/864 708/1098/888
f 677/1056/857 708/1098/888 687/1076/867
f 662/1003/843 661/1002/842 709/1099/889
f 662/1003/843 709/1099/889 689/1078/869
f 672/1045/852 671/1044/851 710/1100/890
f 672/1045/852 710/1100/890 691/1080/871
