# File produced by Open Asset Import Library (http://www.assimp.sf.net)
# (assimp v3.1.118612264)

mtllib chest.mtl

# vertex positions
v 0.999304 -0.125111 2.937114
v 0.999214 -0.102492 2.939971
v 0.978370 -0.102492 2.939971
v 0.978129 -0.125111 2.937114
v 0.978370 -0.102492 2.857217
v 0.976288 -0.100286 2.883386
v 0.997132 -0.100286 2.883386
v 0.999214 -0.102492 2.857217
v 0.978129 -0.125111 2.860074
v 0.999304 -0.125111 2.860074
v 0.977610 -0.175162 2.930793
v 0.976287 -0.124817 2.913797
v 0.976287 -0.179099 2.913787
v 0.977554 -0.192309 2.928627
v 0.976336 -0.197696 2.913783
v 0.997180 -0.197696 2.913783
v 0.998398 -0.192309 2.928627
v 0.995538 -0.124817 2.878837
v 0.976288 -0.100286 2.913802
v 0.997132 -0.100286 2.913802
v 0.976287 -0.124817 2.883391
v 0.995538 -0.124817 2.918351
v 0.976336 -0.197696 2.883404
v 0.977554 -0.192309 2.868561
v 0.998398 -0.192309 2.868561
v 0.997180 -0.197696 2.883404
v 0.975785 -0.100286 2.898594
v 0.996630 -0.100286 2.898594
v 0.975785 -0.202712 2.898594
v 0.996630 -0.202712 2.898594
v 0.996630 -0.179099 2.898594
v 0.997131 -0.179099 2.883401
v 0.975785 -0.179099 2.898594
v 0.975785 -0.124817 2.898594
v 0.996630 -0.107032 2.898594
v 0.997131 -0.179099 2.913787
v 0.998454 -0.175162 2.930793
v 0.976287 -0.179099 2.883401
v 0.977610 -0.175162 2.866395
v 0.998454 -0.175162 2.866395
v 1.006212 -0.124817 2.878837
v 1.005383 -0.179099 2.883401
v 1.004881 -0.107032 2.898594
v 1.004881 -0.179099 2.898594
v 1.006212 -0.124817 2.918351
v 1.005383 -0.179099 2.913787
v 0.812031 -0.198929 3.052688
v 0.812031 -0.174768 3.050799
v 0.803411 -0.174768 3.049267
v 0.803411 -0.193799 3.050727
v 0.869283 -0.214006 3.040271
v 0.869283 -0.194975 3.040271
v 0.888367 -0.174768 3.035775
v 0.888367 -0.198929 3.037665
v 0.812031 -0.174768 3.035775
v 0.812031 -0.198929 3.037665
v 0.812031 -0.193799 3.024229
v 0.812031 -0.179304 3.022530
v 0.831115 -0.214006 3.055294
v 0.831115 -0.194975 3.055294
v 0.888367 -0.198929 3.052688
v 0.869283 -0.214006 3.055294
v 0.831115 -0.194975 3.040271
v 0.850199 -0.199528 3.040271
v 0.850199 -0.199528 3.055294
v 0.869283 -0.194975 3.055294
v 0.831115 -0.214006 3.040271
v 0.850199 -0.218560 3.040271
v 0.850199 -0.218560 3.055294
v 0.888367 -0.174768 3.050799
v 0.803411 -0.174768 3.034243
v 0.803411 -0.193799 3.035703
v 0.896987 -0.193799 3.035703
v 0.896987 -0.174768 3.034243
v 0.896987 -0.174768 3.049267
v 0.896987 -0.193799 3.050727
v 0.896987 -0.179304 3.021155
v 0.888367 -0.179304 3.022530
v 0.803411 -0.193799 3.022466
v 0.803411 -0.179304 3.021155
v 0.888367 -0.193799 3.024229
v 0.896987 -0.193799 3.022466
v 0.812031 -0.198929 2.747165
v 0.803411 -0.193799 2.749127
v 0.803411 -0.174768 2.750587
v 0.812031 -0.174768 2.749055
v 0.869283 -0.214006 2.759583
v 0.888367 -0.198929 2.762189
v 0.888367 -0.174768 2.764079
v 0.869283 -0.194975 2.759583
v 0.812031 -0.174768 2.764079
v 0.812031 -0.179304 2.777323
v 0.812031 -0.193799 2.775625
v 0.812031 -0.198929 2.762189
v 0.831115 -0.214006 2.744560
v 0.831115 -0.194975 2.744560
v 0.869283 -0.214006 2.744560
v 0.888367 -0.198929 2.747165
v 0.831115 -0.194975 2.759583
v 0.869283 -0.194975 2.744560
v 0.850199 -0.199528 2.744560
v 0.850199 -0.199528 2.759583
v 0.831115 -0.214006 2.759583
v 0.850199 -0.218560 2.744560
v 0.850199 -0.218560 2.759583
v 0.888367 -0.174768 2.749055
v 0.803411 -0.193799 2.764150
v 0.803411 -0.174768 2.765610
v 0.896987 -0.193799 2.764150
v 0.896987 -0.193799 2.749127
v 0.896987 -0.174768 2.750587
v 0.896987 -0.174768 2.765610
v 0.888367 -0.179304 2.777323
v 0.896987 -0.179304 2.778698
v 0.803411 -0.179304 2.778698
v 0.803411 -0.193799 2.777388
v 0.888367 -0.193799 2.775625
v 0.896987 -0.193799 2.777388
v 0.976217 -0.218991 2.767848
v 0.977713 -0.186743 2.763536
v 0.977433 -0.193598 2.767884
v 0.976402 -0.218291 2.770621
v 0.944094 -0.218991 2.746866
v 0.944462 -0.214131 2.767178
v 0.945978 -0.194122 2.764629
v 0.946010 -0.190063 2.743946
v 0.968806 -0.058982 2.760800
v 0.972512 -0.083967 2.760538
v 0.972512 -0.083967 2.737909
v 0.968806 -0.058982 2.737778
v 0.944460 -0.094783 2.761097
v 0.944094 -0.091198 2.739383
v 0.945179 -0.110642 2.740256
v 0.945831 -0.108206 2.760798
v 0.877996 0.001638 2.760542
v 0.881381 -0.006529 2.764258
v 0.908266 -0.013048 2.764352
v 0.908266 -0.005701 2.760612
v 0.878922 -0.038502 2.762823
v 0.847726 -0.032998 2.762374
v 0.847726 -0.032998 2.739202
v 0.878922 -0.038502 2.739897
v 0.908266 -0.292363 2.774065
v 0.877996 -0.292363 2.774065
v 0.877996 -0.292363 2.760041
v 0.908266 -0.292363 2.760041
v 0.938536 -0.032341 2.761271
v 0.940939 -0.041803 2.764897
v 0.968806 -0.066328 2.764331
v 0.971945 -0.083733 2.764018
v 0.946660 -0.185124 2.763483
v 0.948573 -0.159863 2.760264
v 0.947925 -0.161135 2.741025
v 0.754077 -0.254897 2.772509
v 0.754077 -0.254897 2.751898
v 0.751358 -0.218991 2.746866
v 0.751725 -0.223848 2.768435
v 0.938536 -0.292363 2.774065
v 0.938536 -0.292363 2.760041
v 0.976217 -0.104518 2.737768
v 0.977106 -0.117735 2.737698
v 0.977996 -0.130952 2.737628
v 0.993247 -0.130351 2.745258
v 0.993247 -0.130351 2.734568
v 0.977996 -0.130952 2.735090
v 0.847726 -0.131415 2.764396
v 0.881333 -0.131415 2.764372
v 0.884713 -0.130079 2.754117
v 0.847726 -0.130080 2.754093
v 0.914900 -0.131417 2.762600
v 0.921357 -0.130081 2.751225
v 0.881341 -0.159876 2.764372
v 0.847726 -0.159884 2.764717
v 0.847726 -0.161158 2.756489
v 0.884722 -0.161149 2.754117
v 0.977929 -0.131430 2.763582
v 0.981069 -0.131430 2.899927
v 0.993590 -0.130096 2.899927
v 0.993590 -0.130095 2.763719
v 0.914957 -0.159869 2.762595
v 0.921419 -0.161141 2.751217
v 0.979049 -0.159858 2.763594
v 0.978960 -0.159858 2.759942
v 0.994813 -0.161129 2.759392
v 0.994813 -0.161129 2.763169
v 0.948202 -0.131421 2.760282
v 0.946264 -0.130086 2.741129
v 0.969517 -0.254897 2.750157
v 0.969517 -0.254897 2.771344
v 0.979252 -0.254897 2.771264
v 0.979252 -0.254897 2.757062
v 0.908266 -0.005701 2.737121
v 0.877996 0.001638 2.736989
v 0.976217 -0.104518 2.760180
v 0.941315 -0.063987 2.761708
v 0.910119 -0.044007 2.762743
v 0.910119 -0.044007 2.739958
v 0.941315 -0.063987 2.739237
v 0.878942 -0.254897 2.772400
v 0.910158 -0.254897 2.772404
v 0.910158 -0.254897 2.759852
v 0.878942 -0.254897 2.759861
v 0.847726 -0.254897 2.772399
v 0.847726 -0.254897 2.759862
v 0.946465 -0.114413 2.760660
v 0.938536 -0.032341 2.738057
v 0.847726 0.008977 2.737031
v 0.941374 -0.254897 2.751898
v 0.976217 -0.218991 2.746529
v 0.972261 -0.292363 2.760216
v 0.972261 -0.292363 2.748573
v 0.979252 -0.254897 2.745324
v 0.969517 -0.254897 2.746568
v 0.941374 -0.254897 2.748380
v 0.908266 -0.292363 2.748393
v 0.938536 -0.292363 2.748393
v 0.847726 0.008977 2.760648
v 0.748701 -0.183920 2.763329
v 0.749834 -0.195987 2.744544
v 0.747527 -0.161135 2.741025
v 0.746879 -0.159863 2.760264
v 0.962527 -0.292363 2.774065
v 0.962527 -0.292363 2.760216
v 0.941374 -0.254897 2.772509
v 0.847726 -0.292363 2.774065
v 0.847726 -0.292363 2.760041
v 0.978482 -0.161129 2.737609
v 0.977350 -0.190060 2.742069
v 0.994813 -0.161128 2.899927
v 0.977029 -0.117974 2.760060
v 0.977840 -0.131429 2.759939
v 0.994678 -0.161129 2.745627
v 0.993590 -0.130095 2.759929
v 0.921356 -0.130081 2.740966
v 0.884713 -0.130079 2.743905
v 0.982189 -0.159857 2.903902
v 0.973079 -0.090025 2.763901
v 0.976217 -0.107430 2.763572
v 0.936134 -0.037574 2.764899
v 0.977073 -0.119430 2.763577
v 0.847726 0.001631 2.764285
v 0.874611 -0.004888 2.764251
v 0.847726 -0.161158 2.746284
v 0.884722 -0.161149 2.743905
v 0.994678 -0.161129 2.734953
v 0.962527 -0.292363 2.777570
v 0.972261 -0.292363 2.774065
v 0.972261 -0.292363 2.777570
v 0.910158 -0.254897 2.748309
v 0.962527 -0.292363 2.748573
v 0.969517 -0.254897 2.774933
v 0.969517 -0.254897 2.899927
v 0.979252 -0.254897 2.899927
v 0.979252 -0.254897 2.774860
v 0.847726 -0.130080 2.743882
v 0.972262 -0.292363 2.899927
v 0.962527 -0.292363 2.899927
v 0.847726 -0.292363 2.748393
v 0.847726 -0.254897 2.748322
v 0.878942 -0.254897 2.748320
v 0.877996 -0.292363 2.748393
v 0.946264 -0.130086 2.738827
v 0.978482 -0.161129 2.735068
v 0.947925 -0.161135 2.738715
v 0.921419 -0.161141 2.740958
v 0.719235 -0.224201 2.767848
v 0.719123 -0.221864 2.770817
v 0.718056 -0.194386 2.767985
v 0.717880 -0.189781 2.763942
v 0.750989 -0.214131 2.767178
v 0.749383 -0.192930 2.764477
v 0.726645 -0.063416 2.760800
v 0.726645 -0.063416 2.737778
v 0.722940 -0.083967 2.737909
v 0.722940 -0.083967 2.760538
v 0.817456 0.001638 2.760542
v 0.787186 -0.005701 2.760612
v 0.787186 -0.013048 2.764352
v 0.813348 -0.006705 2.764261
v 0.816529 -0.038502 2.762823
v 0.816529 -0.038502 2.739897
v 0.787186 -0.292363 2.774065
v 0.787186 -0.292363 2.760041
v 0.817456 -0.292363 2.760041
v 0.817456 -0.292363 2.774065
v 0.756915 -0.036780 2.761276
v 0.756915 -0.032341 2.761271
v 0.726645 -0.066328 2.764331
v 0.753108 -0.043039 2.764869
v 0.723553 -0.083477 2.764023
v 0.946319 -0.189623 2.767608
v 0.756915 -0.292363 2.774065
v 0.756915 -0.292363 2.760041
v 0.750273 -0.110642 2.740256
v 0.718345 -0.117735 2.737698
v 0.719235 -0.104518 2.737768
v 0.751358 -0.091198 2.739383
v 0.717456 -0.130952 2.737628
v 0.717456 -0.130952 2.735090
v 0.702205 -0.130351 2.734568
v 0.702205 -0.130351 2.745258
v 0.810739 -0.130079 2.754117
v 0.814119 -0.131415 2.764372
v 0.774095 -0.130081 2.751225
v 0.780552 -0.131417 2.762600
v 0.814110 -0.159876 2.764372
v 0.810729 -0.161149 2.754117
v 0.717523 -0.131430 2.763582
v 0.701861 -0.130095 2.763719
v 0.701861 -0.130096 2.899927
v 0.714382 -0.131430 2.899927
v 0.780495 -0.159869 2.762595
v 0.774033 -0.161141 2.751217
v 0.716403 -0.159858 2.763594
v 0.700639 -0.161129 2.763169
v 0.700639 -0.161129 2.759392
v 0.716491 -0.159858 2.759942
v 0.749188 -0.130086 2.741129
v 0.747250 -0.131421 2.760282
v 0.725934 -0.254897 2.750157
v 0.716199 -0.254897 2.757062
v 0.716199 -0.254897 2.771264
v 0.725934 -0.254897 2.771344
v 0.817456 0.001638 2.736989
v 0.787186 -0.005701 2.737121
v 0.719235 -0.104518 2.760180
v 0.754136 -0.063987 2.761708
v 0.754136 -0.063987 2.739237
v 0.785333 -0.044007 2.739958
v 0.785333 -0.044007 2.762743
v 0.816510 -0.254897 2.772400
v 0.816510 -0.254897 2.759861
v 0.785294 -0.254897 2.759852
v 0.785294 -0.254897 2.772404
v 0.748987 -0.114413 2.760660
v 0.756915 -0.032341 2.738057
v 0.719235 -0.218991 2.746529
v 0.716199 -0.254897 2.745324
v 0.723190 -0.292363 2.748573
v 0.723190 -0.292363 2.760217
v 0.754077 -0.254897 2.748380
v 0.725934 -0.254897 2.746568
v 0.756915 -0.292363 2.748393
v 0.787186 -0.292363 2.748393
v 0.749042 -0.188425 2.767455
v 0.732925 -0.292363 2.774065
v 0.732925 -0.292363 2.760217
v 0.716969 -0.161129 2.737609
v 0.718349 -0.196362 2.743041
v 0.700638 -0.161128 2.899927
v 0.718423 -0.117974 2.760060
v 0.717611 -0.131429 2.759939
v 0.700773 -0.161129 2.745627
v 0.701861 -0.130095 2.759929
v 0.810739 -0.130079 2.743905
v 0.774095 -0.130081 2.740966
v 0.713262 -0.159857 2.899927
v 0.719235 -0.107430 2.763572
v 0.722327 -0.090281 2.763897
v 0.760721 -0.036339 2.764871
v 0.718379 -0.119430 2.763577
v 0.821563 -0.004713 2.764251
v 0.810729 -0.161149 2.743905
v 0.700773 -0.161129 2.734953
v 0.732925 -0.292363 2.777570
v 0.723190 -0.292363 2.777570
v 0.723190 -0.292363 2.774065
v 0.785294 -0.254897 2.748309
v 0.732925 -0.292363 2.748573
v 0.725934 -0.254897 2.774933
v 0.716199 -0.254897 2.774860
v 0.716199 -0.254897 2.899927
v 0.725934 -0.254897 2.899927
v 0.723190 -0.292363 2.899927
v 0.732925 -0.292363 2.899927
v 0.817456 -0.292363 2.748393
v 0.816510 -0.254897 2.748320
v 0.749188 -0.130086 2.738827
v 0.747527 -0.161135 2.738715
v 0.716969 -0.161129 2.735068
v 0.774033 -0.161141 2.740958
v 0.968086 -0.086879 2.763960
v 0.933908 -0.041525 2.764898
v 0.877996 -0.008010 2.764254
v 0.817456 -0.009424 2.764256
v 0.758772 -0.041756 2.764870
v 0.725024 -0.087811 2.763960
v 0.975509 -0.225959 2.771518
v 0.970915 -0.222125 2.771070
v 0.750991 -0.094783 2.761097
v 0.749620 -0.108206 2.760798
v 0.751724 -0.087608 2.761247
v 0.943728 -0.087608 2.761247
v 0.974337 -0.189425 2.767354
v 0.977833 -0.185251 2.766823
v 0.719662 -0.226492 2.771357
v 0.943726 -0.223848 2.768435
v 0.724920 -0.224178 2.771087
v 0.717767 -0.188337 2.767215
v 0.721823 -0.191361 2.767600
v 0.944094 -0.091196 2.764712
v 0.751358 -0.091196 2.764712
v 0.946148 -0.111310 2.763541
v 0.749304 -0.111310 2.763541
v 0.944094 -0.218990 2.772339
v 0.751357 -0.218990 2.772339
v 0.976217 -0.218991 3.032007
v 0.976402 -0.218291 3.029233
v 0.977433 -0.193598 3.031970
v 0.977713 -0.186743 3.036318
v 0.944094 -0.218991 3.052988
v 0.946010 -0.190063 3.055908
v 0.945978 -0.194122 3.035225
v 0.944462 -0.214131 3.032676
v 0.968807 -0.058982 3.039054
v 0.968806 -0.058982 3.062076
v 0.972512 -0.083967 3.061945
v 0.972512 -0.083967 3.039316
v 0.944460 -0.094783 3.038757
v 0.945831 -0.108206 3.039056
v 0.945179 -0.110642 3.059598
v 0.944094 -0.091198 3.060471
v 0.877996 0.001638 3.039312
v 0.908266 -0.005701 3.039242
v 0.908266 -0.013048 3.035502
v 0.881381 -0.006529 3.035596
v 0.878922 -0.038502 3.037031
v 0.878922 -0.038502 3.059957
v 0.847726 -0.032998 3.060652
v 0.847726 -0.032998 3.037480
v 0.908266 -0.292363 3.025789
v 0.908266 -0.292363 3.039813
v 0.877996 -0.292363 3.039813
v 0.877996 -0.292363 3.025789
v 0.938536 -0.032341 3.038583
v 0.968807 -0.066328 3.035523
v 0.940939 -0.041803 3.034957
v 0.971945 -0.083733 3.035836
v 0.947925 -0.161135 3.058829
v 0.948573 -0.159863 3.039590
v 0.946660 -0.185124 3.036371
v 0.754077 -0.254897 3.027345
v 0.751725 -0.223848 3.031419
v 0.751358 -0.218991 3.052988
v 0.754077 -0.254897 3.047956
v 0.938536 -0.292363 3.025789
v 0.938536 -0.292363 3.039813
v 0.977107 -0.117735 3.062156
v 0.976217 -0.104518 3.062086
v 0.977996 -0.130952 3.062227
v 0.977996 -0.130952 3.064764
v 0.993247 -0.130351 3.065286
v 0.993247 -0.130351 3.054596
v 0.847726 -0.131415 3.035458
v 0.847726 -0.130080 3.045761
v 0.884713 -0.130079 3.045737
v 0.881333 -0.131415 3.035482
v 0.921357 -0.130081 3.048630
v 0.914900 -0.131417 3.037254
v 0.881341 -0.159876 3.035482
v 0.884722 -0.161149 3.045738
v 0.847726 -0.161158 3.043365
v 0.847726 -0.159884 3.035137
v 0.977929 -0.131430 3.036272
v 0.993590 -0.130095 3.036135
v 0.914957 -0.159869 3.037259
v 0.921419 -0.161141 3.048637
v 0.979049 -0.159858 3.036260
v 0.994813 -0.161129 3.036685
v 0.994813 -0.161129 3.040462
v 0.978960 -0.159858 3.039912
v 0.946264 -0.130086 3.058725
v 0.948202 -0.131421 3.039572
v 0.969517 -0.254897 3.049697
v 0.979252 -0.254897 3.042792
v 0.979252 -0.254897 3.028590
v 0.969517 -0.254897 3.028510
v 0.877996 0.001638 3.062865
v 0.908266 -0.005701 3.062733
v 0.976217 -0.104518 3.039674
v 0.941315 -0.063987 3.038146
v 0.941315 -0.063987 3.060617
v 0.910119 -0.044007 3.059896
v 0.910119 -0.044007 3.037112
v 0.878942 -0.254897 3.027454
v 0.878942 -0.254897 3.039993
v 0.910158 -0.254897 3.040002
v 0.910158 -0.254897 3.027450
v 0.847726 -0.254897 3.027455
v 0.847726 -0.254897 3.039992
v 0.946465 -0.114413 3.039194
v 0.938536 -0.032341 3.061797
v 0.847726 0.008977 3.062823
v 0.941374 -0.254897 3.047956
v 0.976217 -0.218991 3.053325
v 0.979252 -0.254897 3.054530
v 0.972261 -0.292363 3.051281
v 0.972261 -0.292363 3.039638
v 0.941374 -0.254897 3.051474
v 0.969517 -0.254897 3.053286
v 0.938536 -0.292363 3.051461
v 0.908266 -0.292363 3.051461
v 0.847726 0.008977 3.039206
v 0.748701 -0.183920 3.036525
v 0.746879 -0.159863 3.039590
v 0.747527 -0.161135 3.058829
v 0.749834 -0.195987 3.055310
v 0.962527 -0.292363 3.025789
v 0.962527 -0.292363 3.039638
v 0.941374 -0.254897 3.027345
v 0.847726 -0.292363 3.039813
v 0.847726 -0.292363 3.025789
v 0.978482 -0.161129 3.062245
v 0.977350 -0.190060 3.057785
v 0.977029 -0.117974 3.039794
v 0.977840 -0.131429 3.039915
v 0.994678 -0.161129 3.054227
v 0.993590 -0.130095 3.039925
v 0.884713 -0.130079 3.055949
v 0.921357 -0.130081 3.058888
v 0.982189 -0.159857 2.895952
v 0.976217 -0.107430 3.036282
v 0.973079 -0.090025 3.035953
v 0.936134 -0.037574 3.034955
v 0.977073 -0.119430 3.036277
v 0.874611 -0.004888 3.035604
v 0.847726 0.001631 3.035569
v 0.884722 -0.161149 3.055949
v 0.847726 -0.161158 3.053570
v 0.994678 -0.161129 3.064901
v 0.962527 -0.292363 3.022285
v 0.972262 -0.292363 3.022285
v 0.972262 -0.292363 3.025789
v 0.910158 -0.254897 3.051545
v 0.962527 -0.292363 3.051281
v 0.969517 -0.254897 3.024921
v 0.979252 -0.254897 3.024994
v 0.847726 -0.130080 3.055972
v 0.847726 -0.292363 3.051461
v 0.877996 -0.292363 3.051461
v 0.878942 -0.254897 3.051534
v 0.847726 -0.254897 3.051532
v 0.946264 -0.130086 3.061027
v 0.947925 -0.161135 3.061139
v 0.978482 -0.161129 3.064786
v 0.921419 -0.161141 3.058896
v 0.719235 -0.224201 3.032007
v 0.717880 -0.189781 3.035912
v 0.718056 -0.194386 3.031869
v 0.719123 -0.221864 3.029037
v 0.750989 -0.214131 3.032676
v 0.749383 -0.192930 3.035377
v 0.726645 -0.063416 3.039054
v 0.722940 -0.083967 3.039316
v 0.722940 -0.083967 3.061945
v 0.726645 -0.063416 3.062076
v 0.817456 0.001638 3.039312
v 0.813348 -0.006705 3.035594
v 0.787186 -0.013048 3.035502
v 0.787186 -0.005701 3.039242
v 0.816529 -0.038502 3.037031
v 0.816529 -0.038502 3.059957
v 0.787186 -0.292363 3.025789
v 0.817456 -0.292363 3.025789
v 0.817456 -0.292363 3.039813
v 0.787186 -0.292363 3.039813
v 0.756915 -0.032341 3.038583
v 0.756915 -0.036780 3.038578
v 0.753108 -0.043039 3.034985
v 0.726645 -0.066328 3.035523
v 0.723553 -0.083477 3.035831
v 0.946319 -0.189623 3.032247
v 0.756915 -0.292363 3.025789
v 0.756915 -0.292363 3.039813
v 0.750273 -0.110642 3.059598
v 0.751358 -0.091198 3.060471
v 0.719235 -0.104518 3.062086
v 0.718345 -0.117735 3.062156
v 0.717456 -0.130952 3.062227
v 0.702205 -0.130351 3.054596
v 0.702205 -0.130351 3.065286
v 0.717456 -0.130952 3.064764
v 0.814119 -0.131415 3.035482
v 0.810739 -0.130079 3.045737
v 0.780552 -0.131417 3.037254
v 0.774095 -0.130081 3.048630
v 0.814110 -0.159876 3.035482
v 0.810729 -0.161149 3.045738
v 0.717523 -0.131430 3.036272
v 0.701862 -0.130095 3.036135
v 0.780495 -0.159869 3.037259
v 0.774033 -0.161141 3.048637
v 0.716403 -0.159858 3.036260
v 0.716491 -0.159858 3.039913
v 0.700639 -0.161129 3.040462
v 0.700639 -0.161129 3.036685
v 0.747250 -0.131421 3.039572
v 0.749188 -0.130086 3.058725
v 0.725934 -0.254897 3.049697
v 0.725934 -0.254897 3.028510
v 0.716199 -0.254897 3.028590
v 0.716199 -0.254897 3.042792
v 0.787186 -0.005701 3.062733
v 0.817456 0.001638 3.062865
v 0.719235 -0.104518 3.039674
v 0.754136 -0.063987 3.038146
v 0.785333 -0.044007 3.037112
v 0.785333 -0.044007 3.059896
v 0.754137 -0.063987 3.060617
v 0.816510 -0.254897 3.027454
v 0.785294 -0.254897 3.027450
v 0.785294 -0.254897 3.040002
v 0.816510 -0.254897 3.039993
v 0.748987 -0.114413 3.039194
v 0.756915 -0.032341 3.061797
v 0.719235 -0.218991 3.053325
v 0.723190 -0.292363 3.039638
v 0.723190 -0.292363 3.051281
v 0.716199 -0.254897 3.054530
v 0.725934 -0.254897 3.053286
v 0.754077 -0.254897 3.051474
v 0.787186 -0.292363 3.051461
v 0.756915 -0.292363 3.051461
v 0.749042 -0.188425 3.032399
v 0.732925 -0.292363 3.025789
v 0.732925 -0.292363 3.039638
v 0.716969 -0.161129 3.062245
v 0.718349 -0.196362 3.056813
v 0.718423 -0.117974 3.039794
v 0.717612 -0.131429 3.039915
v 0.700773 -0.161129 3.054227
v 0.701862 -0.130095 3.039925
v 0.774095 -0.130081 3.058888
v 0.810739 -0.130079 3.055949
v 0.722327 -0.090281 3.035957
v 0.719235 -0.107430 3.036283
v 0.760721 -0.036339 3.034983
v 0.718379 -0.119430 3.036277
v 0.821563 -0.004713 3.035603
v 0.810729 -0.161149 3.055949
v 0.700773 -0.161129 3.064901
v 0.732925 -0.292363 3.022285
v 0.723190 -0.292363 3.025789
v 0.723190 -0.292363 3.022285
v 0.785294 -0.254897 3.051545
v 0.732925 -0.292363 3.051281
v 0.725934 -0.254897 3.024921
v 0.716199 -0.254897 3.024994
v 0.816510 -0.254897 3.051534
v 0.817456 -0.292363 3.051461
v 0.749188 -0.130086 3.061027
v 0.716969 -0.161129 3.064786
v 0.747527 -0.161135 3.061139
v 0.774033 -0.161141 3.058896
v 0.968086 -0.086879 3.035894
v 0.933908 -0.041525 3.034956
v 0.877996 -0.008010 3.035600
v 0.817456 -0.009424 3.035598
v 0.758772 -0.041756 3.034984
v 0.725024 -0.087811 3.035894
v 0.975509 -0.225959 3.028337
v 0.970915 -0.222125 3.028785
v 0.749620 -0.108206 3.039056
v 0.750991 -0.094783 3.038757
v 0.751724 -0.087608 3.038607
v 0.943728 -0.087608 3.038607
v 0.974337 -0.189425 3.032500
v 0.977833 -0.185251 3.033031
v 0.719662 -0.226492 3.028497
v 0.943726 -0.223848 3.031419
v 0.724920 -0.224178 3.028767
v 0.717767 -0.188337 3.032639
v 0.721823 -0.191361 3.032254
v 0.944094 -0.091196 3.035142
v 0.751358 -0.091196 3.035142
v 0.946148 -0.111310 3.036313
v 0.749304 -0.111310 3.036313
v 0.944094 -0.218990 3.027515
v 0.751357 -0.218990 3.027515
v 0.938536 -0.292363 2.777570
v 0.847726 -0.184890 2.765663
v 0.814742 -0.184887 2.765464
v 0.877996 -0.292363 2.777570
v 0.908266 -0.292363 2.777570
v 0.911780 -0.074375 2.763448
v 0.781848 -0.107718 2.763012
v 0.847726 -0.292363 2.777570
v 0.847726 0.004543 2.899927
v 0.874611 -0.001976 2.899927
v 0.912219 -0.214092 2.766584
v 0.913235 -0.193964 2.765103
v 0.815725 -0.223828 2.767686
v 0.847726 -0.223828 2.767687
v 0.815693 -0.070730 2.764315
v 0.783672 -0.074375 2.763448
v 0.879758 -0.070730 2.764315
v 0.879726 -0.223828 2.767686
v 0.911727 -0.223828 2.767680
v 0.913693 -0.184896 2.764436
v 0.978784 -0.193578 2.899927
v 0.976606 -0.218310 2.899927
v 0.976217 -0.104518 2.899927
v 0.978643 -0.117974 2.899927
v 0.908266 -0.010136 2.899927
v 0.936134 -0.034662 2.899927
v 0.847726 -0.104036 2.764411
v 0.880670 -0.105875 2.764418
v 0.968807 -0.063416 2.899927
v 0.971945 -0.080823 2.899927
v 0.814782 -0.105875 2.764418
v 0.968086 -0.083967 2.899927
v 0.908266 -0.292363 2.899927
v 0.938536 -0.292363 2.899927
v 0.940939 -0.038891 2.899927
v 0.933907 -0.038613 2.899927
v 0.971017 -0.222134 2.899927
v 0.881381 -0.003617 2.899927
v 0.877996 -0.005098 2.899927
v 0.847726 -0.292363 2.899927
v 0.877996 -0.292363 2.899927
v 0.979623 -0.185270 2.899927
v 0.975907 -0.189424 2.899927
v 0.756915 -0.292363 2.777570
v 0.817456 -0.292363 2.777570
v 0.787186 -0.292363 2.777570
v 0.782184 -0.101576 2.763118
v 0.783289 -0.081383 2.763469
v 0.821563 -0.001801 2.899927
v 0.783233 -0.214092 2.766584
v 0.782217 -0.193966 2.765103
v 0.847726 -0.214078 2.766768
v 0.815479 -0.214079 2.766738
v 0.814972 -0.193980 2.765861
v 0.847726 -0.193985 2.766007
v 0.783480 -0.077879 2.763458
v 0.847726 -0.067076 2.764239
v 0.781758 -0.184895 2.764436
v 0.719000 -0.221876 2.899927
v 0.716748 -0.194371 2.899927
v 0.716809 -0.117974 2.899927
v 0.719235 -0.104518 2.899927
v 0.760722 -0.033426 2.899927
v 0.787186 -0.010136 2.899927
v 0.781987 -0.189430 2.768322
v 0.723553 -0.080566 2.899927
v 0.726645 -0.063416 2.899927
v 0.913604 -0.107718 2.763011
v 0.880511 -0.099747 2.764430
v 0.913268 -0.101576 2.763118
v 0.913436 -0.104647 2.765877
v 0.880591 -0.102811 2.767236
v 0.722327 -0.087367 2.899927
v 0.725024 -0.084899 2.899927
v 0.787186 -0.292363 2.899927
v 0.756915 -0.292363 2.899927
v 0.758773 -0.038844 2.899927
v 0.719662 -0.226492 2.899927
v 0.719331 -0.224184 2.899927
v 0.817456 -0.006512 2.899927
v 0.817456 -0.292363 2.899927
v 0.716140 -0.188350 2.899927
v 0.720356 -0.191361 2.899927
v 0.973079 -0.087111 2.899927
v 0.813348 -0.003793 2.899927
v 0.753109 -0.040126 2.899927
v 0.975509 -0.225959 2.899927
v 0.847726 -0.097918 2.764414
v 0.814941 -0.099747 2.764430
v 0.815513 -0.077693 2.764469
v 0.847726 -0.074010 2.764426
v 0.879939 -0.077693 2.764469
v 0.912163 -0.081383 2.763469
v 0.880710 -0.184888 2.765464
v 0.879973 -0.214079 2.766738
v 0.880480 -0.193979 2.765861
v 0.783725 -0.223828 2.767680
v 0.783479 -0.218960 2.771665
v 0.879849 -0.074212 2.764392
v 0.911971 -0.077879 2.763458
v 0.847726 -0.070543 2.764333
v 0.815603 -0.074212 2.764392
v 0.814861 -0.102811 2.767236
v 0.847726 -0.100977 2.767225
v 0.782016 -0.104647 2.765877
v 0.814857 -0.189434 2.769214
v 0.847726 -0.189438 2.769387
v 0.880595 -0.189434 2.769214
v 0.913464 -0.189430 2.768322
v 0.879850 -0.218954 2.771745
v 0.911973 -0.218960 2.771665
v 0.847726 -0.218953 2.771760
v 0.815602 -0.218954 2.771745
v 0.938536 -0.292363 3.022285
v 0.847726 -0.184890 3.034191
v 0.814742 -0.184887 3.034390
v 0.877996 -0.292363 3.022285
v 0.908266 -0.292363 3.022285
v 0.911780 -0.074375 3.036406
v 0.781848 -0.107718 3.036843
v 0.847726 -0.292363 3.022285
v 0.912219 -0.214092 3.033270
v 0.913235 -0.193964 3.034751
v 0.847726 -0.223828 3.032167
v 0.815725 -0.223828 3.032168
v 0.815693 -0.070730 3.035539
v 0.783672 -0.074375 3.036406
v 0.879758 -0.070730 3.035539
v 0.911727 -0.223828 3.032174
v 0.879727 -0.223828 3.032168
v 0.913693 -0.184896 3.035418
v 0.880670 -0.105875 3.035436
v 0.847726 -0.104036 3.035443
v 0.814782 -0.105875 3.035436
v 0.756915 -0.292363 3.022285
v 0.817456 -0.292363 3.022285
v 0.787186 -0.292363 3.022285
v 0.782184 -0.101576 3.036736
v 0.783289 -0.081383 3.036385
v 0.783233 -0.214092 3.033270
v 0.782217 -0.193966 3.034751
v 0.847726 -0.214078 3.033086
v 0.847726 -0.193985 3.033847
v 0.814972 -0.193980 3.033993
v 0.815479 -0.214079 3.033116
v 0.783480 -0.077879 3.036396
v 0.847726 -0.067076 3.035615
v 0.781758 -0.184895 3.035418
v 0.781988 -0.189430 3.031533
v 0.913604 -0.107718 3.036843
v 0.880511 -0.099747 3.035425
v 0.880591 -0.102811 3.032618
v 0.913436 -0.104647 3.033977
v 0.913268 -0.101576 3.036736
v 0.847726 -0.097918 3.035440
v 0.847726 -0.074010 3.035428
v 0.815513 -0.077693 3.035385
v 0.814941 -0.099747 3.035425
v 0.879939 -0.077693 3.035385
v 0.912163 -0.081383 3.036385
v 0.880710 -0.184888 3.034390
v 0.879973 -0.214079 3.033116
v 0.880480 -0.193979 3.033993
v 0.783725 -0.223828 3.032174
v 0.783479 -0.218960 3.028189
v 0.879849 -0.074212 3.035462
v 0.911972 -0.077879 3.036396
v 0.847726 -0.070543 3.035522
v 0.815603 -0.074212 3.035462
v 0.814861 -0.102811 3.032618
v 0.847726 -0.100977 3.032629
v 0.782016 -0.104647 3.033977
v 0.814857 -0.189434 3.030640
v 0.847726 -0.189438 3.030467
v 0.880595 -0.189434 3.030640
v 0.913464 -0.189430 3.031533
v 0.879850 -0.218954 3.028109
v 0.911973 -0.218960 3.028189
v 0.847726 -0.218953 3.028094
v 0.815602 -0.218954 3.028109

# UV coordinates
vt 0.411301 0.207620
vt 0.448117 0.207620
vt 0.448117 0.353810
vt 0.411301 0.353810
vt 0.448117 0.500000
vt 0.494346 0.500000
vt 0.494346 0.646190
vt 0.448117 0.646190
vt 0.411301 0.500000
vt 0.411301 0.646190
vt 0.329837 0.353810
vt 0.411301 0.397495
vt 0.329837 0.391865
vt 0.155737 0.500000
vt 0.191863 0.500000
vt 0.191863 0.646190
vt 0.155737 0.646190
vt 0.448117 0.692419
vt 0.411301 0.689875
vt 0.548078 0.500000
vt 0.594307 0.500000
vt 0.594307 0.646190
vt 0.548078 0.646190
vt 0.411301 0.456315
vt 0.448117 0.453771
vt 0.411301 0.748695
vt 0.448117 0.746151
vt 0.448117 0.792380
vt 0.411301 0.792380
vt 0.265800 0.500000
vt 0.301927 0.500000
vt 0.301927 0.646190
vt 0.265800 0.646190
vt 0.521212 0.500000
vt 0.521212 0.646190
vt 0.228832 0.500000
vt 0.228832 0.646190
vt 0.329837 0.719285
vt 0.301927 0.719285
vt 0.301927 0.682317
vt 0.329837 0.684245
vt 0.329837 0.426905
vt 0.301927 0.426905
vt 0.301927 0.389937
vt 0.448117 0.400039
vt 0.448117 0.426905
vt 0.411301 0.426905
vt 0.448117 0.719285
vt 0.411301 0.719285
vt 0.329837 0.754325
vt 0.329837 0.792380
vt 0.329837 0.461945
vt 0.329837 0.500000
vt 0.329837 0.646190
vt 0.329837 0.207620
vt 0.301927 0.207620
vt 0.301927 0.353810
vt 0.301927 0.463873
vt 0.301927 0.756254
vt 0.301927 0.792380
vt 0.375000 1.000000
vt 0.625000 1.000000
vt 0.375000 0.437500
vt 0.625000 0.437500
vt 0.625000 0.500000
vt 0.375000 0.500000
vt 0.625000 0.250000
vt 0.375000 0.250000
vt 0.375000 0.937500
vt 0.625000 0.937500
vt 0.312500 0.500000
vt 0.375000 0.750000
vt 0.312500 0.750000
vt 0.812500 0.500000
vt 0.875000 0.500000
vt 0.875000 0.750000
vt 0.812500 0.750000
vt 0.687500 0.500000
vt 0.750000 0.500000
vt 0.750000 0.750000
vt 0.687500 0.750000
vt 0.187500 0.500000
vt 0.250000 0.500000
vt 0.250000 0.750000
vt 0.187500 0.750000
vt 0.375000 0.812500
vt 0.625000 0.812500
vt 0.625000 0.875000
vt 0.375000 0.875000
vt 0.375000 0.312500
vt 0.625000 0.312500
vt 0.625000 0.375000
vt 0.375000 0.375000
vt 0.625000 0.750000
vt 0.125000 0.500000
vt 0.125000 0.750000
vt 0.375000 0.000000
vt 0.625000 0.000000
vt 0.746476 0.124464
vt 0.723185 0.123371
vt 0.729119 0.120810
vt 0.746457 0.122085
vt 0.660143 0.541253
vt 0.670902 0.543378
vt 0.670459 0.557597
vt 0.660144 0.561715
vt 0.562250 0.370347
vt 0.568227 0.356695
vt 0.579441 0.362887
vt 0.572520 0.373856
vt 0.452841 0.201135
vt 0.441006 0.202206
vt 0.443425 0.188760
vt 0.453776 0.191719
vt 0.543553 0.449579
vt 0.540328 0.445713
vt 0.544636 0.424665
vt 0.547971 0.426242
vt 0.445131 0.274843
vt 0.441726 0.299078
vt 0.428974 0.297488
vt 0.432586 0.273279
vt 0.667525 0.821648
vt 0.690973 0.821648
vt 0.690973 0.833557
vt 0.667525 0.833557
vt 0.553931 0.397437
vt 0.551610 0.393046
vt 0.559824 0.367689
vt 0.565337 0.355520
vt 0.670261 0.563991
vt 0.669706 0.581942
vt 0.660143 0.582176
vt 0.693770 0.514396
vt 0.704367 0.515691
vt 0.705548 0.541253
vt 0.694558 0.536472
vt 0.644078 0.821648
vt 0.644078 0.833557
vt 0.607885 0.364428
vt 0.598110 0.375218
vt 0.587083 0.350528
vt 0.592721 0.342884
vt 0.642939 0.327651
vt 0.631118 0.327307
vt 0.631117 0.325056
vt 0.642938 0.325496
vt 0.447698 0.097912
vt 0.451414 0.123677
vt 0.443121 0.127525
vt 0.438989 0.099175
vt 0.453660 0.149624
vt 0.444771 0.155966
vt 0.354575 0.390047
vt 0.352596 0.363963
vt 0.359657 0.363508
vt 0.363522 0.392106
vt 0.643016 0.342868
vt 0.640593 0.458653
vt 0.630849 0.458653
vt 0.630849 0.342985
vt 0.357768 0.416055
vt 0.367821 0.420444
vt 0.703518 0.122362
vt 0.703368 0.125539
vt 0.690743 0.125143
vt 0.690970 0.121864
vt 0.455419 0.175436
vt 0.445818 0.175310
vt 0.361430 0.442032
vt 0.370974 0.440910
vt 0.643744 0.569877
vt 0.643744 0.558711
vt 0.651284 0.558779
vt 0.651284 0.570840
vt 0.559766 0.428904
vt 0.557300 0.451103
vt 0.576450 0.343639
vt 0.450673 0.222734
vt 0.448090 0.250551
vt 0.435665 0.249003
vt 0.438511 0.221218
vt 0.660236 0.395216
vt 0.660232 0.371036
vt 0.670892 0.371036
vt 0.670884 0.395216
vt 0.660237 0.419396
vt 0.670883 0.419396
vt 0.454208 0.187365
vt 0.584414 0.389539
vt 0.566744 0.400776
vt 0.583308 0.447098
vt 0.581511 0.420325
vt 0.581350 0.473792
vt 0.554838 0.473683
vt 0.771892 0.157948
vt 0.747213 0.158844
vt 0.744441 0.134957
vt 0.769161 0.137040
vt 0.291499 0.430018
vt 0.264650 0.428045
vt 0.265176 0.425030
vt 0.292040 0.426924
vt 0.670820 0.346856
vt 0.672298 0.325056
vt 0.675346 0.325056
vt 0.673806 0.346856
vt 0.667525 0.836621
vt 0.644078 0.836621
vt 0.542705 0.473604
vt 0.695456 0.564847
vt 0.705546 0.557524
vt 0.705548 0.582176
vt 0.695985 0.581942
vt 0.625495 0.821648
vt 0.625495 0.833408
vt 0.660143 0.346856
vt 0.771305 0.126548
vt 0.714420 0.821648
vt 0.714420 0.833557
vt 0.703452 0.137724
vt 0.724272 0.135553
vt 0.727221 0.159648
vt 0.041256 0.482769
vt 0.019283 0.482760
vt 0.016824 0.365966
vt 0.038785 0.365503
vt 0.582171 0.335263
vt 0.588162 0.327005
vt 0.598625 0.335011
vt 0.689989 0.137105
vt 0.702818 0.138010
vt 0.019786 0.498589
vt 0.019352 0.486010
vt 0.041325 0.486007
vt 0.041569 0.497812
vt 0.442906 0.156237
vt 0.441296 0.127790
vt 0.643085 0.339775
vt 0.630849 0.339767
vt 0.709485 0.000329
vt 0.699203 0.003086
vt 0.567815 0.351350
vt 0.575000 0.340147
vt 0.550343 0.397646
vt 0.580135 0.332518
vt 0.539038 0.473572
vt 0.539560 0.451693
vt 0.361500 0.363389
vt 0.365372 0.391987
vt 0.041617 0.500070
vt 0.019834 0.500862
vt 0.625495 0.818672
vt 0.617954 0.821648
vt 0.617954 0.818672
vt 0.673867 0.371036
vt 0.625495 0.836468
vt 0.643744 0.555664
vt 0.643744 0.449518
vt 0.651284 0.449518
vt 0.651284 0.555726
vt 0.437165 0.099440
vt 0.617954 0.833408
vt 0.262112 0.442561
vt 0.288897 0.444907
vt 0.270611 0.549528
vt 0.244223 0.544916
vt 0.289423 0.441899
vt 0.262625 0.439629
vt 0.625495 0.714765
vt 0.617954 0.714765
vt 0.651284 0.573981
vt 0.643744 0.572924
vt 0.258427 0.375920
vt 0.284617 0.373792
vt 0.287917 0.397746
vt 0.261627 0.399148
vt 0.290942 0.419389
vt 0.264163 0.417558
vt 0.252027 0.329464
vt 0.278017 0.325884
vt 0.281317 0.349838
vt 0.255227 0.352692
vt 0.673857 0.395216
vt 0.673856 0.419396
vt 0.617954 0.836468
vt 0.690973 0.836621
vt 0.714420 0.836621
vt 0.019103 0.537825
vt 0.020083 0.512806
vt 0.041428 0.512740
vt 0.041078 0.536847
vt 0.018385 0.586169
vt 0.018811 0.557395
vt 0.040775 0.557670
vt 0.040355 0.586486
vt 0.017958 0.615102
vt 0.040030 0.615499
vt 0.369710 0.420323
vt 0.446411 0.200069
vt 0.444278 0.200379
vt 0.443883 0.175591
vt 0.702659 0.140217
vt 0.689824 0.139392
vt 0.727236 0.136788
vt 0.727091 0.138794
vt 0.372941 0.440784
vt 0.315485 0.251740
vt 0.316529 0.248959
vt 0.335738 0.247353
vt 0.339581 0.250040
vt 0.694789 0.543378
vt 0.695257 0.558445
vt 0.562691 0.576656
vt 0.572715 0.573155
vt 0.579729 0.583886
vt 0.568580 0.590623
vt 0.543148 0.497851
vt 0.547779 0.521305
vt 0.544473 0.522913
vt 0.540080 0.502436
vt 0.439077 0.323408
vt 0.426533 0.321844
vt 0.761315 0.821648
vt 0.761315 0.833557
vt 0.737867 0.833557
vt 0.737867 0.821648
vt 0.554096 0.550462
vt 0.554102 0.550458
vt 0.560322 0.579238
vt 0.552363 0.555820
vt 0.565431 0.591385
vt 0.673354 0.560428
vt 0.784762 0.821648
vt 0.784762 0.833557
vt 0.607663 0.581344
vt 0.593727 0.603024
vt 0.587847 0.595787
vt 0.597720 0.571199
vt 0.618100 0.327651
vt 0.618101 0.325496
vt 0.629922 0.325056
vt 0.629921 0.327307
vt 0.434897 0.070819
vt 0.443941 0.072152
vt 0.428400 0.043081
vt 0.438724 0.046636
vt 0.351209 0.337841
vt 0.359817 0.334651
vt 0.618023 0.342868
vt 0.630190 0.342985
vt 0.630190 0.458653
vt 0.620446 0.458653
vt 0.351035 0.311639
vt 0.360440 0.305995
vt 0.360209 0.246214
vt 0.372245 0.243910
vt 0.372941 0.247042
vt 0.360815 0.249258
vt 0.423908 0.024237
vt 0.433078 0.021388
vt 0.351330 0.285407
vt 0.360939 0.285294
vt 0.651944 0.329160
vt 0.659484 0.328197
vt 0.659484 0.340258
vt 0.651944 0.340325
vt 0.557065 0.496374
vt 0.559566 0.518637
vt 0.577738 0.603095
vt 0.431658 0.375282
vt 0.419496 0.373766
vt 0.423557 0.346133
vt 0.435983 0.347682
vt 0.660236 0.443576
vt 0.670884 0.443576
vt 0.670892 0.467757
vt 0.660232 0.467757
vt 0.416292 0.406438
vt 0.426402 0.410437
vt 0.424648 0.422298
vt 0.415310 0.420064
vt 0.584122 0.557637
vt 0.566711 0.546845
vt 0.583133 0.500493
vt 0.581280 0.527256
vt 0.294169 0.286603
vt 0.295984 0.264801
vt 0.321366 0.261803
vt 0.319789 0.286334
vt 0.262841 0.221984
vt 0.264198 0.224816
vt 0.238847 0.233903
vt 0.237525 0.231143
vt 0.670820 0.491937
vt 0.673806 0.491937
vt 0.675346 0.513736
vt 0.672298 0.513736
vt 0.784762 0.836621
vt 0.761315 0.836621
vt 0.692363 0.561280
vt 0.803345 0.821648
vt 0.803345 0.833408
vt 0.660143 0.491937
vt 0.293397 0.253925
vt 0.362310 0.261376
vt 0.337217 0.261648
vt 0.336185 0.286031
vt 0.036478 0.748188
vt 0.029787 0.865291
vt 0.007856 0.864038
vt 0.014518 0.747406
vt 0.583790 0.610983
vt 0.599854 0.610440
vt 0.590043 0.618743
vt 0.656289 0.586734
vt 0.643744 0.586813
vt 0.643989 0.574640
vt 0.656303 0.575044
vt 0.015590 0.731605
vt 0.037332 0.733167
vt 0.036663 0.744955
vt 0.014704 0.744161
vt 0.433072 0.071084
vt 0.426535 0.043351
vt 0.617954 0.339775
vt 0.630190 0.339767
vt 0.337455 0.132611
vt 0.347045 0.130480
vt 0.576531 0.606604
vt 0.568841 0.596273
vt 0.549910 0.548715
vt 0.581945 0.613766
vt 0.539156 0.494965
vt 0.361666 0.334531
vt 0.015720 0.729336
vt 0.037461 0.730911
vt 0.803345 0.818672
vt 0.810886 0.818672
vt 0.810886 0.821648
vt 0.673867 0.467757
vt 0.803345 0.836468
vt 0.651944 0.343373
vt 0.659484 0.343311
vt 0.659484 0.449518
vt 0.651944 0.449518
vt 0.810886 0.833408
vt 0.231158 0.217853
vt 0.186260 0.124148
vt 0.210418 0.112573
vt 0.256310 0.208353
vt 0.257630 0.211107
vt 0.232444 0.220537
vt 0.803345 0.714765
vt 0.810886 0.714765
vt 0.651944 0.326113
vt 0.659484 0.325056
vt 0.245628 0.283008
vt 0.242428 0.259780
vt 0.268118 0.254022
vt 0.271418 0.277976
vt 0.239892 0.241371
vt 0.265179 0.232367
vt 0.248828 0.306236
vt 0.274717 0.301930
vt 0.673857 0.443576
vt 0.810886 0.836468
vt 0.737867 0.836621
vt 0.016321 0.692370
vt 0.038246 0.694139
vt 0.037728 0.718243
vt 0.016399 0.717408
vt 0.017343 0.644032
vt 0.039311 0.644506
vt 0.038693 0.673319
vt 0.016733 0.672803
vt 0.362329 0.305873
vt 0.421973 0.024517
vt 0.415310 0.000638
vt 0.417443 0.000329
vt 0.656306 0.588971
vt 0.643760 0.588971
vt 0.364474 0.261236
vt 0.362906 0.285166
vt 0.563087 0.352203
vt 0.547310 0.396423
vt 0.538748 0.448199
vt 0.537487 0.499521
vt 0.549869 0.552700
vt 0.566458 0.594693
vt 0.751774 0.122409
vt 0.771892 0.123680
vt 0.749826 0.118509
vt 0.587474 0.620778
vt 0.617295 0.591695
vt 0.417247 0.392809
vt 0.428458 0.396753
vt 0.427052 0.406110
vt 0.429210 0.391752
vt 0.585427 0.325056
vt 0.617295 0.353417
vt 0.452342 0.206168
vt 0.725726 0.119164
vt 0.721886 0.120436
vt 0.707125 0.160860
vt 0.292699 0.250969
vt 0.313254 0.249223
vt 0.671921 0.514396
vt 0.671133 0.536472
vt 0.661323 0.515691
vt 0.314014 0.244919
vt 0.340014 0.247122
vt 0.337555 0.244231
vt 0.455575 0.204023
vt 0.431817 0.394624
vt 0.456361 0.189841
vt 0.429098 0.408565
vt 0.674839 0.539458
vt 0.690852 0.539458
vt 0.091055 0.248311
vt 0.090923 0.250650
vt 0.073803 0.251082
vt 0.068086 0.248281
vt 0.615816 0.648295
vt 0.615815 0.668756
vt 0.605500 0.664639
vt 0.605057 0.650420
vt 0.512065 0.370347
vt 0.501795 0.373856
vt 0.494874 0.362887
vt 0.506088 0.356695
vt 0.411131 0.221493
vt 0.412066 0.230909
vt 0.401715 0.233868
vt 0.399296 0.220422
vt 0.530762 0.449579
vt 0.526344 0.426242
vt 0.529679 0.424665
vt 0.533987 0.445713
vt 0.403421 0.147785
vt 0.390876 0.149349
vt 0.387264 0.125139
vt 0.400016 0.123550
vt 0.667525 0.607883
vt 0.667525 0.595974
vt 0.690973 0.595974
vt 0.690973 0.607883
vt 0.520384 0.397437
vt 0.514491 0.367689
vt 0.522706 0.393046
vt 0.508978 0.355520
vt 0.615816 0.689218
vt 0.606253 0.688984
vt 0.605698 0.671033
vt 0.687276 0.514396
vt 0.686488 0.536472
vt 0.675498 0.541253
vt 0.676678 0.515691
vt 0.644078 0.607883
vt 0.644078 0.595974
vt 0.466430 0.364428
vt 0.481594 0.342884
vt 0.487232 0.350528
vt 0.476205 0.375218
vt 0.642939 0.589656
vt 0.642938 0.591811
vt 0.631117 0.592251
vt 0.631118 0.590000
vt 0.405988 0.324716
vt 0.397279 0.323453
vt 0.401411 0.295103
vt 0.409703 0.298950
vt 0.403061 0.266662
vt 0.411950 0.273003
vt 0.070809 0.161956
vt 0.062154 0.163770
vt 0.066414 0.136301
vt 0.073205 0.136872
vt 0.643016 0.574438
vt 0.630849 0.574322
vt 0.067246 0.186943
vt 0.057482 0.190981
vt 0.048686 0.248342
vt 0.036317 0.248237
vt 0.036248 0.244999
vt 0.048690 0.245208
vt 0.404108 0.247318
vt 0.413709 0.247192
vt 0.063231 0.211892
vt 0.054061 0.210632
vt 0.643744 0.329160
vt 0.651284 0.328197
vt 0.651284 0.340258
vt 0.643744 0.340325
vt 0.517015 0.451103
vt 0.514549 0.428904
vt 0.497865 0.343640
vt 0.408963 0.199894
vt 0.396801 0.201409
vt 0.393954 0.173625
vt 0.406380 0.172076
vt 0.676097 0.443577
vt 0.686746 0.443577
vt 0.686753 0.467757
vt 0.676094 0.467757
vt 0.676099 0.419396
vt 0.686745 0.419396
vt 0.412498 0.235263
vt 0.489901 0.389539
vt 0.507571 0.400776
vt 0.491007 0.447098
vt 0.492804 0.420325
vt 0.492965 0.473792
vt 0.519477 0.473683
vt 0.117650 0.216569
vt 0.113972 0.237012
vt 0.089550 0.237889
vt 0.093410 0.214517
vt 0.249724 0.669038
vt 0.249183 0.672132
vt 0.223270 0.664801
vt 0.223797 0.661787
vt 0.686681 0.491937
vt 0.689668 0.491937
vt 0.691207 0.513737
vt 0.688159 0.513737
vt 0.644078 0.592910
vt 0.667525 0.592910
vt 0.531611 0.473604
vt 0.685589 0.564847
vt 0.685061 0.581942
vt 0.675498 0.582176
vt 0.675499 0.557524
vt 0.625495 0.607883
vt 0.625495 0.596123
vt 0.676005 0.491937
vt 0.115584 0.247437
vt 0.714420 0.595974
vt 0.714420 0.607883
vt 0.049350 0.233223
vt 0.069732 0.236347
vt 0.073778 0.212778
vt 0.014363 0.249171
vt 0.492144 0.335263
vt 0.475691 0.335011
vt 0.486154 0.327005
vt 0.036015 0.233187
vt 0.048690 0.232866
vt 0.048687 0.245160
vt 0.014199 0.233335
vt 0.014295 0.245921
vt 0.399585 0.294838
vt 0.401196 0.266391
vt 0.643085 0.577532
vt 0.630849 0.577540
vt 0.048771 0.368699
vt 0.038786 0.365499
vt 0.499315 0.340147
vt 0.506500 0.351350
vt 0.523972 0.397646
vt 0.494181 0.332518
vt 0.534755 0.451693
vt 0.535277 0.473572
vt 0.060375 0.163621
vt 0.064641 0.136152
vt 0.014151 0.231061
vt 0.035961 0.230927
vt 0.625495 0.610859
vt 0.617954 0.610859
vt 0.617954 0.607883
vt 0.689728 0.467757
vt 0.625495 0.593063
vt 0.643744 0.343373
vt 0.651284 0.343311
vt 0.395455 0.323188
vt 0.617954 0.596123
vt 0.226334 0.647271
vt 0.252326 0.654149
vt 0.251800 0.657157
vt 0.225821 0.650202
vt 0.643744 0.326112
vt 0.651284 0.325056
vt 0.200262 0.708710
vt 0.211151 0.687945
vt 0.235407 0.698181
vt 0.224178 0.719596
vt 0.219781 0.671487
vt 0.245595 0.678847
vt 0.178485 0.750242
vt 0.189374 0.729476
vt 0.212949 0.741011
vt 0.201719 0.762425
vt 0.689717 0.419396
vt 0.689719 0.443577
vt 0.617954 0.593063
vt 0.690973 0.592910
vt 0.714420 0.592910
vt 0.011850 0.194139
vt 0.033859 0.194184
vt 0.035233 0.218269
vt 0.013892 0.219110
vt 0.009077 0.145840
vt 0.031027 0.144589
vt 0.032672 0.173380
vt 0.010726 0.174588
vt 0.007421 0.116934
vt 0.029469 0.115598
vt 0.055665 0.190829
vt 0.402173 0.247037
vt 0.402568 0.222249
vt 0.404701 0.222559
vt 0.048632 0.230689
vt 0.047269 0.233048
vt 0.052169 0.210474
vt 0.111054 0.029489
vt 0.087879 0.027400
vt 0.091631 0.024884
vt 0.110100 0.026791
vt 0.686257 0.543378
vt 0.685788 0.558445
vt 0.511624 0.576656
vt 0.505735 0.590623
vt 0.494586 0.583886
vt 0.501600 0.573155
vt 0.531167 0.497851
vt 0.534235 0.502436
vt 0.529842 0.522913
vt 0.526537 0.521305
vt 0.397367 0.099220
vt 0.384823 0.100784
vt 0.761315 0.607883
vt 0.737867 0.607883
vt 0.737867 0.595974
vt 0.761315 0.595974
vt 0.520213 0.550458
vt 0.520219 0.550462
vt 0.521952 0.555820
vt 0.513993 0.579238
vt 0.508884 0.591385
vt 0.602605 0.667470
vt 0.784762 0.607883
vt 0.784762 0.595974
vt 0.466652 0.581344
vt 0.476595 0.571199
vt 0.486468 0.595788
vt 0.480588 0.603024
vt 0.618100 0.589656
vt 0.629921 0.590000
vt 0.629922 0.592251
vt 0.618101 0.591811
vt 0.402231 0.350475
vt 0.393187 0.351808
vt 0.397014 0.375992
vt 0.386690 0.379547
vt 0.075032 0.111740
vt 0.066801 0.108506
vt 0.618023 0.574438
vt 0.630190 0.574322
vt 0.075691 0.086509
vt 0.066740 0.080897
vt 0.309969 0.020059
vt 0.309229 0.017044
vt 0.321153 0.013918
vt 0.321848 0.017050
vt 0.391368 0.401239
vt 0.382198 0.398391
vt 0.075900 0.061240
vt 0.066648 0.060950
vt 0.651944 0.569877
vt 0.651944 0.558712
vt 0.659484 0.558779
vt 0.659484 0.570840
vt 0.514750 0.518637
vt 0.517250 0.496374
vt 0.496578 0.603095
vt 0.389948 0.047346
vt 0.394273 0.074946
vt 0.381847 0.076495
vt 0.377786 0.048862
vt 0.676097 0.395216
vt 0.676094 0.371036
vt 0.686753 0.371036
vt 0.686746 0.395216
vt 0.374582 0.016190
vt 0.373600 0.002564
vt 0.382938 0.000329
vt 0.384692 0.012191
vt 0.490193 0.557638
vt 0.507604 0.546846
vt 0.491182 0.500493
vt 0.493036 0.527256
vt 0.130928 0.063465
vt 0.106259 0.062724
vt 0.105200 0.039070
vt 0.129589 0.042434
vt 0.157995 0.003162
vt 0.134994 0.017153
vt 0.133672 0.014393
vt 0.156638 0.000329
vt 0.686681 0.346856
vt 0.688159 0.325056
vt 0.691207 0.325056
vt 0.689668 0.346856
vt 0.761315 0.592910
vt 0.784762 0.592910
vt 0.688683 0.561280
vt 0.803345 0.607883
vt 0.803345 0.596123
vt 0.676005 0.346856
vt 0.132285 0.032008
vt 0.065776 0.037890
vt 0.067444 0.026248
vt 0.089938 0.038623
vt 0.090474 0.062125
vt 0.023099 0.982394
vt 0.001193 0.980670
vt 0.490525 0.610983
vt 0.484272 0.618743
vt 0.474461 0.610440
vt 0.318545 0.002516
vt 0.306289 0.005222
vt 0.000459 0.996490
vt 0.001008 0.983915
vt 0.022914 0.985627
vt 0.022237 0.997415
vt 0.384825 0.379277
vt 0.391362 0.351544
vt 0.617954 0.577532
vt 0.630190 0.577540
vt 0.505474 0.596273
vt 0.497784 0.606605
vt 0.524405 0.548715
vt 0.492370 0.613766
vt 0.535159 0.494965
vt 0.065023 0.108356
vt 0.022108 0.999670
vt 0.000330 0.998759
vt 0.803345 0.610859
vt 0.810886 0.607883
vt 0.810886 0.610859
vt 0.689728 0.371036
vt 0.803345 0.593063
vt 0.651944 0.555664
vt 0.659484 0.555726
vt 0.810886 0.596123
vt 0.141362 0.030442
vt 0.164526 0.016792
vt 0.163207 0.014039
vt 0.140076 0.027759
vt 0.659484 0.573981
vt 0.651944 0.572924
vt 0.156707 0.791773
vt 0.179261 0.805254
vt 0.168031 0.826669
vt 0.145818 0.812538
vt 0.157922 0.846044
vt 0.137188 0.828996
vt 0.190490 0.783840
vt 0.167596 0.771007
vt 0.154438 0.852814
vt 0.133672 0.835668
vt 0.689719 0.395216
vt 0.810886 0.593063
vt 0.737867 0.592910
vt 0.002501 0.039757
vt 0.001515 0.014723
vt 0.022802 0.012982
vt 0.024344 0.037058
vt 0.005577 0.088039
vt 0.003744 0.059302
vt 0.025676 0.057853
vt 0.027518 0.086631
vt 0.000330 0.002828
vt 0.021997 0.000330
vt 0.064922 0.080743
vt 0.375733 0.422298
vt 0.373600 0.421990
vt 0.380263 0.398111
vt 0.305826 0.003113
vt 0.318066 0.000329
vt 0.064756 0.060791
vt 0.063695 0.037715
vt 0.511229 0.352203
vt 0.527005 0.396423
vt 0.535567 0.448199
vt 0.536828 0.499522
vt 0.524446 0.552700
vt 0.507858 0.594693
vt 0.116025 0.250287
vt 0.096170 0.250584
vt 0.094068 0.254328
vt 0.486842 0.620778
vt 0.457020 0.591695
vt 0.375537 0.029819
vt 0.385342 0.016517
vt 0.386748 0.025875
vt 0.387500 0.030876
vt 0.488888 0.325056
vt 0.457020 0.353417
vt 0.410632 0.216460
vt 0.070386 0.252542
vt 0.066669 0.251108
vt 0.113249 0.027106
vt 0.133013 0.029174
vt 0.604038 0.621437
vt 0.614636 0.622733
vt 0.604826 0.643513
vt 0.112598 0.022947
vt 0.087517 0.024581
vt 0.089939 0.021843
vt 0.068085 0.023327
vt 0.413865 0.218605
vt 0.390107 0.028004
vt 0.414651 0.232787
vt 0.387388 0.014063
vt 0.601120 0.646500
vt 0.690193 0.539458
vt 0.644078 0.818672
vt 0.716168 0.373630
vt 0.716164 0.389925
vt 0.704975 0.390216
vt 0.705009 0.373625
vt 0.690973 0.818672
vt 0.667525 0.818672
vt 0.571752 0.748473
vt 0.592962 0.746460
vt 0.580431 0.771014
vt 0.564234 0.774012
vt 0.529444 0.647471
vt 0.529068 0.621891
vt 0.540866 0.623070
vt 0.545888 0.648285
vt 0.714420 0.818672
vt 0.331387 0.858027
vt 0.331974 0.895539
vt 0.325064 0.895647
vt 0.324397 0.858107
vt 0.730742 0.341776
vt 0.721727 0.341274
vt 0.721736 0.325099
vt 0.730782 0.325843
vt 0.751424 0.373642
vt 0.751419 0.389062
vt 0.737313 0.389443
vt 0.737318 0.373637
vt 0.573963 0.674249
vt 0.571752 0.649310
vt 0.592962 0.651323
vt 0.596321 0.675133
vt 0.573963 0.723533
vt 0.596321 0.722649
vt 0.751429 0.358220
vt 0.737323 0.357832
vt 0.737321 0.342029
vt 0.751429 0.342796
vt 0.716161 0.324732
vt 0.716133 0.341028
vt 0.704910 0.340411
vt 0.704752 0.323764
vt 0.418626 0.614946
vt 0.406594 0.616568
vt 0.406515 0.538742
vt 0.418592 0.538742
vt 0.280887 0.858516
vt 0.283641 0.858490
vt 0.284667 0.896282
vt 0.281532 0.896331
vt 0.315336 0.858290
vt 0.316173 0.895788
vt 0.307207 0.895928
vt 0.306320 0.858549
vt 0.529742 0.698891
vt 0.548607 0.698891
vt 0.547458 0.724158
vt 0.529719 0.724564
vt 0.290379 0.858527
vt 0.294431 0.858577
vt 0.295419 0.896114
vt 0.291371 0.896178
vt 0.529719 0.673219
vt 0.547458 0.673625
vt 0.399227 0.676004
vt 0.399205 0.656078
vt 0.411348 0.655186
vt 0.411348 0.676320
vt 0.290165 0.896198
vt 0.289162 0.858531
vt 0.667525 0.714765
vt 0.644078 0.714765
vt 0.304397 0.895974
vt 0.303450 0.858602
vt 0.305247 0.858559
vt 0.306159 0.895946
vt 0.422125 0.538742
vt 0.422117 0.614684
vt 0.323089 0.895679
vt 0.322321 0.858142
vt 0.323262 0.858117
vt 0.323980 0.895665
vt 0.714420 0.714765
vt 0.690973 0.714765
vt 0.401217 0.617191
vt 0.401131 0.538742
vt 0.403971 0.538742
vt 0.403984 0.616898
vt 0.784762 0.818672
vt 0.737342 0.326216
vt 0.751411 0.327350
vt 0.737867 0.818672
vt 0.761315 0.818672
vt 0.564234 0.623770
vt 0.580431 0.626769
vt 0.552303 0.648220
vt 0.547300 0.623083
vt 0.556463 0.623968
vt 0.566810 0.648847
vt 0.338192 0.857892
vt 0.338697 0.895433
vt 0.730724 0.405503
vt 0.730778 0.421435
vt 0.721209 0.422238
vt 0.721697 0.406005
vt 0.730747 0.373635
vt 0.730746 0.389568
vt 0.721752 0.389809
vt 0.721766 0.373632
vt 0.560391 0.623802
vt 0.569291 0.649045
vt 0.576422 0.698891
vt 0.600041 0.698891
vt 0.716099 0.406229
vt 0.715622 0.422570
vt 0.704752 0.423512
vt 0.704881 0.406854
vt 0.335936 0.490357
vt 0.337230 0.558056
vt 0.325215 0.558056
vt 0.324119 0.489083
vt 0.380385 0.856939
vt 0.380919 0.894770
vt 0.377783 0.894819
vt 0.377631 0.856998
vt 0.347730 0.857783
vt 0.356300 0.857760
vt 0.356583 0.895152
vt 0.348072 0.895285
vt 0.718628 0.422354
vt 0.719015 0.406062
vt 0.371679 0.857246
vt 0.371858 0.894912
vt 0.367870 0.894974
vt 0.367682 0.857421
vt 0.545888 0.749497
vt 0.529444 0.750312
vt 0.553831 0.724157
vt 0.552303 0.749563
vt 0.549108 0.749389
vt 0.550662 0.724105
vt 0.424128 0.676004
vt 0.412007 0.676320
vt 0.412007 0.655186
vt 0.424151 0.656078
vt 0.373632 0.857174
vt 0.373790 0.894881
vt 0.372910 0.894895
vt 0.372740 0.857206
vt 0.761315 0.714765
vt 0.784762 0.714765
vt 0.357640 0.857728
vt 0.357900 0.895130
vt 0.341524 0.490701
vt 0.339254 0.558056
vt 0.338858 0.490439
vt 0.338242 0.558056
vt 0.339703 0.857855
vt 0.340163 0.895409
vt 0.737867 0.714765
vt 0.320665 0.558056
vt 0.319573 0.488759
vt 0.321912 0.488902
vt 0.323058 0.558056
vt 0.288719 0.896220
vt 0.287701 0.858541
vt 0.340931 0.857853
vt 0.341343 0.895391
vt 0.359119 0.857713
vt 0.359345 0.895107
vt 0.388861 0.619100
vt 0.388706 0.536395
vt 0.425172 0.538742
vt 0.425209 0.614419
vt 0.439633 0.612399
vt 0.439599 0.538742
vt 0.383139 0.856878
vt 0.384057 0.894720
vt 0.554984 0.698891
vt 0.553831 0.673626
vt 0.569103 0.674076
vt 0.571598 0.698891
vt 0.278133 0.858541
vt 0.278395 0.896381
vt 0.569103 0.723707
vt 0.566810 0.748936
vt 0.556463 0.773815
vt 0.547300 0.774699
vt 0.704994 0.357035
vt 0.716176 0.357336
vt 0.730757 0.357704
vt 0.721764 0.357457
vt 0.751411 0.404482
vt 0.737305 0.405248
vt 0.751397 0.419920
vt 0.737335 0.421058
vt 0.734325 0.421300
vt 0.734238 0.405400
vt 0.308336 0.558056
vt 0.307301 0.487066
vt 0.354022 0.492980
vt 0.351930 0.558056
vt 0.571529 0.723621
vt 0.569291 0.748737
vt 0.574011 0.698891
vt 0.560391 0.773981
vt 0.571529 0.674161
vt 0.550662 0.673678
vt 0.551815 0.698891
vt 0.544120 0.623254
vt 0.549108 0.648394
vt 0.544120 0.774529
vt 0.540866 0.774712
vt 0.529068 0.775892
vt 0.719029 0.389833
vt 0.719041 0.373631
vt 0.719039 0.357430
vt 0.719048 0.341203
vt 0.719160 0.324963
vt 0.734225 0.357772
vt 0.734254 0.341877
vt 0.734220 0.373636
vt 0.734331 0.325976
vt 0.734214 0.389502
vt 0.644078 0.610859
vt 0.714866 0.269349
vt 0.703706 0.269355
vt 0.703673 0.252763
vt 0.714862 0.253055
vt 0.690973 0.610859
vt 0.667525 0.610859
vt 0.500124 0.649310
vt 0.492606 0.623770
vt 0.508803 0.626769
vt 0.521334 0.651323
vt 0.457816 0.750312
vt 0.474260 0.749497
vt 0.469238 0.774712
vt 0.457440 0.775892
vt 0.714420 0.610859
vt 0.332569 0.933050
vt 0.325579 0.933190
vt 0.729439 0.301204
vt 0.729480 0.317137
vt 0.720434 0.317880
vt 0.720425 0.301705
vt 0.750122 0.269337
vt 0.736016 0.269342
vt 0.736010 0.253536
vt 0.750116 0.253918
vt 0.502335 0.723533
vt 0.524693 0.722649
vt 0.521334 0.746460
vt 0.500124 0.748473
vt 0.502335 0.674249
vt 0.524693 0.675133
vt 0.750127 0.284759
vt 0.750126 0.300184
vt 0.736019 0.300951
vt 0.736020 0.285147
vt 0.714858 0.318247
vt 0.703450 0.319215
vt 0.703608 0.302568
vt 0.714831 0.301951
vt 0.418627 0.462538
vt 0.406594 0.460916
vt 0.282075 0.934153
vt 0.284828 0.934093
vt 0.316518 0.933293
vt 0.307497 0.933318
vt 0.458114 0.698891
vt 0.458091 0.673219
vt 0.475830 0.673625
vt 0.476979 0.698891
vt 0.291563 0.933842
vt 0.295612 0.933665
vt 0.475830 0.724158
vt 0.458091 0.724564
vt 0.385721 0.676004
vt 0.373600 0.676320
vt 0.373600 0.655186
vt 0.385743 0.656078
vt 0.290347 0.933877
vt 0.306424 0.933342
vt 0.304627 0.933356
vt 0.422117 0.462800
vt 0.324446 0.933217
vt 0.323504 0.933221
vt 0.401217 0.460293
vt 0.403984 0.460586
vt 0.784762 0.610859
vt 0.750109 0.315630
vt 0.736040 0.316763
vt 0.737867 0.610859
vt 0.761315 0.610859
vt 0.508803 0.771014
vt 0.492606 0.774012
vt 0.480675 0.749563
vt 0.495182 0.748936
vt 0.484835 0.773815
vt 0.475672 0.774700
vt 0.339375 0.932971
vt 0.729422 0.237477
vt 0.720394 0.236974
vt 0.719907 0.220741
vt 0.729475 0.221544
vt 0.729445 0.269344
vt 0.720464 0.269347
vt 0.720450 0.253170
vt 0.729444 0.253411
vt 0.497663 0.748737
vt 0.488763 0.773981
vt 0.504794 0.698891
vt 0.528413 0.698891
vt 0.714797 0.236750
vt 0.703578 0.236125
vt 0.703450 0.219467
vt 0.714319 0.220409
vt 0.335936 0.625755
vt 0.324119 0.627029
vt 0.381572 0.932595
vt 0.378818 0.932622
vt 0.348911 0.932780
vt 0.357477 0.932532
vt 0.717712 0.236917
vt 0.717326 0.220625
vt 0.372863 0.932562
vt 0.368863 0.932513
vt 0.457816 0.647471
vt 0.474260 0.648285
vt 0.482203 0.673626
vt 0.479034 0.673678
vt 0.477480 0.648394
vt 0.480675 0.648220
vt 0.386425 0.676004
vt 0.386402 0.656078
vt 0.398546 0.655186
vt 0.398546 0.676320
vt 0.374816 0.932572
vt 0.373924 0.932568
vt 0.358818 0.932522
vt 0.341524 0.625411
vt 0.338858 0.625673
vt 0.340886 0.932960
vt 0.321912 0.627210
vt 0.319573 0.627353
vt 0.288886 0.933913
vt 0.342114 0.932924
vt 0.360296 0.932491
vt 0.388706 0.541089
vt 0.388861 0.458384
vt 0.425209 0.463066
vt 0.439633 0.465085
vt 0.384327 0.932569
vt 0.483356 0.698891
vt 0.499970 0.698891
vt 0.497475 0.723707
vt 0.482203 0.724157
vt 0.279321 0.934214
vt 0.497475 0.674076
vt 0.475672 0.623083
vt 0.484835 0.623968
vt 0.495182 0.648847
vt 0.714873 0.285643
vt 0.703692 0.285944
vt 0.729455 0.285276
vt 0.720461 0.285522
vt 0.736003 0.237731
vt 0.750109 0.238497
vt 0.736033 0.221922
vt 0.750095 0.223059
vt 0.732936 0.237579
vt 0.733023 0.221680
vt 0.307301 0.629045
vt 0.354022 0.623131
vt 0.499901 0.674161
vt 0.497663 0.649045
vt 0.502383 0.698891
vt 0.488763 0.623802
vt 0.499901 0.723621
vt 0.479034 0.724105
vt 0.480187 0.698891
vt 0.472492 0.774529
vt 0.477480 0.749389
vt 0.469238 0.623070
vt 0.472492 0.623254
vt 0.457440 0.621891
vt 0.717727 0.253146
vt 0.717739 0.269348
vt 0.717737 0.285549
vt 0.717746 0.301777
vt 0.717858 0.318016
vt 0.732922 0.285208
vt 0.732952 0.301102
vt 0.732917 0.269343
vt 0.733029 0.317003
vt 0.732912 0.253477

# vertex normals
vn 0.000000 -0.125302 0.992119
vn -0.000000 0.996466 -0.083997
vn -0.000000 0.999582 -0.028899
vn -0.000000 0.998610 -0.052701
vn -0.000000 -0.125302 -0.992119
vn -0.996851 -0.001723 0.079281
vn -0.996899 0.000265 0.078687
vn -0.998534 0.000128 0.054134
vn -0.998485 -0.001473 0.055011
vn 0.000000 -0.700021 0.714122
vn 0.000000 -0.946369 0.323089
vn 0.000000 -0.943670 0.330889
vn 0.000000 -0.505083 0.863071
vn 0.990587 -0.009716 0.136540
vn 0.990722 -0.036299 0.130968
vn 0.997063 -0.045568 0.061556
vn 0.994263 -0.017603 0.105506
vn 0.000000 0.999582 0.028899
vn 0.000000 0.996466 0.083997
vn 0.000000 0.998610 0.052701
vn -0.998534 0.000128 -0.054134
vn -0.998552 0.000140 -0.053795
vn -0.996869 0.000308 -0.079065
vn -0.996899 0.000265 -0.078687
vn 0.994263 -0.017603 -0.105507
vn 0.997063 -0.045568 -0.061557
vn 0.990722 -0.036299 -0.130968
vn 0.990587 -0.009716 -0.136540
vn -0.000000 -0.946369 -0.323089
vn -0.000000 -0.700021 -0.714122
vn -0.000000 -0.505083 -0.863071
vn -0.000000 -0.943670 -0.330889
vn 0.000000 1.000000 0.000000
vn 0.000000 -0.949560 0.313587
vn 0.999999 0.001170 -0.000000
vn 0.998645 0.002486 0.051984
vn 0.996955 0.007412 0.077628
vn -1.000000 -0.000579 0.000000
vn -0.999999 -0.001170 0.000000
vn -0.998645 -0.002486 0.051984
vn -0.996869 0.000308 0.079065
vn -0.998552 0.000140 0.053795
vn -1.000000 0.000000 0.000000
vn 0.998631 -0.052308 -0.000000
vn 0.996955 0.007412 -0.077628
vn 0.993317 0.014063 -0.114559
vn -0.998485 -0.001473 -0.055010
vn -0.996851 -0.001723 -0.079280
vn 0.993317 0.014063 0.114559
vn 0.996711 0.004711 0.080898
vn -0.998645 -0.002486 -0.051984
vn -0.996711 -0.004711 -0.080898
vn 0.998645 0.002486 -0.051984
vn 0.996711 0.004711 -0.080899
vn -0.000000 -0.741242 -0.671238
vn -0.000000 -0.083799 -0.996483
vn -0.000000 -0.646234 -0.763140
vn -0.996711 -0.004711 0.080899
vn 0.999989 -0.004590 -0.000000
vn 0.998494 -0.004582 0.054661
vn 0.000000 -1.000000 0.000000
vn 0.000000 0.743234 0.669031
vn 0.000000 -0.083799 0.996483
vn 0.000000 -0.741242 0.671238
vn 0.000000 -0.646234 0.763140
vn -0.000000 0.743234 -0.669031
vn 0.998494 -0.004582 -0.054661
vn -0.000000 -0.949560 -0.313587
vn -0.159448 0.058851 0.985451
vn -0.161109 0.060414 0.985086
vn -0.994202 0.008318 0.107209
vn -0.992357 0.009544 0.123031
vn 0.301544 -0.688866 -0.659193
vn -0.075774 -0.022835 -0.996863
vn -0.937741 0.318980 -0.137454
vn -0.824695 -0.522605 -0.216246
vn 0.937741 0.318980 -0.137455
vn 0.824695 -0.522605 -0.216246
vn 0.989775 -0.097000 -0.104575
vn 0.987917 0.083854 -0.130337
vn -0.069780 0.020950 0.997342
vn -0.075774 0.022835 0.996863
vn 0.570094 -0.821580 -0.000000
vn 0.455827 -0.890069 -0.000000
vn 0.545179 0.838320 -0.000000
vn 0.472099 0.881545 -0.000000
vn 0.541078 0.840972 -0.000000
vn -0.545179 0.838320 0.000000
vn -0.541078 0.840972 0.000000
vn -0.301544 -0.688866 -0.659193
vn -0.000000 -0.713230 -0.700930
vn -0.455827 -0.890069 0.000000
vn 0.069780 0.020950 0.997342
vn 0.075774 0.022835 0.996863
vn 0.000000 0.000000 1.000000
vn 0.075774 -0.022835 -0.996863
vn -0.000000 0.000000 -1.000000
vn 0.159448 0.058851 0.985451
vn 0.161110 0.060414 0.985086
vn -0.472099 0.881545 0.000000
vn -0.570094 -0.821580 0.000000
vn 1.000000 0.000000 -0.000000
vn 0.994202 0.008318 0.107209
vn 0.992357 0.009544 0.123031
vn -0.028485 0.985522 -0.167136
vn 0.987470 0.084343 -0.133374
vn -0.987917 0.083854 -0.130337
vn 0.028485 0.985522 -0.167136
vn -0.511120 -0.859509 0.000000
vn -0.388735 -0.917048 -0.088928
vn 0.388735 -0.917048 -0.088928
vn 0.511120 -0.859509 -0.000000
vn -0.985306 -0.114658 -0.126592
vn -0.987470 0.084343 -0.133374
vn -0.989775 -0.097000 -0.104575
vn 0.985306 -0.114658 -0.126592
vn -0.159448 0.058851 -0.985451
vn -0.992357 0.009544 -0.123031
vn -0.994202 0.008318 -0.107209
vn -0.161110 0.060414 -0.985086
vn 0.301544 -0.688866 0.659193
vn -0.824695 -0.522605 0.216246
vn -0.937741 0.318980 0.137455
vn -0.075774 -0.022835 0.996863
vn 0.937741 0.318980 0.137454
vn 0.987917 0.083854 0.130337
vn 0.989775 -0.097000 0.104575
vn 0.824695 -0.522605 0.216246
vn -0.069780 0.020950 -0.997342
vn -0.075774 0.022835 -0.996863
vn -0.301544 -0.688866 0.659193
vn 0.000000 -0.713230 0.700930
vn 0.069780 0.020950 -0.997342
vn 0.075774 0.022835 -0.996863
vn 0.075774 -0.022835 0.996863
vn 0.159448 0.058851 -0.985451
vn 0.161109 0.060414 -0.985086
vn 0.992357 0.009544 -0.123031
vn 0.994202 0.008318 -0.107209
vn -0.028485 0.985522 0.167136
vn -0.987917 0.083854 0.130337
vn 0.987470 0.084343 0.133374
vn 0.028485 0.985522 0.167136
vn -0.388735 -0.917048 0.088928
vn 0.388735 -0.917048 0.088928
vn -0.987470 0.084343 0.133374
vn -0.985306 -0.114658 0.126592
vn -0.989775 -0.097000 0.104575
vn 0.985306 -0.114658 0.126592
vn 0.993548 -0.058159 0.097368
vn 0.995682 -0.035499 0.085772
vn 0.998096 -0.038336 0.048320
vn 0.998186 -0.042398 0.042750
vn -0.997300 0.073368 0.003052
vn -0.997307 0.073274 0.003188
vn -0.997226 0.073857 0.009205
vn -0.997262 0.072650 0.013768
vn 0.960765 0.277362 -0.000000
vn 0.986949 0.161034 -0.000000
vn 0.986937 0.161108 -0.000000
vn 0.960880 0.276964 -0.000000
vn -0.996060 -0.088010 0.010883
vn -0.995959 -0.089258 0.009897
vn -0.996124 -0.077770 0.041097
vn -0.995444 -0.090071 0.031280
vn 0.089453 0.373625 0.923256
vn 0.103931 0.439851 0.892037
vn 0.239858 0.438117 0.866327
vn 0.231125 0.439149 0.868176
vn -0.173520 -0.984830 0.000000
vn 0.261816 0.297307 0.918184
vn 0.355489 0.389126 0.849828
vn 0.905934 0.212616 0.366166
vn 0.831051 0.266593 0.488142
vn 0.896783 0.146802 0.417408
vn 0.898547 0.141448 0.415459
vn -0.997047 0.074974 0.016598
vn -0.997102 0.072910 0.021709
vn 0.997144 0.075530 -0.000000
vn 0.997280 0.073651 0.002808
vn -0.082620 -0.029501 -0.996144
vn -0.057760 -0.013877 -0.998234
vn -0.069774 -0.024640 -0.997258
vn -0.090303 -0.029978 -0.995463
vn -0.025034 0.999684 0.002099
vn -0.052601 0.998609 0.003495
vn -0.039691 0.999212 0.000000
vn -0.006045 0.999982 0.000000
vn 0.000000 0.991671 0.128796
vn 0.000864 0.991696 0.128600
vn 0.003454 0.997970 0.063598
vn 0.000000 0.997911 0.064601
vn 0.009498 0.992225 0.124091
vn 0.009498 0.998864 0.046698
vn -0.016404 -0.769051 -0.638976
vn -0.000000 -0.767023 -0.641619
vn 0.000000 -0.997603 0.069200
vn 0.004318 -0.998110 0.061301
vn -0.088601 0.996067 0.001096
vn -0.094571 0.995518 0.000000
vn -0.089455 0.995990 0.001096
vn -0.027622 -0.774014 -0.632566
vn 0.008635 -0.998963 0.044698
vn 0.980981 -0.193221 -0.018465
vn 0.953703 -0.300444 -0.013585
vn -0.064631 -0.997746 0.018063
vn -0.084323 -0.996438 0.000996
vn 0.018995 0.995762 0.089988
vn 0.015542 0.999183 0.037296
vn -0.015541 -0.845075 -0.534421
vn 0.006908 -0.999486 0.031300
vn 0.235895 0.971778 -0.000000
vn 0.489093 0.872231 -0.000000
vn 0.488519 0.872553 -0.000000
vn 0.994161 0.107902 0.001278
vn 0.994208 0.107464 0.001276
vn -0.973581 -0.228344 0.000000
vn -0.377791 -0.925891 0.000000
vn -0.973859 -0.227154 0.000000
vn -0.994523 -0.088046 0.056318
vn -0.994558 -0.076022 0.071239
vn -0.046580 -0.031067 -0.998431
vn -0.043138 -0.051854 -0.997723
vn -0.047440 -0.028568 -0.998466
vn -0.050024 -0.010887 -0.998689
vn -0.007771 -0.068395 -0.997628
vn -0.006908 -0.066796 -0.997743
vn -0.022447 -0.068785 -0.997379
vn -0.031072 -0.064868 -0.997410
vn -0.000000 -0.061799 -0.998089
vn -0.034521 -0.115235 -0.992738
vn -0.034519 -0.118325 -0.992375
vn -0.034522 -0.122534 -0.991864
vn 0.983030 -0.183444 -0.000000
vn 0.997116 0.074116 0.016304
vn 0.997311 0.072396 0.011352
vn 0.997155 0.072286 0.021360
vn 0.660706 0.750644 -0.000000
vn 0.995127 -0.098557 -0.003109
vn 0.995856 -0.090885 -0.003393
vn 0.998896 -0.044685 -0.014508
vn 0.998973 -0.044195 -0.010002
vn 0.998978 -0.044156 -0.009651
vn -0.064628 -0.122940 -0.990308
vn -0.051742 -0.123733 -0.990966
vn 0.999225 0.039370 -0.000000
vn 0.997966 0.063619 0.004144
vn 0.997956 0.063602 0.006246
vn 0.997966 0.063619 0.004171
vn -0.025897 -0.999482 0.019094
vn -0.013816 -0.999848 0.010599
vn 0.998964 0.044740 -0.008366
vn 0.999116 0.041153 -0.008543
vn 0.999117 0.041140 -0.008519
vn 0.998964 0.044665 -0.008739
vn -0.074058 0.997247 0.003790
vn -0.074915 0.997184 0.003490
vn 0.968064 -0.250085 -0.017577
vn -0.089455 -0.995990 0.000996
vn 0.988156 0.121478 0.093760
vn 0.961337 0.169368 0.217131
vn 0.993999 0.090561 0.061358
vn 0.290983 0.340133 0.894225
vn 0.997679 0.065272 0.019406
vn 0.997818 0.065328 0.009555
vn 0.000000 0.446694 0.894687
vn 0.107323 0.434900 0.894060
vn 0.998921 0.046447 -0.000000
vn -0.000000 -0.001800 -0.999998
vn 0.000863 -0.001600 -0.999998
vn -0.020720 -0.016096 -0.999656
vn -0.009498 -0.008099 -0.999922
vn -0.057762 -0.051816 -0.996985
vn -0.037105 -0.029079 -0.998888
vn -0.000000 -0.001900 -0.999998
vn -0.000000 -0.002000 -0.999998
vn -0.063771 -0.057982 -0.996279
vn -0.097126 -0.000995 -0.995272
vn -0.073202 -0.004089 -0.997309
vn -0.064628 -0.004491 -0.997899
vn -0.105629 -0.001392 -0.994405
vn -0.056041 -0.019270 -0.998242
vn -0.082615 -0.000199 -0.996581
vn -0.000000 -0.038598 -0.999255
vn -0.019857 -0.006599 -0.999781
vn 0.013815 0.999905 -0.000000
vn -0.989614 -0.069489 0.125835
vn -0.997218 -0.034321 0.066167
vn -0.996831 -0.030184 0.073603
vn -0.996688 -0.035269 0.073277
vn 0.997286 0.073565 0.002931
vn 0.997182 0.074594 0.008028
vn -0.951533 0.307546 0.000000
vn -0.951649 0.307186 0.000000
vn -0.984130 0.177447 0.000000
vn -0.080909 0.336610 0.938162
vn -0.240660 0.431543 0.869398
vn -0.250094 0.429977 0.867509
vn -0.103924 0.436737 0.893566
vn 0.173520 -0.984830 -0.000000
vn -0.403502 0.450509 0.796384
vn -0.412057 0.452640 0.790775
vn -0.898699 0.285448 0.332956
vn -0.931250 0.247113 0.267785
vn -0.450264 0.498443 0.740822
vn -0.927223 0.161144 0.338067
vn -0.943335 0.165140 0.287833
vn -0.996964 0.076992 0.011600
vn 0.082619 -0.029501 -0.996144
vn 0.090303 -0.029978 -0.995463
vn 0.069774 -0.024640 -0.997258
vn 0.057759 -0.013877 -0.998234
vn 0.025034 0.999684 0.002099
vn 0.006045 0.999982 -0.000000
vn 0.039691 0.999212 -0.000000
vn 0.052601 0.998609 0.003495
vn -0.003454 0.997970 0.063598
vn -0.000864 0.991696 0.128600
vn -0.009498 0.998864 0.046698
vn -0.009498 0.992225 0.124091
vn 0.016404 -0.769051 -0.638976
vn -0.004318 -0.998110 0.061301
vn 0.088601 0.996067 0.001096
vn 0.089455 0.995990 0.001096
vn 0.094571 0.995518 -0.000000
vn 0.027621 -0.773876 -0.632735
vn -0.008635 -0.998963 0.044698
vn 0.084323 -0.996438 0.000996
vn 0.064631 -0.997746 0.018063
vn 0.062053 -0.997861 0.020560
vn -0.015542 0.999183 0.037296
vn -0.018995 0.995762 0.089988
vn 0.015542 -0.844928 -0.534654
vn -0.006908 -0.999486 0.031300
vn -0.235895 0.971778 0.000000
vn -0.488519 0.872553 0.000000
vn -0.489093 0.872231 0.000000
vn -0.994208 0.107464 0.001276
vn -0.994161 0.107902 0.001278
vn 0.973581 -0.228344 -0.000000
vn 0.973859 -0.227154 -0.000000
vn 0.377791 -0.925891 -0.000000
vn 0.996124 -0.077770 0.041097
vn 0.994523 -0.088046 0.056318
vn 0.994558 -0.076022 0.071239
vn 0.050024 -0.032861 -0.998207
vn 0.050023 -0.010787 -0.998690
vn 0.052602 -0.031556 -0.998117
vn 0.044858 -0.052747 -0.997600
vn 0.007771 -0.068395 -0.997628
vn 0.031071 -0.064868 -0.997410
vn 0.022446 -0.068785 -0.997379
vn 0.006908 -0.066796 -0.997743
vn 0.034521 -0.115235 -0.992738
vn 0.030211 -0.122551 -0.992002
vn 0.032795 -0.118332 -0.992432
vn -0.983030 -0.183444 0.000000
vn 0.997013 0.076690 0.009168
vn -0.689890 0.723915 0.000000
vn -0.993923 -0.108890 -0.016118
vn -0.996306 -0.084742 -0.013879
vn -0.979557 -0.199671 -0.024480
vn -0.998917 -0.044437 -0.013815
vn -0.999042 -0.042218 -0.011528
vn -0.999012 -0.042757 -0.012083
vn 0.079199 -0.122222 -0.989338
vn 0.046579 -0.123863 -0.991205
vn 0.059480 -0.123287 -0.990587
vn -0.999225 0.039370 0.000000
vn -0.997966 0.063619 0.004145
vn -0.997966 0.063619 0.004171
vn -0.997956 0.063602 0.006247
vn 0.025897 -0.999482 0.019094
vn 0.013816 -0.999848 0.010599
vn -0.998964 0.044740 -0.008366
vn -0.998964 0.044665 -0.008739
vn -0.999117 0.041140 -0.008518
vn -0.999116 0.041153 -0.008543
vn 0.074058 0.997247 0.003790
vn 0.074915 0.997184 0.003490
vn 0.089455 -0.995991 -0.000000
vn -0.988156 0.121478 0.093760
vn -0.994000 0.090545 0.061358
vn -0.964207 0.170152 0.203353
vn -0.372260 0.408891 0.833205
vn -0.997679 0.065272 0.019406
vn -0.997818 0.065328 0.009555
vn -0.106474 0.431658 0.895732
vn -0.998921 0.046447 0.000000
vn 0.009498 -0.008099 -0.999922
vn 0.020719 -0.016096 -0.999656
vn -0.000864 -0.001600 -0.999998
vn 0.037105 -0.029079 -0.998888
vn 0.057762 -0.051816 -0.996985
vn 0.063771 -0.057982 -0.996279
vn 0.097126 -0.000995 -0.995272
vn 0.105629 -0.001392 -0.994405
vn 0.064628 -0.004491 -0.997899
vn 0.073201 -0.004089 -0.997309
vn 0.056041 -0.019270 -0.998242
vn 0.082614 -0.000199 -0.996582
vn 0.019856 -0.006599 -0.999781
vn -0.013815 0.999905 0.000000
vn 0.572500 0.088096 0.815158
vn 0.226347 0.256956 0.939543
vn 0.086032 0.357768 0.929839
vn -0.075773 0.317292 0.945296
vn -0.388028 0.440130 0.809765
vn -0.776322 0.128550 0.617090
vn 0.974636 -0.201197 -0.098004
vn 0.980831 -0.172205 0.091188
vn 0.500482 0.042775 0.864690
vn -0.997846 0.065392 -0.005249
vn 0.098822 -0.030451 -0.994639
vn 0.995959 -0.089258 0.009896
vn 0.996060 -0.088010 0.010883
vn 0.995444 -0.090071 0.031280
vn 0.994826 -0.101596 -0.000000
vn 0.997846 0.065392 -0.005249
vn -0.098822 -0.030451 -0.994639
vn -0.994826 -0.101596 0.000000
vn 0.729837 0.051731 0.681661
vn 0.997590 -0.039915 0.056759
vn -0.084325 -0.121667 -0.988982
vn -0.976423 -0.215598 -0.010796
vn -0.966737 -0.179711 0.182001
vn -0.997144 0.075530 0.000000
vn -0.494816 0.043804 0.867893
vn -0.997406 -0.039468 0.060195
vn -0.665108 0.062759 0.744105
vn -0.998597 -0.049516 -0.018761
vn -0.994003 -0.102377 0.038439
vn 0.994003 -0.102377 0.038439
vn 0.993548 -0.058159 -0.097368
vn 0.998186 -0.042398 -0.042750
vn 0.998096 -0.038336 -0.048320
vn 0.995682 -0.035499 -0.085772
vn -0.997300 0.073368 -0.003052
vn -0.997262 0.072650 -0.013767
vn -0.997226 0.073857 -0.009205
vn -0.997307 0.073274 -0.003188
vn -0.996060 -0.088010 -0.010883
vn -0.995444 -0.090071 -0.031280
vn -0.996124 -0.077770 -0.041097
vn -0.995959 -0.089258 -0.009896
vn 0.089453 0.373625 -0.923256
vn 0.231125 0.439149 -0.868176
vn 0.239858 0.438117 -0.866327
vn 0.103931 0.439851 -0.892037
vn 0.261816 0.297307 -0.918184
vn 0.831050 0.266593 -0.488143
vn 0.905934 0.212616 -0.366167
vn 0.355489 0.389126 -0.849828
vn 0.896783 0.146802 -0.417408
vn 0.898547 0.141448 -0.415459
vn -0.997102 0.072910 -0.021708
vn -0.997047 0.074974 -0.016598
vn 0.997280 0.073651 -0.002809
vn -0.082619 -0.029501 0.996144
vn -0.090303 -0.029978 0.995463
vn -0.069774 -0.024640 0.997258
vn -0.057759 -0.013877 0.998234
vn -0.025034 0.999684 -0.002099
vn -0.052601 0.998609 -0.003495
vn -0.000000 0.991671 -0.128796
vn -0.000000 0.997911 -0.064601
vn 0.003454 0.997970 -0.063598
vn 0.000864 0.991696 -0.128600
vn 0.009498 0.998864 -0.046698
vn 0.009498 0.992225 -0.124091
vn -0.016404 -0.769051 0.638976
vn 0.004318 -0.998110 -0.061301
vn -0.000000 -0.997603 -0.069200
vn 0.000000 -0.767023 0.641619
vn -0.088601 0.996067 -0.001096
vn -0.089455 0.995990 -0.001096
vn -0.027622 -0.774014 0.632566
vn 0.008635 -0.998963 -0.044698
vn 0.980981 -0.193221 0.018465
vn -0.084323 -0.996438 -0.000996
vn -0.064631 -0.997746 -0.018063
vn 0.953703 -0.300444 0.013585
vn 0.015542 0.999183 -0.037296
vn 0.018995 0.995762 -0.089988
vn -0.015541 -0.845075 0.534421
vn 0.006908 -0.999486 -0.031300
vn 0.994208 0.107464 -0.001276
vn 0.994161 0.107902 -0.001278
vn -0.994523 -0.088046 -0.056318
vn -0.994558 -0.076022 -0.071239
vn -0.046580 -0.031067 0.998431
vn -0.050023 -0.010887 0.998689
vn -0.047440 -0.028568 0.998466
vn -0.043138 -0.051854 0.997723
vn -0.007771 -0.068395 0.997628
vn -0.031071 -0.064868 0.997410
vn -0.022446 -0.068785 0.997379
vn -0.006908 -0.066796 0.997743
vn 0.000000 -0.061799 0.998089
vn -0.034521 -0.115235 0.992738
vn -0.034522 -0.122534 0.991864
vn -0.034519 -0.118325 0.992375
vn 0.997116 0.074116 -0.016305
vn 0.997155 0.072286 -0.021361
vn 0.997311 0.072396 -0.011353
vn 0.995127 -0.098557 0.003109
vn 0.995856 -0.090885 0.003393
vn 0.998896 -0.044685 0.014508
vn 0.998978 -0.044156 0.009651
vn 0.998973 -0.044195 0.010002
vn -0.064627 -0.122940 0.990308
vn -0.051741 -0.123733 0.990966
vn 0.997966 0.063619 -0.004145
vn 0.997966 0.063619 -0.004171
vn 0.997956 0.063602 -0.006247
vn -0.025897 -0.999482 -0.019094
vn -0.013816 -0.999848 -0.010599
vn 0.998964 0.044740 0.008366
vn 0.998964 0.044665 0.008739
vn 0.999117 0.041140 0.008518
vn 0.999116 0.041153 0.008543
vn -0.074058 0.997247 -0.003790
vn -0.074915 0.997184 -0.003490
vn 0.968064 -0.250085 0.017577
vn -0.089455 -0.995990 -0.000996
vn 0.988156 0.121478 -0.093760
vn 0.993999 0.090561 -0.061358
vn 0.961337 0.169368 -0.217131
vn 0.290983 0.340133 -0.894225
vn 0.997679 0.065272 -0.019406
vn 0.997818 0.065328 -0.009555
vn -0.000000 0.446694 -0.894687
vn 0.107323 0.434900 -0.894060
vn 0.000000 -0.001800 0.999998
vn -0.009498 -0.008099 0.999922
vn -0.020719 -0.016096 0.999656
vn 0.000864 -0.001600 0.999998
vn -0.037105 -0.029079 0.998888
vn -0.057762 -0.051816 0.996985
vn 0.000000 -0.001900 0.999998
vn 0.000000 -0.002000 0.999998
vn -0.063771 -0.057982 0.996279
vn -0.097126 -0.000995 0.995272
vn -0.105629 -0.001392 0.994405
vn -0.064628 -0.004491 0.997899
vn -0.073201 -0.004089 0.997309
vn -0.056041 -0.019270 0.998242
vn -0.082614 -0.000199 0.996582
vn 0.000000 -0.038598 0.999255
vn -0.019856 -0.006599 0.999781
vn -0.989614 -0.069489 -0.125835
vn -0.996688 -0.035269 -0.073277
vn -0.996831 -0.030184 -0.073603
vn -0.997218 -0.034321 -0.066167
vn 0.997286 0.073565 -0.002931
vn 0.997182 0.074594 -0.008028
vn -0.080909 0.336610 -0.938162
vn -0.103924 0.436737 -0.893566
vn -0.250094 0.429977 -0.867509
vn -0.240660 0.431543 -0.869398
vn -0.898699 0.285448 -0.332955
vn -0.412058 0.452640 -0.790775
vn -0.403502 0.450509 -0.796384
vn -0.450264 0.498443 -0.740822
vn -0.931250 0.247113 -0.267785
vn -0.927224 0.161144 -0.338067
vn -0.943335 0.165140 -0.287833
vn -0.996964 0.076992 -0.011600
vn 0.082620 -0.029501 0.996144
vn 0.057760 -0.013877 0.998234
vn 0.069774 -0.024640 0.997258
vn 0.090303 -0.029978 0.995463
vn 0.025034 0.999684 -0.002099
vn 0.052601 0.998609 -0.003495
vn -0.000864 0.991696 -0.128600
vn -0.003454 0.997970 -0.063598
vn -0.009498 0.992225 -0.124091
vn -0.009498 0.998864 -0.046698
vn 0.016404 -0.769051 0.638976
vn -0.004318 -0.998110 -0.061301
vn 0.088601 0.996067 -0.001096
vn 0.089455 0.995990 -0.001096
vn 0.027621 -0.773876 0.632735
vn -0.008635 -0.998963 -0.044698
vn 0.084323 -0.996438 -0.000996
vn 0.062053 -0.997861 -0.020560
vn 0.064631 -0.997746 -0.018063
vn -0.018995 0.995762 -0.089988
vn -0.015542 0.999183 -0.037296
vn 0.015542 -0.844928 0.534654
vn -0.006908 -0.999486 -0.031300
vn -0.994161 0.107902 -0.001278
vn -0.994208 0.107464 -0.001276
vn 0.996124 -0.077770 -0.041097
vn 0.994558 -0.076022 -0.071239
vn 0.994523 -0.088046 -0.056318
vn 0.050024 -0.032861 0.998207
vn 0.044858 -0.052747 0.997600
vn 0.052602 -0.031556 0.998117
vn 0.050024 -0.010787 0.998690
vn 0.007771 -0.068395 0.997628
vn 0.006908 -0.066796 0.997743
vn 0.022447 -0.068785 0.997379
vn 0.031072 -0.064868 0.997410
vn 0.034521 -0.115235 0.992738
vn 0.032795 -0.118332 0.992432
vn 0.030211 -0.122551 0.992002
vn 0.997013 0.076690 -0.009168
vn -0.993923 -0.108890 0.016118
vn -0.979557 -0.199671 0.024480
vn -0.996306 -0.084742 0.013879
vn -0.998917 -0.044437 0.013815
vn -0.999012 -0.042757 0.012084
vn -0.999042 -0.042218 0.011529
vn 0.079199 -0.122222 0.989338
vn 0.059480 -0.123287 0.990587
vn 0.046579 -0.123863 0.991205
vn -0.997966 0.063619 -0.004144
vn -0.997956 0.063602 -0.006246
vn -0.997966 0.063619 -0.004171
vn 0.025897 -0.999482 -0.019094
vn 0.013816 -0.999848 -0.010599
vn -0.998964 0.044740 0.008366
vn -0.999116 0.041153 0.008543
vn -0.999117 0.041140 0.008519
vn -0.998964 0.044665 0.008739
vn 0.074058 0.997247 -0.003790
vn 0.074915 0.997184 -0.003490
vn -0.988156 0.121478 -0.093760
vn -0.964207 0.170152 -0.203353
vn -0.993999 0.090561 -0.061358
vn -0.372260 0.408891 -0.833205
vn -0.997679 0.065272 -0.019406
vn -0.997818 0.065328 -0.009555
vn -0.106474 0.431657 -0.895732
vn -0.000863 -0.001600 0.999998
vn 0.020720 -0.016096 0.999656
vn 0.009498 -0.008099 0.999922
vn 0.057762 -0.051816 0.996985
vn 0.037105 -0.029079 0.998888
vn 0.063771 -0.057982 0.996279
vn 0.097126 -0.000995 0.995272
vn 0.073202 -0.004089 0.997309
vn 0.064628 -0.004491 0.997899
vn 0.105629 -0.001392 0.994405
vn 0.056041 -0.019270 0.998242
vn 0.082615 -0.000199 0.996581
vn 0.019857 -0.006599 0.999781
vn 0.572500 0.088096 -0.815158
vn 0.226346 0.256957 -0.939543
vn 0.086032 0.357768 -0.929839
vn -0.075773 0.317292 -0.945296
vn -0.388028 0.440130 -0.809765
vn -0.776322 0.128550 -0.617090
vn 0.974636 -0.201197 0.098004
vn 0.980831 -0.172205 -0.091189
vn 0.500481 0.042775 -0.864690
vn -0.997846 0.065392 0.005249
vn 0.098822 -0.030451 0.994639
vn 0.995959 -0.089258 -0.009897
vn 0.995444 -0.090071 -0.031280
vn 0.996060 -0.088010 -0.010883
vn 0.997846 0.065392 0.005249
vn -0.098822 -0.030451 0.994639
vn 0.729837 0.051731 -0.681662
vn 0.997590 -0.039915 -0.056759
vn -0.084325 -0.121667 0.988982
vn -0.976423 -0.215598 0.010796
vn -0.966737 -0.179711 -0.182000
vn -0.494816 0.043804 -0.867893
vn -0.997406 -0.039468 -0.060195
vn -0.665108 0.062759 -0.744105
vn -0.998597 -0.049516 0.018761
vn -0.994003 -0.102377 -0.038439
vn 0.994003 -0.102377 -0.038439
vn -0.000000 -0.040599 -0.999176
vn 0.022445 -0.047586 -0.998615
vn -0.043137 -0.018284 -0.998902
vn -0.031936 -0.026588 -0.999136
vn -0.056044 -0.008687 -0.998390
vn 0.061197 0.011778 -0.998056
vn 0.068917 0.014166 -0.997522
vn 0.055184 0.009786 -0.998428
vn -0.000000 0.999769 -0.021499
vn 0.235888 0.971555 -0.020901
vn -0.008635 -0.073497 -0.997258
vn -0.004318 -0.084501 -0.996414
vn 0.001727 -0.099999 -0.994986
vn -0.000000 -0.149998 -0.988686
vn -0.000000 -0.150096 -0.988671
vn 0.011225 -0.042098 -0.999050
vn 0.043137 -0.018284 -0.998902
vn 0.031935 -0.026588 -0.999136
vn 0.007771 -0.044299 -0.998988
vn -0.011225 -0.042098 -0.999050
vn -0.007772 -0.044299 -0.998988
vn 0.008635 -0.144495 -0.989468
vn 0.005181 -0.146793 -0.989154
vn -0.049160 -0.096881 -0.994081
vn -0.044859 -0.071630 -0.996422
vn 0.997861 -0.065107 -0.005935
vn 0.997878 -0.065115 -0.000000
vn 0.991710 0.127874 -0.012632
vn 0.988683 0.149898 -0.006001
vn 0.988625 0.150401 -0.000000
vn 0.991789 0.127883 -0.000000
vn 0.489082 0.872037 -0.018705
vn 0.660695 0.750481 -0.016148
vn -0.000000 0.001100 -0.999999
vn -0.020720 0.003799 -0.999778
vn -0.027622 0.004698 -0.999607
vn 0.984121 0.177457 -0.003797
vn 0.949806 0.312767 -0.006732
vn 0.948914 0.315535 -0.000000
vn 0.984125 0.177478 -0.000000
vn 0.027622 0.004698 -0.999607
vn 0.020720 0.003799 -0.999778
vn 0.999595 0.027405 -0.007701
vn 0.631520 -0.775182 0.016589
vn 0.631897 -0.775053 -0.000000
vn 1.000000 -0.000336 -0.000000
vn 0.999991 0.004160 -0.000093
vn 0.039689 0.998979 -0.021582
vn 0.999914 0.013111 -0.000280
vn 0.999951 0.009925 -0.000000
vn 0.568650 -0.822580 -0.000743
vn 0.568650 -0.822580 -0.000000
vn 0.999999 -0.001008 -0.000000
vn 0.999953 -0.009622 -0.000802
vn -0.400826 0.916154 0.000000
vn -0.400816 0.915948 -0.019631
vn 0.234302 0.971939 -0.020909
vn 0.234309 0.972162 -0.000000
vn 0.755576 -0.654991 -0.009583
vn 0.755578 -0.655059 -0.000000
vn 0.999998 -0.001726 -0.000000
vn 0.999865 -0.011426 -0.011835
vn 0.013815 -0.141086 -0.989901
vn 0.056044 -0.008687 -0.998391
vn 0.056042 0.011981 -0.998356
vn 0.068060 0.014267 -0.997579
vn 0.046582 0.010090 -0.998863
vn -0.235888 0.971555 -0.020901
vn 0.008635 -0.073795 -0.997236
vn -0.000864 -0.100702 -0.994916
vn 0.004317 -0.084998 -0.996372
vn -0.000000 -0.040699 -0.999171
vn 0.007772 -0.048101 -0.998812
vn 0.009498 -0.050499 -0.998679
vn -0.106476 0.302892 -0.947058
vn -0.174339 0.457067 -0.872179
vn -0.066347 0.198370 -0.977879
vn 0.053463 -0.079488 -0.995401
vn -0.000000 -0.050501 -0.998724
vn 0.044860 -0.071431 -0.996436
vn 0.050024 -0.096184 -0.994106
vn -0.998152 -0.060519 -0.005472
vn -0.998167 -0.060517 0.000000
vn -0.991710 0.127874 -0.012632
vn -0.991789 0.127883 0.000000
vn -0.988625 0.150401 0.000000
vn -0.988683 0.149898 -0.006001
vn -0.489082 0.872037 -0.018705
vn -0.660695 0.750481 -0.016147
vn -0.660706 0.750644 0.000000
vn 0.026760 0.578806 -0.815026
vn 0.036243 0.566521 -0.823250
vn 0.017268 -0.293564 -0.955783
vn 0.028483 -0.047679 -0.998456
vn -0.984121 0.177457 -0.003797
vn -0.984125 0.177478 0.000000
vn -0.948914 0.315535 0.000000
vn -0.949806 0.312767 -0.006731
vn -0.055184 0.009786 -0.998428
vn -0.061197 0.011778 -0.998056
vn -0.050882 -0.674134 -0.736854
vn -0.114951 -0.668975 -0.734342
vn -0.070632 0.001995 -0.997500
vn -0.020720 0.002499 -0.999782
vn -0.999595 0.027405 -0.007700
vn -0.675156 0.737506 -0.015800
vn -0.675167 0.737665 0.000000
vn -0.999935 0.011426 0.000000
vn -0.999875 0.015777 -0.000339
vn -0.940955 0.338532 0.000000
vn -0.940917 0.338558 -0.007293
vn -0.826477 0.562841 -0.012106
vn -0.827600 0.561318 0.000000
vn -0.684523 0.728841 -0.014813
vn -0.684525 0.728990 0.000000
vn -0.999737 -0.006763 -0.021930
vn -0.977993 -0.208638 0.000000
vn -0.753823 0.657078 0.000000
vn -0.753566 0.657220 -0.014124
vn -0.232714 0.972320 -0.020917
vn -0.233515 0.972353 0.000000
vn -0.588963 -0.808160 0.000000
vn -0.588988 -0.808113 -0.006894
vn -0.999883 -0.010523 -0.011131
vn -1.000000 -0.000649 0.000000
vn 0.532683 0.846315 -0.000000
vn 0.532710 0.846103 -0.018159
vn 0.871200 -0.490815 0.010575
vn 0.871206 -0.490918 -0.000000
vn 0.660328 0.750804 -0.016155
vn 0.677967 0.734923 -0.015747
vn 0.677978 0.735083 -0.000000
vn 0.551826 0.833767 -0.017900
vn 0.551799 0.833977 -0.000000
vn -0.220742 0.975105 -0.021075
vn -0.220728 0.975335 0.000000
vn -0.660328 0.750804 -0.016154
vn -0.946941 -0.321409 0.000000
vn -0.946939 -0.321340 0.006894
vn 0.812782 0.582568 -0.000000
vn 0.812777 0.582505 -0.009029
vn 0.997098 -0.073978 -0.017979
vn 0.644284 0.764786 -0.000000
vn 0.644284 0.764786 -0.000231
vn 0.979238 -0.202714 -0.000000
vn -0.991634 0.127846 -0.017812
vn -0.000000 0.001200 -0.999999
vn 0.019857 0.004999 -0.999790
vn 0.014678 0.004000 -0.999884
vn 0.991634 0.127846 -0.017812
vn -0.014678 0.004000 -0.999884
vn -0.019857 0.004999 -0.999790
vn -0.056042 0.011981 -0.998356
vn -0.046582 0.010090 -0.998863
vn -0.068060 0.014267 -0.997579
vn -0.022445 -0.047586 -0.998615
vn -0.007772 -0.048101 -0.998812
vn -0.009499 -0.050499 -0.998679
vn -0.005181 -0.146793 -0.989154
vn -0.008635 -0.144495 -0.989468
vn -0.013815 -0.141086 -0.989901
vn -0.006045 0.633787 -0.773484
vn -0.018130 0.629178 -0.777050
vn -0.018994 -0.320846 -0.946941
vn -0.009499 -0.061000 -0.998093
vn -0.633532 0.773688 -0.006684
vn -0.633546 0.773705 0.000000
vn -0.997000 -0.075355 -0.017667
vn -0.997156 -0.075361 0.000000
vn -0.601665 -0.798748 0.000000
vn -0.601650 -0.798648 -0.013390
vn -0.976482 -0.215598 0.000000
vn -0.015542 -0.019198 -0.999695
vn -0.053463 -0.079488 -0.995401
vn 0.106476 0.302892 -0.947058
vn -0.018995 -0.018397 -0.999650
vn -0.000000 -0.024600 -0.999697
vn 0.066347 0.198370 -0.977879
vn 0.174339 0.457067 -0.872179
vn 0.015542 -0.019198 -0.999695
vn 0.091157 -0.169800 -0.981254
vn 0.012952 -0.019998 -0.999716
vn 0.196486 -0.443901 -0.874268
vn 0.018994 -0.018397 -0.999650
vn -0.091157 -0.169800 -0.981253
vn -0.196486 -0.443901 -0.874268
vn -0.012952 -0.019998 -0.999716
vn 0.020720 0.002499 -0.999782
vn -0.000000 -0.002100 -0.999998
vn -0.000000 0.677200 -0.735799
vn -0.020720 0.678458 -0.734347
vn -0.001727 0.338786 -0.940862
vn 0.070631 0.001995 -0.997500
vn -0.056041 0.681833 -0.729358
vn -0.086894 0.682378 -0.725817
vn 0.020720 0.678458 -0.734347
vn 0.001727 0.338786 -0.940862
vn 0.086894 0.682378 -0.725817
vn 0.056041 0.681833 -0.729358
vn -0.068917 0.014166 -0.997522
vn -0.186673 -0.661699 -0.726159
vn -0.000000 -0.676313 -0.736614
vn 0.114951 -0.668975 -0.734342
vn 0.050882 -0.674134 -0.736854
vn 0.186673 -0.661699 -0.726159
vn 0.016405 -0.030497 -0.999400
vn 0.011225 0.591352 -0.806335
vn -0.000000 -0.025200 -0.999682
vn -0.000000 0.595077 -0.803669
vn -0.016405 -0.030497 -0.999400
vn -0.024172 -0.048587 -0.998526
vn -0.017267 0.578699 -0.815358
vn -0.011225 0.591352 -0.806335
vn -0.024171 -0.291709 -0.956202
vn -0.023309 -0.654730 -0.755503
vn -0.023310 -0.662456 -0.748738
vn 0.002591 -0.663113 -0.748515
vn 0.010361 -0.655143 -0.755434
vn -0.012088 0.566144 -0.824218
vn -0.000000 -0.634897 -0.772597
vn -0.014678 -0.639427 -0.768712
vn 0.014678 -0.639319 -0.768802
vn -0.001727 -0.053803 -0.998550
vn 0.009499 -0.061000 -0.998093
vn 0.006044 0.633787 -0.773484
vn -0.000864 0.638786 -0.769384
vn -0.000000 -0.051399 -0.998678
vn -0.000000 0.640529 -0.767934
vn 0.018994 -0.320846 -0.946941
vn 0.018130 0.629178 -0.777050
vn 0.001727 -0.053803 -0.998550
vn -0.006044 -0.722961 -0.690863
vn 0.001727 -0.717774 -0.696274
vn -0.000000 -0.716000 -0.698100
vn -0.012952 -0.725450 -0.688153
vn 0.000863 0.638786 -0.769384
vn 0.006044 -0.722961 -0.690863
vn 0.012952 -0.725450 -0.688153
vn -0.001727 -0.717774 -0.696274
vn 0.000000 -0.040599 0.999176
vn 0.022445 -0.047586 0.998615
vn -0.043137 -0.018284 0.998902
vn -0.056044 -0.008687 0.998391
vn -0.031935 -0.026588 0.999136
vn 0.061197 0.011778 0.998056
vn 0.055184 0.009786 0.998428
vn 0.068917 0.014166 0.997522
vn 0.000000 0.999769 0.021499
vn 0.235888 0.971555 0.020901
vn -0.008635 -0.073497 0.997258
vn 0.001727 -0.099999 0.994986
vn -0.004318 -0.084501 0.996414
vn 0.000000 -0.149998 0.988686
vn 0.000000 -0.150096 0.988671
vn 0.011225 -0.042098 0.999050
vn 0.007772 -0.044299 0.998988
vn 0.031936 -0.026588 0.999136
vn 0.043137 -0.018284 0.998902
vn -0.011225 -0.042098 0.999050
vn -0.007771 -0.044299 0.998988
vn 0.005181 -0.146793 0.989154
vn 0.008635 -0.144495 0.989468
vn -0.049160 -0.096881 0.994081
vn -0.044859 -0.071630 0.996422
vn 0.997861 -0.065107 0.005934
vn 0.991710 0.127874 0.012632
vn 0.988683 0.149898 0.006001
vn 0.489082 0.872037 0.018705
vn 0.660695 0.750481 0.016147
vn 0.000000 0.001100 0.999999
vn -0.027622 0.004698 0.999607
vn -0.020720 0.003799 0.999778
vn 0.984121 0.177457 0.003797
vn 0.949806 0.312767 0.006731
vn 0.020720 0.003799 0.999778
vn 0.027622 0.004698 0.999607
vn 0.999595 0.027405 0.007700
vn 0.631520 -0.775182 -0.016589
vn 0.999991 0.004160 0.000093
vn 0.999914 0.013111 0.000280
vn 0.039689 0.998979 0.021582
vn 0.568650 -0.822580 0.000743
vn 0.999953 -0.009622 0.000802
vn 0.234302 0.971939 0.020909
vn -0.400816 0.915948 0.019631
vn 0.755576 -0.654991 0.009583
vn 0.999865 -0.011426 0.011835
vn 0.013815 -0.141086 0.989901
vn 0.056044 -0.008687 0.998390
vn 0.056042 0.011981 0.998356
vn 0.046582 0.010090 0.998863
vn 0.068060 0.014267 0.997579
vn -0.235888 0.971555 0.020901
vn 0.008635 -0.073795 0.997236
vn 0.004318 -0.084998 0.996372
vn -0.000863 -0.100702 0.994916
vn 0.000000 -0.040699 0.999171
vn 0.009499 -0.050499 0.998679
vn 0.007772 -0.048101 0.998812
vn -0.106476 0.302892 0.947058
vn 0.053463 -0.079488 0.995401
vn -0.066347 0.198370 0.977879
vn -0.174339 0.457067 0.872179
vn 0.000000 -0.050501 0.998724
vn 0.044860 -0.071431 0.996436
vn 0.050024 -0.096184 0.994106
vn -0.998152 -0.060519 0.005472
vn -0.991710 0.127874 0.012632
vn -0.988683 0.149898 0.006001
vn -0.489082 0.872037 0.018705
vn -0.660695 0.750481 0.016148
vn 0.026760 0.578806 0.815026
vn 0.028484 -0.047679 0.998456
vn 0.017268 -0.293564 0.955783
vn 0.036244 0.566521 0.823250
vn -0.984121 0.177457 0.003797
vn -0.949806 0.312767 0.006732
vn -0.061197 0.011778 0.998056
vn -0.055184 0.009786 0.998428
vn -0.050882 -0.674134 0.736854
vn -0.020720 0.002499 0.999782
vn -0.070631 0.001995 0.997500
vn -0.114951 -0.668975 0.734342
vn -0.999595 0.027405 0.007701
vn -0.675156 0.737506 0.015801
vn -0.999875 0.015777 0.000339
vn -0.826477 0.562841 0.012107
vn -0.940917 0.338558 0.007293
vn -0.684523 0.728841 0.014813
vn -0.999737 -0.006763 0.021930
vn -0.232714 0.972320 0.020917
vn -0.753566 0.657220 0.014125
vn -0.999883 -0.010523 0.011131
vn -0.588988 -0.808113 0.006894
vn 0.532710 0.846103 0.018159
vn 0.871200 -0.490815 -0.010575
vn 0.660328 0.750804 0.016154
vn 0.677967 0.734923 0.015747
vn 0.551826 0.833767 0.017900
vn -0.220742 0.975105 0.021075
vn -0.660328 0.750804 0.016155
vn -0.946939 -0.321340 -0.006894
vn 0.812777 0.582505 0.009029
vn 0.997098 -0.073978 0.017979
vn 0.644284 0.764786 0.000230
vn -0.991634 0.127846 0.017812
vn 0.000000 0.001200 0.999999
vn 0.014678 0.004000 0.999884
vn 0.019857 0.004999 0.999790
vn 0.991634 0.127846 0.017812
vn -0.019857 0.004999 0.999790
vn -0.014678 0.004000 0.999884
vn -0.056042 0.011981 0.998356
vn -0.068060 0.014267 0.997579
vn -0.046582 0.010090 0.998863
vn -0.022445 -0.047586 0.998615
vn -0.007772 -0.048101 0.998812
vn -0.009498 -0.050499 0.998679
vn -0.008635 -0.144495 0.989468
vn -0.005181 -0.146793 0.989154
vn -0.013815 -0.141086 0.989901
vn -0.006044 0.633787 0.773484
vn -0.009499 -0.061000 0.998093
vn -0.018994 -0.320846 0.946941
vn -0.018130 0.629178 0.777050
vn -0.633532 0.773688 0.006684
vn -0.997000 -0.075355 0.017668
vn -0.601650 -0.798648 0.013390
vn -0.015542 -0.019198 0.999695
vn -0.018994 -0.018397 0.999650
vn 0.106476 0.302892 0.947058
vn -0.053463 -0.079488 0.995401
vn 0.000000 -0.024600 0.999697
vn 0.174339 0.457067 0.872179
vn 0.066347 0.198370 0.977879
vn 0.015542 -0.019198 0.999695
vn 0.012952 -0.019998 0.999716
vn 0.091157 -0.169800 0.981253
vn 0.196486 -0.443901 0.874268
vn 0.018995 -0.018397 0.999650
vn -0.091157 -0.169800 0.981254
vn -0.196486 -0.443901 0.874268
vn -0.012952 -0.019998 0.999716
vn 0.020720 0.002499 0.999782
vn -0.020720 0.678458 0.734347
vn 0.000000 0.677200 0.735799
vn 0.000000 -0.002100 0.999998
vn -0.001727 0.338786 0.940862
vn -0.086894 0.682378 0.725817
vn -0.056041 0.681833 0.729358
vn 0.070632 0.001995 0.997500
vn 0.020720 0.678458 0.734347
vn 0.056041 0.681833 0.729358
vn 0.086894 0.682378 0.725817
vn 0.001727 0.338786 0.940862
vn -0.068917 0.014166 0.997522
vn -0.186673 -0.661699 0.726159
vn 0.000000 -0.676313 0.736614
vn 0.114951 -0.668975 0.734342
vn 0.050882 -0.674134 0.736854
vn 0.186673 -0.661699 0.726159
vn 0.011225 0.591352 0.806335
vn 0.016405 -0.030497 0.999400
vn 0.000000 0.595077 0.803669
vn 0.000000 -0.025200 0.999682
vn -0.016405 -0.030497 0.999400
vn -0.011225 0.591352 0.806335
vn -0.017267 0.578699 0.815358
vn -0.024172 -0.048587 0.998526
vn -0.024171 -0.291709 0.956202
vn -0.023310 -0.662456 0.748738
vn -0.023309 -0.654730 0.755503
vn 0.010361 -0.655143 0.755434
vn 0.002591 -0.663113 0.748515
vn -0.012088 0.566144 0.824218
vn 0.000000 -0.634897 0.772597
vn -0.014678 -0.639427 0.768712
vn 0.014678 -0.639319 0.768802
vn -0.001727 -0.053803 0.998550
vn -0.000863 0.638786 0.769384
vn 0.006045 0.633787 0.773484
vn 0.009499 -0.061000 0.998093
vn 0.000000 -0.051399 0.998678
vn 0.000000 0.640529 0.767934
vn 0.018130 0.629178 0.777050
vn 0.018994 -0.320846 0.946941
vn 0.001727 -0.053803 0.998550
vn 0.001727 -0.717774 0.696274
vn -0.006044 -0.722961 0.690863
vn 0.000000 -0.716000 0.698100
vn -0.012952 -0.725450 0.688153
vn 0.000864 0.638786 0.769384
vn 0.006044 -0.722961 0.690863
vn 0.012952 -0.725450 0.688153
vn -0.001727 -0.717774 0.696274

# Mesh
g Cube.064_Cube.127-0
usemtl Material.042
f 1/1/1 2/2/1 3/3/1
f 1/1/1 3/3/1 4/4/1
f 5/5/2 6/6/3 7/7/4
f 5/5/2 7/7/4 8/8/2
f 9/9/5 5/5/5 8/8/5
f 9/9/5 8/8/5 10/10/5
f 11/11/6 4/4/7 12/12/8
f 11/11/6 12/12/8 13/13/9
f 14/14/10 15/15/11 16/16/12
f 14/14/10 16/16/12 17/17/13
f 10/10/14 8/8/15 7/18/16
f 10/10/14 7/18/16 18/19/17
f 19/20/18 3/21/19 2/22/19
f 19/20/18 2/22/19 20/23/20
f 21/24/21 6/25/22 5/5/23
f 21/24/21 5/5/23 9/9/24
f 22/26/25 20/27/26 2/28/27
f 22/26/25 2/28/27 1/29/28
f 23/30/29 24/31/30 25/32/31
f 23/30/29 25/32/31 26/33/32
f 27/34/33 28/35/33 7/7/4
f 27/34/33 7/7/4 6/6/3
f 29/36/34 30/37/34 16/16/12
f 29/36/34 16/16/12 15/15/11
f 31/38/35 30/39/35 26/40/36
f 31/38/35 26/40/36 32/41/37
f 33/42/38 29/43/39 15/44/40
f 33/42/38 15/44/40 13/13/9
f 4/4/7 3/3/41 19/45/42
f 4/4/7 19/45/42 12/12/8
f 27/46/43 34/47/43 12/12/8
f 27/46/43 12/12/8 19/45/42
f 28/48/44 35/49/44 18/19/17
f 28/48/44 18/19/17 7/18/16
f 36/50/45 22/26/25 1/29/28
f 36/50/45 1/29/28 37/51/46
f 38/52/47 21/24/21 9/9/24
f 38/52/47 9/9/24 39/53/48
f 40/54/49 10/10/14 18/19/17
f 40/54/49 18/19/17 32/41/37
f 39/53/5 9/9/5 10/10/5
f 39/53/5 10/10/5 40/54/5
f 37/55/1 1/1/1 4/4/1
f 37/55/1 4/4/1 11/11/1
f 17/56/13 37/55/1 11/11/1
f 17/56/13 11/11/1 14/57/10
f 24/31/30 39/53/5 40/54/5
f 24/31/30 40/54/5 25/32/31
f 25/32/50 40/54/49 32/41/37
f 25/32/50 32/41/37 26/40/36
f 23/58/51 38/52/47 39/53/48
f 23/58/51 39/53/48 24/31/52
f 16/59/53 36/50/45 37/51/46
f 16/59/53 37/51/46 17/60/54
f 34/47/43 33/42/38 13/13/9
f 34/47/43 13/13/9 12/12/8
f 32/41/55 18/19/56 41/19/56
f 32/41/55 41/19/56 42/41/57
f 14/57/58 11/11/6 13/13/9
f 14/57/58 13/13/9 15/44/40
f 43/49/59 44/38/59 42/41/60
f 43/49/59 42/41/60 41/19/60
f 31/38/61 32/41/55 42/41/57
f 31/38/61 42/41/57 44/38/61
f 35/49/62 22/26/62 45/26/62
f 35/49/62 45/26/62 43/49/62
f 22/26/63 36/50/64 46/50/65
f 22/26/63 46/50/65 45/26/63
f 18/19/66 35/49/66 43/49/66
f 18/19/66 43/49/66 41/19/66
f 36/50/64 31/38/61 44/38/61
f 36/50/64 44/38/61 46/50/65
f 45/26/67 46/50/67 44/38/59
f 45/26/67 44/38/59 43/49/59
f 21/24/21 38/52/47 33/42/38
f 21/24/21 33/42/38 34/47/43
f 20/27/26 22/26/25 35/49/44
f 20/27/26 35/49/44 28/48/44
f 6/25/22 21/24/21 34/47/43
f 6/25/22 34/47/43 27/46/43
f 38/52/47 23/58/51 29/43/39
f 38/52/47 29/43/39 33/42/38
f 36/50/45 16/59/53 30/39/35
f 36/50/45 30/39/35 31/38/35
f 23/30/29 26/33/32 30/37/68
f 23/30/29 30/37/68 29/36/68
f 19/20/18 20/23/20 28/35/33
f 19/20/18 28/35/33 27/34/33
f 47/61/69 48/62/70 49/62/71
f 47/61/69 49/62/71 50/61/72
f 51/63/73 52/64/74 53/65/75
f 51/63/73 53/65/75 54/66/76
f 55/67/77 56/68/78 57/68/79
f 55/67/77 57/68/79 58/67/80
f 59/69/81 60/70/82 48/62/70
f 59/69/81 48/62/70 47/61/69
f 51/71/73 54/66/76 61/72/83
f 51/71/73 61/72/83 62/73/84
f 63/74/85 55/75/77 48/76/86
f 63/74/85 48/76/86 60/77/87
f 52/78/88 64/79/33 65/80/33
f 52/78/88 65/80/33 66/81/89
f 67/82/90 68/83/91 69/84/61
f 67/82/90 69/84/61 59/85/92
f 62/86/93 66/87/94 65/88/95
f 62/86/93 65/88/95 69/89/95
f 67/90/90 63/91/96 64/92/97
f 67/90/90 64/92/97 68/93/91
f 61/72/98 70/94/99 66/87/94
f 61/72/98 66/87/94 62/86/93
f 53/65/75 52/78/88 66/81/89
f 53/65/75 66/81/89 70/94/100
f 68/83/91 51/71/73 62/73/84
f 68/83/91 62/73/84 69/84/61
f 68/93/91 64/92/97 52/64/74
f 68/93/91 52/64/74 51/63/73
f 56/68/78 55/67/77 63/91/96
f 56/68/78 63/91/96 67/90/90
f 56/95/78 67/82/90 59/85/92
f 56/95/78 59/85/92 47/96/101
f 64/79/33 63/74/85 60/77/87
f 64/79/33 60/77/87 65/80/33
f 69/89/95 65/88/95 60/70/82
f 69/89/95 60/70/82 59/69/81
f 50/97/72 49/98/71 71/67/43
f 50/97/72 71/67/43 72/68/43
f 73/66/102 74/65/102 75/94/103
f 73/66/102 75/94/103 76/72/104
f 53/65/75 70/94/100 75/94/33
f 53/65/75 75/94/33 74/65/105
f 53/65/75 74/65/105 77/65/106
f 53/65/75 77/65/106 78/65/107
f 48/76/86 55/75/77 71/75/108
f 48/76/86 71/75/108 49/76/33
f 56/95/78 47/96/101 50/96/109
f 56/95/78 50/96/109 72/95/110
f 70/94/99 61/72/98 76/72/104
f 70/94/99 76/72/104 75/94/103
f 61/72/83 54/66/76 73/66/111
f 61/72/83 73/66/111 76/72/112
f 58/67/80 57/68/79 79/68/113
f 58/67/80 79/68/113 80/67/114
f 81/66/115 78/65/107 77/65/106
f 81/66/115 77/65/106 82/66/116
f 71/75/108 55/75/77 58/75/80
f 71/75/108 58/75/80 80/75/114
f 73/66/111 54/66/76 81/66/115
f 73/66/111 81/66/115 82/66/116
f 54/66/76 53/65/75 78/65/107
f 54/66/76 78/65/107 81/66/115
f 72/68/43 71/67/43 80/67/114
f 72/68/43 80/67/114 79/68/113
f 56/95/78 72/95/110 79/95/113
f 56/95/78 79/95/113 57/95/79
f 74/65/102 73/66/102 82/66/116
f 74/65/102 82/66/116 77/65/106
f 83/61/117 84/61/118 85/62/119
f 83/61/117 85/62/119 86/62/120
f 87/63/121 88/66/122 89/65/123
f 87/63/121 89/65/123 90/64/124
f 91/67/125 92/67/126 93/68/127
f 91/67/125 93/68/127 94/68/128
f 95/69/129 83/61/117 86/62/120
f 95/69/129 86/62/120 96/70/130
f 87/71/121 97/73/84 98/72/83
f 87/71/121 98/72/83 88/66/122
f 99/74/85 96/77/87 86/76/86
f 99/74/85 86/76/86 91/75/125
f 90/78/88 100/81/89 101/80/33
f 90/78/88 101/80/33 102/79/33
f 103/82/131 95/85/92 104/84/61
f 103/82/131 104/84/61 105/83/132
f 97/86/133 104/89/97 101/88/97
f 97/86/133 101/88/97 100/87/134
f 103/90/131 105/93/132 102/92/95
f 103/90/131 102/92/95 99/91/135
f 98/72/136 97/86/133 100/87/134
f 98/72/136 100/87/134 106/94/137
f 89/65/123 106/94/100 100/81/89
f 89/65/123 100/81/89 90/78/88
f 105/83/132 104/84/61 97/73/84
f 105/83/132 97/73/84 87/71/121
f 105/93/132 87/63/121 90/64/124
f 105/93/132 90/64/124 102/92/95
f 94/68/128 103/90/131 99/91/135
f 94/68/128 99/91/135 91/67/125
f 94/95/128 83/96/101 95/85/92
f 94/95/128 95/85/92 103/82/131
f 102/79/33 101/80/33 96/77/87
f 102/79/33 96/77/87 99/74/85
f 104/89/97 95/69/129 96/70/130
f 104/89/97 96/70/130 101/88/97
f 84/97/118 107/68/43 108/67/43
f 84/97/118 108/67/43 85/98/119
f 109/66/102 110/72/138 111/94/139
f 109/66/102 111/94/139 112/65/102
f 89/65/123 112/65/140 111/94/33
f 89/65/123 111/94/33 106/94/100
f 89/65/123 113/65/141 114/65/142
f 89/65/123 114/65/142 112/65/140
f 86/76/86 85/76/33 108/75/143
f 86/76/86 108/75/143 91/75/125
f 94/95/128 107/95/144 84/96/109
f 94/95/128 84/96/109 83/96/101
f 106/94/137 111/94/139 110/72/138
f 106/94/137 110/72/138 98/72/136
f 98/72/83 110/72/112 109/66/145
f 98/72/83 109/66/145 88/66/122
f 92/67/126 115/67/146 116/68/147
f 92/67/126 116/68/147 93/68/127
f 117/66/148 118/66/149 114/65/142
f 117/66/148 114/65/142 113/65/141
f 108/75/143 115/75/146 92/75/126
f 108/75/143 92/75/126 91/75/125
f 109/66/145 118/66/149 117/66/148
f 109/66/145 117/66/148 88/66/122
f 88/66/122 117/66/148 113/65/141
f 88/66/122 113/65/141 89/65/123
f 107/68/43 116/68/147 115/67/146
f 107/68/43 115/67/146 108/67/43
f 94/95/128 93/95/127 116/95/147
f 94/95/128 116/95/147 107/95/144
f 112/65/102 114/65/142 118/66/149
f 112/65/102 118/66/149 109/66/102
f 119/99/150 120/100/151 121/101/152
f 119/99/150 121/101/152 122/102/153
f 123/103/154 124/104/155 125/105/156
f 123/103/154 125/105/156 126/106/157
f 127/107/158 128/108/159 129/109/160
f 127/107/158 129/109/160 130/110/161
f 131/111/162 132/112/163 133/113/164
f 131/111/162 133/113/164 134/114/165
f 135/115/166 136/116/167 137/117/168
f 135/115/166 137/117/168 138/118/169
f 139/119/170 140/120/61 141/121/61
f 139/119/170 141/121/61 142/122/170
f 143/123/61 144/124/61 145/125/61
f 143/123/61 145/125/61 146/126/61
f 147/127/171 148/128/172 149/129/173
f 147/127/171 149/129/173 127/107/174
f 128/108/175 127/107/174 149/129/173
f 128/108/175 149/129/173 150/130/176
f 126/106/157 151/131/177 152/132/178
f 126/106/157 152/132/178 153/133/178
f 154/134/179 155/135/179 156/136/180
f 154/134/179 156/136/180 157/137/179
f 158/138/61 143/123/61 146/126/61
f 158/138/61 146/126/61 159/139/61
f 133/140/181 132/141/182 160/142/183
f 133/140/181 160/142/183 161/143/184
f 162/144/185 163/145/186 164/146/187
f 162/144/185 164/146/187 165/147/188
f 166/148/189 167/149/190 168/150/191
f 166/148/189 168/150/191 169/151/192
f 167/149/190 170/152/193 171/153/194
f 167/149/190 171/153/194 168/150/191
f 172/154/195 173/155/196 174/156/197
f 172/154/195 174/156/197 175/157/198
f 176/158/199 177/159/200 178/160/200
f 176/158/199 178/160/200 179/161/201
f 180/162/202 172/154/195 175/157/198
f 180/162/202 175/157/198 181/163/203
f 182/164/204 183/165/205 184/166/206
f 182/164/204 184/166/206 185/167/207
f 170/152/193 186/168/208 187/169/209
f 170/152/193 187/169/209 171/153/194
f 152/170/210 180/162/202 181/163/203
f 152/170/210 181/163/203 153/171/211
f 188/172/33 189/173/33 190/174/33
f 188/172/33 190/174/33 191/175/33
f 135/115/212 138/118/213 192/176/214
f 135/115/212 192/176/214 193/177/212
f 128/108/159 194/178/215 160/142/216
f 128/108/159 160/142/216 129/109/160
f 195/179/217 196/180/218 197/181/218
f 195/179/217 197/181/218 198/182/219
f 199/183/33 200/184/33 201/185/33
f 199/183/33 201/185/33 202/186/33
f 203/187/33 199/183/33 202/186/33
f 203/187/33 202/186/33 204/188/33
f 205/189/220 133/113/164 187/169/221
f 205/189/220 187/169/221 186/168/221
f 198/190/222 206/191/223 130/110/224
f 198/190/222 130/110/224 129/109/225
f 142/192/226 193/177/227 192/176/228
f 142/192/226 192/176/228 197/193/229
f 141/194/230 207/195/230 193/177/227
f 141/194/230 193/177/227 142/192/226
f 208/196/231 123/197/232 209/198/233
f 208/196/231 209/198/233 188/199/231
f 197/193/229 192/176/228 206/191/223
f 197/193/229 206/191/223 198/190/222
f 191/200/234 210/201/234 211/202/234
f 191/200/234 211/202/234 212/203/234
f 208/204/33 188/205/33 213/206/33
f 208/204/33 213/206/33 214/207/33
f 159/139/61 146/126/61 215/208/61
f 159/139/61 215/208/61 216/209/61
f 132/141/182 198/190/222 129/109/225
f 132/141/182 129/109/225 160/142/183
f 196/180/218 139/119/170 142/122/170
f 196/180/218 142/122/170 197/181/218
f 217/210/33 135/115/212 193/177/212
f 217/210/33 193/177/212 207/195/33
f 218/211/235 219/212/236 220/213/237
f 218/211/235 220/213/237 221/214/237
f 222/215/61 158/138/61 159/139/61
f 222/215/61 159/139/61 223/216/61
f 147/127/238 127/107/158 130/110/161
f 147/127/238 130/110/161 206/191/238
f 200/184/33 224/217/33 208/204/33
f 200/184/33 208/204/33 201/185/33
f 119/99/239 189/218/234 188/199/234
f 119/99/239 188/199/234 209/198/240
f 144/124/61 225/219/61 226/220/61
f 144/124/61 226/220/61 145/125/61
f 138/118/213 147/127/238 206/191/238
f 138/118/213 206/191/238 192/176/214
f 227/221/241 183/165/241 120/100/242
f 227/221/241 120/100/242 228/222/243
f 228/222/244 209/198/233 123/197/232
f 228/222/244 123/197/232 126/223/245
f 185/224/246 179/225/246 178/226/246
f 185/224/246 178/226/246 229/227/246
f 230/228/247 231/229/248 162/230/248
f 230/228/247 162/230/248 161/143/249
f 232/231/250 184/166/206 183/165/205
f 232/231/250 183/165/205 227/232/251
f 163/233/252 233/234/253 184/235/254
f 163/233/252 184/235/254 232/236/255
f 168/150/191 171/153/194 234/237/33
f 168/150/191 234/237/33 235/238/33
f 231/239/256 233/240/257 163/145/186
f 231/239/256 163/145/186 162/144/185
f 184/235/254 233/234/253 179/225/246
f 184/235/254 179/225/246 185/224/246
f 236/241/258 182/164/204 185/167/207
f 236/241/258 185/167/207 229/242/259
f 231/239/256 176/158/199 179/161/201
f 231/239/256 179/161/201 233/240/257
f 194/178/260 128/108/175 237/243/261
f 194/178/260 237/243/261 238/244/262
f 138/118/169 137/117/168 239/245/263
f 138/118/169 239/245/263 147/127/171
f 230/228/264 194/178/260 238/244/262
f 230/228/264 238/244/262 240/246/265
f 217/210/266 241/247/266 242/248/267
f 217/210/266 242/248/267 135/115/166
f 175/157/198 174/156/197 243/249/61
f 175/157/198 243/249/61 244/250/61
f 163/233/252 232/236/255 245/251/268
f 163/233/252 245/251/268 164/252/268
f 246/253/61 222/215/61 247/254/61
f 246/253/61 247/254/61 248/255/61
f 201/185/33 208/204/33 214/207/33
f 201/185/33 214/207/33 249/256/33
f 223/216/61 159/139/61 216/209/61
f 223/216/61 216/209/61 250/257/61
f 251/258/33 252/259/33 253/260/33
f 251/258/33 253/260/33 254/261/33
f 169/151/192 168/150/191 235/238/33
f 169/151/192 235/238/33 255/262/33
f 222/215/61 223/216/61 210/263/61
f 222/215/61 210/263/61 247/254/61
f 248/264/234 254/265/234 253/266/234
f 248/264/234 253/266/234 256/267/234
f 190/268/234 247/269/234 210/201/234
f 190/268/234 210/201/234 191/200/234
f 247/269/234 190/268/234 254/265/234
f 247/269/234 254/265/234 248/264/234
f 257/270/61 246/253/61 248/255/61
f 257/270/61 248/255/61 256/271/61
f 189/173/33 251/258/33 254/261/33
f 189/173/33 254/261/33 190/174/33
f 188/172/33 191/175/33 212/272/33
f 188/172/33 212/272/33 213/273/33
f 215/274/269 249/275/270 214/276/271
f 215/274/269 214/276/271 216/277/272
f 216/277/272 214/276/271 213/278/273
f 216/277/272 213/278/273 250/279/274
f 258/280/275 259/281/275 260/282/276
f 258/280/275 260/282/276 261/283/276
f 261/283/276 260/282/276 249/275/270
f 261/283/276 249/275/270 215/274/269
f 250/279/274 213/278/273 212/203/277
f 250/279/274 212/203/277 211/202/277
f 204/188/33 202/186/33 260/284/33
f 204/188/33 260/284/33 259/285/33
f 202/186/33 201/185/33 249/256/33
f 202/186/33 249/256/33 260/284/33
f 210/263/61 223/216/61 250/257/61
f 210/263/61 250/257/61 211/286/61
f 146/126/61 145/125/61 261/287/61
f 146/126/61 261/287/61 215/208/61
f 145/125/61 226/220/61 258/288/61
f 145/125/61 258/288/61 261/287/61
f 262/289/278 165/290/279 263/291/280
f 262/289/278 263/291/280 264/292/281
f 235/293/282 234/294/283 265/295/283
f 235/293/282 265/295/283 244/296/282
f 234/294/283 262/289/278 264/292/281
f 234/294/283 264/292/281 265/295/283
f 255/297/284 235/293/282 244/296/282
f 255/297/284 244/296/282 243/298/284
f 164/252/285 245/251/285 263/291/280
f 164/252/285 263/291/280 165/290/279
f 181/163/203 175/157/198 244/250/61
f 181/163/203 244/250/61 265/299/61
f 187/169/209 162/300/185 165/301/188
f 187/169/209 165/301/188 262/302/286
f 171/153/194 187/169/209 262/302/286
f 171/153/194 262/302/286 234/237/33
f 232/231/250 227/232/251 263/303/61
f 232/231/250 263/303/61 245/304/61
f 227/232/251 153/305/211 264/306/61
f 227/232/251 264/306/61 263/303/61
f 153/171/211 181/163/203 265/299/61
f 153/171/211 265/299/61 264/307/61
f 266/308/287 267/309/288 268/310/289
f 266/308/287 268/310/289 269/311/290
f 270/312/291 156/136/180 219/212/236
f 270/312/291 219/212/236 271/313/292
f 272/314/293 273/315/294 274/316/295
f 272/314/293 274/316/295 275/317/295
f 276/318/296 277/319/297 278/320/298
f 276/318/296 278/320/298 279/321/299
f 280/322/300 281/323/300 141/121/61
f 280/322/300 141/121/61 140/120/61
f 282/324/61 283/325/61 284/326/61
f 282/324/61 284/326/61 285/327/61
f 286/328/301 287/329/302 272/314/303
f 272/314/303 288/330/304 289/331/305
f 272/314/303 289/331/305 286/328/301
f 275/317/306 290/332/307 288/330/304
f 275/317/306 288/330/304 272/314/303
f 151/131/177 126/106/157 125/105/156
f 151/131/177 125/105/156 291/333/308
f 292/334/61 293/335/61 283/325/61
f 292/334/61 283/325/61 282/324/61
f 294/336/309 295/337/310 296/338/311
f 294/336/309 296/338/311 297/339/312
f 298/340/313 299/341/314 300/342/315
f 298/340/313 300/342/315 301/343/316
f 166/148/189 169/151/192 302/344/317
f 166/148/189 302/344/317 303/345/318
f 303/345/318 302/344/317 304/346/319
f 303/345/318 304/346/319 305/347/320
f 306/348/321 307/349/322 174/156/197
f 306/348/321 174/156/197 173/155/196
f 308/350/323 309/351/324 310/352/325
f 308/350/323 310/352/325 311/353/325
f 312/354/326 313/355/327 307/349/322
f 312/354/326 307/349/322 306/348/321
f 314/356/328 315/357/328 316/358/329
f 314/356/328 316/358/329 317/359/330
f 305/347/320 304/346/319 318/360/331
f 305/347/320 318/360/331 319/361/332
f 221/362/333 220/363/334 313/355/327
f 221/362/333 313/355/327 312/354/326
f 320/364/33 321/365/33 322/366/33
f 320/364/33 322/366/33 323/367/33
f 276/318/335 324/368/335 325/369/336
f 276/318/335 325/369/336 277/319/337
f 275/317/295 274/316/295 296/338/338
f 275/317/295 296/338/338 326/370/339
f 327/371/340 328/372/341 329/373/342
f 327/371/340 329/373/342 330/374/342
f 331/375/33 332/376/33 333/377/33
f 331/375/33 333/377/33 334/378/33
f 294/379/343 335/380/344 319/381/345
f 294/379/343 319/381/345 318/382/345
f 203/187/33 204/188/33 332/376/33
f 203/187/33 332/376/33 331/375/33
f 328/383/346 274/316/347 273/315/348
f 328/383/346 273/315/348 336/384/349
f 281/385/350 329/386/351 325/369/352
f 281/385/350 325/369/352 324/368/353
f 141/194/230 281/385/350 324/368/353
f 141/194/230 324/368/353 207/195/230
f 155/387/354 320/388/354 337/389/355
f 155/387/354 337/389/355 156/390/356
f 329/386/351 328/383/346 336/384/349
f 329/386/351 336/384/349 325/369/352
f 321/391/357 338/392/357 339/393/357
f 321/391/357 339/393/357 340/394/357
f 155/395/33 341/396/33 342/397/33
f 155/395/33 342/397/33 320/398/33
f 293/335/61 343/399/61 344/400/61
f 293/335/61 344/400/61 283/325/61
f 297/339/312 296/338/311 274/316/347
f 297/339/312 274/316/347 328/383/346
f 330/374/342 329/373/342 281/323/300
f 330/374/342 281/323/300 280/322/300
f 217/210/33 207/195/33 324/368/335
f 217/210/33 324/368/335 276/318/335
f 218/211/235 345/401/358 271/313/292
f 218/211/235 271/313/292 219/212/236
f 346/402/61 347/403/61 293/335/61
f 346/402/61 293/335/61 292/334/61
f 287/329/359 336/384/359 273/315/294
f 287/329/359 273/315/294 272/314/293
f 334/378/33 333/377/33 155/395/33
f 334/378/33 155/395/33 154/404/33
f 266/308/360 337/389/361 320/388/362
f 266/308/360 320/388/362 323/405/362
f 285/327/61 284/326/61 226/220/61
f 285/327/61 226/220/61 225/219/61
f 277/319/337 325/369/336 336/384/359
f 277/319/337 336/384/359 287/329/359
f 348/406/363 349/407/364 269/311/365
f 348/406/363 269/311/365 317/359/363
f 348/406/366 220/363/366 219/408/367
f 348/406/366 219/408/367 349/407/368
f 315/409/369 350/410/369 310/411/369
f 315/409/369 310/411/369 309/412/369
f 351/413/370 295/337/371 298/414/372
f 351/413/370 298/414/372 352/415/372
f 353/416/373 348/417/374 317/418/330
f 353/416/373 317/418/330 316/419/329
f 301/420/375 353/421/376 316/422/377
f 301/420/375 316/422/377 354/423/378
f 302/344/317 355/424/33 356/425/33
f 302/344/317 356/425/33 304/346/319
f 352/426/379 298/340/313 301/343/316
f 352/426/379 301/343/316 354/427/380
f 316/422/377 315/409/369 309/412/369
f 316/422/377 309/412/369 354/423/378
f 357/428/381 350/429/381 315/357/328
f 357/428/381 315/357/328 314/356/328
f 352/426/379 354/427/380 309/351/324
f 352/426/379 309/351/324 308/350/323
f 326/370/382 358/430/383 359/431/384
f 326/370/382 359/431/384 275/317/306
f 278/320/298 277/319/297 287/329/302
f 287/329/302 286/328/301 360/432/385
f 287/329/302 360/432/385 278/320/298
f 351/413/386 361/433/387 358/430/383
f 351/413/386 358/430/383 326/370/382
f 217/210/266 276/318/296 362/434/388
f 217/210/266 362/434/388 241/247/266
f 307/349/322 363/435/61 243/249/61
f 307/349/322 243/249/61 174/156/197
f 301/420/375 300/436/389 364/437/389
f 301/420/375 364/437/389 353/421/376
f 365/438/61 366/439/61 367/440/61
f 365/438/61 367/440/61 346/402/61
f 333/377/33 368/441/33 341/396/33
f 333/377/33 341/396/33 155/395/33
f 347/403/61 369/442/61 343/399/61
f 347/403/61 343/399/61 293/335/61
f 370/443/33 371/444/33 372/445/33
f 370/443/33 372/445/33 373/446/33
f 169/151/192 255/262/33 355/424/33
f 169/151/192 355/424/33 302/344/317
f 346/402/61 367/440/61 340/447/61
f 346/402/61 340/447/61 347/403/61
f 366/448/357 374/449/357 372/450/357
f 366/448/357 372/450/357 371/451/357
f 322/452/357 321/391/357 340/394/357
f 322/452/357 340/394/357 367/453/357
f 367/453/357 366/448/357 371/451/357
f 367/453/357 371/451/357 322/452/357
f 375/454/61 374/455/61 366/439/61
f 375/454/61 366/439/61 365/438/61
f 323/367/33 322/366/33 371/444/33
f 323/367/33 371/444/33 370/443/33
f 320/364/33 342/456/33 338/457/33
f 320/364/33 338/457/33 321/365/33
f 344/458/269 343/459/390 341/460/391
f 344/458/269 341/460/391 368/461/392
f 343/459/390 369/462/393 342/463/394
f 343/459/390 342/463/394 341/460/391
f 258/280/275 376/464/276 377/465/276
f 258/280/275 377/465/276 259/281/275
f 376/464/276 344/458/269 368/461/392
f 376/464/276 368/461/392 377/465/276
f 369/462/393 339/393/395 338/392/395
f 369/462/393 338/392/395 342/463/394
f 204/188/33 259/285/33 377/466/33
f 204/188/33 377/466/33 332/376/33
f 332/376/33 377/466/33 368/441/33
f 332/376/33 368/441/33 333/377/33
f 340/447/61 339/467/61 369/442/61
f 340/447/61 369/442/61 347/403/61
f 283/325/61 344/400/61 376/468/61
f 283/325/61 376/468/61 284/326/61
f 284/326/61 376/468/61 258/288/61
f 284/326/61 258/288/61 226/220/61
f 378/469/396 379/470/397 380/471/398
f 378/469/396 380/471/398 299/472/399
f 355/473/400 363/474/400 381/475/401
f 355/473/400 381/475/401 356/476/401
f 356/476/401 381/475/401 379/470/397
f 356/476/401 379/470/397 378/469/396
f 255/297/284 243/298/284 363/474/400
f 255/297/284 363/474/400 355/473/400
f 300/436/402 299/472/399 380/471/398
f 300/436/402 380/471/398 364/437/402
f 313/355/327 381/477/61 363/435/61
f 313/355/327 363/435/61 307/349/322
f 318/360/331 378/478/403 299/479/314
f 318/360/331 299/479/314 298/480/313
f 304/346/319 356/425/33 378/478/403
f 304/346/319 378/478/403 318/360/331
f 353/416/373 364/481/61 380/482/61
f 353/416/373 380/482/61 348/417/374
f 348/406/374 380/483/61 379/484/61
f 348/406/374 379/484/61 220/363/334
f 220/363/334 379/484/61 381/477/61
f 220/363/334 381/477/61 313/355/327
f 150/130/176 382/485/404 237/243/261
f 150/130/176 237/243/261 128/108/175
f 239/245/263 383/486/405 148/128/172
f 239/245/263 148/128/172 147/127/171
f 242/248/267 384/487/406 136/116/167
f 242/248/267 136/116/167 135/115/166
f 279/321/299 385/488/407 362/434/388
f 279/321/299 362/434/388 276/318/296
f 289/331/305 386/489/408 360/432/385
f 289/331/305 360/432/385 286/328/301
f 359/431/384 387/490/409 290/332/307
f 359/431/384 290/332/307 275/317/306
f 189/218/410 119/99/150 388/491/411
f 189/218/410 388/491/411 251/492/410
f 122/102/153 389/493/412 119/99/150
f 389/493/412 388/491/411 119/99/150
f 352/415/413 308/494/413 361/433/387
f 352/415/413 361/433/387 351/413/386
f 326/370/339 296/338/338 295/337/371
f 326/370/339 295/337/371 351/413/370
f 318/495/414 298/414/414 295/337/310
f 318/495/414 295/337/310 294/336/309
f 297/496/415 390/497/416 391/498/417
f 297/496/415 391/498/417 294/379/343
f 392/499/418 297/496/415 328/372/341
f 392/499/418 328/372/341 327/371/340
f 231/229/419 230/228/264 240/246/265
f 231/229/419 240/246/265 176/500/419
f 194/178/215 230/228/247 161/143/249
f 194/178/215 161/143/249 160/142/216
f 187/501/420 133/140/181 161/143/184
f 187/501/420 161/143/184 162/230/420
f 132/112/163 393/502/421 195/179/217
f 132/112/163 195/179/217 198/182/219
f 121/101/152 120/100/151 394/503/422
f 120/100/151 395/504/423 394/503/422
f 395/504/423 120/100/151 183/165/205
f 395/504/423 183/165/205 182/164/204
f 227/221/424 228/222/244 126/223/245
f 227/221/424 126/223/245 153/505/424
f 323/405/425 370/506/425 396/507/426
f 323/405/425 396/507/426 266/308/287
f 228/222/243 120/100/242 119/99/239
f 228/222/243 119/99/239 209/198/240
f 224/508/427 397/509/427 123/103/154
f 224/508/427 123/103/154 208/510/427
f 349/407/368 219/408/367 156/390/356
f 349/407/368 156/390/356 337/389/355
f 396/507/426 398/511/428 267/309/288
f 396/507/426 267/309/288 266/308/287
f 269/311/290 268/310/289 399/512/429
f 268/310/289 400/513/430 399/512/429
f 399/512/429 314/356/431 317/359/431
f 399/512/429 317/359/431 269/311/290
f 269/311/365 349/407/364 337/389/361
f 269/311/365 337/389/361 266/308/360
f 131/111/162 401/514/421 393/502/421
f 131/111/162 393/502/421 132/112/163
f 392/499/418 402/515/418 390/497/416
f 392/499/418 390/497/416 297/496/415
f 205/189/220 403/516/432 134/114/165
f 205/189/220 134/114/165 133/113/164
f 391/498/417 404/517/433 335/380/344
f 391/498/417 335/380/344 294/379/343
f 397/509/427 405/518/427 124/104/155
f 397/509/427 124/104/155 123/103/154
f 270/312/291 406/519/179 157/137/179
f 270/312/291 157/137/179 156/136/180
f 407/520/434 408/521/435 409/522/436
f 407/520/434 409/522/436 410/523/437
f 411/524/438 412/525/439 413/526/440
f 411/524/438 413/526/440 414/527/441
f 415/528/158 416/529/161 417/530/160
f 415/528/158 417/530/160 418/531/159
f 419/532/442 420/533/443 421/534/444
f 419/532/442 421/534/444 422/535/445
f 423/536/446 424/537/447 425/538/448
f 423/536/446 425/538/448 426/539/449
f 427/540/170 428/541/170 429/542/61
f 427/540/170 429/542/61 430/543/61
f 431/544/61 432/545/61 433/546/61
f 431/544/61 433/546/61 434/547/61
f 435/548/450 415/528/451 436/549/452
f 435/548/450 436/549/452 437/550/453
f 418/531/454 438/551/455 436/549/452
f 418/531/454 436/549/452 415/528/451
f 412/525/439 439/552/456 440/553/456
f 412/525/439 440/553/456 441/554/457
f 442/555/179 443/556/179 444/557/458
f 442/555/179 444/557/458 445/558/179
f 446/559/61 447/560/61 432/545/61
f 446/559/61 432/545/61 431/544/61
f 421/561/459 448/562/460 449/563/461
f 421/561/459 449/563/461 422/564/462
f 450/565/463 451/566/188 452/567/187
f 450/565/463 452/567/187 453/568/464
f 454/569/465 455/570/466 456/571/467
f 454/569/465 456/571/467 457/572/468
f 457/572/468 456/571/467 458/573/469
f 457/572/468 458/573/469 459/574/470
f 460/575/471 461/576/472 462/577/473
f 460/575/471 462/577/473 463/578/474
f 464/579/475 465/580/476 178/160/200
f 464/579/475 178/160/200 177/159/200
f 466/581/477 467/582/478 461/576/472
f 466/581/477 461/576/472 460/575/471
f 468/583/479 469/584/480 470/585/481
f 468/583/479 470/585/481 471/586/482
f 459/574/470 458/573/469 472/587/483
f 459/574/470 472/587/483 473/588/484
f 440/589/485 439/590/486 467/582/478
f 440/589/485 467/582/478 466/581/477
f 474/591/33 475/592/33 476/593/33
f 474/591/33 476/593/33 477/594/33
f 423/536/212 478/595/212 479/596/214
f 423/536/212 479/596/214 424/537/213
f 418/531/159 417/530/160 449/563/487
f 418/531/159 449/563/487 480/597/488
f 481/598/217 482/599/219 483/600/218
f 481/598/217 483/600/218 484/601/218
f 485/602/33 486/603/33 487/604/33
f 485/602/33 487/604/33 488/605/33
f 489/606/33 490/607/33 486/603/33
f 489/606/33 486/603/33 485/602/33
f 491/608/489 473/588/490 472/587/490
f 491/608/489 472/587/490 421/534/444
f 482/609/491 417/530/492 416/529/493
f 482/609/491 416/529/493 492/610/494
f 428/611/495 483/612/496 479/596/497
f 428/611/495 479/596/497 478/595/498
f 429/613/499 428/611/495 478/595/498
f 429/613/499 478/595/498 493/614/499
f 494/615/500 474/616/500 495/617/501
f 494/615/500 495/617/501 411/618/502
f 483/612/496 482/609/491 492/610/494
f 483/612/496 492/610/494 479/596/497
f 475/619/234 496/620/234 497/621/234
f 475/619/234 497/621/234 498/622/234
f 494/623/33 499/624/33 500/625/33
f 494/623/33 500/625/33 474/626/33
f 447/560/61 501/627/61 502/628/61
f 447/560/61 502/628/61 432/545/61
f 422/564/462 449/563/461 417/530/492
f 422/564/462 417/530/492 482/609/491
f 484/601/218 483/600/218 428/541/170
f 484/601/218 428/541/170 427/540/170
f 503/629/33 493/614/33 478/595/212
f 503/629/33 478/595/212 423/536/212
f 504/630/503 505/631/504 506/632/504
f 504/630/503 506/632/504 507/633/505
f 508/634/61 509/635/61 447/560/61
f 508/634/61 447/560/61 446/559/61
f 435/548/238 492/610/238 416/529/161
f 435/548/238 416/529/161 415/528/158
f 488/605/33 487/604/33 494/623/33
f 488/605/33 494/623/33 510/636/33
f 407/520/506 495/617/507 474/616/234
f 407/520/506 474/616/234 477/637/234
f 434/547/61 433/546/61 511/638/61
f 434/547/61 511/638/61 512/639/61
f 424/537/213 479/596/214 492/610/238
f 424/537/213 492/610/238 435/548/238
f 513/640/508 514/641/509 410/523/510
f 513/640/508 410/523/510 471/586/508
f 514/641/511 412/642/512 411/618/502
f 514/641/511 411/618/502 495/617/501
f 469/584/246 229/227/246 178/226/246
f 469/584/246 178/226/246 465/643/246
f 515/644/513 448/562/514 450/645/515
f 515/644/513 450/645/515 516/646/515
f 517/647/516 513/648/517 471/649/482
f 517/647/516 471/649/482 470/585/481
f 453/650/518 517/647/519 470/585/520
f 453/650/518 470/585/520 518/651/521
f 456/571/467 519/652/33 520/653/33
f 456/571/467 520/653/33 458/573/469
f 516/654/522 450/565/463 453/568/464
f 516/654/522 453/568/464 518/655/523
f 470/585/520 469/584/246 465/643/246
f 470/585/520 465/643/246 518/651/521
f 521/656/524 229/657/525 469/584/480
f 521/656/524 469/584/480 468/583/479
f 516/654/522 518/655/523 465/580/476
f 516/654/522 465/580/476 464/579/475
f 480/597/526 522/658/527 523/659/528
f 480/597/526 523/659/528 418/531/454
f 424/537/447 435/548/450 524/660/529
f 424/537/447 524/660/529 425/538/448
f 515/644/530 525/661/531 522/658/527
f 515/644/530 522/658/527 480/597/526
f 503/629/532 423/536/446 526/662/533
f 503/629/532 526/662/533 527/663/532
f 461/576/472 528/664/61 529/665/61
f 461/576/472 529/665/61 462/577/473
f 453/650/518 452/666/268 530/667/268
f 453/650/518 530/667/268 517/647/519
f 531/668/61 532/669/61 533/670/61
f 531/668/61 533/670/61 508/634/61
f 487/604/33 534/671/33 499/624/33
f 487/604/33 499/624/33 494/623/33
f 509/635/61 535/672/61 501/627/61
f 509/635/61 501/627/61 447/560/61
f 536/673/33 537/674/33 253/260/33
f 536/673/33 253/260/33 252/259/33
f 455/570/466 538/675/33 519/652/33
f 455/570/466 519/652/33 456/571/467
f 508/634/61 533/670/61 498/676/61
f 508/634/61 498/676/61 509/635/61
f 532/677/234 256/267/234 253/266/234
f 532/677/234 253/266/234 537/678/234
f 476/679/234 475/619/234 498/622/234
f 476/679/234 498/622/234 533/680/234
f 533/680/234 532/677/234 537/678/234
f 533/680/234 537/678/234 476/679/234
f 257/270/61 256/271/61 532/669/61
f 257/270/61 532/669/61 531/668/61
f 477/594/33 476/593/33 537/674/33
f 477/594/33 537/674/33 536/673/33
f 474/591/33 500/681/33 496/682/33
f 474/591/33 496/682/33 475/592/33
f 502/683/534 501/684/535 499/685/536
f 502/683/534 499/685/536 534/686/537
f 501/684/535 535/687/538 500/688/539
f 501/684/535 500/688/539 499/685/536
f 539/689/540 540/690/541 541/691/541
f 539/689/540 541/691/541 542/692/540
f 540/690/541 502/683/534 534/686/537
f 540/690/541 534/686/537 541/691/541
f 535/687/538 497/621/542 496/620/542
f 535/687/538 496/620/542 500/688/539
f 490/607/33 542/693/33 541/694/33
f 490/607/33 541/694/33 486/603/33
f 486/603/33 541/694/33 534/671/33
f 486/603/33 534/671/33 487/604/33
f 498/676/61 497/695/61 535/672/61
f 498/676/61 535/672/61 509/635/61
f 432/545/61 502/628/61 540/696/61
f 432/545/61 540/696/61 433/546/61
f 433/546/61 540/696/61 539/697/61
f 433/546/61 539/697/61 511/638/61
f 543/698/543 544/699/544 545/700/545
f 543/698/543 545/700/545 451/701/546
f 519/702/547 528/703/547 546/704/548
f 519/702/547 546/704/548 520/705/548
f 520/705/548 546/704/548 544/699/544
f 520/705/548 544/699/544 543/698/543
f 538/706/549 529/707/549 528/703/547
f 538/706/549 528/703/547 519/702/547
f 452/666/550 451/701/546 545/700/545
f 452/666/550 545/700/545 530/667/550
f 467/582/478 546/708/61 528/664/61
f 467/582/478 528/664/61 461/576/472
f 472/587/483 543/709/286 451/710/188
f 472/587/483 451/710/188 450/711/463
f 458/573/469 520/653/33 543/709/286
f 458/573/469 543/709/286 472/587/483
f 517/647/516 530/667/61 545/712/61
f 517/647/516 545/712/61 513/648/517
f 513/640/517 545/713/61 544/714/61
f 513/640/517 544/714/61 439/590/486
f 439/590/486 544/714/61 546/708/61
f 439/590/486 546/708/61 467/582/478
f 547/715/551 548/716/552 549/717/553
f 547/715/551 549/717/553 550/718/554
f 551/719/555 552/720/556 507/633/505
f 551/719/555 507/633/505 444/557/458
f 553/721/293 554/722/295 555/723/295
f 553/721/293 555/723/295 556/724/294
f 557/725/557 558/726/558 559/727/559
f 557/725/557 559/727/559 560/728/560
f 561/729/300 430/543/61 429/542/61
f 561/729/300 429/542/61 562/730/300
f 563/731/61 564/732/61 565/733/61
f 563/731/61 565/733/61 566/734/61
f 553/721/561 567/735/562 568/736/563
f 568/736/563 569/737/564 570/738/565
f 568/736/563 570/738/565 553/721/561
f 554/722/566 553/721/561 570/738/565
f 554/722/566 570/738/565 571/739/567
f 441/554/457 572/740/568 413/526/440
f 441/554/457 413/526/440 412/525/439
f 573/741/61 563/731/61 566/734/61
f 573/741/61 566/734/61 574/742/61
f 575/743/569 576/744/570 577/745/571
f 575/743/569 577/745/571 578/746/572
f 579/747/573 580/748/574 581/749/315
f 579/747/573 581/749/315 582/750/314
f 454/569/465 583/751/575 584/752/576
f 454/569/465 584/752/576 455/570/466
f 583/751/575 585/753/577 586/754/578
f 583/751/575 586/754/578 584/752/576
f 587/755/579 463/578/474 462/577/473
f 587/755/579 462/577/473 588/756/580
f 589/757/581 311/353/325 310/352/325
f 589/757/581 310/352/325 590/758/582
f 591/759/583 587/755/579 588/756/580
f 591/759/583 588/756/580 592/760/584
f 593/761/585 594/762/586 595/763/587
f 593/761/585 595/763/587 596/764/585
f 585/753/577 597/765/588 598/766/589
f 585/753/577 598/766/589 586/754/578
f 505/767/590 591/759/583 592/760/584
f 505/767/590 592/760/584 506/768/591
f 599/769/33 600/770/33 601/771/33
f 599/769/33 601/771/33 602/772/33
f 557/725/335 560/728/337 603/773/336
f 557/725/335 603/773/336 604/774/335
f 554/722/295 605/775/592 577/745/593
f 554/722/295 577/745/593 555/723/295
f 606/776/340 607/777/342 608/778/342
f 606/776/340 608/778/342 609/779/341
f 610/780/33 611/781/33 612/782/33
f 610/780/33 612/782/33 613/783/33
f 575/784/594 598/785/595 597/786/595
f 575/784/594 597/786/595 614/787/596
f 489/606/33 610/780/33 613/783/33
f 489/606/33 613/783/33 490/607/33
f 609/788/597 615/789/598 556/724/599
f 609/788/597 556/724/599 555/723/600
f 562/790/601 604/774/602 603/773/603
f 562/790/601 603/773/603 608/791/604
f 429/613/499 493/614/499 604/774/602
f 429/613/499 604/774/602 562/790/601
f 445/792/605 444/793/606 616/794/607
f 445/792/605 616/794/607 599/795/605
f 608/791/604 603/773/603 615/789/598
f 608/791/604 615/789/598 609/788/597
f 602/796/357 617/797/357 618/798/357
f 602/796/357 618/798/357 619/799/357
f 445/800/33 599/801/33 620/802/33
f 445/800/33 620/802/33 621/803/33
f 574/742/61 566/734/61 622/804/61
f 574/742/61 622/804/61 623/805/61
f 576/744/570 609/788/597 555/723/600
f 576/744/570 555/723/600 577/745/571
f 607/777/342 561/729/300 562/730/300
f 607/777/342 562/730/300 608/778/342
f 503/629/33 557/725/335 604/774/335
f 503/629/33 604/774/335 493/614/33
f 504/630/503 507/633/505 552/720/556
f 504/630/503 552/720/556 624/806/608
f 625/807/61 573/741/61 574/742/61
f 625/807/61 574/742/61 626/808/61
f 567/735/359 553/721/293 556/724/294
f 567/735/359 556/724/294 615/789/359
f 611/781/33 442/809/33 445/800/33
f 611/781/33 445/800/33 612/782/33
f 547/715/609 600/810/610 599/795/610
f 547/715/609 599/795/610 616/794/611
f 564/732/61 512/639/61 511/638/61
f 564/732/61 511/638/61 565/733/61
f 560/728/337 567/735/359 615/789/359
f 560/728/337 615/789/359 603/773/336
f 627/811/612 594/812/612 548/716/613
f 627/811/612 548/716/613 628/813/614
f 627/811/615 628/813/616 507/814/617
f 627/811/615 507/814/617 506/768/615
f 596/815/369 590/816/369 310/411/369
f 596/815/369 310/411/369 350/410/369
f 629/817/618 630/818/619 579/819/619
f 629/817/618 579/819/619 578/746/620
f 631/820/621 595/763/587 594/762/586
f 631/820/621 594/762/586 627/821/622
f 580/822/623 632/823/624 595/824/625
f 580/822/623 595/824/625 631/825/626
f 584/752/576 586/754/578 633/826/33
f 584/752/576 633/826/33 634/827/33
f 630/828/627 632/829/628 580/748/574
f 630/828/627 580/748/574 579/747/573
f 595/824/625 632/823/624 590/816/369
f 595/824/625 590/816/369 596/815/369
f 357/428/381 593/761/585 596/764/585
f 357/428/381 596/764/585 350/429/381
f 630/828/627 589/757/581 590/758/582
f 630/828/627 590/758/582 632/829/628
f 605/775/629 554/722/566 635/830/630
f 605/775/629 635/830/630 636/831/631
f 567/735/562 560/728/560 559/727/559
f 559/727/559 637/832/632 568/736/563
f 559/727/559 568/736/563 567/735/562
f 629/817/633 605/775/629 636/831/631
f 629/817/633 636/831/631 638/833/634
f 503/629/532 527/663/532 639/834/635
f 503/629/532 639/834/635 557/725/557
f 588/756/580 462/577/473 529/665/61
f 588/756/580 529/665/61 640/835/61
f 580/822/623 631/825/626 641/836/389
f 580/822/623 641/836/389 581/837/389
f 642/838/61 625/807/61 643/839/61
f 642/838/61 643/839/61 644/840/61
f 612/782/33 445/800/33 621/803/33
f 612/782/33 621/803/33 645/841/33
f 626/808/61 574/742/61 623/805/61
f 626/808/61 623/805/61 646/842/61
f 647/843/33 373/446/33 372/445/33
f 647/843/33 372/445/33 648/844/33
f 455/570/466 584/752/576 634/827/33
f 455/570/466 634/827/33 538/675/33
f 625/807/61 626/808/61 617/845/61
f 625/807/61 617/845/61 643/839/61
f 644/846/357 648/847/357 372/450/357
f 644/846/357 372/450/357 374/449/357
f 601/848/357 643/849/357 617/797/357
f 601/848/357 617/797/357 602/796/357
f 643/849/357 601/848/357 648/847/357
f 643/849/357 648/847/357 644/846/357
f 375/454/61 642/838/61 644/840/61
f 375/454/61 644/840/61 374/455/61
f 600/770/33 647/843/33 648/844/33
f 600/770/33 648/844/33 601/771/33
f 599/769/33 602/772/33 619/850/33
f 599/769/33 619/850/33 620/851/33
f 622/852/534 645/853/636 621/854/637
f 622/852/534 621/854/637 623/855/638
f 623/855/638 621/854/637 620/856/639
f 623/855/638 620/856/639 646/857/640
f 539/689/540 542/692/540 649/858/541
f 539/689/540 649/858/541 650/859/541
f 650/859/541 649/858/541 645/853/636
f 650/859/541 645/853/636 622/852/534
f 646/857/640 620/856/639 619/860/641
f 646/857/640 619/860/641 618/861/641
f 490/607/33 613/783/33 649/862/33
f 490/607/33 649/862/33 542/693/33
f 613/783/33 612/782/33 645/841/33
f 613/783/33 645/841/33 649/862/33
f 617/845/61 626/808/61 646/842/61
f 617/845/61 646/842/61 618/863/61
f 566/734/61 565/733/61 650/864/61
f 566/734/61 650/864/61 622/804/61
f 565/733/61 511/638/61 539/697/61
f 565/733/61 539/697/61 650/864/61
f 651/865/642 582/866/643 652/867/644
f 651/865/642 652/867/644 653/868/645
f 634/869/646 633/870/647 654/871/647
f 634/869/646 654/871/647 640/872/646
f 633/870/647 651/865/642 653/868/645
f 633/870/647 653/868/645 654/871/647
f 538/706/549 634/869/646 640/872/646
f 538/706/549 640/872/646 529/707/549
f 581/873/648 641/874/648 652/867/644
f 581/873/648 652/867/644 582/866/643
f 592/760/584 588/756/580 640/835/61
f 592/760/584 640/835/61 654/875/61
f 598/766/589 579/876/573 582/877/314
f 598/766/589 582/877/314 651/878/403
f 586/754/578 598/766/589 651/878/403
f 586/754/578 651/878/403 633/826/33
f 631/820/621 627/821/622 652/879/61
f 631/820/621 652/879/61 641/880/61
f 627/811/622 506/768/591 653/881/61
f 627/811/622 653/881/61 652/882/61
f 506/768/591 592/760/584 654/875/61
f 506/768/591 654/875/61 653/881/61
f 438/551/455 418/531/454 523/659/528
f 438/551/455 523/659/528 655/883/649
f 524/660/529 435/548/450 437/550/453
f 524/660/529 437/550/453 656/884/650
f 526/662/533 423/536/446 426/539/449
f 526/662/533 426/539/449 657/885/651
f 558/726/558 557/725/557 639/834/635
f 558/726/558 639/834/635 658/886/652
f 569/737/564 568/736/563 637/832/632
f 569/737/564 637/832/632 659/887/653
f 635/830/630 554/722/566 571/739/567
f 635/830/630 571/739/567 660/888/654
f 477/637/655 536/889/655 661/890/656
f 477/637/655 661/890/656 407/520/434
f 408/521/435 407/520/434 662/891/657
f 407/520/434 661/890/656 662/891/657
f 630/818/658 629/817/633 638/833/634
f 630/818/658 638/833/634 589/892/658
f 605/775/592 629/817/618 578/746/620
f 605/775/592 578/746/620 577/745/593
f 598/893/659 575/743/569 578/746/572
f 598/893/659 578/746/572 579/819/659
f 576/894/660 575/784/594 663/895/661
f 576/894/660 663/895/661 664/896/662
f 665/897/418 606/776/340 609/779/341
f 665/897/418 609/779/341 576/894/660
f 516/646/663 464/898/663 525/661/531
f 516/646/663 525/661/531 515/644/530
f 480/597/488 449/563/487 448/562/514
f 480/597/488 448/562/514 515/644/513
f 472/899/664 450/645/664 448/562/460
f 472/899/664 448/562/460 421/561/459
f 422/535/445 482/599/219 481/598/217
f 422/535/445 481/598/217 666/900/421
f 409/522/436 667/901/665 410/523/437
f 667/901/665 668/902/666 410/523/437
f 668/902/666 468/583/479 471/586/482
f 668/902/666 471/586/482 410/523/437
f 513/640/667 439/590/667 412/642/512
f 513/640/667 412/642/512 514/641/511
f 600/810/668 547/715/551 669/903/669
f 600/810/668 669/903/669 647/904/668
f 514/641/509 495/617/507 407/520/506
f 514/641/509 407/520/506 410/523/510
f 510/905/427 494/906/427 411/524/438
f 510/905/427 411/524/438 670/907/427
f 628/813/616 616/794/607 444/793/606
f 628/813/616 444/793/606 507/814/617
f 669/903/669 547/715/551 550/718/554
f 669/903/669 550/718/554 671/908/670
f 548/716/552 672/909/671 549/717/553
f 672/909/671 673/910/672 549/717/553
f 672/909/671 548/716/552 594/812/673
f 672/909/671 594/812/673 593/911/673
f 548/716/613 547/715/609 616/794/611
f 548/716/613 616/794/611 628/813/614
f 419/532/442 422/535/445 666/900/421
f 419/532/442 666/900/421 674/912/421
f 665/897/418 576/894/660 664/896/662
f 665/897/418 664/896/662 675/913/418
f 491/608/489 421/534/444 420/533/443
f 491/608/489 420/533/443 676/914/674
f 663/895/661 575/784/594 614/787/596
f 663/895/661 614/787/596 677/915/675
f 670/907/427 411/524/438 414/527/441
f 670/907/427 414/527/441 678/916/427
f 551/719/555 444/557/458 443/556/179
f 551/719/555 443/556/179 679/917/179

# Mesh
g Cube.064_Cube.127-1
usemtl uvthecannon2_Material_018.002
f 680/918/61 158/138/61 222/215/61
f 680/918/61 222/215/61 246/253/61
f 681/919/676 682/920/677 306/921/321
f 681/919/676 306/921/321 173/922/196
f 683/923/61 144/124/61 143/123/61
f 683/923/61 143/123/61 684/924/61
f 685/925/678 196/926/679 195/927/680
f 685/925/678 195/927/680 393/928/680
f 305/929/681 319/930/682 335/931/682
f 305/929/681 335/931/682 686/932/683
f 687/933/61 225/219/61 144/124/61
f 687/933/61 144/124/61 683/923/61
f 241/934/684 688/935/33 689/936/212
f 241/934/684 689/936/212 242/937/685
f 690/938/686 691/939/687 125/940/688
f 690/938/686 125/940/688 124/941/688
f 203/942/689 331/943/690 692/944/690
f 203/942/689 692/944/690 693/945/689
f 694/946/691 695/947/692 330/948/693
f 694/946/691 330/948/693 280/949/694
f 696/950/695 139/951/696 196/926/679
f 696/950/695 196/926/679 685/925/678
f 199/952/690 697/953/690 698/954/697
f 199/952/690 698/954/697 200/955/698
f 151/956/699 699/957/700 180/958/202
f 151/956/699 180/958/202 152/959/210
f 122/960/701 121/961/701 700/962/702
f 122/960/701 700/962/702 701/963/702
f 240/964/703 238/965/704 702/966/705
f 240/964/703 702/966/705 703/967/706
f 137/968/707 704/969/213 705/970/238
f 137/968/707 705/970/238 239/971/708
f 684/924/61 143/123/61 158/138/61
f 684/924/61 158/138/61 680/918/61
f 166/972/709 706/973/709 707/974/710
f 166/972/709 707/974/710 167/975/711
f 150/976/712 149/977/713 708/978/714
f 150/976/712 708/978/714 709/979/715
f 166/972/709 303/980/716 710/981/717
f 166/972/709 710/981/717 706/973/709
f 231/982/718 183/983/718 227/984/718
f 231/982/718 227/984/718 162/985/718
f 150/976/719 709/979/720 711/986/721
f 150/976/719 711/986/721 382/987/722
f 712/988/61 684/924/61 680/918/61
f 712/988/61 680/918/61 713/989/61
f 714/990/315 148/991/723 383/992/724
f 714/990/315 383/992/724 715/993/725
f 122/960/726 701/963/727 716/994/728
f 122/960/726 716/994/728 389/995/729
f 717/996/730 136/997/731 384/998/732
f 717/996/730 384/998/732 718/999/733
f 719/1000/61 687/933/61 683/923/61
f 719/1000/61 683/923/61 720/1001/61
f 720/1001/61 683/923/61 684/924/61
f 720/1001/61 684/924/61 712/988/61
f 395/1002/734 721/1003/735 722/1004/736
f 395/1002/734 722/1004/736 394/1005/737
f 713/989/61 680/918/61 246/253/61
f 713/989/61 246/253/61 257/270/61
f 723/1006/61 365/438/61 346/402/61
f 723/1006/61 346/402/61 292/334/61
f 200/955/698 698/954/697 397/1007/738
f 200/955/698 397/1007/738 224/1008/738
f 724/1009/61 725/1010/61 282/324/61
f 724/1009/61 282/324/61 285/327/61
f 695/947/692 392/1011/739 327/1012/739
f 695/947/692 327/1012/739 330/948/693
f 303/980/716 305/929/681 686/932/683
f 303/980/716 686/932/683 710/981/717
f 726/1013/740 391/1014/741 390/1015/741
f 726/1013/740 390/1015/741 727/1016/742
f 687/933/61 724/1009/61 285/327/61
f 687/933/61 285/327/61 225/219/61
f 241/934/684 362/1017/743 728/1018/335
f 241/934/684 728/1018/335 688/935/33
f 729/1019/744 270/1020/745 271/1021/745
f 729/1019/744 271/1021/745 730/1022/746
f 731/1023/747 732/1024/748 733/1025/749
f 731/1023/747 733/1025/749 734/1026/747
f 727/1016/750 390/1015/751 402/1027/752
f 727/1016/750 402/1027/752 735/1028/753
f 736/1029/754 140/1030/754 139/951/696
f 736/1029/754 139/951/696 696/950/695
f 732/1024/748 729/1019/744 730/1022/746
f 732/1024/748 730/1022/746 733/1025/749
f 737/1031/755 218/1032/756 221/1033/333
f 737/1031/755 221/1033/333 312/1034/326
f 267/1035/757 738/1036/758 739/1037/758
f 267/1035/757 739/1037/758 268/1038/757
f 361/1039/759 740/1040/760 741/1041/761
f 361/1039/759 741/1041/761 358/1042/762
f 278/1043/763 360/1044/764 742/1045/765
f 278/1043/763 742/1045/765 743/1046/337
f 725/1010/61 723/1006/61 292/334/61
f 725/1010/61 292/334/61 282/324/61
f 730/1022/766 271/1021/767 345/1047/768
f 730/1022/766 345/1047/768 744/1048/769
f 290/1049/770 745/1050/771 746/1051/772
f 290/1049/770 746/1051/772 288/1052/773
f 167/975/711 707/974/710 747/1053/774
f 167/975/711 747/1053/774 170/1054/775
f 748/1055/776 749/1056/777 750/1057/778
f 748/1055/776 750/1057/778 751/1058/779
f 352/1059/780 298/1060/780 348/1061/780
f 352/1059/780 348/1061/780 317/1062/780
f 359/1063/781 752/1064/782 753/1065/783
f 359/1063/781 753/1065/783 387/1066/784
f 754/1067/61 755/1068/61 723/1006/61
f 754/1067/61 723/1006/61 725/1010/61
f 742/1045/785 360/1044/786 386/1069/787
f 742/1045/785 386/1069/787 756/1070/788
f 396/1071/789 757/1072/790 398/1073/791
f 757/1072/790 758/1074/792 398/1073/791
f 728/1018/793 362/1017/794 385/1075/795
f 728/1018/793 385/1075/795 759/1076/796
f 719/1000/61 760/1077/61 724/1009/61
f 719/1000/61 724/1009/61 687/933/61
f 760/1077/61 754/1067/61 725/1010/61
f 760/1077/61 725/1010/61 724/1009/61
f 761/1078/797 399/1079/798 400/1080/799
f 761/1078/797 400/1080/799 762/1081/800
f 755/1068/61 375/454/61 365/438/61
f 755/1068/61 365/438/61 723/1006/61
f 382/987/722 711/986/721 763/1082/801
f 382/987/722 763/1082/801 237/1083/802
f 238/965/704 237/1083/712 763/1082/715
f 238/965/704 763/1082/715 702/966/705
f 715/993/725 383/992/724 239/971/803
f 715/993/725 239/971/803 705/970/804
f 148/991/805 714/990/238 708/978/714
f 148/991/805 708/978/714 149/977/713
f 718/999/733 384/998/732 242/937/806
f 718/999/733 242/937/806 689/936/807
f 136/997/685 717/996/212 704/969/213
f 136/997/685 704/969/213 137/968/707
f 759/1076/796 385/1075/795 279/1084/808
f 759/1076/796 279/1084/808 764/1085/809
f 279/1084/743 278/1043/763 743/1046/337
f 279/1084/743 743/1046/337 764/1085/335
f 756/1070/788 386/1069/787 289/1086/810
f 756/1070/788 289/1086/810 765/1087/811
f 289/1086/812 288/1052/773 746/1051/772
f 289/1086/812 746/1051/772 765/1087/765
f 387/1066/784 753/1065/783 745/1050/813
f 387/1066/784 745/1050/813 290/1049/814
f 358/1042/762 741/1041/761 752/1064/771
f 358/1042/762 752/1064/771 359/1063/770
f 394/1005/737 722/1004/736 700/962/815
f 394/1005/737 700/962/815 121/961/816
f 395/1002/817 182/1088/204 236/1089/258
f 395/1002/817 236/1089/258 721/1003/817
f 389/995/729 716/994/728 766/1090/818
f 389/995/729 766/1090/818 388/1091/819
f 251/1092/820 388/1091/820 766/1090/820
f 251/1092/820 766/1090/820 252/1093/820
f 308/1094/821 311/1095/760 740/1040/760
f 308/1094/821 740/1040/760 361/1039/759
f 767/1096/822 768/1097/823 769/1098/824
f 767/1096/822 769/1098/824 770/1099/822
f 768/1097/823 726/1013/740 727/1016/742
f 768/1097/823 727/1016/742 769/1098/824
f 176/1100/825 240/964/703 703/967/706
f 176/1100/825 703/967/706 177/1101/706
f 767/1096/822 770/1099/822 771/1102/826
f 767/1096/822 771/1102/826 748/1055/827
f 749/1056/828 772/1103/829 131/1104/830
f 749/1056/828 131/1104/830 134/1105/830
f 748/1055/827 771/1102/826 772/1103/829
f 748/1055/827 772/1103/829 749/1056/828
f 682/920/677 737/1031/755 312/1034/326
f 682/920/677 312/1034/326 306/921/321
f 681/919/676 173/922/196 172/1106/195
f 681/919/676 172/1106/195 773/1107/831
f 773/1107/831 172/1106/195 180/958/202
f 773/1107/831 180/958/202 699/957/700
f 774/1108/832 775/1109/833 691/939/687
f 774/1108/832 691/939/687 690/938/686
f 331/943/690 334/1110/834 776/1111/835
f 331/943/690 776/1111/835 692/944/690
f 334/1110/834 154/1112/836 157/1113/836
f 334/1110/834 157/1113/836 776/1111/835
f 776/1111/837 157/1113/838 406/1114/839
f 776/1111/837 406/1114/839 777/1115/840
f 762/1081/800 400/1080/799 268/1038/841
f 762/1081/800 268/1038/841 739/1037/842
f 399/1079/843 761/1078/844 357/1116/844
f 399/1079/843 357/1116/844 314/1117/843
f 398/1073/791 758/1074/792 738/1036/845
f 398/1073/791 738/1036/845 267/1035/846
f 370/1118/847 373/1119/847 757/1072/847
f 370/1118/847 757/1072/847 396/1071/847
f 778/1120/848 779/1121/849 772/1103/850
f 778/1120/848 772/1103/850 771/1102/851
f 780/1122/852 778/1120/848 771/1102/851
f 780/1122/852 771/1102/851 770/1099/852
f 779/1121/849 401/1123/853 131/1104/854
f 779/1121/849 131/1104/854 772/1103/850
f 781/1124/855 735/1028/753 695/947/856
f 781/1124/855 695/947/856 694/946/857
f 780/1122/852 781/1124/855 694/946/857
f 780/1122/852 694/946/857 736/1029/852
f 735/1028/753 402/1027/752 392/1011/858
f 735/1028/753 392/1011/858 695/947/856
f 736/1029/754 694/946/691 280/949/694
f 736/1029/754 280/949/694 140/1030/754
f 770/1099/852 769/1098/859 781/1124/855
f 770/1099/852 781/1124/855 780/1122/852
f 769/1098/859 727/1016/750 735/1028/753
f 769/1098/859 735/1028/753 781/1124/855
f 685/925/860 393/928/861 401/1123/853
f 685/925/860 401/1123/853 779/1121/849
f 736/1029/852 696/950/862 778/1120/848
f 736/1029/852 778/1120/848 780/1122/852
f 696/950/862 685/925/860 779/1121/849
f 696/950/862 779/1121/849 778/1120/848
f 782/1125/863 783/1126/864 706/973/865
f 782/1125/863 706/973/865 710/981/866
f 404/1127/867 784/1128/868 686/932/869
f 404/1127/867 686/932/869 335/931/870
f 784/1128/868 782/1125/863 710/981/866
f 784/1128/868 710/981/866 686/932/869
f 783/1126/864 751/1058/779 707/974/871
f 783/1126/864 707/974/871 706/973/865
f 750/1057/778 403/1129/872 205/1130/873
f 750/1057/778 205/1130/873 747/1053/874
f 751/1058/779 750/1057/778 747/1053/874
f 751/1058/779 747/1053/874 707/974/871
f 170/1054/775 747/1053/774 205/1130/875
f 170/1054/775 205/1130/875 186/1131/875
f 749/1056/777 134/1105/876 403/1129/872
f 749/1056/777 403/1129/872 750/1057/778
f 767/1096/877 748/1055/776 751/1058/779
f 767/1096/877 751/1058/779 783/1126/864
f 726/1013/878 768/1097/879 782/1125/863
f 726/1013/878 782/1125/863 784/1128/868
f 391/1014/880 726/1013/878 784/1128/868
f 391/1014/880 784/1128/868 404/1127/867
f 768/1097/879 767/1096/877 783/1126/864
f 768/1097/879 783/1126/864 782/1125/863
f 744/1048/769 785/1132/881 733/1025/882
f 744/1048/769 733/1025/882 730/1022/766
f 785/1132/881 786/1133/883 734/1026/884
f 785/1132/881 734/1026/884 733/1025/882
f 787/1134/885 788/1135/886 691/939/887
f 787/1134/885 691/939/887 775/1109/888
f 786/1133/883 787/1134/885 775/1109/888
f 786/1133/883 775/1109/888 734/1026/884
f 291/1136/889 788/1135/886 699/957/890
f 291/1136/889 699/957/890 151/956/891
f 744/1048/769 345/1047/768 218/1032/892
f 744/1048/769 218/1032/892 737/1031/893
f 203/942/689 693/945/689 697/953/690
f 203/942/689 697/953/690 199/952/690
f 125/940/894 691/939/887 788/1135/886
f 125/940/894 788/1135/886 291/1136/889
f 681/919/895 773/1107/896 787/1134/885
f 681/919/895 787/1134/885 786/1133/883
f 773/1107/896 699/957/890 788/1135/886
f 773/1107/896 788/1135/886 787/1134/885
f 682/920/897 681/919/895 786/1133/883
f 682/920/897 786/1133/883 785/1132/881
f 737/1031/893 682/920/897 785/1132/881
f 737/1031/893 785/1132/881 744/1048/769
f 789/1137/898 790/1138/899 698/954/900
f 789/1137/898 698/954/900 697/953/901
f 791/1139/902 789/1137/898 697/953/901
f 791/1139/902 697/953/901 693/945/903
f 790/1138/899 405/1140/904 397/1007/905
f 790/1138/899 397/1007/905 698/954/900
f 792/1141/906 777/1115/840 729/1019/907
f 792/1141/906 729/1019/907 732/1024/908
f 791/1139/902 792/1141/906 732/1024/908
f 791/1139/902 732/1024/908 731/1023/909
f 777/1115/840 406/1114/839 270/1020/910
f 777/1115/840 270/1020/910 729/1019/907
f 731/1023/747 734/1026/747 775/1109/833
f 731/1023/747 775/1109/833 774/1108/832
f 693/945/903 692/944/911 792/1141/906
f 693/945/903 792/1141/906 791/1139/902
f 692/944/911 776/1111/837 777/1115/840
f 692/944/911 777/1115/840 792/1141/906
f 690/938/912 124/941/913 405/1140/904
f 690/938/912 405/1140/904 790/1138/899
f 731/1023/909 774/1108/914 789/1137/898
f 731/1023/909 789/1137/898 791/1139/902
f 774/1108/914 690/938/912 790/1138/899
f 774/1108/914 790/1138/899 789/1137/898
f 793/1142/61 531/668/61 508/634/61
f 793/1142/61 508/634/61 446/559/61
f 794/1143/915 463/1144/474 587/1145/579
f 794/1143/915 587/1145/579 795/1146/916
f 796/1147/61 797/1148/61 431/544/61
f 796/1147/61 431/544/61 434/547/61
f 798/1149/917 666/1150/918 481/1151/918
f 798/1149/917 481/1151/918 484/1152/919
f 585/1153/920 799/1154/921 614/1155/922
f 585/1153/920 614/1155/922 597/1156/922
f 800/1157/61 796/1147/61 434/547/61
f 800/1157/61 434/547/61 512/639/61
f 527/1158/923 526/1159/924 689/936/212
f 527/1158/923 689/936/212 688/935/33
f 801/1160/925 414/1161/926 413/1162/926
f 801/1160/925 413/1162/926 802/1163/927
f 489/1164/928 803/1165/928 804/1166/929
f 489/1164/928 804/1166/929 610/1167/929
f 805/1168/930 561/1169/931 607/1170/932
f 805/1168/930 607/1170/932 806/1171/933
f 807/1172/934 798/1149/917 484/1152/919
f 807/1172/934 484/1152/919 427/1173/935
f 485/1174/929 488/1175/936 808/1176/937
f 485/1174/929 808/1176/937 809/1177/929
f 441/1178/938 440/1179/485 466/1180/477
f 441/1178/938 466/1180/477 810/1181/939
f 408/1182/940 701/963/702 700/962/702
f 408/1182/940 700/962/702 409/1183/940
f 525/1184/941 703/967/706 702/966/705
f 525/1184/941 702/966/705 522/1185/942
f 425/1186/943 524/1187/944 705/970/238
f 425/1186/943 705/970/238 704/969/213
f 797/1148/61 793/1142/61 446/559/61
f 797/1148/61 446/559/61 431/544/61
f 454/1188/945 457/1189/946 811/1190/947
f 454/1188/945 811/1190/947 812/1191/945
f 438/1192/948 709/979/715 708/978/714
f 438/1192/948 708/978/714 436/1193/949
f 454/1188/945 812/1191/945 813/1194/950
f 454/1188/945 813/1194/950 583/1195/951
f 516/1196/952 450/1197/952 513/1198/952
f 516/1196/952 513/1198/952 471/1199/952
f 438/1192/953 655/1200/954 711/986/721
f 438/1192/953 711/986/721 709/979/720
f 712/988/61 713/989/61 793/1142/61
f 712/988/61 793/1142/61 797/1148/61
f 714/990/315 715/993/725 656/1201/955
f 714/990/315 656/1201/955 437/1202/956
f 408/1182/957 662/1203/958 716/994/728
f 408/1182/957 716/994/728 701/963/727
f 717/996/730 718/999/733 657/1204/959
f 717/996/730 657/1204/959 426/1205/960
f 719/1000/61 720/1001/61 796/1147/61
f 719/1000/61 796/1147/61 800/1157/61
f 720/1001/61 712/988/61 797/1148/61
f 720/1001/61 797/1148/61 796/1147/61
f 668/1206/961 667/1207/962 722/1004/736
f 668/1206/961 722/1004/736 721/1003/735
f 713/989/61 257/270/61 531/668/61
f 713/989/61 531/668/61 793/1142/61
f 814/1208/61 573/741/61 625/807/61
f 814/1208/61 625/807/61 642/838/61
f 488/1175/936 510/1209/963 670/1210/963
f 488/1175/936 670/1210/963 808/1176/937
f 815/1211/61 564/732/61 563/731/61
f 815/1211/61 563/731/61 816/1212/61
f 806/1171/933 607/1170/932 606/1213/964
f 806/1171/933 606/1213/964 665/1214/964
f 583/1195/951 813/1194/950 799/1154/921
f 583/1195/951 799/1154/921 585/1153/920
f 817/1215/965 818/1216/966 664/1217/967
f 817/1215/965 664/1217/967 663/1218/967
f 800/1157/61 512/639/61 564/732/61
f 800/1157/61 564/732/61 815/1211/61
f 527/1158/923 688/935/33 728/1018/335
f 527/1158/923 728/1018/335 639/1219/968
f 819/1220/969 820/1221/970 552/1222/971
f 819/1220/969 552/1222/971 551/1223/971
f 821/1224/972 822/1225/972 823/1226/973
f 821/1224/972 823/1226/973 824/1227/974
f 818/1216/975 825/1228/976 675/1229/977
f 818/1216/975 675/1229/977 664/1217/978
f 826/1230/979 807/1172/934 427/1173/935
f 826/1230/979 427/1173/935 430/1231/979
f 824/1227/974 823/1226/973 820/1221/970
f 824/1227/974 820/1221/970 819/1220/969
f 827/1232/980 591/1233/583 505/1234/590
f 827/1232/980 505/1234/590 504/1235/981
f 550/1236/982 549/1237/982 739/1037/758
f 550/1236/982 739/1037/758 738/1036/758
f 638/1238/983 636/1239/984 741/1041/761
f 638/1238/983 741/1041/761 740/1040/760
f 559/1240/985 743/1046/337 742/1045/765
f 559/1240/985 742/1045/765 637/1241/986
f 816/1212/61 563/731/61 573/741/61
f 816/1212/61 573/741/61 814/1208/61
f 820/1221/987 828/1242/988 624/1243/989
f 820/1221/987 624/1243/989 552/1222/990
f 571/1244/991 570/1245/992 746/1051/772
f 571/1244/991 746/1051/772 745/1050/771
f 457/1189/946 459/1246/993 829/1247/994
f 457/1189/946 829/1247/994 811/1190/947
f 830/1248/995 831/1249/996 832/1250/997
f 830/1248/995 832/1250/997 833/1251/998
f 630/1252/999 594/1253/999 627/1254/999
f 630/1252/999 627/1254/999 579/1255/999
f 635/1256/1000 660/1257/1001 753/1065/783
f 635/1256/1000 753/1065/783 752/1064/782
f 754/1067/61 816/1212/61 814/1208/61
f 754/1067/61 814/1208/61 755/1068/61
f 742/1045/785 756/1070/788 659/1258/1002
f 742/1045/785 659/1258/1002 637/1241/1003
f 669/1259/1004 671/1260/1005 757/1072/790
f 671/1260/1005 758/1074/792 757/1072/790
f 728/1018/793 759/1076/796 658/1261/1006
f 728/1018/793 658/1261/1006 639/1219/1007
f 719/1000/61 800/1157/61 815/1211/61
f 719/1000/61 815/1211/61 760/1077/61
f 760/1077/61 815/1211/61 816/1212/61
f 760/1077/61 816/1212/61 754/1067/61
f 761/1078/797 762/1081/800 673/1262/1008
f 761/1078/797 673/1262/1008 672/1263/1009
f 755/1068/61 814/1208/61 642/838/61
f 755/1068/61 642/838/61 375/454/61
f 655/1200/954 523/1264/1010 763/1082/801
f 655/1200/954 763/1082/801 711/986/721
f 522/1185/942 702/966/705 763/1082/715
f 522/1185/942 763/1082/715 523/1264/948
f 715/993/725 705/970/804 524/1187/1011
f 715/993/725 524/1187/1011 656/1201/955
f 437/1202/1012 436/1193/949 708/978/714
f 437/1202/1012 708/978/714 714/990/238
f 718/999/733 689/936/807 526/1159/1013
f 718/999/733 526/1159/1013 657/1204/959
f 426/1205/924 425/1186/943 704/969/213
f 426/1205/924 704/969/213 717/996/212
f 759/1076/796 764/1085/809 558/1265/1014
f 759/1076/796 558/1265/1014 658/1261/1006
f 558/1265/968 764/1085/335 743/1046/337
f 558/1265/968 743/1046/337 559/1240/985
f 756/1070/788 765/1087/811 569/1266/1015
f 756/1070/788 569/1266/1015 659/1258/1002
f 569/1266/1016 765/1087/765 746/1051/772
f 569/1266/1016 746/1051/772 570/1245/992
f 660/1257/1001 571/1244/1017 745/1050/813
f 660/1257/1001 745/1050/813 753/1065/783
f 636/1239/984 635/1256/991 752/1064/771
f 636/1239/984 752/1064/771 741/1041/761
f 667/1207/962 409/1183/1018 700/962/815
f 667/1207/962 700/962/815 722/1004/736
f 668/1206/1019 721/1003/1019 521/1267/524
f 668/1206/1019 521/1267/524 468/1268/479
f 662/1203/958 661/1269/1020 766/1090/818
f 662/1203/958 766/1090/818 716/994/728
f 536/1270/820 252/1093/820 766/1090/820
f 536/1270/820 766/1090/820 661/1269/820
f 589/1271/1021 638/1238/983 740/1040/760
f 589/1271/1021 740/1040/760 311/1095/760
f 834/1272/1022 835/1273/1022 836/1274/1023
f 834/1272/1022 836/1274/1023 837/1275/1024
f 837/1275/1024 836/1274/1023 818/1216/966
f 837/1275/1024 818/1216/966 817/1215/965
f 464/1276/1025 177/1101/706 703/967/706
f 464/1276/1025 703/967/706 525/1184/941
f 834/1272/1022 830/1248/1026 838/1277/1027
f 834/1272/1022 838/1277/1027 835/1273/1022
f 833/1251/1028 420/1278/1029 419/1279/1029
f 833/1251/1028 419/1279/1029 839/1280/1030
f 830/1248/1026 833/1251/1028 839/1280/1030
f 830/1248/1026 839/1280/1030 838/1277/1027
f 795/1146/916 587/1145/579 591/1233/583
f 795/1146/916 591/1233/583 827/1232/980
f 794/1143/915 840/1281/1031 460/1282/471
f 794/1143/915 460/1282/471 463/1144/474
f 840/1281/1031 810/1181/939 466/1180/477
f 840/1281/1031 466/1180/477 460/1282/471
f 841/1283/1032 801/1160/925 802/1163/927
f 841/1283/1032 802/1163/927 842/1284/1033
f 610/1167/929 804/1166/929 843/1285/1034
f 610/1167/929 843/1285/1034 611/1286/1035
f 611/1286/1035 843/1285/1034 443/1287/1036
f 611/1286/1035 443/1287/1036 442/1288/1036
f 843/1285/1037 844/1289/1038 679/1290/1039
f 843/1285/1037 679/1290/1039 443/1287/1040
f 762/1081/800 739/1037/842 549/1237/1041
f 762/1081/800 549/1237/1041 673/1262/1008
f 672/1263/1042 593/1291/1042 357/1116/844
f 672/1263/1042 357/1116/844 761/1078/844
f 671/1260/1005 550/1236/1043 738/1036/845
f 671/1260/1005 738/1036/845 758/1074/792
f 647/1292/847 669/1259/847 757/1072/847
f 647/1292/847 757/1072/847 373/1119/847
f 845/1293/1044 838/1277/1045 839/1280/1046
f 845/1293/1044 839/1280/1046 846/1294/1047
f 847/1295/1048 835/1273/1048 838/1277/1045
f 847/1295/1048 838/1277/1045 845/1293/1044
f 846/1294/1047 839/1280/1046 419/1279/1049
f 846/1294/1047 419/1279/1049 674/1296/1050
f 848/1297/1051 805/1168/1052 806/1171/1053
f 848/1297/1051 806/1171/1053 825/1228/976
f 847/1295/1048 826/1230/1048 805/1168/1052
f 847/1295/1048 805/1168/1052 848/1297/1051
f 825/1228/976 806/1171/1053 665/1214/1054
f 825/1228/976 665/1214/1054 675/1229/977
f 826/1230/979 430/1231/979 561/1169/931
f 826/1230/979 561/1169/931 805/1168/930
f 835/1273/1048 847/1295/1048 848/1297/1051
f 835/1273/1048 848/1297/1051 836/1274/1055
f 836/1274/1055 848/1297/1051 825/1228/976
f 836/1274/1055 825/1228/976 818/1216/975
f 798/1149/1056 846/1294/1047 674/1296/1050
f 798/1149/1056 674/1296/1050 666/1150/1057
f 826/1230/1048 847/1295/1048 845/1293/1044
f 826/1230/1048 845/1293/1044 807/1172/1058
f 807/1172/1058 845/1293/1044 846/1294/1047
f 807/1172/1058 846/1294/1047 798/1149/1056
f 849/1298/1059 813/1194/1060 812/1191/1061
f 849/1298/1059 812/1191/1061 850/1299/1062
f 677/1300/1063 614/1155/1064 799/1154/1065
f 677/1300/1063 799/1154/1065 851/1301/1066
f 851/1301/1066 799/1154/1065 813/1194/1060
f 851/1301/1066 813/1194/1060 849/1298/1059
f 850/1299/1062 812/1191/1061 811/1190/1067
f 850/1299/1062 811/1190/1067 831/1249/996
f 832/1250/997 829/1247/1068 491/1302/1069
f 832/1250/997 491/1302/1069 676/1303/1070
f 831/1249/996 811/1190/1067 829/1247/1068
f 831/1249/996 829/1247/1068 832/1250/997
f 459/1246/993 473/1304/1071 491/1302/1071
f 459/1246/993 491/1302/1071 829/1247/994
f 833/1251/998 832/1250/997 676/1303/1070
f 833/1251/998 676/1303/1070 420/1278/1072
f 834/1272/1073 850/1299/1062 831/1249/996
f 834/1272/1073 831/1249/996 830/1248/995
f 817/1215/1074 851/1301/1066 849/1298/1059
f 817/1215/1074 849/1298/1059 837/1275/1075
f 663/1218/1076 677/1300/1063 851/1301/1066
f 663/1218/1076 851/1301/1066 817/1215/1074
f 837/1275/1075 849/1298/1059 850/1299/1062
f 837/1275/1075 850/1299/1062 834/1272/1073
f 828/1242/988 820/1221/987 823/1226/1077
f 828/1242/988 823/1226/1077 852/1305/1078
f 852/1305/1078 823/1226/1077 822/1225/1079
f 852/1305/1078 822/1225/1079 853/1306/1080
f 854/1307/1081 842/1284/1082 802/1163/1083
f 854/1307/1081 802/1163/1083 855/1308/1084
f 853/1306/1080 822/1225/1079 842/1284/1082
f 853/1306/1080 842/1284/1082 854/1307/1081
f 572/1309/1085 441/1178/1086 810/1181/1087
f 572/1309/1085 810/1181/1087 855/1308/1084
f 828/1242/988 827/1232/1088 504/1235/1089
f 828/1242/988 504/1235/1089 624/1243/989
f 489/1164/928 485/1174/929 809/1177/929
f 489/1164/928 809/1177/929 803/1165/928
f 413/1162/1090 572/1309/1085 855/1308/1084
f 413/1162/1090 855/1308/1084 802/1163/1083
f 794/1143/1091 853/1306/1080 854/1307/1081
f 794/1143/1091 854/1307/1081 840/1281/1092
f 840/1281/1092 854/1307/1081 855/1308/1084
f 840/1281/1092 855/1308/1084 810/1181/1087
f 795/1146/1093 852/1305/1078 853/1306/1080
f 795/1146/1093 853/1306/1080 794/1143/1091
f 827/1232/1088 828/1242/988 852/1305/1078
f 827/1232/1088 852/1305/1078 795/1146/1093
f 856/1310/1094 809/1177/1095 808/1176/1096
f 856/1310/1094 808/1176/1096 857/1311/1097
f 858/1312/1098 803/1165/1099 809/1177/1095
f 858/1312/1098 809/1177/1095 856/1310/1094
f 857/1311/1097 808/1176/1096 670/1210/1100
f 857/1311/1097 670/1210/1100 678/1313/1101
f 859/1314/1102 824/1227/1103 819/1220/1104
f 859/1314/1102 819/1220/1104 844/1289/1038
f 858/1312/1098 821/1224/1105 824/1227/1103
f 858/1312/1098 824/1227/1103 859/1314/1102
f 844/1289/1038 819/1220/1104 551/1223/1106
f 844/1289/1038 551/1223/1106 679/1290/1039
f 821/1224/972 841/1283/1032 842/1284/1033
f 821/1224/972 842/1284/1033 822/1225/972
f 803/1165/1099 858/1312/1098 859/1314/1102
f 803/1165/1099 859/1314/1102 804/1166/1107
f 804/1166/1107 859/1314/1102 844/1289/1038
f 804/1166/1107 844/1289/1038 843/1285/1037
f 801/1160/1108 857/1311/1097 678/1313/1101
f 801/1160/1108 678/1313/1101 414/1161/1109
f 821/1224/1105 858/1312/1098 856/1310/1094
f 821/1224/1105 856/1310/1094 841/1283/1110
f 841/1283/1110 856/1310/1094 857/1311/1097
f 841/1283/1110 857/1311/1097 801/1160/1108
