# File produced by Open Asset Import Library (http://www.assimp.sf.net)
# (assimp v3.1.118612264)

mtllib cratewithredapples.mtl

# vertex positions
v 0.840224 -0.145848 3.454559
v 0.841441 -0.140232 3.451778
v 0.857442 -0.145159 3.449813
v 0.855917 -0.150680 3.452632
v 0.856633 -0.111942 3.459924
v 0.858446 -0.114120 3.466592
v 0.861568 -0.115081 3.466208
v 0.862756 -0.113828 3.459172
v 0.839613 -0.150972 3.458318
v 0.854396 -0.155524 3.456503
v 0.854268 -0.112600 3.454816
v 0.863157 -0.115337 3.453725
v 0.839632 -0.155407 3.462910
v 0.852936 -0.159503 3.461277
v 0.851130 -0.117269 3.451931
v 0.862445 -0.120753 3.450542
v 0.840280 -0.158981 3.468159
v 0.851594 -0.162465 3.466770
v 0.848157 -0.122633 3.450160
v 0.861461 -0.126730 3.448526
v 0.841532 -0.161559 3.473864
v 0.850422 -0.164296 3.472772
v 0.845485 -0.128398 3.449535
v 0.860268 -0.132949 3.447720
v 0.843341 -0.163041 3.479804
v 0.849464 -0.164927 3.479052
v 0.843217 -0.134340 3.450082
v 0.858911 -0.139172 3.448155
v 0.845635 -0.163370 3.485752
v 0.848757 -0.164331 3.485369
v 0.860721 -0.114893 3.472945
v 0.848328 -0.162533 3.491479
v 0.874226 -0.140818 3.454162
v 0.873056 -0.146838 3.455938
v 0.864614 -0.115409 3.467403
v 0.851803 -0.164659 3.486564
v 0.871232 -0.152327 3.458640
v 0.868731 -0.114470 3.461517
v 0.868822 -0.157075 3.462162
v 0.871832 -0.116270 3.457128
v 0.865920 -0.160899 3.466369
v 0.873486 -0.121940 3.454873
v 0.862636 -0.163652 3.471101
v 0.874445 -0.128126 3.453619
v 0.859097 -0.165229 3.476175
v 0.874694 -0.134500 3.453379
v 0.855439 -0.165569 3.481396
v 0.875103 -0.159220 3.476824
v 0.870446 -0.162225 3.479992
v 0.881296 -0.120512 3.463764
v 0.883628 -0.126447 3.464074
v 0.865233 -0.164108 3.483161
v 0.884898 -0.132635 3.464996
v 0.859666 -0.164797 3.486208
v 0.885058 -0.138838 3.466494
v 0.853958 -0.164265 3.489017
v 0.884101 -0.144819 3.468512
v 0.866769 -0.115015 3.469856
v 0.882065 -0.150347 3.470972
v 0.872958 -0.113698 3.466328
v 0.879026 -0.155210 3.473778
v 0.877969 -0.115149 3.464113
v 0.867455 -0.114005 3.472910
v 0.854644 -0.163255 3.492071
v 0.887617 -0.139644 3.484165
v 0.885512 -0.145271 3.486324
v 0.874303 -0.111717 3.472318
v 0.882274 -0.150428 3.488240
v 0.879922 -0.112273 3.472810
v 0.878026 -0.154917 3.489839
v 0.883782 -0.116853 3.474833
v 0.872931 -0.158565 3.491060
v 0.886551 -0.122144 3.477089
v 0.867186 -0.161232 3.491857
v 0.888146 -0.127854 3.479457
v 0.861011 -0.162816 3.492198
v 0.888506 -0.133763 3.481847
v 0.880277 -0.111942 3.485113
v 0.882430 -0.116369 3.489177
v 0.869427 -0.153654 3.501341
v 0.864433 -0.157374 3.499934
v 0.883567 -0.121437 3.492889
v 0.859115 -0.160158 3.497762
v 0.883645 -0.126951 3.496105
v 0.853677 -0.161900 3.494907
v 0.882660 -0.132698 3.498703
v 0.866488 -0.112650 3.475746
v 0.880651 -0.138459 3.500583
v 0.872407 -0.109059 3.477882
v 0.877695 -0.144012 3.501671
v 0.877168 -0.108415 3.480887
v 0.873905 -0.149142 3.501927
v 0.870561 -0.125844 3.508231
v 0.868784 -0.131737 3.509928
v 0.864127 -0.111313 3.477605
v 0.867776 -0.106436 3.481528
v 0.866516 -0.137679 3.510474
v 0.870446 -0.104607 3.486180
v 0.863845 -0.143443 3.509849
v 0.871721 -0.107095 3.491850
v 0.860871 -0.148808 3.508078
v 0.872370 -0.110670 3.497099
v 0.857711 -0.153566 3.505228
v 0.872389 -0.115105 3.501691
v 0.854484 -0.157535 3.501408
v 0.871778 -0.120228 3.505450
v 0.851316 -0.160563 3.496766
v 0.849557 -0.145324 3.509467
v 0.848821 -0.150829 3.506319
v 0.859065 -0.106574 3.498733
v 0.857606 -0.110553 3.503506
v 0.848361 -0.155650 3.502160
v 0.856084 -0.115397 3.507377
v 0.848195 -0.159602 3.497149
v 0.854560 -0.120918 3.510196
v 0.861006 -0.110352 3.477988
v 0.853091 -0.126905 3.511854
v 0.861653 -0.104551 3.482280
v 0.851734 -0.133128 3.512289
v 0.861556 -0.101870 3.487272
v 0.850540 -0.139347 3.511483
v 0.860407 -0.103612 3.493239
v 0.837776 -0.125258 3.505847
v 0.837307 -0.131577 3.506630
v 0.855677 -0.103909 3.479936
v 0.852881 -0.100937 3.483869
v 0.837557 -0.137951 3.506390
v 0.849366 -0.102425 3.488908
v 0.838515 -0.144137 3.505136
v 0.846082 -0.105178 3.493640
v 0.840146 -0.149896 3.502916
v 0.843179 -0.109002 3.497848
v 0.842386 -0.155007 3.499816
v 0.840770 -0.113750 3.501369
v 0.845149 -0.159275 3.495954
v 0.838945 -0.119239 3.504071
v 0.857960 -0.110024 3.476794
v 0.834010 -0.151018 3.495930
v 0.838159 -0.155780 3.495004
v 0.832975 -0.110867 3.486231
v 0.829937 -0.115730 3.489038
v 0.842994 -0.159668 3.493501
v 0.827900 -0.121258 3.491497
v 0.855805 -0.110418 3.474340
v 0.826943 -0.127238 3.493515
v 0.851451 -0.104681 3.475124
v 0.827103 -0.133442 3.495013
v 0.846745 -0.102059 3.476883
v 0.828374 -0.139630 3.495935
v 0.841556 -0.103852 3.480017
v 0.830706 -0.145564 3.496245
v 0.836899 -0.106857 3.483185
v 0.850106 -0.106662 3.469134
v 0.844792 -0.104934 3.468187
v 0.823856 -0.138223 3.480552
v 0.825451 -0.143933 3.482920
v 0.839070 -0.107512 3.468949
v 0.828220 -0.149224 3.485177
v 0.833976 -0.111160 3.470170
v 0.832057 -0.153893 3.487234
v 0.829728 -0.115649 3.471769
v 0.836814 -0.157761 3.489014
v 0.826489 -0.120806 3.473685
v 0.842308 -0.160678 3.490447
v 0.824385 -0.126433 3.475844
v 0.855119 -0.111428 3.471287
v 0.823496 -0.132314 3.478163
v 0.834307 -0.122065 3.458338
v 0.831350 -0.127618 3.459426
v 0.838710 -0.160418 3.483450
v 0.843275 -0.162033 3.487611
v 0.829341 -0.133378 3.461306
v 0.856086 -0.112783 3.468451
v 0.828357 -0.139126 3.463904
v 0.852002 -0.109320 3.463571
v 0.828434 -0.144640 3.467120
v 0.847546 -0.108792 3.460110
v 0.829572 -0.149708 3.470832
v 0.842575 -0.112423 3.458668
v 0.831724 -0.154135 3.474896
v 0.838097 -0.116934 3.458082
v 0.834810 -0.157751 3.479157
v 1.001364 -0.155755 3.340831
v 1.001364 -0.149638 3.339003
v 1.017647 -0.148804 3.343286
v 1.017334 -0.154937 3.345031
v 1.001364 -0.119951 3.353706
v 1.001364 -0.122607 3.360447
v 1.004541 -0.122444 3.361282
v 1.007596 -0.119632 3.355345
v 1.001364 -0.161397 3.343817
v 1.016408 -0.160627 3.347773
v 1.001364 -0.120392 3.348057
v 1.010411 -0.119929 3.350436
v 1.001364 -0.166349 3.347846
v 1.014903 -0.165656 3.351407
v 1.001364 -0.125213 3.343967
v 1.012878 -0.124624 3.346996
v 1.001364 -0.170419 3.352764
v 1.012878 -0.169830 3.355792
v 1.001364 -0.130830 3.340935
v 1.014903 -0.130137 3.344495
v 1.001364 -0.173452 3.358382
v 1.010411 -0.172989 3.360761
v 1.001364 -0.136932 3.339056
v 1.016408 -0.136162 3.343013
v 1.001364 -0.175330 3.364483
v 1.007596 -0.175011 3.366122
v 1.001364 -0.143282 3.338404
v 1.017334 -0.142465 3.342604
v 1.001364 -0.175982 3.370833
v 1.004541 -0.175820 3.371669
v 1.001364 -0.123753 3.367142
v 1.001364 -0.175383 3.377189
v 1.029025 -0.140232 3.354079
v 1.029567 -0.146528 3.354986
v 1.006866 -0.122000 3.363565
v 1.006866 -0.175376 3.373951
v 1.029025 -0.152704 3.356507
v 1.012157 -0.118761 3.359823
v 1.027420 -0.158524 3.358583
v 1.017033 -0.118664 3.356936
v 1.024814 -0.163763 3.361135
v 1.021307 -0.123014 3.355269
v 1.021307 -0.168220 3.364066
v 1.024814 -0.128244 3.354224
v 1.017033 -0.171724 3.367261
v 1.027420 -0.134058 3.353822
v 1.012157 -0.174140 3.370599
v 1.028441 -0.161177 3.374425
v 1.024392 -0.166021 3.375367
v 1.024392 -0.120814 3.366570
v 1.028441 -0.125658 3.367513
v 1.019457 -0.169996 3.376141
v 1.031451 -0.131185 3.368588
v 1.013827 -0.172950 3.376716
v 1.033304 -0.137181 3.369755
v 1.007718 -0.174769 3.377070
v 1.033930 -0.143418 3.370969
v 1.007718 -0.121393 3.366683
v 1.033304 -0.149654 3.372182
v 1.013827 -0.117571 3.365939
v 1.031451 -0.155650 3.373349
v 1.019457 -0.116936 3.365816
v 1.006866 -0.120787 3.369801
v 1.006866 -0.174162 3.380188
v 1.029567 -0.140307 3.386952
v 1.029025 -0.146603 3.387858
v 1.012157 -0.116381 3.372056
v 1.027420 -0.152777 3.388115
v 1.017033 -0.115208 3.374695
v 1.024814 -0.158591 3.387714
v 1.021307 -0.118615 3.377872
v 1.021307 -0.163821 3.386669
v 1.024814 -0.123072 3.380802
v 1.017033 -0.168268 3.385020
v 1.027420 -0.128311 3.383355
v 1.012157 -0.171760 3.382832
v 1.029025 -0.134131 3.385431
v 1.012878 -0.117005 3.386145
v 1.014903 -0.121179 3.390531
v 1.012878 -0.162212 3.394942
v 1.010411 -0.167003 3.391521
v 1.016408 -0.126208 3.394164
v 1.007596 -0.170888 3.387310
v 1.017334 -0.131898 3.396906
v 1.004541 -0.173718 3.382470
v 1.017647 -0.138031 3.398652
v 1.004541 -0.120342 3.372084
v 1.017334 -0.144370 3.399333
v 1.007596 -0.115509 3.376533
v 1.016408 -0.150673 3.398925
v 1.010411 -0.113943 3.381196
v 1.014903 -0.156698 3.397442
v 1.001364 -0.137197 3.402935
v 1.001364 -0.143553 3.403534
v 1.001364 -0.120180 3.372919
v 1.001364 -0.115190 3.378172
v 1.001364 -0.149903 3.402882
v 1.001364 -0.113480 3.383575
v 1.001364 -0.156005 3.401003
v 1.001364 -0.116416 3.389174
v 1.001364 -0.161622 3.397970
v 1.001364 -0.120486 3.394091
v 1.001364 -0.166540 3.393900
v 1.001364 -0.125438 3.398121
v 1.001364 -0.170570 3.388948
v 1.001364 -0.131081 3.401107
v 1.001364 -0.173555 3.383306
v 0.989851 -0.162211 3.394942
v 0.992318 -0.167003 3.391521
v 0.987826 -0.121179 3.390531
v 0.986321 -0.126208 3.394164
v 0.995133 -0.170888 3.387310
v 0.985395 -0.131898 3.396906
v 0.998188 -0.173718 3.382470
v 0.985082 -0.138031 3.398652
v 0.998188 -0.120342 3.372084
v 0.985395 -0.144370 3.399333
v 0.995133 -0.115509 3.376533
v 0.986321 -0.150673 3.398925
v 0.992318 -0.113943 3.381196
v 0.987826 -0.156698 3.397442
v 0.989851 -0.117005 3.386145
v 0.973704 -0.146603 3.387858
v 0.975309 -0.152777 3.388115
v 0.990572 -0.116381 3.372056
v 0.985696 -0.115208 3.374695
v 0.977915 -0.158591 3.387714
v 0.981422 -0.118615 3.377872
v 0.981422 -0.163821 3.386669
v 0.977915 -0.123072 3.380802
v 0.985696 -0.168268 3.385020
v 0.975309 -0.128311 3.383355
v 0.990572 -0.171760 3.382832
v 0.973704 -0.134131 3.385431
v 0.995862 -0.174162 3.380188
v 0.973162 -0.140307 3.386952
v 0.995862 -0.120787 3.369801
v 0.983272 -0.169996 3.376141
v 0.988902 -0.172950 3.376716
v 0.971278 -0.131185 3.368588
v 0.969425 -0.137181 3.369755
v 0.995011 -0.174769 3.377070
v 0.968799 -0.143418 3.370969
v 0.995011 -0.121393 3.366683
v 0.969425 -0.149654 3.372182
v 0.988902 -0.117571 3.365939
v 0.971278 -0.155650 3.373349
v 0.983272 -0.116936 3.365816
v 0.974287 -0.161177 3.374425
v 0.978337 -0.120814 3.366570
v 0.978337 -0.166021 3.375367
v 0.974287 -0.125658 3.367513
v 0.990572 -0.118761 3.359823
v 0.985696 -0.118664 3.356936
v 0.975309 -0.158524 3.358583
v 0.977915 -0.163763 3.361135
v 0.981422 -0.123014 3.355269
v 0.981422 -0.168220 3.364066
v 0.977915 -0.128244 3.354224
v 0.985696 -0.171724 3.367261
v 0.975309 -0.134058 3.353822
v 0.990572 -0.174140 3.370599
v 0.973704 -0.140232 3.354079
v 0.995862 -0.175376 3.373951
v 0.973162 -0.146528 3.354986
v 0.995862 -0.122000 3.363565
v 0.973704 -0.152704 3.356507
v 0.986321 -0.136162 3.343013
v 0.985395 -0.142465 3.342604
v 0.995133 -0.175011 3.366122
v 0.998188 -0.175820 3.371669
v 0.985082 -0.148804 3.343286
v 0.998188 -0.122444 3.361282
v 0.985395 -0.154937 3.345031
v 0.995133 -0.119632 3.355345
v 0.986321 -0.160627 3.347773
v 0.992318 -0.119929 3.350436
v 0.987826 -0.165656 3.351407
v 0.989851 -0.124624 3.346996
v 0.989851 -0.169830 3.355792
v 0.987826 -0.130137 3.344495
v 0.992318 -0.172989 3.360761
v 0.928757 -0.138749 3.343827
v 0.931541 -0.133039 3.343202
v 0.946177 -0.140175 3.347564
v 0.943111 -0.145748 3.348106
v 0.943082 -0.109371 3.363305
v 0.941375 -0.112871 3.369414
v 0.944231 -0.114264 3.370265
v 0.948683 -0.112102 3.364974
v 0.926079 -0.144240 3.345680
v 0.939601 -0.150833 3.349711
v 0.943366 -0.108790 3.357675
v 0.951497 -0.112754 3.360098
v 0.923612 -0.149300 3.348690
v 0.935781 -0.155234 3.352317
v 0.941634 -0.112341 3.352740
v 0.951983 -0.117387 3.355825
v 0.921449 -0.153736 3.352740
v 0.931798 -0.158782 3.355825
v 0.939471 -0.116777 3.348690
v 0.951640 -0.122710 3.352317
v 0.919674 -0.157376 3.357675
v 0.927805 -0.161341 3.360098
v 0.937003 -0.121837 3.345680
v 0.950525 -0.128430 3.349711
v 0.918355 -0.160081 3.363305
v 0.923955 -0.162812 3.364974
v 0.934326 -0.127328 3.343827
v 0.948680 -0.134328 3.348106
v 0.917543 -0.161747 3.369414
v 0.920398 -0.163139 3.370265
v 0.940322 -0.115031 3.375767
v 0.917268 -0.162309 3.375767
v 0.959188 -0.139451 3.359797
v 0.956891 -0.145399 3.359484
v 0.946321 -0.115283 3.372590
v 0.922488 -0.164158 3.372590
v 0.953619 -0.150872 3.359797
v 0.952783 -0.114101 3.369536
v 0.949499 -0.155660 3.360723
v 0.957449 -0.115657 3.366721
v 0.944689 -0.159578 3.362228
v 0.959559 -0.121081 3.364253
v 0.939373 -0.162476 3.364253
v 0.960548 -0.127054 3.362228
v 0.933757 -0.164244 3.366721
v 0.960423 -0.133257 3.360723
v 0.928055 -0.164811 3.369536
v 0.947949 -0.161168 3.375767
v 0.942146 -0.163829 3.375767
v 0.962332 -0.122434 3.375767
v 0.963809 -0.128644 3.375767
v 0.935936 -0.165306 3.375767
v 0.964046 -0.135024 3.375767
v 0.929556 -0.165543 3.375767
v 0.963034 -0.141327 3.375767
v 0.923253 -0.164531 3.375767
v 0.960812 -0.147312 3.375767
v 0.947086 -0.115656 3.375767
v 0.957465 -0.152748 3.375767
v 0.954284 -0.114833 3.375767
v 0.953122 -0.157427 3.375767
v 0.959628 -0.116719 3.375767
v 0.946321 -0.115283 3.378943
v 0.922488 -0.164158 3.378943
v 0.956891 -0.145399 3.392049
v 0.953619 -0.150872 3.391737
v 0.952783 -0.114101 3.381998
v 0.949499 -0.155660 3.390810
v 0.957449 -0.115657 3.384813
v 0.944689 -0.159578 3.389305
v 0.959559 -0.121081 3.387280
v 0.939373 -0.162476 3.387280
v 0.960548 -0.127054 3.389305
v 0.933757 -0.164244 3.384813
v 0.960423 -0.133257 3.390810
v 0.928055 -0.164811 3.381998
v 0.959188 -0.139451 3.391737
v 0.951983 -0.117387 3.395709
v 0.951640 -0.122710 3.399216
v 0.931798 -0.158782 3.395709
v 0.927805 -0.161341 3.391435
v 0.950525 -0.128430 3.401822
v 0.923955 -0.162812 3.386559
v 0.948680 -0.134328 3.403427
v 0.920398 -0.163139 3.381269
v 0.946177 -0.140175 3.403969
v 0.944231 -0.114264 3.381269
v 0.943111 -0.145748 3.403427
v 0.948683 -0.112102 3.386559
v 0.939601 -0.150833 3.401822
v 0.951497 -0.112754 3.391435
v 0.935780 -0.155234 3.399216
v 0.931541 -0.133039 3.408332
v 0.928757 -0.138749 3.407706
v 0.941375 -0.112871 3.382120
v 0.943082 -0.109371 3.388229
v 0.926079 -0.144240 3.405853
v 0.943366 -0.108790 3.393859
v 0.923612 -0.149300 3.402844
v 0.941634 -0.112341 3.398794
v 0.921449 -0.153736 3.398794
v 0.939471 -0.116777 3.402844
v 0.919674 -0.157376 3.393859
v 0.937003 -0.121837 3.405853
v 0.918355 -0.160081 3.388229
v 0.934326 -0.127328 3.407706
v 0.917543 -0.161747 3.382120
v 0.911100 -0.148690 3.395709
v 0.911543 -0.153411 3.391435
v 0.927302 -0.110843 3.399216
v 0.923482 -0.115244 3.401822
v 0.912754 -0.157350 3.386559
v 0.919972 -0.120329 3.403427
v 0.914687 -0.160355 3.381269
v 0.916906 -0.125902 3.403969
v 0.938520 -0.111479 3.381269
v 0.914403 -0.131750 3.403427
v 0.937482 -0.106640 3.386559
v 0.912558 -0.137647 3.401822
v 0.935235 -0.104825 3.391435
v 0.911443 -0.143367 3.399216
v 0.931285 -0.107295 3.395709
v 0.903895 -0.126626 3.391737
v 0.902660 -0.132820 3.390810
v 0.933382 -0.104641 3.381998
v 0.929283 -0.101922 3.384813
v 0.902535 -0.139023 3.389305
v 0.923709 -0.103601 3.387280
v 0.903524 -0.144996 3.387280
v 0.918394 -0.106499 3.389305
v 0.905590 -0.150509 3.384813
v 0.913584 -0.110417 3.390810
v 0.908654 -0.155351 3.381998
v 0.909464 -0.115205 3.391737
v 0.912597 -0.159335 3.378943
v 0.906192 -0.120678 3.392049
v 0.936430 -0.110460 3.378943
v 0.903412 -0.149446 3.375767
v 0.907153 -0.154619 3.375767
v 0.909961 -0.108650 3.375767
v 0.905618 -0.113329 3.375767
v 0.911832 -0.158962 3.375767
v 0.902271 -0.118765 3.375767
v 0.935665 -0.110087 3.375767
v 0.900049 -0.124750 3.375767
v 0.931881 -0.103909 3.375767
v 0.899037 -0.131053 3.375767
v 0.927104 -0.100860 3.375767
v 0.899274 -0.137433 3.375767
v 0.920937 -0.102248 3.375767
v 0.900751 -0.143643 3.375767
v 0.915133 -0.104909 3.375767
v 0.933382 -0.104641 3.369536
v 0.929283 -0.101922 3.366721
v 0.902660 -0.132820 3.360724
v 0.902535 -0.139023 3.362228
v 0.923709 -0.103601 3.364253
v 0.903524 -0.144996 3.364253
v 0.918394 -0.106499 3.362228
v 0.905590 -0.150509 3.366721
v 0.913584 -0.110417 3.360724
v 0.908654 -0.155351 3.369536
v 0.909464 -0.115205 3.359797
v 0.912597 -0.159335 3.372590
v 0.906192 -0.120678 3.359484
v 0.936430 -0.110460 3.372590
v 0.903895 -0.126626 3.359797
v 0.923482 -0.115244 3.349711
v 0.919972 -0.120329 3.348106
v 0.912754 -0.157350 3.364974
v 0.914687 -0.160355 3.370265
v 0.916906 -0.125902 3.347564
v 0.938520 -0.111479 3.370265
v 0.914403 -0.131750 3.348106
v 0.937482 -0.106640 3.364974
v 0.912558 -0.137647 3.349711
v 0.935235 -0.104825 3.360098
v 0.911443 -0.143367 3.352317
v 0.931285 -0.107295 3.355825
v 0.911100 -0.148690 3.355825
v 0.927302 -0.110843 3.352317
v 0.911543 -0.153411 3.360098
v 0.971966 -0.139392 3.500910
v 0.971966 -0.133038 3.500284
v 0.988248 -0.133038 3.504647
v 0.987935 -0.139392 3.505189
v 0.971966 -0.106707 3.520387
v 0.971966 -0.110601 3.526496
v 0.975142 -0.110601 3.527348
v 0.978197 -0.106707 3.522057
v 0.971966 -0.145501 3.502763
v 0.987009 -0.145501 3.506794
v 0.971966 -0.106060 3.514757
v 0.981012 -0.106060 3.517181
v 0.971966 -0.151131 3.505773
v 0.985504 -0.151131 3.509400
v 0.971966 -0.110011 3.509822
v 0.983479 -0.110011 3.512908
v 0.971966 -0.156065 3.509822
v 0.983479 -0.156065 3.512908
v 0.971966 -0.114946 3.505773
v 0.985504 -0.114946 3.509400
v 0.971966 -0.160115 3.514757
v 0.981012 -0.160115 3.517181
v 0.971966 -0.120576 3.502763
v 0.987009 -0.120576 3.506794
v 0.971966 -0.163125 3.520387
v 0.978197 -0.163125 3.522057
v 0.971966 -0.126685 3.500910
v 0.987935 -0.126685 3.505189
v 0.971966 -0.164978 3.526496
v 0.975142 -0.164978 3.527348
v 0.971966 -0.113005 3.532850
v 0.971966 -0.165604 3.532850
v 0.999626 -0.126685 3.516880
v 1.000168 -0.133038 3.516567
v 0.977468 -0.110601 3.529673
v 0.977468 -0.164978 3.529673
v 0.999626 -0.139392 3.516880
v 0.982758 -0.106707 3.526618
v 0.998021 -0.145501 3.517806
v 0.987634 -0.106060 3.523803
v 0.995415 -0.151131 3.519311
v 0.991908 -0.110011 3.521336
v 0.991908 -0.156065 3.521336
v 0.995415 -0.114946 3.519311
v 0.987634 -0.160115 3.523803
v 0.998021 -0.120576 3.517806
v 0.982758 -0.163125 3.526618
v 0.999043 -0.151131 3.532850
v 0.994993 -0.156065 3.532850
v 0.994993 -0.110011 3.532850
v 0.999043 -0.114946 3.532850
v 0.990058 -0.160115 3.532850
v 1.002052 -0.120576 3.532850
v 0.984428 -0.163125 3.532850
v 1.003905 -0.126685 3.532850
v 0.978319 -0.164978 3.532850
v 1.004531 -0.133038 3.532850
v 0.978319 -0.110601 3.532850
v 1.003905 -0.139392 3.532850
v 0.984428 -0.106707 3.532850
v 1.002052 -0.145501 3.532850
v 0.990058 -0.106060 3.532850
v 0.977468 -0.110601 3.536026
v 0.977468 -0.164978 3.536026
v 1.000168 -0.133038 3.549132
v 0.999626 -0.139392 3.548819
v 0.982758 -0.106707 3.539081
v 0.998021 -0.145501 3.547893
v 0.987634 -0.106060 3.541896
v 0.995415 -0.151131 3.546388
v 0.991908 -0.110011 3.544363
v 0.991908 -0.156065 3.544363
v 0.995415 -0.114946 3.546388
v 0.987634 -0.160115 3.541896
v 0.998021 -0.120576 3.547893
v 0.982758 -0.163125 3.539081
v 0.999626 -0.126685 3.548819
v 0.983479 -0.110011 3.552792
v 0.985504 -0.114946 3.556299
v 0.983479 -0.156065 3.552792
v 0.981012 -0.160115 3.548518
v 0.987009 -0.120576 3.558905
v 0.978197 -0.163125 3.543642
v 0.987935 -0.126685 3.560510
v 0.975142 -0.164978 3.538352
v 0.988248 -0.133038 3.561052
v 0.975142 -0.110601 3.538352
v 0.987935 -0.139392 3.560510
v 0.978197 -0.106707 3.543642
v 0.987009 -0.145501 3.558905
v 0.981012 -0.106060 3.548518
v 0.985504 -0.151131 3.556299
v 0.971966 -0.133038 3.565415
v 0.971966 -0.139392 3.564789
v 0.971966 -0.110601 3.539203
v 0.971966 -0.106707 3.545312
v 0.971966 -0.145501 3.562936
v 0.971966 -0.106060 3.550942
v 0.971966 -0.151131 3.559927
v 0.971966 -0.110011 3.555877
v 0.971966 -0.156065 3.555877
v 0.971966 -0.114946 3.559927
v 0.971966 -0.160115 3.550942
v 0.971966 -0.120576 3.562936
v 0.971966 -0.163125 3.545312
v 0.971966 -0.126685 3.564789
v 0.971966 -0.164978 3.539203
v 0.960452 -0.156065 3.552792
v 0.962920 -0.160115 3.548518
v 0.958427 -0.114946 3.556299
v 0.956923 -0.120576 3.558905
v 0.965735 -0.163125 3.543642
v 0.955996 -0.126685 3.560510
v 0.968789 -0.164978 3.538352
v 0.955683 -0.133038 3.561052
v 0.968789 -0.110601 3.538352
v 0.955996 -0.139392 3.560510
v 0.965735 -0.106707 3.543642
v 0.956923 -0.145501 3.558905
v 0.962920 -0.106060 3.548518
v 0.958427 -0.151131 3.556299
v 0.960452 -0.110011 3.552792
v 0.944305 -0.139392 3.548819
v 0.945910 -0.145501 3.547893
v 0.961173 -0.106707 3.539081
v 0.956297 -0.106060 3.541896
v 0.948516 -0.151131 3.546388
v 0.952024 -0.110011 3.544363
v 0.952024 -0.156065 3.544363
v 0.948516 -0.114946 3.546388
v 0.956297 -0.160115 3.541896
v 0.945910 -0.120576 3.547893
v 0.961173 -0.163125 3.539081
v 0.944305 -0.126685 3.548819
v 0.966464 -0.164978 3.536026
v 0.943763 -0.133038 3.549132
v 0.966464 -0.110601 3.536026
v 0.953873 -0.160115 3.532850
v 0.959504 -0.163125 3.532850
v 0.941879 -0.120576 3.532850
v 0.940026 -0.126685 3.532850
v 0.965613 -0.164978 3.532850
v 0.939400 -0.133038 3.532850
v 0.965613 -0.110601 3.532850
v 0.940026 -0.139392 3.532850
v 0.959504 -0.106707 3.532850
v 0.941879 -0.145501 3.532850
v 0.953873 -0.106060 3.532850
v 0.944889 -0.151131 3.532850
v 0.948939 -0.110011 3.532850
v 0.948939 -0.156065 3.532850
v 0.944889 -0.114946 3.532850
v 0.961173 -0.106707 3.526618
v 0.956297 -0.106060 3.523803
v 0.945910 -0.145501 3.517806
v 0.948516 -0.151131 3.519311
v 0.952024 -0.110011 3.521336
v 0.952024 -0.156065 3.521336
v 0.948516 -0.114946 3.519311
v 0.956297 -0.160115 3.523803
v 0.945910 -0.120576 3.517806
v 0.961173 -0.163125 3.526618
v 0.944305 -0.126685 3.516880
v 0.966464 -0.164978 3.529673
v 0.943763 -0.133038 3.516567
v 0.966464 -0.110601 3.529673
v 0.944305 -0.139392 3.516880
v 0.956923 -0.120576 3.506794
v 0.955996 -0.126685 3.505189
v 0.965735 -0.163125 3.522057
v 0.968789 -0.164978 3.527348
v 0.955683 -0.133038 3.504647
v 0.968789 -0.110601 3.527348
v 0.955996 -0.139392 3.505189
v 0.965735 -0.106707 3.522057
v 0.956922 -0.145501 3.506794
v 0.962920 -0.106060 3.517181
v 0.958427 -0.151131 3.509400
v 0.960452 -0.110011 3.512908
v 0.960452 -0.156065 3.512908
v 0.958427 -0.114946 3.509400
v 0.962920 -0.160115 3.517181
v 0.896759 -0.148476 3.502301
v 0.896759 -0.142122 3.501675
v 0.913042 -0.142122 3.506038
v 0.912729 -0.148476 3.506580
v 0.896759 -0.115791 3.521778
v 0.896759 -0.119685 3.527887
v 0.899936 -0.119685 3.528738
v 0.902990 -0.115791 3.523448
v 0.896759 -0.154585 3.504154
v 0.911802 -0.154585 3.508185
v 0.896759 -0.115144 3.516148
v 0.905805 -0.115144 3.518572
v 0.896759 -0.160215 3.507164
v 0.910298 -0.160215 3.510791
v 0.896759 -0.119095 3.511214
v 0.908273 -0.119095 3.514298
v 0.896759 -0.165150 3.511214
v 0.908273 -0.165150 3.514298
v 0.896759 -0.124030 3.507164
v 0.910298 -0.124030 3.510791
v 0.896759 -0.169199 3.516148
v 0.905805 -0.169199 3.518572
v 0.896759 -0.129660 3.504154
v 0.911802 -0.129660 3.508185
v 0.896759 -0.172209 3.521778
v 0.902990 -0.172209 3.523448
v 0.896759 -0.135769 3.502301
v 0.912729 -0.135769 3.506580
v 0.896759 -0.174062 3.527887
v 0.899936 -0.174062 3.528738
v 0.896759 -0.122089 3.534240
v 0.896759 -0.174688 3.534240
v 0.924420 -0.135769 3.518271
v 0.924962 -0.142122 3.517958
v 0.902261 -0.119685 3.531064
v 0.902261 -0.174062 3.531064
v 0.924420 -0.148476 3.518271
v 0.907552 -0.115791 3.528009
v 0.922815 -0.154585 3.519197
v 0.912428 -0.115144 3.525194
v 0.920209 -0.160215 3.520702
v 0.916701 -0.119095 3.522727
v 0.916701 -0.165150 3.522727
v 0.920209 -0.124030 3.520702
v 0.912428 -0.169199 3.525194
v 0.922815 -0.129660 3.519197
v 0.907552 -0.172209 3.528009
v 0.923836 -0.160215 3.534240
v 0.919786 -0.165150 3.534240
v 0.919786 -0.119095 3.534240
v 0.923836 -0.124030 3.534240
v 0.914852 -0.169199 3.534240
v 0.926846 -0.129660 3.534240
v 0.909221 -0.172209 3.534240
v 0.928699 -0.135769 3.534240
v 0.903112 -0.174062 3.534240
v 0.929325 -0.142122 3.534240
v 0.903112 -0.119685 3.534240
v 0.928699 -0.148476 3.534240
v 0.909221 -0.115791 3.534240
v 0.926846 -0.154585 3.534240
v 0.914852 -0.115144 3.534240
v 0.902261 -0.119685 3.537417
v 0.902261 -0.174062 3.537417
v 0.924962 -0.142122 3.550523
v 0.924420 -0.148476 3.550210
v 0.907552 -0.115791 3.540472
v 0.922815 -0.154585 3.549284
v 0.912428 -0.115144 3.543287
v 0.920209 -0.160215 3.547779
v 0.916701 -0.119095 3.545754
v 0.916701 -0.165150 3.545754
v 0.920209 -0.124030 3.547779
v 0.912428 -0.169199 3.543287
v 0.922815 -0.129660 3.549284
v 0.907552 -0.172209 3.540472
v 0.924420 -0.135769 3.550210
v 0.908273 -0.119095 3.554183
v 0.910298 -0.124030 3.557690
v 0.908273 -0.165150 3.554183
v 0.905805 -0.169199 3.549909
v 0.911802 -0.129660 3.560296
v 0.902990 -0.172209 3.545033
v 0.912729 -0.135769 3.561901
v 0.899936 -0.174062 3.539742
v 0.913042 -0.142122 3.562443
v 0.899936 -0.119685 3.539742
v 0.912729 -0.148476 3.561901
v 0.902990 -0.115791 3.545033
v 0.911802 -0.154585 3.560296
v 0.905805 -0.115144 3.549909
v 0.910298 -0.160215 3.557690
v 0.896759 -0.142122 3.566806
v 0.896759 -0.148476 3.566180
v 0.896759 -0.119685 3.540594
v 0.896759 -0.115791 3.546703
v 0.896759 -0.154585 3.564327
v 0.896759 -0.115144 3.552333
v 0.896759 -0.160215 3.561318
v 0.896759 -0.119095 3.557268
v 0.896759 -0.165150 3.557268
v 0.896759 -0.124030 3.561318
v 0.896759 -0.169199 3.552333
v 0.896759 -0.129660 3.564327
v 0.896759 -0.172209 3.546703
v 0.896759 -0.135769 3.566180
v 0.896759 -0.174062 3.540594
v 0.885246 -0.165150 3.554183
v 0.887713 -0.169199 3.549909
v 0.883221 -0.124030 3.557690
v 0.881716 -0.129660 3.560296
v 0.890528 -0.172209 3.545033
v 0.880790 -0.135769 3.561901
v 0.893583 -0.174062 3.539743
v 0.880477 -0.142122 3.562443
v 0.893583 -0.119685 3.539743
v 0.880790 -0.148476 3.561901
v 0.890528 -0.115791 3.545033
v 0.881716 -0.154585 3.560296
v 0.887713 -0.115144 3.549909
v 0.883221 -0.160215 3.557690
v 0.885246 -0.119095 3.554183
v 0.869099 -0.148476 3.550210
v 0.870704 -0.154585 3.549284
v 0.885967 -0.115791 3.540472
v 0.881091 -0.115144 3.543287
v 0.873310 -0.160215 3.547779
v 0.876817 -0.119095 3.545754
v 0.876817 -0.165150 3.545754
v 0.873310 -0.124030 3.547779
v 0.881091 -0.169199 3.543287
v 0.870704 -0.129660 3.549284
v 0.885967 -0.172209 3.540472
v 0.869099 -0.135769 3.550210
v 0.891257 -0.174062 3.537417
v 0.868557 -0.142122 3.550523
v 0.891257 -0.119685 3.537417
v 0.878667 -0.169199 3.534240
v 0.884297 -0.172209 3.534240
v 0.866673 -0.129660 3.534240
v 0.864820 -0.135769 3.534240
v 0.890406 -0.174062 3.534240
v 0.864194 -0.142122 3.534240
v 0.890406 -0.119685 3.534240
v 0.864820 -0.148476 3.534240
v 0.884297 -0.115791 3.534240
v 0.866673 -0.154585 3.534240
v 0.878667 -0.115144 3.534240
v 0.869682 -0.160215 3.534240
v 0.873732 -0.119095 3.534240
v 0.873732 -0.165150 3.534240
v 0.869682 -0.124030 3.534240
v 0.885967 -0.115791 3.528009
v 0.881091 -0.115144 3.525194
v 0.870704 -0.154585 3.519197
v 0.873310 -0.160215 3.520702
v 0.876817 -0.119095 3.522727
v 0.876817 -0.165150 3.522727
v 0.873310 -0.124030 3.520702
v 0.881091 -0.169199 3.525194
v 0.870704 -0.129660 3.519197
v 0.885967 -0.172209 3.528009
v 0.869099 -0.135769 3.518271
v 0.891257 -0.174062 3.531064
v 0.868557 -0.142122 3.517958
v 0.891257 -0.119685 3.531064
v 0.869099 -0.148476 3.518271
v 0.881716 -0.129660 3.508185
v 0.880789 -0.135769 3.506580
v 0.890528 -0.172209 3.523448
v 0.893583 -0.174062 3.528738
v 0.880477 -0.142122 3.506038
v 0.893583 -0.119685 3.528738
v 0.880789 -0.148476 3.506580
v 0.890528 -0.115791 3.523448
v 0.881716 -0.154585 3.508185
v 0.887713 -0.115144 3.518572
v 0.883221 -0.160215 3.510791
v 0.885246 -0.119095 3.514298
v 0.885246 -0.165150 3.514298
v 0.883221 -0.124030 3.510791
v 0.887713 -0.169199 3.518572
v 0.896759 -0.130063 3.378257
v 0.896759 -0.123710 3.377631
v 0.913042 -0.123710 3.381994
v 0.912729 -0.130063 3.382536
v 0.896759 -0.097379 3.397734
v 0.896759 -0.101273 3.403843
v 0.899936 -0.101273 3.404694
v 0.902990 -0.097379 3.399404
v 0.896759 -0.136172 3.380110
v 0.911802 -0.136172 3.384140
v 0.896759 -0.096732 3.392104
v 0.905805 -0.096732 3.394528
v 0.896759 -0.141802 3.383119
v 0.910298 -0.141802 3.386747
v 0.896759 -0.100683 3.387169
v 0.908273 -0.100683 3.390254
v 0.896759 -0.146737 3.387169
v 0.908273 -0.146737 3.390254
v 0.896759 -0.105618 3.383119
v 0.910298 -0.105618 3.386747
v 0.896759 -0.150787 3.392104
v 0.905805 -0.150787 3.394528
v 0.896759 -0.111248 3.380110
v 0.911802 -0.111248 3.384140
v 0.896759 -0.153796 3.397734
v 0.902990 -0.153796 3.399404
v 0.896759 -0.117357 3.378257
v 0.912729 -0.117357 3.382536
v 0.896759 -0.155650 3.403843
v 0.899936 -0.155650 3.404694
v 0.896759 -0.103676 3.410196
v 0.896759 -0.156275 3.410196
v 0.924420 -0.117357 3.394226
v 0.924962 -0.123710 3.393914
v 0.902261 -0.101273 3.407020
v 0.902261 -0.155650 3.407020
v 0.924420 -0.130063 3.394226
v 0.907552 -0.097379 3.403965
v 0.922815 -0.136172 3.395153
v 0.912428 -0.096732 3.401150
v 0.920209 -0.141802 3.396658
v 0.916701 -0.100683 3.398683
v 0.916701 -0.146737 3.398683
v 0.920209 -0.105618 3.396658
v 0.912428 -0.150787 3.401150
v 0.922815 -0.111248 3.395153
v 0.907552 -0.153796 3.403965
v 0.923836 -0.141802 3.410196
v 0.919786 -0.146737 3.410196
v 0.919786 -0.100683 3.410196
v 0.923836 -0.105618 3.410196
v 0.914851 -0.150787 3.410196
v 0.926846 -0.111248 3.410196
v 0.909221 -0.153796 3.410196
v 0.928699 -0.117357 3.410196
v 0.903112 -0.155650 3.410196
v 0.929324 -0.123710 3.410196
v 0.903112 -0.101273 3.410196
v 0.928699 -0.130063 3.410196
v 0.909221 -0.097379 3.410196
v 0.926846 -0.136172 3.410196
v 0.914851 -0.096732 3.410196
v 0.902261 -0.101273 3.413373
v 0.902261 -0.155650 3.413373
v 0.924962 -0.123710 3.426479
v 0.924420 -0.130063 3.426166
v 0.907552 -0.097379 3.416427
v 0.922815 -0.136172 3.425239
v 0.912428 -0.096732 3.419242
v 0.920209 -0.141802 3.423735
v 0.916701 -0.100683 3.421710
v 0.916701 -0.146737 3.421710
v 0.920209 -0.105618 3.423735
v 0.912428 -0.150787 3.419242
v 0.922815 -0.111248 3.425239
v 0.907552 -0.153796 3.416427
v 0.924420 -0.117357 3.426166
v 0.908273 -0.100683 3.430138
v 0.910298 -0.105618 3.433645
v 0.908273 -0.146737 3.430138
v 0.905805 -0.150787 3.425864
v 0.911802 -0.111248 3.436252
v 0.902990 -0.153796 3.420989
v 0.912729 -0.117357 3.437857
v 0.899936 -0.155650 3.415698
v 0.913042 -0.123710 3.438398
v 0.899936 -0.101273 3.415698
v 0.912729 -0.130063 3.437857
v 0.902990 -0.097379 3.420989
v 0.911802 -0.136172 3.436252
v 0.905805 -0.096732 3.425864
v 0.910298 -0.141802 3.433645
v 0.896759 -0.123710 3.442761
v 0.896759 -0.130063 3.442136
v 0.896759 -0.101273 3.416549
v 0.896759 -0.097379 3.422658
v 0.896759 -0.136172 3.440283
v 0.896759 -0.096732 3.428288
v 0.896759 -0.141802 3.437273
v 0.896759 -0.100683 3.433223
v 0.896759 -0.146737 3.433223
v 0.896759 -0.105618 3.437273
v 0.896759 -0.150787 3.428288
v 0.896759 -0.111248 3.440283
v 0.896759 -0.153796 3.422658
v 0.896759 -0.117357 3.442136
v 0.896759 -0.155650 3.416549
v 0.885246 -0.146737 3.430138
v 0.887713 -0.150787 3.425864
v 0.883221 -0.105618 3.433645
v 0.881716 -0.111248 3.436252
v 0.890528 -0.153796 3.420989
v 0.880789 -0.117357 3.437857
v 0.893583 -0.155650 3.415698
v 0.880477 -0.123710 3.438398
v 0.893583 -0.101273 3.415698
v 0.880789 -0.130063 3.437857
v 0.890528 -0.097379 3.420989
v 0.881716 -0.136172 3.436252
v 0.887713 -0.096732 3.425864
v 0.883221 -0.141802 3.433645
v 0.885246 -0.100683 3.430138
v 0.869099 -0.130063 3.426166
v 0.870704 -0.136172 3.425239
v 0.885967 -0.097379 3.416427
v 0.881091 -0.096732 3.419242
v 0.873310 -0.141802 3.423735
v 0.876817 -0.100683 3.421710
v 0.876817 -0.146737 3.421710
v 0.873310 -0.105618 3.423735
v 0.881091 -0.150787 3.419242
v 0.870704 -0.111248 3.425239
v 0.885967 -0.153796 3.416427
v 0.869099 -0.117357 3.426166
v 0.891257 -0.155650 3.413373
v 0.868557 -0.123710 3.426479
v 0.891257 -0.101273 3.413373
v 0.878667 -0.150787 3.410196
v 0.884297 -0.153796 3.410196
v 0.866673 -0.111248 3.410196
v 0.864820 -0.117357 3.410196
v 0.890406 -0.155650 3.410196
v 0.864194 -0.123710 3.410196
v 0.890406 -0.101273 3.410196
v 0.864820 -0.130063 3.410196
v 0.884297 -0.097379 3.410196
v 0.866673 -0.136172 3.410196
v 0.878667 -0.096732 3.410196
v 0.869682 -0.141802 3.410196
v 0.873732 -0.100683 3.410196
v 0.873732 -0.146737 3.410196
v 0.869682 -0.105618 3.410196
v 0.885967 -0.097379 3.403965
v 0.881091 -0.096732 3.401150
v 0.870704 -0.136172 3.395153
v 0.873310 -0.141802 3.396658
v 0.876817 -0.100683 3.398683
v 0.876817 -0.146737 3.398683
v 0.873310 -0.105618 3.396658
v 0.881091 -0.150787 3.401150
v 0.870704 -0.111248 3.395153
v 0.885967 -0.153796 3.403965
v 0.869099 -0.117357 3.394226
v 0.891257 -0.155650 3.407020
v 0.868557 -0.123710 3.393914
v 0.891257 -0.101273 3.407020
v 0.869099 -0.130063 3.394226
v 0.881716 -0.111248 3.384140
v 0.880789 -0.117357 3.382536
v 0.890528 -0.153796 3.399404
v 0.893583 -0.155650 3.404694
v 0.880477 -0.123710 3.381994
v 0.893583 -0.101273 3.404694
v 0.880789 -0.130063 3.382536
v 0.890528 -0.097379 3.399404
v 0.881716 -0.136172 3.384140
v 0.887713 -0.096732 3.394528
v 0.883221 -0.141802 3.386747
v 0.885246 -0.100683 3.390254
v 0.885246 -0.146737 3.390254
v 0.883221 -0.105618 3.386747
v 0.887713 -0.150787 3.394528
v 0.973049 -0.155754 3.392393
v 0.973049 -0.149638 3.390565
v 0.989332 -0.148804 3.394847
v 0.989019 -0.154937 3.396593
v 0.973049 -0.119951 3.405268
v 0.973049 -0.122607 3.412009
v 0.976226 -0.122444 3.412844
v 0.979281 -0.119632 3.406907
v 0.973049 -0.161397 3.395379
v 0.988093 -0.160627 3.399335
v 0.973049 -0.120392 3.399618
v 0.982096 -0.119929 3.401998
v 0.973049 -0.166349 3.399408
v 0.986588 -0.165656 3.402969
v 0.973049 -0.125213 3.395529
v 0.984563 -0.124623 3.398557
v 0.973049 -0.170419 3.404326
v 0.984563 -0.169830 3.407354
v 0.973049 -0.130830 3.392496
v 0.986588 -0.130137 3.396057
v 0.973049 -0.173452 3.409943
v 0.982096 -0.172989 3.412323
v 0.973049 -0.136932 3.390618
v 0.988093 -0.136162 3.394574
v 0.973049 -0.175330 3.416045
v 0.979281 -0.175011 3.417683
v 0.973049 -0.143282 3.389966
v 0.989019 -0.142465 3.394166
v 0.973049 -0.175982 3.422395
v 0.976226 -0.175820 3.423231
v 0.973049 -0.123752 3.418704
v 0.973049 -0.175383 3.428751
v 1.000710 -0.140232 3.405641
v 1.001252 -0.146528 3.406548
v 0.978551 -0.122000 3.415127
v 0.978551 -0.175376 3.425513
v 1.000710 -0.152704 3.408068
v 0.983842 -0.118761 3.411385
v 0.999105 -0.158524 3.410145
v 0.988718 -0.118664 3.408498
v 0.996499 -0.163763 3.412697
v 0.992991 -0.123014 3.406831
v 0.992991 -0.168220 3.415627
v 0.996499 -0.128244 3.405786
v 0.988718 -0.171724 3.418823
v 0.999105 -0.134058 3.405384
v 0.983842 -0.174140 3.422161
v 1.000126 -0.161177 3.425986
v 0.996077 -0.166021 3.426929
v 0.996077 -0.120814 3.418132
v 1.000126 -0.125658 3.419075
v 0.991142 -0.169996 3.427702
v 1.003136 -0.131185 3.420150
v 0.985512 -0.172950 3.428277
v 1.004989 -0.137181 3.421317
v 0.979403 -0.174769 3.428631
v 1.005615 -0.143417 3.422530
v 0.979403 -0.121393 3.418245
v 1.004989 -0.149654 3.423744
v 0.985512 -0.117571 3.417501
v 1.003136 -0.155650 3.424911
v 0.991142 -0.116936 3.417377
v 0.978551 -0.120787 3.421363
v 0.978551 -0.174162 3.431749
v 1.001252 -0.140307 3.438513
v 1.000710 -0.146603 3.439420
v 0.983842 -0.116381 3.423617
v 0.999105 -0.152777 3.439677
v 0.988718 -0.115208 3.426257
v 0.996499 -0.158591 3.439276
v 0.992992 -0.118615 3.429434
v 0.992992 -0.163821 3.438231
v 0.996499 -0.123072 3.432364
v 0.988718 -0.168268 3.436582
v 0.999105 -0.128311 3.434916
v 0.983842 -0.171760 3.434394
v 1.000710 -0.134131 3.436993
v 0.984563 -0.117005 3.437707
v 0.986588 -0.121179 3.442092
v 0.984563 -0.162211 3.446504
v 0.982096 -0.167003 3.443082
v 0.988093 -0.126208 3.445726
v 0.979281 -0.170888 3.438871
v 0.989019 -0.131898 3.448468
v 0.976226 -0.173718 3.434032
v 0.989332 -0.138030 3.450214
v 0.976226 -0.120342 3.423645
v 0.989019 -0.144370 3.450895
v 0.979281 -0.115509 3.428095
v 0.988093 -0.150673 3.450487
v 0.982096 -0.113943 3.432757
v 0.986588 -0.156698 3.449004
v 0.973049 -0.137197 3.454496
v 0.973049 -0.143553 3.455096
v 0.973049 -0.120180 3.424481
v 0.973049 -0.115190 3.429734
v 0.973049 -0.149903 3.454443
v 0.973049 -0.113480 3.435137
v 0.973049 -0.156005 3.452565
v 0.973049 -0.116416 3.440735
v 0.973049 -0.161622 3.449532
v 0.973049 -0.120486 3.445653
v 0.973049 -0.166540 3.445462
v 0.973049 -0.125438 3.449682
v 0.973049 -0.170569 3.440510
v 0.973049 -0.131080 3.452668
v 0.973049 -0.173555 3.434867
v 0.961536 -0.162211 3.446504
v 0.964003 -0.167003 3.443082
v 0.959511 -0.121179 3.442092
v 0.958006 -0.126208 3.445726
v 0.966818 -0.170888 3.438871
v 0.957080 -0.131898 3.448468
v 0.969873 -0.173718 3.434032
v 0.956767 -0.138030 3.450214
v 0.969873 -0.120342 3.423645
v 0.957080 -0.144370 3.450895
v 0.966818 -0.115509 3.428095
v 0.958006 -0.150673 3.450487
v 0.964003 -0.113943 3.432757
v 0.959511 -0.156698 3.449004
v 0.961536 -0.117005 3.437707
v 0.945389 -0.146603 3.439420
v 0.946994 -0.152777 3.439677
v 0.962257 -0.116381 3.423617
v 0.957381 -0.115208 3.426257
v 0.949600 -0.158591 3.439276
v 0.953107 -0.118615 3.429434
v 0.953107 -0.163821 3.438231
v 0.949600 -0.123072 3.432364
v 0.957381 -0.168268 3.436582
v 0.946994 -0.128311 3.434916
v 0.962257 -0.171760 3.434394
v 0.945389 -0.134131 3.436993
v 0.967547 -0.174162 3.431749
v 0.944847 -0.140307 3.438513
v 0.967547 -0.120787 3.421363
v 0.954957 -0.169996 3.427702
v 0.960587 -0.172950 3.428277
v 0.942963 -0.131185 3.420150
v 0.941110 -0.137181 3.421317
v 0.966696 -0.174769 3.428631
v 0.940484 -0.143417 3.422530
v 0.966696 -0.121393 3.418245
v 0.941110 -0.149654 3.423744
v 0.960587 -0.117571 3.417501
v 0.942963 -0.155650 3.424911
v 0.954957 -0.116936 3.417377
v 0.945972 -0.161177 3.425986
v 0.950022 -0.120814 3.418132
v 0.950022 -0.166021 3.426929
v 0.945972 -0.125658 3.419075
v 0.962257 -0.118761 3.411385
v 0.957381 -0.118664 3.408498
v 0.946994 -0.158524 3.410145
v 0.949600 -0.163763 3.412697
v 0.953107 -0.123014 3.406831
v 0.953107 -0.168220 3.415627
v 0.949600 -0.128244 3.405786
v 0.957381 -0.171724 3.418823
v 0.946994 -0.134058 3.405384
v 0.962257 -0.174140 3.422161
v 0.945389 -0.140232 3.405641
v 0.967547 -0.175376 3.425513
v 0.944847 -0.146528 3.406548
v 0.967547 -0.122000 3.415127
v 0.945389 -0.152704 3.408068
v 0.958006 -0.136162 3.394574
v 0.957080 -0.142465 3.394166
v 0.966818 -0.175011 3.417683
v 0.969873 -0.175820 3.423231
v 0.956767 -0.148804 3.394847
v 0.969873 -0.122444 3.412844
v 0.957080 -0.154937 3.396593
v 0.966818 -0.119632 3.406907
v 0.958006 -0.160627 3.399335
v 0.964003 -0.119929 3.401998
v 0.959511 -0.165656 3.402969
v 0.961536 -0.124623 3.398557
v 0.961536 -0.169830 3.407354
v 0.959511 -0.130137 3.396057
v 0.964003 -0.172989 3.412323
v 1.005120 -0.163875 3.459884
v 1.005120 -0.158539 3.456380
v 1.021403 -0.156513 3.460244
v 1.021090 -0.161888 3.463674
v 1.005120 -0.125884 3.461957
v 1.005120 -0.126496 3.469176
v 1.008297 -0.126101 3.469929
v 1.011351 -0.125108 3.463436
v 1.005120 -0.168425 3.464362
v 1.020163 -0.166553 3.467932
v 1.005120 -0.127925 3.456670
v 1.014166 -0.126800 3.458817
v 1.005120 -0.172014 3.469641
v 1.018659 -0.170330 3.472854
v 1.005120 -0.133716 3.454134
v 1.016634 -0.132284 3.456867
v 1.005120 -0.174504 3.475520
v 1.016634 -0.173071 3.478252
v 1.005120 -0.139967 3.452839
v 1.018659 -0.138283 3.456052
v 1.005120 -0.175799 3.481771
v 1.014166 -0.174674 3.483917
v 1.005120 -0.146351 3.452788
v 1.020163 -0.144479 3.456358
v 1.005120 -0.175850 3.488154
v 1.011351 -0.175075 3.489633
v 1.005120 -0.152622 3.453984
v 1.021090 -0.150635 3.457773
v 1.005120 -0.174655 3.494426
v 1.008297 -0.174260 3.495179
v 1.005120 -0.125674 3.475918
v 1.005120 -0.172259 3.500343
v 1.032781 -0.145206 3.468127
v 1.033322 -0.150978 3.470800
v 1.010622 -0.125021 3.471989
v 1.010622 -0.173180 3.497239
v 1.032781 -0.156460 3.474027
v 1.015913 -0.122990 3.467475
v 1.031176 -0.161440 3.477685
v 1.020788 -0.123725 3.464682
v 1.028569 -0.165727 3.481632
v 1.025062 -0.128370 3.464331
v 1.025062 -0.169158 3.485717
v 1.028569 -0.133681 3.464829
v 1.020788 -0.171599 3.489783
v 1.031176 -0.139366 3.466111
v 1.015913 -0.172957 3.493673
v 1.032197 -0.159441 3.493622
v 1.028147 -0.163811 3.495914
v 1.028147 -0.123023 3.474528
v 1.032197 -0.127394 3.476820
v 1.023212 -0.167398 3.497794
v 1.035206 -0.132380 3.479434
v 1.017582 -0.170063 3.499192
v 1.037060 -0.137791 3.482271
v 1.011473 -0.171705 3.500052
v 1.037685 -0.143417 3.485221
v 1.011473 -0.123546 3.474802
v 1.037060 -0.149044 3.488171
v 1.017582 -0.120097 3.472994
v 1.035206 -0.154455 3.491008
v 1.023212 -0.119524 3.472694
v 1.010622 -0.122071 3.477616
v 1.010622 -0.170230 3.502866
v 1.033322 -0.135857 3.499642
v 1.032781 -0.141628 3.502315
v 1.015913 -0.117204 3.478513
v 1.031176 -0.147469 3.504331
v 1.020788 -0.115323 3.480705
v 1.028569 -0.153154 3.505613
v 1.025062 -0.117677 3.484725
v 1.025062 -0.158465 3.506111
v 1.028569 -0.121107 3.488810
v 1.020788 -0.163198 3.505806
v 1.031176 -0.125395 3.492757
v 1.015913 -0.167170 3.504710
v 1.032781 -0.130375 3.496415
v 1.016634 -0.113763 3.492190
v 1.018659 -0.116505 3.497588
v 1.016634 -0.154551 3.513575
v 1.014166 -0.160123 3.511671
v 1.020163 -0.120281 3.502510
v 1.011351 -0.165052 3.508750
v 1.021090 -0.124947 3.506768
v 1.008297 -0.169150 3.504925
v 1.021403 -0.130322 3.510198
v 1.008297 -0.120991 3.479675
v 1.021090 -0.136200 3.512669
v 1.011351 -0.115085 3.482553
v 1.020163 -0.142356 3.514084
v 1.014166 -0.112248 3.486570
v 1.018659 -0.148552 3.514390
v 1.005120 -0.128296 3.514062
v 1.005120 -0.134213 3.516459
v 1.005120 -0.120596 3.480429
v 1.005120 -0.114310 3.484031
v 1.005120 -0.140484 3.517654
v 1.005120 -0.111123 3.488717
v 1.005120 -0.146868 3.517603
v 1.005120 -0.112331 3.494922
v 1.005120 -0.153119 3.516308
v 1.005120 -0.114821 3.500801
v 1.005120 -0.158997 3.513818
v 1.005120 -0.118410 3.506080
v 1.005120 -0.164277 3.510229
v 1.005120 -0.122960 3.510558
v 1.005120 -0.168755 3.505679
v 0.993607 -0.154551 3.513575
v 0.996074 -0.160123 3.511671
v 0.991582 -0.116505 3.497588
v 0.990077 -0.120281 3.502510
v 0.998889 -0.165052 3.508750
v 0.989150 -0.124947 3.506768
v 1.001943 -0.169150 3.504925
v 0.988837 -0.130322 3.510199
v 1.001943 -0.120991 3.479675
v 0.989150 -0.136200 3.512669
v 0.998889 -0.115085 3.482553
v 0.990077 -0.142356 3.514084
v 0.996074 -0.112248 3.486570
v 0.991582 -0.148552 3.514390
v 0.993607 -0.113763 3.492190
v 0.977460 -0.141628 3.502315
v 0.979065 -0.147469 3.504331
v 0.994328 -0.117203 3.478513
v 0.989452 -0.115323 3.480705
v 0.981671 -0.153154 3.505613
v 0.985178 -0.117677 3.484725
v 0.985178 -0.158465 3.506111
v 0.981671 -0.121107 3.488810
v 0.989452 -0.163198 3.505806
v 0.979065 -0.125395 3.492757
v 0.994328 -0.167170 3.504710
v 0.977460 -0.130375 3.496415
v 0.999618 -0.170230 3.502866
v 0.976918 -0.135857 3.499642
v 0.999618 -0.122071 3.477616
v 0.987028 -0.167398 3.497794
v 0.992658 -0.170063 3.499192
v 0.975034 -0.132380 3.479434
v 0.973181 -0.137791 3.482271
v 0.998767 -0.171705 3.500052
v 0.972555 -0.143417 3.485221
v 0.998767 -0.123546 3.474802
v 0.973181 -0.149044 3.488171
v 0.992658 -0.120097 3.472994
v 0.975034 -0.154455 3.491008
v 0.987028 -0.119524 3.472694
v 0.978043 -0.159441 3.493622
v 0.982093 -0.123023 3.474528
v 0.982093 -0.163811 3.495914
v 0.978043 -0.127394 3.476820
v 0.994328 -0.122990 3.467475
v 0.989452 -0.123725 3.464682
v 0.979065 -0.161440 3.477685
v 0.981671 -0.165727 3.481632
v 0.985178 -0.128370 3.464331
v 0.985178 -0.169158 3.485717
v 0.981671 -0.133681 3.464829
v 0.989452 -0.171599 3.489783
v 0.979065 -0.139366 3.466111
v 0.994328 -0.172957 3.493673
v 0.977460 -0.145206 3.468127
v 0.999618 -0.173180 3.497239
v 0.976918 -0.150978 3.470800
v 0.999618 -0.125021 3.471989
v 0.977460 -0.156460 3.474027
v 0.990077 -0.144479 3.456358
v 0.989150 -0.150635 3.457773
v 0.998889 -0.175075 3.489633
v 1.001943 -0.174260 3.495179
v 0.988837 -0.156513 3.460244
v 1.001943 -0.126101 3.469929
v 0.989150 -0.161888 3.463674
v 0.998889 -0.125108 3.463436
v 0.990077 -0.166553 3.467932
v 0.996074 -0.126800 3.458817
v 0.991582 -0.170330 3.472854
v 0.993607 -0.132284 3.456867
v 0.993607 -0.173071 3.478252
v 0.991582 -0.138283 3.456052
v 0.996074 -0.174674 3.483917
v 0.931541 -0.139392 3.448065
v 0.931541 -0.133039 3.447439
v 0.947824 -0.133039 3.451802
v 0.947511 -0.139392 3.452344
v 0.931541 -0.106707 3.467542
v 0.931541 -0.110601 3.473651
v 0.934718 -0.110601 3.474503
v 0.937772 -0.106707 3.469212
v 0.931541 -0.145501 3.449918
v 0.946585 -0.145501 3.453949
v 0.931541 -0.106060 3.461912
v 0.940588 -0.106060 3.464336
v 0.931541 -0.151131 3.452928
v 0.945080 -0.151131 3.456555
v 0.931541 -0.110011 3.456977
v 0.943055 -0.110011 3.460063
v 0.931541 -0.156066 3.456977
v 0.943055 -0.156066 3.460063
v 0.931541 -0.114946 3.452928
v 0.945080 -0.114946 3.456555
v 0.931541 -0.160116 3.461912
v 0.940588 -0.160116 3.464336
v 0.931541 -0.120576 3.449918
v 0.946585 -0.120576 3.453949
v 0.931541 -0.163125 3.467542
v 0.937772 -0.163125 3.469212
v 0.931541 -0.126685 3.448065
v 0.947511 -0.126685 3.452344
v 0.931541 -0.164978 3.473651
v 0.934718 -0.164978 3.474503
v 0.931541 -0.113005 3.480005
v 0.931541 -0.165604 3.480005
v 0.959202 -0.126685 3.464035
v 0.959744 -0.133039 3.463722
v 0.937043 -0.110601 3.476828
v 0.937043 -0.164978 3.476828
v 0.959202 -0.139392 3.464035
v 0.942334 -0.106707 3.473773
v 0.957597 -0.145501 3.464961
v 0.947210 -0.106060 3.470958
v 0.954991 -0.151131 3.466466
v 0.951483 -0.110011 3.468491
v 0.951483 -0.156066 3.468491
v 0.954991 -0.114946 3.466466
v 0.947210 -0.160116 3.470958
v 0.957597 -0.120576 3.464961
v 0.942334 -0.163125 3.473773
v 0.958618 -0.151131 3.480005
v 0.954568 -0.156066 3.480005
v 0.954569 -0.110011 3.480005
v 0.958618 -0.114946 3.480005
v 0.949634 -0.160116 3.480005
v 0.961628 -0.120576 3.480005
v 0.944004 -0.163125 3.480005
v 0.963481 -0.126685 3.480005
v 0.937895 -0.164978 3.480005
v 0.964107 -0.133039 3.480005
v 0.937895 -0.110601 3.480005
v 0.963481 -0.139392 3.480005
v 0.944004 -0.106707 3.480005
v 0.961628 -0.145501 3.480005
v 0.949634 -0.106060 3.480005
v 0.937043 -0.110601 3.483181
v 0.937043 -0.164978 3.483181
v 0.959744 -0.133039 3.496287
v 0.959202 -0.139392 3.495974
v 0.942334 -0.106707 3.486236
v 0.957597 -0.145501 3.495048
v 0.947210 -0.106060 3.489051
v 0.954991 -0.151131 3.493543
v 0.951483 -0.110011 3.491518
v 0.951483 -0.156066 3.491518
v 0.954991 -0.114946 3.493543
v 0.947210 -0.160116 3.489051
v 0.957597 -0.120576 3.495048
v 0.942334 -0.163125 3.486236
v 0.959202 -0.126685 3.495974
v 0.943055 -0.110011 3.499947
v 0.945080 -0.114946 3.503454
v 0.943055 -0.156066 3.499947
v 0.940588 -0.160116 3.495673
v 0.946585 -0.120576 3.506060
v 0.937772 -0.163125 3.490797
v 0.947511 -0.126685 3.507665
v 0.934718 -0.164978 3.485507
v 0.947824 -0.133039 3.508207
v 0.934718 -0.110601 3.485507
v 0.947511 -0.139392 3.507665
v 0.937772 -0.106707 3.490797
v 0.946585 -0.145501 3.506060
v 0.940588 -0.106060 3.495673
v 0.945080 -0.151131 3.503454
v 0.931541 -0.133039 3.512570
v 0.931541 -0.139392 3.511944
v 0.931541 -0.110601 3.486358
v 0.931541 -0.106707 3.492467
v 0.931541 -0.145501 3.510091
v 0.931541 -0.106060 3.498097
v 0.931541 -0.151131 3.507082
v 0.931541 -0.110011 3.503032
v 0.931541 -0.156066 3.503032
v 0.931541 -0.114946 3.507082
v 0.931541 -0.160116 3.498097
v 0.931541 -0.120576 3.510091
v 0.931541 -0.163125 3.492467
v 0.931541 -0.126685 3.511944
v 0.931541 -0.164978 3.486358
v 0.920028 -0.156066 3.499947
v 0.922495 -0.160116 3.495673
v 0.918003 -0.114946 3.503454
v 0.916498 -0.120576 3.506060
v 0.925310 -0.163125 3.490797
v 0.915572 -0.126685 3.507665
v 0.928365 -0.164978 3.485507
v 0.915259 -0.133039 3.508207
v 0.928365 -0.110601 3.485507
v 0.915572 -0.139392 3.507665
v 0.925310 -0.106707 3.490797
v 0.916498 -0.145501 3.506060
v 0.922495 -0.106060 3.495673
v 0.918003 -0.151131 3.503454
v 0.920028 -0.110011 3.499947
v 0.903881 -0.139392 3.495974
v 0.905486 -0.145501 3.495048
v 0.920749 -0.106707 3.486236
v 0.915873 -0.106060 3.489051
v 0.908092 -0.151131 3.493543
v 0.911599 -0.110011 3.491518
v 0.911599 -0.156066 3.491518
v 0.908092 -0.114946 3.493543
v 0.915873 -0.160116 3.489051
v 0.905486 -0.120576 3.495048
v 0.920749 -0.163125 3.486236
v 0.903881 -0.126685 3.495974
v 0.926039 -0.164978 3.483181
v 0.903339 -0.133039 3.496287
v 0.926039 -0.110601 3.483181
v 0.913449 -0.160116 3.480005
v 0.919079 -0.163125 3.480005
v 0.901455 -0.120576 3.480005
v 0.899602 -0.126685 3.480005
v 0.925188 -0.164978 3.480005
v 0.898976 -0.133039 3.480005
v 0.925188 -0.110601 3.480005
v 0.899602 -0.139392 3.480005
v 0.919079 -0.106707 3.480005
v 0.901455 -0.145501 3.480005
v 0.913449 -0.106060 3.480005
v 0.904464 -0.151131 3.480005
v 0.908514 -0.110011 3.480005
v 0.908514 -0.156066 3.480005
v 0.904464 -0.114946 3.480005
v 0.920749 -0.106707 3.473773
v 0.915873 -0.106060 3.470958
v 0.905486 -0.145501 3.464961
v 0.908092 -0.151131 3.466466
v 0.911599 -0.110011 3.468491
v 0.911599 -0.156066 3.468491
v 0.908092 -0.114946 3.466466
v 0.915873 -0.160116 3.470958
v 0.905486 -0.120576 3.464961
v 0.920749 -0.163125 3.473773
v 0.903881 -0.126685 3.464035
v 0.926039 -0.164978 3.476828
v 0.903339 -0.133039 3.463722
v 0.926039 -0.110601 3.476828
v 0.903881 -0.139392 3.464035
v 0.916498 -0.120576 3.453949
v 0.915572 -0.126685 3.452344
v 0.925310 -0.163125 3.469212
v 0.928365 -0.164978 3.474503
v 0.915259 -0.133039 3.451802
v 0.928365 -0.110601 3.474503
v 0.915572 -0.139392 3.452344
v 0.925310 -0.106707 3.469212
v 0.916498 -0.145501 3.453949
v 0.922495 -0.106060 3.464336
v 0.918003 -0.151131 3.456555
v 0.920028 -0.110011 3.460063
v 0.920028 -0.156066 3.460063
v 0.918003 -0.114946 3.456555
v 0.922495 -0.160116 3.464336
v 0.824945 -0.189069 3.390348
v 0.824945 -0.146305 3.390348
v 0.824945 -0.146305 3.334993
v 0.824945 -0.189069 3.334993
v 1.004105 -0.189070 3.334993
v 1.004105 -0.140727 3.334993
v 1.063826 -0.140727 3.334993
v 1.063826 -0.189070 3.334993
v 1.063826 -0.189069 3.501059
v 1.063826 -0.134753 3.501059
v 1.063826 -0.134753 3.556414
v 1.063826 -0.189069 3.556414
v 0.884665 -0.189069 3.556414
v 0.884665 -0.139456 3.556414
v 0.824945 -0.139456 3.556414
v 0.824945 -0.189069 3.556414
v 1.004105 -0.287093 3.501059
v 1.063826 -0.287093 3.501059
v 1.063826 -0.287093 3.556414
v 1.004105 -0.287093 3.556414
v 0.884665 -0.139456 3.501059
v 0.824945 -0.139456 3.501059
v 1.004105 -0.141882 3.501059
v 0.944385 -0.163523 3.501059
v 0.944385 -0.163523 3.556414
v 1.004105 -0.141882 3.556414
v 1.004105 -0.140727 3.390348
v 0.944385 -0.126845 3.390348
v 0.944385 -0.126845 3.445704
v 1.004105 -0.156395 3.445704
v 0.884665 -0.116756 3.390348
v 0.824945 -0.156395 3.445704
v 0.884665 -0.126845 3.445704
v 0.884665 -0.287093 3.501059
v 0.944385 -0.287093 3.501059
v 0.944385 -0.287093 3.556414
v 0.884665 -0.287093 3.556414
v 0.884665 -0.287093 3.390348
v 0.944385 -0.287093 3.390348
v 0.944385 -0.287093 3.445704
v 0.884665 -0.287093 3.445704
v 1.004105 -0.287093 3.390348
v 1.063826 -0.287093 3.390348
v 1.063826 -0.287093 3.445704
v 1.004105 -0.287093 3.445704
v 0.884665 -0.254419 3.556414
v 0.884665 -0.221744 3.556414
v 0.824945 -0.221744 3.556414
v 0.824945 -0.254419 3.556414
v 1.004105 -0.254419 3.556414
v 1.004105 -0.221744 3.556414
v 0.944385 -0.221744 3.556414
v 0.944385 -0.254419 3.556414
v 1.004105 -0.188048 3.556414
v 0.944385 -0.189069 3.556414
v 1.063826 -0.254419 3.501059
v 1.063826 -0.221744 3.501059
v 1.063826 -0.221744 3.556414
v 1.063826 -0.254419 3.556414
v 1.063826 -0.254419 3.390348
v 1.063826 -0.221744 3.390348
v 1.063826 -0.221744 3.445704
v 1.063826 -0.254419 3.445704
v 1.063826 -0.189070 3.390348
v 1.063826 -0.140727 3.390348
v 1.063826 -0.156395 3.445704
v 1.063826 -0.189069 3.445704
v 1.004105 -0.254419 3.334993
v 1.004105 -0.221744 3.334993
v 1.063826 -0.221744 3.334993
v 1.063826 -0.254419 3.334993
v 0.884665 -0.254419 3.334993
v 0.884665 -0.221744 3.334993
v 0.944385 -0.221744 3.334993
v 0.944385 -0.254419 3.334993
v 0.884665 -0.189069 3.334993
v 0.884665 -0.146305 3.334993
v 0.944385 -0.156395 3.334993
v 0.944385 -0.189070 3.334993
v 0.824945 -0.254419 3.390348
v 0.824945 -0.221744 3.390348
v 0.824945 -0.221744 3.334993
v 0.824945 -0.254419 3.334993
v 0.824945 -0.254419 3.501059
v 0.824945 -0.221744 3.501059
v 0.824945 -0.221744 3.445704
v 0.824945 -0.254419 3.445704
v 0.824945 -0.189069 3.501059
v 0.824945 -0.189069 3.445704
v 0.824945 -0.287093 3.501059
v 0.824945 -0.287093 3.445704
v 0.824945 -0.287093 3.556414
v 0.824945 -0.287093 3.390348
v 0.824945 -0.287093 3.334993
v 0.884665 -0.287093 3.334993
v 0.944385 -0.287093 3.334993
v 1.004105 -0.287093 3.334993
v 1.063826 -0.287093 3.334993
v 1.053035 -0.292432 3.448653
v 1.053035 -0.279437 3.448653
v 1.053035 -0.279436 3.505905
v 1.053035 -0.292432 3.505905
v 1.017388 -0.278717 3.341739
v 1.012585 -0.277831 3.395196
v 1.049659 -0.277831 3.395196
v 1.049398 -0.278717 3.341739
v 1.011373 -0.294038 3.505905
v 1.048448 -0.294038 3.505905
v 1.051586 -0.293738 3.573470
v 1.016222 -0.293738 3.573470
v 1.049659 -0.294038 3.395196
v 1.048449 -0.294038 3.448653
v 1.011373 -0.294038 3.448653
v 1.012585 -0.294038 3.395196
v 1.053983 -0.280324 3.341739
v 1.054244 -0.279437 3.395196
v 1.054244 -0.292432 3.395196
v 1.053983 -0.291545 3.341739
v 1.012766 -0.291545 3.341739
v 1.007965 -0.292432 3.395196
v 1.007965 -0.279437 3.395196
v 1.012766 -0.280324 3.341739
v 1.048449 -0.277831 3.448653
v 1.011373 -0.277831 3.448653
v 1.011373 -0.277831 3.505905
v 1.048448 -0.277831 3.505905
v 1.006756 -0.279437 3.448653
v 1.006756 -0.292432 3.448653
v 1.006756 -0.292432 3.505905
v 1.006756 -0.279436 3.505905
v 1.049398 -0.293151 3.341739
v 1.017388 -0.293151 3.341739
v 1.056173 -0.292133 3.573470
v 1.056173 -0.279736 3.573470
v 1.051586 -0.278130 3.573470
v 1.016222 -0.278130 3.573470
v 1.011603 -0.279736 3.573470
v 1.011603 -0.292133 3.573470
v 1.004052 -0.292432 3.448653
v 1.004052 -0.279437 3.448653
v 1.004052 -0.279437 3.505905
v 1.004052 -0.292432 3.505905
v 0.968405 -0.278718 3.341739
v 0.963602 -0.277831 3.395196
v 1.000676 -0.277831 3.395196
v 1.000416 -0.278718 3.341739
v 0.962390 -0.294038 3.505905
v 0.999465 -0.294038 3.505905
v 1.002603 -0.293738 3.573470
v 0.967239 -0.293738 3.573470
v 1.000676 -0.294038 3.395196
v 0.999466 -0.294038 3.448653
v 0.962390 -0.294038 3.448653
v 0.963602 -0.294038 3.395196
v 1.005001 -0.280324 3.341739
v 1.005262 -0.279437 3.395196
v 1.005262 -0.292432 3.395196
v 1.005001 -0.291545 3.341739
v 0.963784 -0.291545 3.341739
v 0.958983 -0.292432 3.395196
v 0.958983 -0.279437 3.395196
v 0.963784 -0.280324 3.341739
v 0.999466 -0.277831 3.448653
v 0.962390 -0.277831 3.448653
v 0.962390 -0.277831 3.505905
v 0.999465 -0.277831 3.505905
v 0.957773 -0.279437 3.448653
v 0.957773 -0.292432 3.448653
v 0.957773 -0.292432 3.505905
v 0.957773 -0.279437 3.505905
v 1.000416 -0.293151 3.341739
v 0.968405 -0.293151 3.341739
v 1.007190 -0.292133 3.573470
v 1.007190 -0.279736 3.573470
v 1.002603 -0.278131 3.573470
v 0.967239 -0.278131 3.573470
v 0.962621 -0.279736 3.573470
v 0.962621 -0.292133 3.573470
v 0.954624 -0.292432 3.448653
v 0.954624 -0.279437 3.448653
v 0.954624 -0.279437 3.505905
v 0.954624 -0.292432 3.505905
v 0.918978 -0.278718 3.341739
v 0.914175 -0.277831 3.395195
v 0.951249 -0.277831 3.395195
v 0.950988 -0.278718 3.341739
v 0.912963 -0.294038 3.505905
v 0.950038 -0.294038 3.505905
v 0.953175 -0.293738 3.573470
v 0.917811 -0.293738 3.573470
v 0.951249 -0.294038 3.395195
v 0.950039 -0.294038 3.448653
v 0.912962 -0.294038 3.448653
v 0.914175 -0.294038 3.395195
v 0.955573 -0.280324 3.341739
v 0.955834 -0.279437 3.395195
v 0.955834 -0.292432 3.395195
v 0.955573 -0.291545 3.341739
v 0.914356 -0.291545 3.341739
v 0.909555 -0.292432 3.395195
v 0.909555 -0.279437 3.395195
v 0.914356 -0.280324 3.341739
v 0.950039 -0.277831 3.448653
v 0.912962 -0.277831 3.448653
v 0.912963 -0.277831 3.505905
v 0.950038 -0.277831 3.505905
v 0.908345 -0.279437 3.448653
v 0.908345 -0.292432 3.448653
v 0.908345 -0.292432 3.505905
v 0.908345 -0.279436 3.505905
v 0.950988 -0.293151 3.341739
v 0.918978 -0.293151 3.341739
v 0.957763 -0.292133 3.573470
v 0.957763 -0.279736 3.573470
v 0.953175 -0.278131 3.573470
v 0.917811 -0.278131 3.573470
v 0.913193 -0.279736 3.573470
v 0.913193 -0.292133 3.573470
v 0.907629 -0.292432 3.448653
v 0.907629 -0.279437 3.448653
v 0.907629 -0.279436 3.505905
v 0.907629 -0.292432 3.505905
v 0.871983 -0.278717 3.341739
v 0.867180 -0.277831 3.395196
v 0.904254 -0.277831 3.395196
v 0.903993 -0.278717 3.341739
v 0.865968 -0.294038 3.505905
v 0.903043 -0.294038 3.505905
v 0.906180 -0.293738 3.573470
v 0.870816 -0.293738 3.573470
v 0.904254 -0.294038 3.395196
v 0.903044 -0.294038 3.448653
v 0.865968 -0.294038 3.448653
v 0.867180 -0.294038 3.395196
v 0.908578 -0.280324 3.341739
v 0.908839 -0.279437 3.395196
v 0.908839 -0.292432 3.395196
v 0.908578 -0.291545 3.341739
v 0.867361 -0.291545 3.341739
v 0.862560 -0.292432 3.395196
v 0.862560 -0.279437 3.395196
v 0.867361 -0.280324 3.341739
v 0.903044 -0.277831 3.448653
v 0.865968 -0.277831 3.448653
v 0.865968 -0.277831 3.505905
v 0.903043 -0.277831 3.505905
v 0.861350 -0.279437 3.448653
v 0.861350 -0.292432 3.448653
v 0.861350 -0.292432 3.505905
v 0.861350 -0.279436 3.505905
v 0.903993 -0.293151 3.341739
v 0.871983 -0.293151 3.341739
v 0.910768 -0.292133 3.573470
v 0.910768 -0.279736 3.573470
v 0.906180 -0.278130 3.573470
v 0.870816 -0.278130 3.573470
v 0.866198 -0.279736 3.573470
v 0.866198 -0.292133 3.573470
v 0.859361 -0.292432 3.448653
v 0.859361 -0.279437 3.448653
v 0.859361 -0.279437 3.505905
v 0.859361 -0.292432 3.505905
v 0.823715 -0.278717 3.341739
v 0.818912 -0.277831 3.395196
v 0.855986 -0.277831 3.395196
v 0.855725 -0.278717 3.341739
v 0.817700 -0.294038 3.505905
v 0.854775 -0.294038 3.505905
v 0.857912 -0.293738 3.573470
v 0.822548 -0.293738 3.573470
v 0.855986 -0.294038 3.395196
v 0.854776 -0.294038 3.448653
v 0.817699 -0.294038 3.448653
v 0.818912 -0.294038 3.395196
v 0.860310 -0.280324 3.341739
v 0.860571 -0.279437 3.395196
v 0.860571 -0.292432 3.395196
v 0.860310 -0.291545 3.341739
v 0.819093 -0.291545 3.341739
v 0.814292 -0.292432 3.395196
v 0.814292 -0.279437 3.395196
v 0.819093 -0.280324 3.341739
v 0.854776 -0.277831 3.448653
v 0.817699 -0.277831 3.448653
v 0.817700 -0.277831 3.505905
v 0.854775 -0.277831 3.505905
v 0.813082 -0.279437 3.448653
v 0.813082 -0.292432 3.448653
v 0.813082 -0.292432 3.505905
v 0.813082 -0.279436 3.505905
v 0.855725 -0.293151 3.341739
v 0.823715 -0.293151 3.341739
v 0.862500 -0.292133 3.573470
v 0.862500 -0.279736 3.573470
v 0.857912 -0.278130 3.573470
v 0.822548 -0.278130 3.573470
v 0.817930 -0.279736 3.573470
v 0.817930 -0.292133 3.573470
v 0.801576 -0.213019 3.354950
v 0.837399 -0.213019 3.354950
v 0.837400 -0.169398 3.354950
v 0.801576 -0.169398 3.354950
v 0.842329 -0.294477 3.316326
v 0.841825 -0.253748 3.317684
v 0.841825 -0.253748 3.351840
v 0.842329 -0.294477 3.350186
v 0.797151 -0.169398 3.316567
v 0.797151 -0.169398 3.350724
v 0.797976 -0.117920 3.349211
v 0.797976 -0.117920 3.316630
v 0.797151 -0.253748 3.351840
v 0.797151 -0.213019 3.350725
v 0.797151 -0.213019 3.316567
v 0.797151 -0.253748 3.317684
v 0.837245 -0.294477 3.355036
v 0.837398 -0.253748 3.356065
v 0.801578 -0.253748 3.356065
v 0.801730 -0.294477 3.355036
v 0.801730 -0.294477 3.311437
v 0.801577 -0.253748 3.313428
v 0.837398 -0.253748 3.313428
v 0.837246 -0.294477 3.311437
v 0.841825 -0.213019 3.350725
v 0.841825 -0.213019 3.316567
v 0.841825 -0.169398 3.316567
v 0.841825 -0.169398 3.350724
v 0.837399 -0.213019 3.312313
v 0.801576 -0.213019 3.312313
v 0.801576 -0.169398 3.312313
v 0.837400 -0.169398 3.312313
v 0.796647 -0.294477 3.350186
v 0.796647 -0.294477 3.316326
v 0.802401 -0.117920 3.353438
v 0.836575 -0.117920 3.353438
v 0.841000 -0.117920 3.349211
v 0.841000 -0.117920 3.316630
v 0.836575 -0.117920 3.312375
v 0.802400 -0.117920 3.312375
v 0.939717 -0.167851 3.337291
v 0.939717 -0.167851 3.324296
v 0.996969 -0.167851 3.324296
v 0.996969 -0.167851 3.337292
v 0.832803 -0.132205 3.323577
v 0.886260 -0.127402 3.322690
v 0.886260 -0.164476 3.322690
v 0.832803 -0.164215 3.323577
v 0.996969 -0.126190 3.338897
v 0.996969 -0.163265 3.338897
v 1.064534 -0.166402 3.338598
v 1.064534 -0.131038 3.338598
v 0.886260 -0.164476 3.338897
v 0.939717 -0.163266 3.338897
v 0.939717 -0.126189 3.338897
v 0.886260 -0.127402 3.338897
v 0.832803 -0.168800 3.325183
v 0.886260 -0.169061 3.324296
v 0.886260 -0.169061 3.337291
v 0.832803 -0.168800 3.336405
v 0.832803 -0.127583 3.336405
v 0.886260 -0.122782 3.337291
v 0.886260 -0.122782 3.324296
v 0.832803 -0.127583 3.325183
v 0.939717 -0.163266 3.322690
v 0.939717 -0.126189 3.322690
v 0.996969 -0.126190 3.322690
v 0.996969 -0.163265 3.322690
v 0.939717 -0.121572 3.324296
v 0.939717 -0.121572 3.337291
v 0.996969 -0.121572 3.337292
v 0.996969 -0.121572 3.324296
v 0.832803 -0.164215 3.338011
v 0.832803 -0.132205 3.338011
v 1.064534 -0.170990 3.336993
v 1.064534 -0.170990 3.324595
v 1.064534 -0.166402 3.322990
v 1.064534 -0.131038 3.322990
v 1.064534 -0.126420 3.324595
v 1.064534 -0.126420 3.336993
v 0.939717 -0.216919 3.338049
v 0.939717 -0.216919 3.325054
v 0.996969 -0.216919 3.325054
v 0.996969 -0.216919 3.338050
v 0.832803 -0.190198 3.324335
v 0.886260 -0.186597 3.323448
v 0.886260 -0.214388 3.323448
v 0.832803 -0.214193 3.324335
v 0.996969 -0.185689 3.339655
v 0.996969 -0.213481 3.339655
v 1.064534 -0.215833 3.339356
v 1.064534 -0.189323 3.339356
v 0.886260 -0.214388 3.339655
v 0.939717 -0.213481 3.339655
v 0.939717 -0.185688 3.339655
v 0.886260 -0.186597 3.339655
v 0.832803 -0.217630 3.325941
v 0.886260 -0.217826 3.325054
v 0.886260 -0.217826 3.338049
v 0.832803 -0.217630 3.337162
v 0.832803 -0.186733 3.337162
v 0.886260 -0.183134 3.338049
v 0.886260 -0.183134 3.325054
v 0.832803 -0.186733 3.325941
v 0.939717 -0.213481 3.323448
v 0.939717 -0.185688 3.323448
v 0.996969 -0.185689 3.323448
v 0.996969 -0.213481 3.323448
v 0.939717 -0.182227 3.325054
v 0.939717 -0.182227 3.338049
v 0.996969 -0.182227 3.338050
v 0.996969 -0.182227 3.325054
v 0.832803 -0.214193 3.338769
v 0.832803 -0.190198 3.338769
v 1.064534 -0.219272 3.337750
v 1.064534 -0.219272 3.325353
v 1.064534 -0.215833 3.323748
v 1.064534 -0.189323 3.323748
v 1.064534 -0.185861 3.325353
v 1.064534 -0.185861 3.337750
v 0.939717 -0.248361 3.340855
v 0.939717 -0.248361 3.327860
v 0.996969 -0.248361 3.327860
v 0.996969 -0.248361 3.340856
v 0.832803 -0.223327 3.327141
v 0.886260 -0.219953 3.326254
v 0.886260 -0.245990 3.326254
v 0.832803 -0.245807 3.327141
v 0.996969 -0.219102 3.342461
v 0.996969 -0.245140 3.342461
v 1.064534 -0.247343 3.342162
v 1.064534 -0.222507 3.342162
v 0.886260 -0.245990 3.342461
v 0.939717 -0.245140 3.342461
v 0.939717 -0.219102 3.342461
v 0.886260 -0.219953 3.342461
v 0.832803 -0.249027 3.328747
v 0.886260 -0.249210 3.327860
v 0.886260 -0.249210 3.340855
v 0.832803 -0.249027 3.339968
v 0.832803 -0.220081 3.339968
v 0.886260 -0.216709 3.340855
v 0.886260 -0.216709 3.327860
v 0.832803 -0.220081 3.328747
v 0.939717 -0.245140 3.326254
v 0.939717 -0.219102 3.326254
v 0.996969 -0.219102 3.326254
v 0.996969 -0.245140 3.326254
v 0.939717 -0.215860 3.327860
v 0.939717 -0.215860 3.340855
v 0.996969 -0.215860 3.340856
v 0.996969 -0.215860 3.327860
v 0.832803 -0.245807 3.341575
v 0.832803 -0.223327 3.341575
v 1.064534 -0.250565 3.340556
v 1.064534 -0.250565 3.328159
v 1.064534 -0.247343 3.326554
v 1.064534 -0.222507 3.326554
v 1.064534 -0.219264 3.328159
v 1.064534 -0.219264 3.340556
v 0.939717 -0.284033 3.338154
v 0.939717 -0.284033 3.325159
v 0.996969 -0.284033 3.325159
v 0.996969 -0.284033 3.338155
v 0.832803 -0.258999 3.324440
v 0.886260 -0.255626 3.323553
v 0.886260 -0.281663 3.323553
v 0.832803 -0.281480 3.324440
v 0.996969 -0.254775 3.339760
v 0.996969 -0.280812 3.339760
v 1.064534 -0.283016 3.339461
v 1.064534 -0.258180 3.339461
v 0.886260 -0.281663 3.339760
v 0.939717 -0.280813 3.339760
v 0.939717 -0.254775 3.339760
v 0.886260 -0.255626 3.339760
v 0.832803 -0.284700 3.326046
v 0.886260 -0.284883 3.325159
v 0.886260 -0.284883 3.338154
v 0.832803 -0.284700 3.337267
v 0.832803 -0.255753 3.337267
v 0.886260 -0.252382 3.338154
v 0.886260 -0.252382 3.325159
v 0.832803 -0.255753 3.326046
v 0.939717 -0.280813 3.323553
v 0.939717 -0.254775 3.323553
v 0.996969 -0.254775 3.323553
v 0.996969 -0.280812 3.323553
v 0.939717 -0.251532 3.325159
v 0.939717 -0.251532 3.338154
v 0.996969 -0.251532 3.338155
v 0.996969 -0.251532 3.325159
v 0.832803 -0.281480 3.338874
v 0.832803 -0.258999 3.338874
v 1.064534 -0.286237 3.337855
v 1.064534 -0.286237 3.325458
v 1.064534 -0.283016 3.323853
v 1.064534 -0.258180 3.323853
v 1.064534 -0.254937 3.325458
v 1.064534 -0.254937 3.337855
v 0.809585 -0.167851 3.448653
v 0.822581 -0.167851 3.448653
v 0.822581 -0.167851 3.505905
v 0.809585 -0.167851 3.505905
v 0.823300 -0.132205 3.341739
v 0.824186 -0.127402 3.395196
v 0.824186 -0.164476 3.395196
v 0.823300 -0.164215 3.341739
v 0.807980 -0.126190 3.505905
v 0.807980 -0.163264 3.505905
v 0.808279 -0.166402 3.573470
v 0.808279 -0.131038 3.573470
v 0.807980 -0.164476 3.395196
v 0.807980 -0.163265 3.448653
v 0.807980 -0.126189 3.448653
v 0.807980 -0.127402 3.395196
v 0.821694 -0.168800 3.341739
v 0.822580 -0.169061 3.395196
v 0.809586 -0.169061 3.395196
v 0.810472 -0.168800 3.341739
v 0.810472 -0.127583 3.341739
v 0.809586 -0.122782 3.395196
v 0.822580 -0.122782 3.395196
v 0.821694 -0.127583 3.341739
v 0.824186 -0.163265 3.448653
v 0.824186 -0.126189 3.448653
v 0.824186 -0.126190 3.505905
v 0.824186 -0.163264 3.505905
v 0.822581 -0.121572 3.448653
v 0.809585 -0.121572 3.448653
v 0.809585 -0.121572 3.505905
v 0.822581 -0.121572 3.505905
v 0.808866 -0.164215 3.341739
v 0.808866 -0.132205 3.341739
v 0.809884 -0.170990 3.573470
v 0.822282 -0.170990 3.573470
v 0.823887 -0.166402 3.573470
v 0.823887 -0.131038 3.573470
v 0.822282 -0.126420 3.573470
v 0.809884 -0.126420 3.573470
v 0.809585 -0.219217 3.448653
v 0.822581 -0.219217 3.448653
v 0.822581 -0.219217 3.505905
v 0.809585 -0.219217 3.505905
v 0.823300 -0.190522 3.341739
v 0.824186 -0.186655 3.395196
v 0.824186 -0.216499 3.395196
v 0.823300 -0.216290 3.341739
v 0.807980 -0.185680 3.505905
v 0.807980 -0.215524 3.505905
v 0.808279 -0.218050 3.573470
v 0.808279 -0.189583 3.573470
v 0.807980 -0.216499 3.395196
v 0.807980 -0.215525 3.448653
v 0.807980 -0.185679 3.448653
v 0.807980 -0.186655 3.395196
v 0.821694 -0.219981 3.341739
v 0.822580 -0.220190 3.395196
v 0.809586 -0.220190 3.395196
v 0.810472 -0.219981 3.341739
v 0.810472 -0.186801 3.341739
v 0.809586 -0.182936 3.395196
v 0.822580 -0.182936 3.395196
v 0.821694 -0.186801 3.341739
v 0.824186 -0.215525 3.448653
v 0.824186 -0.185679 3.448653
v 0.824186 -0.185680 3.505905
v 0.824186 -0.215524 3.505905
v 0.822581 -0.181963 3.448653
v 0.809585 -0.181963 3.448653
v 0.809585 -0.181963 3.505905
v 0.822581 -0.181963 3.505905
v 0.808866 -0.216290 3.341739
v 0.808866 -0.190522 3.341739
v 0.809884 -0.221743 3.573470
v 0.822282 -0.221743 3.573470
v 0.823887 -0.218050 3.573470
v 0.823887 -0.189583 3.573470
v 0.822282 -0.185865 3.573470
v 0.809884 -0.185865 3.573470
v 0.809585 -0.255814 3.448653
v 0.822581 -0.255814 3.448653
v 0.822581 -0.255814 3.505905
v 0.809585 -0.255814 3.505905
v 0.823300 -0.232100 3.341739
v 0.824186 -0.228905 3.395196
v 0.824186 -0.253568 3.395196
v 0.823300 -0.253395 3.341739
v 0.807980 -0.228098 3.505905
v 0.807980 -0.252763 3.505905
v 0.808279 -0.254850 3.573470
v 0.808279 -0.231324 3.573470
v 0.807980 -0.253568 3.395196
v 0.807980 -0.252763 3.448653
v 0.807980 -0.228098 3.448653
v 0.807980 -0.228905 3.395196
v 0.821694 -0.256445 3.341739
v 0.822580 -0.256619 3.395196
v 0.809586 -0.256619 3.395196
v 0.810472 -0.256445 3.341739
v 0.810472 -0.229025 3.341739
v 0.809586 -0.225832 3.395196
v 0.822580 -0.225832 3.395196
v 0.821694 -0.229025 3.341739
v 0.824186 -0.252763 3.448653
v 0.824186 -0.228098 3.448653
v 0.824186 -0.228098 3.505905
v 0.824186 -0.252763 3.505905
v 0.822581 -0.225027 3.448653
v 0.809585 -0.225027 3.448653
v 0.809585 -0.225027 3.505905
v 0.822581 -0.225027 3.505905
v 0.808866 -0.253395 3.341739
v 0.808866 -0.232100 3.341739
v 0.809884 -0.257902 3.573470
v 0.822282 -0.257902 3.573470
v 0.823887 -0.254850 3.573470
v 0.823887 -0.231324 3.573470
v 0.822282 -0.228252 3.573470
v 0.809884 -0.228252 3.573470
v 0.809585 -0.286132 3.448653
v 0.822581 -0.286132 3.448653
v 0.822581 -0.286132 3.505905
v 0.809585 -0.286132 3.505905
v 0.823300 -0.262419 3.341739
v 0.824186 -0.259223 3.395196
v 0.824186 -0.283887 3.395196
v 0.823300 -0.283713 3.341739
v 0.807980 -0.258417 3.505905
v 0.807980 -0.283081 3.505905
v 0.808279 -0.285168 3.573470
v 0.808279 -0.261642 3.573470
v 0.807980 -0.283887 3.395196
v 0.807980 -0.283082 3.448653
v 0.807980 -0.258417 3.448653
v 0.807980 -0.259223 3.395196
v 0.821694 -0.286764 3.341739
v 0.822580 -0.286937 3.395196
v 0.809586 -0.286937 3.395196
v 0.810472 -0.286764 3.341739
v 0.810472 -0.259344 3.341739
v 0.809586 -0.256150 3.395196
v 0.822580 -0.256150 3.395196
v 0.821694 -0.259344 3.341739
v 0.824186 -0.283082 3.448653
v 0.824186 -0.258417 3.448653
v 0.824186 -0.258417 3.505905
v 0.824186 -0.283081 3.505905
v 0.822581 -0.255345 3.448653
v 0.809585 -0.255345 3.448653
v 0.809585 -0.255345 3.505905
v 0.822581 -0.255345 3.505905
v 0.808866 -0.283713 3.341739
v 0.808866 -0.262419 3.341739
v 0.809884 -0.288220 3.573470
v 0.822282 -0.288220 3.573470
v 0.823887 -0.285168 3.573470
v 0.823887 -0.261642 3.573470
v 0.822282 -0.258570 3.573470
v 0.809884 -0.258570 3.573470
v 0.803893 -0.213019 3.591524
v 0.839716 -0.213019 3.591524
v 0.839716 -0.169398 3.591524
v 0.803892 -0.169398 3.591524
v 0.844645 -0.294477 3.552899
v 0.844142 -0.253748 3.554257
v 0.844142 -0.253748 3.588414
v 0.844645 -0.294477 3.586759
v 0.799467 -0.169398 3.553141
v 0.799467 -0.169398 3.587298
v 0.800292 -0.117920 3.585785
v 0.800292 -0.117920 3.553204
v 0.799467 -0.253748 3.588414
v 0.799467 -0.213019 3.587299
v 0.799467 -0.213019 3.553141
v 0.799467 -0.253748 3.554257
v 0.839562 -0.294477 3.591609
v 0.839715 -0.253748 3.592638
v 0.803894 -0.253748 3.592638
v 0.804047 -0.294477 3.591609
v 0.804047 -0.294477 3.548011
v 0.803894 -0.253748 3.550001
v 0.839715 -0.253748 3.550001
v 0.839562 -0.294477 3.548010
v 0.844142 -0.213019 3.587299
v 0.844142 -0.213019 3.553141
v 0.844142 -0.169398 3.553141
v 0.844142 -0.169398 3.587298
v 0.839716 -0.213019 3.548887
v 0.803893 -0.213019 3.548887
v 0.803892 -0.169398 3.548887
v 0.839716 -0.169398 3.548887
v 0.798963 -0.294477 3.586759
v 0.798963 -0.294477 3.552899
v 0.804717 -0.117920 3.590011
v 0.838891 -0.117920 3.590011
v 0.843317 -0.117920 3.585785
v 0.843317 -0.117920 3.553204
v 0.838892 -0.117920 3.548949
v 0.804717 -0.117920 3.548949
v 0.939717 -0.284033 3.579322
v 0.939717 -0.284033 3.566327
v 0.996969 -0.284033 3.566326
v 0.996969 -0.284033 3.579322
v 0.832803 -0.258999 3.565608
v 0.886260 -0.255626 3.564721
v 0.886260 -0.281663 3.564721
v 0.832803 -0.281480 3.565608
v 0.996969 -0.254775 3.580928
v 0.996969 -0.280812 3.580928
v 1.064534 -0.283016 3.580628
v 1.064534 -0.258180 3.580628
v 0.886260 -0.281663 3.580928
v 0.939717 -0.280813 3.580928
v 0.939717 -0.254775 3.580928
v 0.886260 -0.255626 3.580928
v 0.832803 -0.284700 3.567214
v 0.886260 -0.284883 3.566327
v 0.886260 -0.284883 3.579322
v 0.832803 -0.284700 3.578435
v 0.832803 -0.255753 3.578435
v 0.886260 -0.252382 3.579322
v 0.886260 -0.252382 3.566327
v 0.832803 -0.255753 3.567214
v 0.939717 -0.280813 3.564721
v 0.939717 -0.254775 3.564721
v 0.996969 -0.254775 3.564721
v 0.996969 -0.280812 3.564721
v 0.939717 -0.251532 3.566327
v 0.939717 -0.251532 3.579322
v 0.996969 -0.251532 3.579322
v 0.996969 -0.251532 3.566326
v 0.832803 -0.281480 3.580041
v 0.832803 -0.258999 3.580041
v 1.064534 -0.286237 3.579023
v 1.064534 -0.286237 3.566626
v 1.064534 -0.283016 3.565020
v 1.064534 -0.258180 3.565020
v 1.064534 -0.254937 3.566626
v 1.064534 -0.254937 3.579023
v 0.939717 -0.248361 3.582023
v 0.939717 -0.248361 3.569028
v 0.996969 -0.248361 3.569027
v 0.996969 -0.248361 3.582023
v 0.832803 -0.223327 3.568308
v 0.886260 -0.219953 3.567422
v 0.886260 -0.245990 3.567422
v 0.832803 -0.245807 3.568308
v 0.996969 -0.219102 3.583629
v 0.996969 -0.245140 3.583629
v 1.064534 -0.247343 3.583329
v 1.064534 -0.222507 3.583329
v 0.886260 -0.245990 3.583629
v 0.939717 -0.245140 3.583629
v 0.939717 -0.219102 3.583629
v 0.886260 -0.219953 3.583629
v 0.832803 -0.249027 3.569915
v 0.886260 -0.249210 3.569028
v 0.886260 -0.249210 3.582023
v 0.832803 -0.249027 3.581136
v 0.832803 -0.220081 3.581136
v 0.886260 -0.216709 3.582023
v 0.886260 -0.216709 3.569028
v 0.832803 -0.220081 3.569915
v 0.939717 -0.245140 3.567422
v 0.939717 -0.219102 3.567422
v 0.996969 -0.219102 3.567422
v 0.996969 -0.245140 3.567422
v 0.939717 -0.215860 3.569028
v 0.939717 -0.215860 3.582023
v 0.996969 -0.215860 3.582023
v 0.996969 -0.215860 3.569027
v 0.832803 -0.245807 3.582742
v 0.832803 -0.223327 3.582742
v 1.064534 -0.250565 3.581724
v 1.064534 -0.250565 3.569327
v 1.064534 -0.247343 3.567721
v 1.064534 -0.222507 3.567721
v 1.064534 -0.219264 3.569327
v 1.064534 -0.219264 3.581724
v 0.939717 -0.216919 3.579217
v 0.939717 -0.216919 3.566222
v 0.996969 -0.216919 3.566221
v 0.996969 -0.216919 3.579217
v 0.832803 -0.190197 3.565503
v 0.886260 -0.186597 3.564616
v 0.886260 -0.214388 3.564616
v 0.832803 -0.214193 3.565502
v 0.996969 -0.185688 3.580823
v 0.996969 -0.213480 3.580823
v 1.064534 -0.215833 3.580523
v 1.064534 -0.189323 3.580523
v 0.886260 -0.214388 3.580823
v 0.939717 -0.213481 3.580823
v 0.939717 -0.185688 3.580823
v 0.886260 -0.186597 3.580823
v 0.832803 -0.217630 3.567109
v 0.886260 -0.217825 3.566222
v 0.886260 -0.217825 3.579217
v 0.832803 -0.217630 3.578330
v 0.832803 -0.186733 3.578330
v 0.886260 -0.183134 3.579217
v 0.886260 -0.183134 3.566222
v 0.832803 -0.186733 3.567109
v 0.939717 -0.213481 3.564616
v 0.939717 -0.185688 3.564616
v 0.996969 -0.185688 3.564616
v 0.996969 -0.213480 3.564616
v 0.939717 -0.182227 3.566222
v 0.939717 -0.182227 3.579217
v 0.996969 -0.182227 3.579217
v 0.996969 -0.182227 3.566221
v 0.832803 -0.214193 3.579937
v 0.832803 -0.190197 3.579937
v 1.064534 -0.219271 3.578918
v 1.064534 -0.219271 3.566521
v 1.064534 -0.215833 3.564915
v 1.064534 -0.189323 3.564915
v 1.064534 -0.185861 3.566521
v 1.064534 -0.185861 3.578918
v 0.939717 -0.167851 3.578459
v 0.939717 -0.167851 3.565464
v 0.996969 -0.167851 3.565464
v 0.996969 -0.167851 3.578460
v 0.832803 -0.132205 3.564745
v 0.886260 -0.127402 3.563858
v 0.886260 -0.164476 3.563858
v 0.832803 -0.164215 3.564745
v 0.996969 -0.126190 3.580065
v 0.996969 -0.163264 3.580065
v 1.064534 -0.166402 3.579766
v 1.064534 -0.131038 3.579766
v 0.886260 -0.164476 3.580065
v 0.939717 -0.163265 3.580065
v 0.939717 -0.126189 3.580065
v 0.886260 -0.127402 3.580065
v 0.832803 -0.168800 3.566351
v 0.886260 -0.169061 3.565464
v 0.886260 -0.169061 3.578459
v 0.832803 -0.168800 3.577572
v 0.832803 -0.127583 3.577572
v 0.886260 -0.122782 3.578459
v 0.886260 -0.122782 3.565464
v 0.832803 -0.127583 3.566351
v 0.939717 -0.163265 3.563858
v 0.939717 -0.126189 3.563858
v 0.996969 -0.126190 3.563858
v 0.996969 -0.163264 3.563858
v 0.939717 -0.121572 3.565464
v 0.939717 -0.121572 3.578459
v 0.996969 -0.121572 3.578460
v 0.996969 -0.121572 3.565464
v 0.832803 -0.164215 3.579179
v 0.832803 -0.132205 3.579179
v 1.064534 -0.170990 3.578160
v 1.064534 -0.170990 3.565763
v 1.064534 -0.166402 3.564157
v 1.064534 -0.131038 3.564157
v 1.064534 -0.126420 3.565763
v 1.064534 -0.126420 3.578160
v 1.063058 -0.286132 3.448653
v 1.076054 -0.286133 3.448653
v 1.076054 -0.286132 3.505905
v 1.063058 -0.286132 3.505905
v 1.076773 -0.262419 3.341739
v 1.077659 -0.259223 3.395196
v 1.077659 -0.283887 3.395196
v 1.076773 -0.283714 3.341739
v 1.061453 -0.258417 3.505905
v 1.061453 -0.283081 3.505905
v 1.061752 -0.285168 3.573470
v 1.061752 -0.261643 3.573470
v 1.061453 -0.283887 3.395196
v 1.061453 -0.283082 3.448653
v 1.061453 -0.258417 3.448653
v 1.061453 -0.259223 3.395196
v 1.075167 -0.286764 3.341739
v 1.076054 -0.286937 3.395196
v 1.063059 -0.286937 3.395196
v 1.063946 -0.286764 3.341739
v 1.063945 -0.259344 3.341739
v 1.063059 -0.256150 3.395196
v 1.076054 -0.256150 3.395196
v 1.075167 -0.259344 3.341739
v 1.077659 -0.283082 3.448653
v 1.077659 -0.258417 3.448653
v 1.077659 -0.258417 3.505905
v 1.077659 -0.283081 3.505905
v 1.076054 -0.255345 3.448653
v 1.063058 -0.255345 3.448653
v 1.063058 -0.255345 3.505905
v 1.076054 -0.255345 3.505905
v 1.062339 -0.283714 3.341739
v 1.062339 -0.262419 3.341739
v 1.063358 -0.288220 3.573470
v 1.075755 -0.288220 3.573470
v 1.077360 -0.285168 3.573470
v 1.077360 -0.261643 3.573470
v 1.075755 -0.258570 3.573470
v 1.063357 -0.258570 3.573470
v 1.063058 -0.255814 3.448653
v 1.076054 -0.255814 3.448653
v 1.076054 -0.255814 3.505905
v 1.063058 -0.255814 3.505905
v 1.076773 -0.232100 3.341739
v 1.077659 -0.228905 3.395196
v 1.077659 -0.253568 3.395196
v 1.076773 -0.253395 3.341739
v 1.061453 -0.228099 3.505905
v 1.061453 -0.252763 3.505905
v 1.061752 -0.254850 3.573470
v 1.061752 -0.231324 3.573470
v 1.061453 -0.253568 3.395196
v 1.061453 -0.252763 3.448653
v 1.061453 -0.228098 3.448653
v 1.061453 -0.228905 3.395196
v 1.075167 -0.256445 3.341739
v 1.076054 -0.256619 3.395196
v 1.063059 -0.256619 3.395196
v 1.063946 -0.256445 3.341739
v 1.063945 -0.229026 3.341739
v 1.063059 -0.225832 3.395196
v 1.076054 -0.225832 3.395196
v 1.075167 -0.229026 3.341739
v 1.077659 -0.252763 3.448653
v 1.077659 -0.228098 3.448653
v 1.077659 -0.228099 3.505905
v 1.077659 -0.252763 3.505905
v 1.076054 -0.225027 3.448653
v 1.063058 -0.225027 3.448653
v 1.063058 -0.225027 3.505905
v 1.076054 -0.225027 3.505905
v 1.062339 -0.253395 3.341739
v 1.062339 -0.232100 3.341739
v 1.063358 -0.257902 3.573470
v 1.075755 -0.257902 3.573470
v 1.077360 -0.254850 3.573470
v 1.077360 -0.231324 3.573470
v 1.075755 -0.228252 3.573470
v 1.063357 -0.228252 3.573470
v 1.063058 -0.219217 3.448653
v 1.076054 -0.219217 3.448653
v 1.076054 -0.219217 3.505905
v 1.063058 -0.219217 3.505905
v 1.076773 -0.190522 3.341739
v 1.077659 -0.186655 3.395196
v 1.077659 -0.216499 3.395196
v 1.076773 -0.216290 3.341739
v 1.061453 -0.185680 3.505905
v 1.061453 -0.215525 3.505905
v 1.061752 -0.218050 3.573470
v 1.061752 -0.189583 3.573470
v 1.061453 -0.216499 3.395196
v 1.061453 -0.215525 3.448653
v 1.061453 -0.185679 3.448653
v 1.061453 -0.186655 3.395196
v 1.075167 -0.219981 3.341739
v 1.076053 -0.220191 3.395196
v 1.063059 -0.220191 3.395196
v 1.063945 -0.219981 3.341739
v 1.063945 -0.186801 3.341739
v 1.063059 -0.182936 3.395196
v 1.076054 -0.182936 3.395196
v 1.075167 -0.186801 3.341739
v 1.077659 -0.215525 3.448653
v 1.077659 -0.185679 3.448653
v 1.077659 -0.185680 3.505905
v 1.077659 -0.215525 3.505905
v 1.076054 -0.181963 3.448653
v 1.063058 -0.181963 3.448653
v 1.063058 -0.181963 3.505905
v 1.076054 -0.181963 3.505905
v 1.062339 -0.216290 3.341739
v 1.062339 -0.190522 3.341739
v 1.063358 -0.221743 3.573470
v 1.075755 -0.221743 3.573470
v 1.077360 -0.218050 3.573470
v 1.077360 -0.189583 3.573470
v 1.075755 -0.185865 3.573470
v 1.063357 -0.185865 3.573470
v 1.063058 -0.167851 3.448653
v 1.076054 -0.167851 3.448653
v 1.076054 -0.167851 3.505905
v 1.063058 -0.167851 3.505905
v 1.076773 -0.132205 3.341739
v 1.077659 -0.127402 3.395196
v 1.077659 -0.164476 3.395196
v 1.076773 -0.164215 3.341739
v 1.061453 -0.126190 3.505905
v 1.061453 -0.163265 3.505905
v 1.061752 -0.166402 3.573470
v 1.061752 -0.131038 3.573470
v 1.061453 -0.164476 3.395196
v 1.061453 -0.163266 3.448653
v 1.061453 -0.126189 3.448653
v 1.061453 -0.127402 3.395196
v 1.075167 -0.168800 3.341739
v 1.076053 -0.169061 3.395196
v 1.063059 -0.169061 3.395196
v 1.063945 -0.168800 3.341739
v 1.063945 -0.127583 3.341739
v 1.063059 -0.122782 3.395196
v 1.076054 -0.122782 3.395196
v 1.075167 -0.127583 3.341739
v 1.077659 -0.163266 3.448653
v 1.077659 -0.126189 3.448653
v 1.077659 -0.126190 3.505905
v 1.077659 -0.163265 3.505905
v 1.076054 -0.121572 3.448653
v 1.063058 -0.121572 3.448653
v 1.063058 -0.121572 3.505905
v 1.076054 -0.121572 3.505905
v 1.062339 -0.164215 3.341739
v 1.062339 -0.132205 3.341739
v 1.063357 -0.170990 3.573470
v 1.075755 -0.170990 3.573470
v 1.077360 -0.166402 3.573470
v 1.077360 -0.131038 3.573470
v 1.075755 -0.126420 3.573470
v 1.063357 -0.126420 3.573470
v 1.051645 -0.213019 3.354950
v 1.087468 -0.213019 3.354950
v 1.087468 -0.169398 3.354950
v 1.051644 -0.169398 3.354950
v 1.092397 -0.294477 3.316326
v 1.091893 -0.253748 3.317684
v 1.091893 -0.253748 3.351840
v 1.092397 -0.294477 3.350186
v 1.047219 -0.169398 3.316567
v 1.047219 -0.169398 3.350724
v 1.048044 -0.117920 3.349211
v 1.048044 -0.117920 3.316630
v 1.047219 -0.253748 3.351840
v 1.047219 -0.213019 3.350725
v 1.047219 -0.213019 3.316567
v 1.047219 -0.253748 3.317684
v 1.087314 -0.294477 3.355036
v 1.087466 -0.253748 3.356065
v 1.051646 -0.253748 3.356065
v 1.051799 -0.294477 3.355036
v 1.051798 -0.294477 3.311437
v 1.051646 -0.253748 3.313428
v 1.087467 -0.253748 3.313428
v 1.087314 -0.294477 3.311437
v 1.091893 -0.213019 3.350725
v 1.091893 -0.213019 3.316567
v 1.091894 -0.169398 3.316567
v 1.091894 -0.169398 3.350724
v 1.087468 -0.213019 3.312313
v 1.051645 -0.213019 3.312313
v 1.051644 -0.169398 3.312313
v 1.087468 -0.169398 3.312313
v 1.046715 -0.294477 3.350186
v 1.046715 -0.294477 3.316326
v 1.052469 -0.117920 3.353438
v 1.086643 -0.117920 3.353438
v 1.091069 -0.117920 3.349211
v 1.091069 -0.117920 3.316630
v 1.086644 -0.117920 3.312375
v 1.052469 -0.117920 3.312375
v 1.047971 -0.213019 3.589660
v 1.091141 -0.213019 3.589660
v 1.091142 -0.169398 3.589660
v 1.047971 -0.169398 3.589660
v 1.093531 -0.294477 3.556818
v 1.096475 -0.253748 3.552393
v 1.096475 -0.253748 3.586550
v 1.093531 -0.294477 3.586310
v 1.042638 -0.169398 3.551276
v 1.042638 -0.169398 3.585434
v 1.043632 -0.117920 3.588325
v 1.043632 -0.117920 3.555743
v 1.042638 -0.253748 3.586550
v 1.042638 -0.213019 3.585435
v 1.042638 -0.213019 3.551276
v 1.042638 -0.253748 3.552393
v 1.088195 -0.294477 3.590534
v 1.091140 -0.253748 3.590774
v 1.047973 -0.253748 3.590774
v 1.050918 -0.294477 3.590534
v 1.050917 -0.294477 3.552560
v 1.047972 -0.253748 3.548137
v 1.091140 -0.253748 3.548137
v 1.088195 -0.294477 3.552560
v 1.096475 -0.213019 3.585435
v 1.096475 -0.213019 3.551276
v 1.096475 -0.169398 3.551276
v 1.096475 -0.169398 3.585434
v 1.091141 -0.213019 3.547023
v 1.047971 -0.213019 3.547023
v 1.047970 -0.169398 3.547023
v 1.091142 -0.169398 3.547023
v 1.045582 -0.294477 3.586310
v 1.045582 -0.294477 3.556818
v 1.048965 -0.117920 3.592551
v 1.090148 -0.117920 3.592551
v 1.095481 -0.117920 3.588325
v 1.095481 -0.117920 3.555743
v 1.090148 -0.117920 3.551489
v 1.048964 -0.117920 3.551489

# UV coordinates
vt 0.750000 0.437500
vt 0.750000 0.500000
vt 0.666667 0.500000
vt 0.666667 0.437500
vt 0.750000 0.875000
vt 0.750000 0.937500
vt 0.666667 0.937500
vt 0.666667 0.875000
vt 0.750000 0.375000
vt 0.666667 0.375000
vt 0.750000 0.812500
vt 0.666667 0.812500
vt 0.750000 0.312500
vt 0.666667 0.312500
vt 0.750000 0.750000
vt 0.666667 0.750000
vt 0.750000 0.250000
vt 0.666667 0.250000
vt 0.750000 0.687500
vt 0.666667 0.687500
vt 0.750000 0.187500
vt 0.666667 0.187500
vt 0.750000 0.625000
vt 0.666667 0.625000
vt 0.750000 0.125000
vt 0.666667 0.125000
vt 0.750000 0.562500
vt 0.666667 0.562500
vt 0.750000 0.062500
vt 0.666667 0.062500
vt 0.708333 1.000000
vt 0.708333 0.000000
vt 0.583333 0.562500
vt 0.583333 0.500000
vt 0.625000 1.000000
vt 0.583333 0.937500
vt 0.625000 0.000000
vt 0.583333 0.062500
vt 0.583333 0.437500
vt 0.583333 0.875000
vt 0.583333 0.375000
vt 0.583333 0.812500
vt 0.583333 0.312500
vt 0.583333 0.750000
vt 0.583333 0.250000
vt 0.583333 0.687500
vt 0.583333 0.187500
vt 0.583333 0.625000
vt 0.583333 0.125000
vt 0.500000 0.312500
vt 0.500000 0.250000
vt 0.500000 0.750000
vt 0.500000 0.687500
vt 0.500000 0.187500
vt 0.500000 0.625000
vt 0.500000 0.125000
vt 0.500000 0.562500
vt 0.500000 0.062500
vt 0.500000 0.500000
vt 0.541667 1.000000
vt 0.500000 0.937500
vt 0.541667 0.000000
vt 0.500000 0.437500
vt 0.500000 0.875000
vt 0.500000 0.375000
vt 0.500000 0.812500
vt 0.458333 1.000000
vt 0.416667 0.937500
vt 0.458333 0.000000
vt 0.416667 0.062500
vt 0.416667 0.500000
vt 0.416667 0.437500
vt 0.416667 0.875000
vt 0.416667 0.375000
vt 0.416667 0.812500
vt 0.416667 0.312500
vt 0.416667 0.750000
vt 0.416667 0.250000
vt 0.416667 0.687500
vt 0.416667 0.187500
vt 0.416667 0.625000
vt 0.416667 0.125000
vt 0.416667 0.562500
vt 0.333333 0.750000
vt 0.333333 0.687500
vt 0.333333 0.250000
vt 0.333333 0.187500
vt 0.333333 0.625000
vt 0.333333 0.125000
vt 0.333333 0.562500
vt 0.333333 0.062500
vt 0.333333 0.500000
vt 0.375000 1.000000
vt 0.333333 0.937500
vt 0.375000 0.000000
vt 0.333333 0.437500
vt 0.333333 0.875000
vt 0.333333 0.375000
vt 0.333333 0.812500
vt 0.333333 0.312500
vt 0.250000 0.500000
vt 0.250000 0.437500
vt 0.250000 0.937500
vt 0.250000 0.875000
vt 0.250000 0.375000
vt 0.250000 0.812500
vt 0.250000 0.312500
vt 0.250000 0.750000
vt 0.250000 0.250000
vt 0.250000 0.687500
vt 0.250000 0.187500
vt 0.250000 0.625000
vt 0.250000 0.125000
vt 0.250000 0.562500
vt 0.250000 0.062500
vt 0.291667 1.000000
vt 0.291667 0.000000
vt 0.166667 0.250000
vt 0.166667 0.187500
vt 0.166667 0.687500
vt 0.166667 0.625000
vt 0.166667 0.125000
vt 0.166667 0.562500
vt 0.166667 0.062500
vt 0.166667 0.500000
vt 0.208333 1.000000
vt 0.166667 0.937500
vt 0.208333 0.000000
vt 0.166667 0.437500
vt 0.166667 0.875000
vt 0.166667 0.375000
vt 0.166667 0.812500
vt 0.166667 0.312500
vt 0.166667 0.750000
vt 0.083333 0.437500
vt 0.083333 0.375000
vt 0.083333 0.875000
vt 0.083333 0.812500
vt 0.083333 0.312500
vt 0.083333 0.750000
vt 0.083333 0.250000
vt 0.083333 0.687500
vt 0.083333 0.187500
vt 0.083333 0.625000
vt 0.083333 0.125000
vt 0.083333 0.562500
vt 0.083333 0.062500
vt 0.083333 0.500000
vt 0.125000 1.000000
vt 0.083333 0.937500
vt 0.125000 0.000000
vt 0.000000 0.187500
vt 0.000000 0.125000
vt 0.000000 0.625000
vt 0.000000 0.562500
vt 0.000000 0.062500
vt 0.000000 0.500000
vt 0.041667 1.000000
vt 0.000000 0.937500
vt 0.041667 0.000000
vt 0.000000 0.437500
vt 0.000000 0.875000
vt 0.000000 0.375000
vt 0.000000 0.812500
vt 0.000000 0.312500
vt 0.000000 0.750000
vt 0.000000 0.250000
vt 0.000000 0.687500
vt 1.000000 0.812500
vt 1.000000 0.875000
vt 0.916667 0.875000
vt 0.916667 0.812500
vt 1.000000 0.312500
vt 1.000000 0.375000
vt 0.916667 0.375000
vt 0.916667 0.312500
vt 1.000000 0.750000
vt 0.916667 0.750000
vt 1.000000 0.250000
vt 0.916667 0.250000
vt 1.000000 0.687500
vt 0.916667 0.687500
vt 1.000000 0.187500
vt 0.916667 0.187500
vt 1.000000 0.625000
vt 0.916667 0.625000
vt 1.000000 0.125000
vt 0.916667 0.125000
vt 1.000000 0.562500
vt 0.916667 0.562500
vt 1.000000 0.062500
vt 0.916667 0.062500
vt 1.000000 0.500000
vt 0.916667 0.500000
vt 1.000000 0.937500
vt 0.958333 1.000000
vt 0.916667 0.937500
vt 0.958333 0.000000
vt 1.000000 0.437500
vt 0.916667 0.437500
vt 0.833333 0.625000
vt 0.833333 0.562500
vt 0.833333 0.125000
vt 0.833333 0.062500
vt 0.833333 0.500000
vt 0.875000 1.000000
vt 0.833333 0.937500
vt 0.875000 0.000000
vt 0.833333 0.437500
vt 0.833333 0.875000
vt 0.833333 0.375000
vt 0.833333 0.812500
vt 0.833333 0.312500
vt 0.833333 0.750000
vt 0.833333 0.250000
vt 0.833333 0.687500
vt 0.833333 0.187500
vt 0.791667 1.000000
vt 0.791667 0.000000
vt 0.562500 0.187500
vt 0.625000 0.187500
vt 0.625000 0.250000
vt 0.562500 0.250000
vt 0.562500 0.437500
vt 0.625000 0.437500
vt 0.625000 0.500000
vt 0.562500 0.500000
vt 0.562500 0.687500
vt 0.625000 0.687500
vt 0.625000 0.750000
vt 0.562500 0.750000
vt 0.562500 0.937500
vt 0.625000 0.937500
vt 0.562500 1.000000
vt 0.312500 0.687500
vt 0.375000 0.687500
vt 0.375000 0.750000
vt 0.312500 0.750000
vt 0.812500 0.687500
vt 0.875000 0.687500
vt 0.875000 0.750000
vt 0.812500 0.750000
vt 0.687500 0.687500
vt 0.750000 0.750000
vt 0.687500 0.750000
vt 0.687500 0.562500
vt 0.687500 0.625000
vt 0.812500 0.562500
vt 0.875000 0.562500
vt 0.875000 0.625000
vt 0.812500 0.625000
vt 0.187500 0.687500
vt 0.250000 0.687500
vt 0.250000 0.750000
vt 0.187500 0.750000
vt 0.187500 0.562500
vt 0.250000 0.625000
vt 0.187500 0.625000
vt 0.312500 0.562500
vt 0.375000 0.562500
vt 0.375000 0.625000
vt 0.312500 0.625000
vt 0.437500 0.937500
vt 0.500000 0.937500
vt 0.500000 1.000000
vt 0.437500 1.000000
vt 0.437500 0.812500
vt 0.437500 0.875000
vt 0.562500 0.812500
vt 0.625000 0.812500
vt 0.625000 0.875000
vt 0.562500 0.875000
vt 0.437500 0.687500
vt 0.500000 0.750000
vt 0.437500 0.750000
vt 0.437500 0.562500
vt 0.500000 0.625000
vt 0.437500 0.625000
vt 0.562500 0.562500
vt 0.625000 0.562500
vt 0.625000 0.625000
vt 0.562500 0.625000
vt 0.437500 0.437500
vt 0.437500 0.500000
vt 0.437500 0.312500
vt 0.500000 0.312500
vt 0.437500 0.375000
vt 0.562500 0.312500
vt 0.625000 0.312500
vt 0.625000 0.375000
vt 0.562500 0.375000
vt 0.437500 0.187500
vt 0.437500 0.250000
vt 0.437500 0.062500
vt 0.500000 0.062500
vt 0.437500 0.125000
vt 0.562500 0.062500
vt 0.625000 0.062500
vt 0.625000 0.125000
vt 0.562500 0.125000
vt 0.500000 0.000000
vt 0.562500 0.000000
vt 0.375000 0.062500
vt 0.375000 0.125000
vt 0.437500 0.000000
vt 0.375000 0.187500
vt 0.375000 0.250000
vt 0.375000 0.312500
vt 0.375000 0.375000
vt 0.375000 0.437500
vt 0.375000 0.500000
vt 0.375000 0.812500
vt 0.375000 0.875000
vt 0.375000 0.937500
vt 0.312500 0.500000
vt 0.125000 0.562500
vt 0.125000 0.625000
vt 0.125000 0.500000
vt 0.187500 0.500000
vt 0.125000 0.687500
vt 0.125000 0.750000
vt 0.812500 0.500000
vt 0.875000 0.500000
vt 0.687500 0.500000
vt 0.402013 0.458566
vt 0.402723 0.424989
vt 0.435833 0.425688
vt 0.435123 0.459267
vt 0.339207 0.550646
vt 0.370427 0.547245
vt 0.370139 0.580034
vt 0.339292 0.579888
vt 0.380666 0.497763
vt 0.378449 0.531304
vt 0.338767 0.532384
vt 0.341181 0.500065
vt 0.442745 0.534152
vt 0.411896 0.532450
vt 0.413532 0.498942
vt 0.443843 0.501380
vt 0.340799 0.425973
vt 0.371765 0.424335
vt 0.371055 0.457911
vt 0.340186 0.454967
vt 0.340088 0.459629
vt 0.371710 0.458006
vt 0.371000 0.491582
vt 0.339475 0.488624
vt 0.401032 0.579638
vt 0.400814 0.546090
vt 0.433700 0.546301
vt 0.434498 0.579906
vt 0.401958 0.492238
vt 0.402668 0.458659
vt 0.435778 0.459358
vt 0.435068 0.492938
vt 0.530037 0.556618
vt 0.529425 0.585582
vt 0.523209 0.589635
vt 0.480396 0.588730
vt 0.474357 0.584418
vt 0.474969 0.555454
vt 0.481185 0.551435
vt 0.523996 0.552340
vt 0.534811 0.425208
vt 0.534135 0.457206
vt 0.527923 0.461228
vt 0.480624 0.460228
vt 0.474588 0.455948
vt 0.475264 0.423949
vt 0.481476 0.419900
vt 0.528775 0.420900
vt 0.475115 0.427291
vt 0.474438 0.459324
vt 0.475369 0.460969
vt 0.474692 0.493002
vt 0.473053 0.550269
vt 0.474099 0.582661
vt 0.442780 0.539999
vt 0.411641 0.538399
vt 0.444673 0.495552
vt 0.476060 0.500138
vt 0.474891 0.506097
vt 0.338291 0.544644
vt 0.369843 0.541388
vt 0.369858 0.585875
vt 0.338784 0.585737
vt 0.473831 0.541174
vt 0.473570 0.535309
vt 0.413968 0.493096
vt 0.400625 0.540232
vt 0.401036 0.585591
vt 0.380819 0.491869
vt 0.378126 0.537229
vt 0.434570 0.585839
vt 0.433797 0.540406
vt 0.474190 0.588599
vt 0.473350 0.544297
vt 0.341136 0.494086
vt 0.338425 0.538312
vt 0.398431 0.461261
vt 0.398305 0.430639
vt 0.428501 0.430514
vt 0.428627 0.461137
vt 0.342302 0.541457
vt 0.370746 0.541990
vt 0.371557 0.572735
vt 0.343416 0.571778
vt 0.378449 0.497789
vt 0.378166 0.528176
vt 0.342556 0.526881
vt 0.342866 0.497628
vt 0.436378 0.529469
vt 0.408280 0.528443
vt 0.408610 0.497838
vt 0.436936 0.498719
vt 0.341846 0.431004
vt 0.370072 0.430756
vt 0.370199 0.461377
vt 0.341971 0.461363
vt 0.341972 0.461699
vt 0.370289 0.461451
vt 0.370415 0.492072
vt 0.342098 0.492058
vt 0.399646 0.571477
vt 0.399064 0.540876
vt 0.429223 0.540578
vt 0.429757 0.570961
vt 0.398648 0.491956
vt 0.398521 0.461334
vt 0.428717 0.461209
vt 0.428844 0.491832
vt 0.521908 0.426045
vt 0.522033 0.456373
vt 0.515635 0.460778
vt 0.470807 0.460963
vt 0.464372 0.456611
vt 0.464247 0.426283
vt 0.470646 0.421913
vt 0.515473 0.421728
vt 0.465760 0.573866
vt 0.465640 0.544683
vt 0.471210 0.540875
vt 0.514345 0.540697
vt 0.519946 0.544459
vt 0.520066 0.573642
vt 0.514497 0.577475
vt 0.471361 0.577653
vt 0.464195 0.431072
vt 0.464316 0.460285
vt 0.464355 0.461767
vt 0.464476 0.490980
vt 0.464803 0.540123
vt 0.465355 0.569373
vt 0.436253 0.534800
vt 0.408134 0.533794
vt 0.436952 0.493314
vt 0.465312 0.491754
vt 0.465375 0.497950
vt 0.342314 0.535260
vt 0.370685 0.536586
vt 0.371727 0.578065
vt 0.343577 0.577920
vt 0.464400 0.534424
vt 0.464511 0.528280
vt 0.408675 0.492463
vt 0.398954 0.535501
vt 0.399836 0.576827
vt 0.378440 0.492417
vt 0.377960 0.533512
vt 0.430007 0.576295
vt 0.429188 0.535206
vt 0.465692 0.574750
vt 0.464831 0.534754
vt 0.342794 0.492260
vt 0.342264 0.532261
vt 0.409266 0.465410
vt 0.410229 0.439147
vt 0.436126 0.440095
vt 0.435164 0.466360
vt 0.359009 0.536694
vt 0.383477 0.534412
vt 0.382854 0.560064
vt 0.358721 0.559575
vt 0.392088 0.495820
vt 0.389947 0.522036
vt 0.358886 0.522400
vt 0.361166 0.497142
vt 0.440219 0.525044
vt 0.416103 0.523339
vt 0.417789 0.497141
vt 0.441476 0.499416
vt 0.361766 0.439166
vt 0.386014 0.438260
vt 0.385052 0.464522
vt 0.360935 0.461844
vt 0.360801 0.465491
vt 0.385563 0.464604
vt 0.384601 0.490867
vt 0.359970 0.488170
vt 0.407031 0.560128
vt 0.407266 0.533876
vt 0.432995 0.534440
vt 0.433212 0.560743
vt 0.408815 0.491755
vt 0.409777 0.465491
vt 0.435675 0.466439
vt 0.434713 0.492704
vt 0.508246 0.543681
vt 0.507416 0.566336
vt 0.502504 0.569431
vt 0.469017 0.568204
vt 0.464344 0.564757
vt 0.465174 0.542102
vt 0.470086 0.539033
vt 0.503572 0.540260
vt 0.513575 0.440920
vt 0.512658 0.465948
vt 0.507749 0.469019
vt 0.470754 0.467664
vt 0.466082 0.464242
vt 0.466999 0.439213
vt 0.471909 0.436120
vt 0.508905 0.437476
vt 0.466843 0.441826
vt 0.465925 0.466881
vt 0.466633 0.468179
vt 0.465715 0.493235
vt 0.463738 0.538022
vt 0.464164 0.563379
vt 0.440176 0.529620
vt 0.415831 0.527990
vt 0.442196 0.494866
vt 0.466698 0.498835
vt 0.465711 0.503483
vt 0.358365 0.531987
vt 0.383091 0.529822
vt 0.382563 0.564630
vt 0.358252 0.564145
vt 0.464457 0.530916
vt 0.464324 0.526324
vt 0.418201 0.492573
vt 0.407190 0.529290
vt 0.406961 0.564786
vt 0.392279 0.491210
vt 0.389623 0.526669
vt 0.433197 0.565387
vt 0.433142 0.529829
vt 0.464163 0.568026
vt 0.464043 0.533353
vt 0.361204 0.492463
vt 0.358546 0.527035
vt 0.410915 0.472014
vt 0.409948 0.449921
vt 0.431734 0.448967
vt 0.432701 0.471061
vt 0.373577 0.535198
vt 0.393945 0.531631
vt 0.395156 0.553188
vt 0.374881 0.554408
vt 0.398562 0.498680
vt 0.398536 0.520814
vt 0.372508 0.523217
vt 0.372715 0.501878
vt 0.440905 0.519941
vt 0.420562 0.520139
vt 0.420207 0.498052
vt 0.440228 0.498360
vt 0.369302 0.453210
vt 0.389579 0.450813
vt 0.390546 0.472905
vt 0.370137 0.472288
vt 0.370271 0.475355
vt 0.390980 0.472939
vt 0.391947 0.495031
vt 0.371106 0.494433
vt 0.415438 0.551609
vt 0.413863 0.529575
vt 0.435480 0.528310
vt 0.437439 0.550357
vt 0.412316 0.494141
vt 0.411349 0.472047
vt 0.433135 0.471093
vt 0.434102 0.493188
vt 0.499221 0.530977
vt 0.500055 0.550035
vt 0.496144 0.552963
vt 0.467974 0.554196
vt 0.463822 0.551621
vt 0.462988 0.532563
vt 0.466900 0.529657
vt 0.495070 0.528424
vt 0.496750 0.444427
vt 0.497671 0.465482
vt 0.493761 0.468389
vt 0.462640 0.469751
vt 0.458491 0.467196
vt 0.457569 0.446142
vt 0.461479 0.443216
vt 0.492600 0.441854
vt 0.457614 0.448344
vt 0.458536 0.469421
vt 0.459218 0.470462
vt 0.460141 0.491539
vt 0.461507 0.529237
vt 0.463577 0.550477
vt 0.441177 0.523781
vt 0.420649 0.524059
vt 0.440525 0.494496
vt 0.461344 0.496170
vt 0.460830 0.500135
vt 0.372719 0.531293
vt 0.393312 0.527807
vt 0.395220 0.557037
vt 0.374797 0.558273
vt 0.461631 0.523228
vt 0.461209 0.519386
vt 0.420244 0.494193
vt 0.413489 0.525733
vt 0.415695 0.555521
vt 0.398410 0.494801
vt 0.398577 0.524721
vt 0.437740 0.554252
vt 0.435292 0.524432
vt 0.463891 0.554375
vt 0.461448 0.525301
vt 0.372431 0.497951
vt 0.372537 0.527127
vt 0.408755 0.468430
vt 0.408254 0.443963
vt 0.432381 0.443468
vt 0.432882 0.467936
vt 0.365821 0.537372
vt 0.388447 0.533949
vt 0.389232 0.557830
vt 0.366770 0.558659
vt 0.394402 0.497614
vt 0.393805 0.522100
vt 0.364947 0.524090
vt 0.365725 0.500487
vt 0.440701 0.522225
vt 0.418190 0.521921
vt 0.418366 0.497476
vt 0.440507 0.498332
vt 0.363201 0.446556
vt 0.385696 0.444425
vt 0.386197 0.468892
vt 0.363634 0.467684
vt 0.363703 0.471081
vt 0.386677 0.468941
vt 0.387178 0.493407
vt 0.364136 0.492209
vt 0.411712 0.556605
vt 0.410535 0.532187
vt 0.434484 0.531344
vt 0.436084 0.555785
vt 0.409736 0.492946
vt 0.409235 0.468478
vt 0.433362 0.467983
vt 0.433863 0.492452
vt 0.504934 0.535935
vt 0.505366 0.557040
vt 0.500964 0.560179
vt 0.469767 0.560818
vt 0.465239 0.557862
vt 0.464807 0.536757
vt 0.469211 0.533642
vt 0.500407 0.533003
vt 0.504426 0.440118
vt 0.504904 0.463435
vt 0.500503 0.466551
vt 0.466038 0.467257
vt 0.461513 0.464324
vt 0.461036 0.441007
vt 0.465436 0.437871
vt 0.499901 0.437164
vt 0.461029 0.443445
vt 0.461507 0.466786
vt 0.462234 0.467955
vt 0.462713 0.491297
vt 0.463255 0.533039
vt 0.464999 0.556591
vt 0.440904 0.526480
vt 0.418185 0.526259
vt 0.440935 0.494064
vt 0.463925 0.496451
vt 0.463254 0.500825
vt 0.364973 0.533030
vt 0.387845 0.529702
vt 0.389204 0.562091
vt 0.366577 0.562932
vt 0.463546 0.526395
vt 0.463178 0.522133
vt 0.418506 0.493207
vt 0.410220 0.527928
vt 0.411895 0.560939
vt 0.394334 0.493318
vt 0.393749 0.526424
vt 0.436317 0.560103
vt 0.434376 0.527049
vt 0.465245 0.560911
vt 0.463290 0.528683
vt 0.365511 0.496135
vt 0.364878 0.528416
vt 0.412701 0.470546
vt 0.413152 0.448404
vt 0.434987 0.448848
vt 0.434536 0.470991
vt 0.371333 0.531299
vt 0.391918 0.529040
vt 0.391745 0.550662
vt 0.371404 0.550582
vt 0.398645 0.496405
vt 0.397200 0.518524
vt 0.371033 0.519256
vt 0.372608 0.497943
vt 0.439600 0.520369
vt 0.419256 0.519262
vt 0.420318 0.497165
vt 0.440307 0.498757
vt 0.372319 0.449084
vt 0.392738 0.447989
vt 0.392287 0.470130
vt 0.371929 0.468204
vt 0.371867 0.471279
vt 0.392719 0.470192
vt 0.392268 0.492334
vt 0.371477 0.490399
vt 0.412117 0.550385
vt 0.411955 0.528262
vt 0.433642 0.528385
vt 0.434185 0.550544
vt 0.412683 0.492750
vt 0.413133 0.470607
vt 0.434968 0.471051
vt 0.434517 0.493195
vt 0.497174 0.535139
vt 0.496786 0.554239
vt 0.492689 0.556915
vt 0.464456 0.556340
vt 0.460471 0.553500
vt 0.460860 0.534400
vt 0.464957 0.531746
vt 0.493189 0.532321
vt 0.500256 0.448481
vt 0.499826 0.469582
vt 0.495732 0.472237
vt 0.464541 0.471602
vt 0.460558 0.468782
vt 0.460988 0.447681
vt 0.465082 0.445008
vt 0.496273 0.445643
vt 0.460891 0.449885
vt 0.460461 0.471009
vt 0.461076 0.472093
vt 0.460646 0.493217
vt 0.459594 0.530981
vt 0.460301 0.552341
vt 0.439626 0.524224
vt 0.419091 0.523185
vt 0.440852 0.494914
vt 0.461551 0.497922
vt 0.460784 0.501852
vt 0.370725 0.527341
vt 0.391530 0.525177
vt 0.391562 0.554514
vt 0.371072 0.554439
vt 0.460103 0.524983
vt 0.459928 0.521116
vt 0.420603 0.493310
vt 0.411828 0.524399
vt 0.412122 0.554311
vt 0.398742 0.492518
vt 0.396990 0.522431
vt 0.434236 0.554457
vt 0.433702 0.524497
vt 0.460364 0.556257
vt 0.459787 0.527043
vt 0.372576 0.494000
vt 0.370810 0.523166
vt 0.404385 0.463517
vt 0.404256 0.435466
vt 0.431916 0.435339
vt 0.432045 0.463391
vt 0.353924 0.541747
vt 0.379917 0.538237
vt 0.380381 0.565620
vt 0.354623 0.566160
vt 0.387403 0.496702
vt 0.386273 0.524754
vt 0.353164 0.526508
vt 0.354485 0.499472
vt 0.440017 0.525751
vt 0.414223 0.524993
vt 0.414870 0.496980
vt 0.440230 0.498365
vt 0.352575 0.437618
vt 0.378394 0.435586
vt 0.378523 0.463635
vt 0.352686 0.461840
vt 0.352704 0.465735
vt 0.379072 0.463700
vt 0.379201 0.491749
vt 0.352815 0.489957
vt 0.406167 0.564625
vt 0.405263 0.536619
vt 0.432726 0.536089
vt 0.434114 0.564130
vt 0.405062 0.491631
vt 0.404934 0.463580
vt 0.432594 0.463453
vt 0.432722 0.491505
vt 0.513382 0.542634
vt 0.513493 0.566830
vt 0.508390 0.570347
vt 0.472625 0.570512
vt 0.467490 0.567041
vt 0.467379 0.542845
vt 0.472483 0.539356
vt 0.508247 0.539192
vt 0.514546 0.432812
vt 0.514669 0.459544
vt 0.509568 0.463035
vt 0.470056 0.463216
vt 0.464924 0.459772
vt 0.464801 0.433041
vt 0.469901 0.429526
vt 0.509414 0.429345
vt 0.464749 0.435834
vt 0.464872 0.462594
vt 0.465684 0.463947
vt 0.465807 0.490707
vt 0.465668 0.538557
vt 0.467238 0.565580
vt 0.440171 0.530632
vt 0.414138 0.529965
vt 0.440798 0.493481
vt 0.467102 0.496637
vt 0.466254 0.501637
vt 0.353030 0.536755
vt 0.379304 0.533358
vt 0.380271 0.570502
vt 0.354324 0.571054
vt 0.466122 0.530947
vt 0.465779 0.526055
vt 0.415108 0.492091
vt 0.404980 0.531732
vt 0.406297 0.569596
vt 0.387404 0.491778
vt 0.386130 0.529709
vt 0.434302 0.569082
vt 0.432680 0.531165
vt 0.467441 0.570535
vt 0.465788 0.533564
vt 0.354320 0.494481
vt 0.353006 0.531466
vt 0.403466 0.457851
vt 0.404451 0.426058
vt 0.435801 0.427028
vt 0.434817 0.458823
vt 0.343129 0.544472
vt 0.372727 0.541541
vt 0.372150 0.572592
vt 0.342938 0.572166
vt 0.382885 0.494774
vt 0.380473 0.526519
vt 0.342882 0.527172
vt 0.345469 0.496586
vt 0.441338 0.529814
vt 0.412139 0.527915
vt 0.414000 0.496196
vt 0.442683 0.498787
vt 0.345797 0.426414
vt 0.375138 0.425152
vt 0.374154 0.456943
vt 0.344947 0.453867
vt 0.344810 0.458282
vt 0.374773 0.457039
vt 0.373789 0.488831
vt 0.343960 0.485736
vt 0.401411 0.572503
vt 0.401516 0.540730
vt 0.432659 0.541235
vt 0.433102 0.573068
vt 0.403101 0.489739
vt 0.404085 0.457946
vt 0.435436 0.458916
vt 0.434452 0.490710
vt 0.523799 0.551903
vt 0.522950 0.579327
vt 0.517025 0.583107
vt 0.476488 0.581852
vt 0.470808 0.577713
vt 0.471658 0.550288
vt 0.477582 0.546539
vt 0.518118 0.547795
vt 0.529543 0.427495
vt 0.528605 0.457793
vt 0.522684 0.461543
vt 0.477900 0.460157
vt 0.472223 0.456047
vt 0.473161 0.425749
vt 0.479082 0.421972
vt 0.523867 0.423358
vt 0.472989 0.428913
vt 0.472050 0.459243
vt 0.472916 0.460809
vt 0.471977 0.491140
vt 0.469891 0.545359
vt 0.470581 0.576046
vt 0.441317 0.535352
vt 0.411842 0.533546
vt 0.443524 0.493276
vt 0.473206 0.497911
vt 0.472043 0.503543
vt 0.342317 0.538778
vt 0.372229 0.535988
vt 0.371829 0.578120
vt 0.342402 0.577700
vt 0.470713 0.536753
vt 0.470521 0.531197
vt 0.414467 0.490665
vt 0.401392 0.535180
vt 0.401359 0.578142
vt 0.383084 0.489194
vt 0.380112 0.532127
vt 0.433116 0.578688
vt 0.432806 0.535653
vt 0.470612 0.581670
vt 0.470228 0.539706
vt 0.345482 0.490924
vt 0.342503 0.532783
vt 0.417187 0.477522
vt 0.418116 0.458500
vt 0.436872 0.459416
vt 0.435944 0.478438
vt 0.380144 0.528730
vt 0.397893 0.527291
vt 0.397216 0.545872
vt 0.379734 0.545306
vt 0.404473 0.499404
vt 0.402690 0.518381
vt 0.380181 0.518371
vt 0.382056 0.500090
vt 0.439090 0.521004
vt 0.421631 0.519555
vt 0.423083 0.500588
vt 0.440226 0.502445
vt 0.383001 0.458087
vt 0.400579 0.457645
vt 0.399650 0.476665
vt 0.382199 0.474512
vt 0.382070 0.477153
vt 0.400020 0.476729
vt 0.399091 0.495749
vt 0.381268 0.493578
vt 0.414733 0.546132
vt 0.415135 0.527113
vt 0.433772 0.527748
vt 0.433698 0.546808
vt 0.416628 0.496606
vt 0.417557 0.477585
vt 0.436313 0.478500
vt 0.435385 0.497522
vt 0.488216 0.535106
vt 0.487415 0.551514
vt 0.483828 0.553714
vt 0.459575 0.552530
vt 0.456220 0.549991
vt 0.457021 0.533583
vt 0.460607 0.531403
vt 0.484859 0.532587
vt 0.492983 0.460695
vt 0.492098 0.478822
vt 0.488513 0.481004
vt 0.461720 0.479696
vt 0.458365 0.477175
vt 0.459250 0.459048
vt 0.462835 0.456851
vt 0.489629 0.458159
vt 0.459113 0.460941
vt 0.458227 0.479087
vt 0.458729 0.480034
vt 0.457843 0.498180
vt 0.456016 0.530614
vt 0.456101 0.548991
vt 0.439018 0.524318
vt 0.421393 0.522923
vt 0.440788 0.499155
vt 0.458506 0.502246
vt 0.457751 0.505605
vt 0.379719 0.525313
vt 0.397654 0.523962
vt 0.396965 0.549178
vt 0.379354 0.548613
vt 0.456600 0.525471
vt 0.456544 0.522143
vt 0.423422 0.497281
vt 0.415120 0.523789
vt 0.414642 0.549507
vt 0.404652 0.496066
vt 0.402414 0.521735
vt 0.433646 0.550173
vt 0.433920 0.524408
vt 0.456060 0.552358
vt 0.456278 0.527234
vt 0.382124 0.496700
vt 0.379894 0.521726
vt 0.432050 0.535734
vt 0.431967 0.520935
vt 0.446401 0.520949
vt 0.446554 0.535506
vt 0.404606 0.482583
vt 0.418121 0.483055
vt 0.418280 0.497709
vt 0.404764 0.497110
vt 0.446085 0.482289
vt 0.446069 0.467633
vt 0.463147 0.468218
vt 0.463163 0.482198
vt 0.418098 0.467260
vt 0.431604 0.467687
vt 0.431621 0.482343
vt 0.418115 0.481915
vt 0.404925 0.521184
vt 0.418375 0.521185
vt 0.418552 0.535664
vt 0.405009 0.535819
vt 0.463422 0.514923
vt 0.449683 0.515214
vt 0.449792 0.500212
vt 0.463417 0.500385
vt 0.431781 0.497120
vt 0.431621 0.482464
vt 0.446086 0.482346
vt 0.446245 0.497000
vt 0.436092 0.500493
vt 0.436116 0.515050
vt 0.421786 0.515128
vt 0.421727 0.500565
vt 0.466317 0.478714
vt 0.487768 0.478586
vt 0.490877 0.480649
vt 0.490965 0.495192
vt 0.487880 0.497292
vt 0.466429 0.497420
vt 0.463344 0.495357
vt 0.463257 0.480815
vt 0.463233 0.476873
vt 0.463150 0.462894
vt 0.465814 0.461065
vt 0.486477 0.460941
vt 0.489163 0.462738
vt 0.489247 0.476717
vt 0.486582 0.478558
vt 0.465920 0.478682
vt 0.463451 0.521028
vt 0.463674 0.535103
vt 0.404830 0.514916
vt 0.404744 0.500971
vt 0.463163 0.482232
vt 0.463315 0.496211
vt 0.432131 0.538317
vt 0.418561 0.538226
vt 0.463239 0.517856
vt 0.449628 0.517814
vt 0.449726 0.497609
vt 0.463234 0.497474
vt 0.404820 0.518241
vt 0.418357 0.518624
vt 0.404943 0.538782
vt 0.436140 0.517595
vt 0.436105 0.497933
vt 0.432003 0.518350
vt 0.421786 0.517679
vt 0.446685 0.538073
vt 0.446476 0.518393
vt 0.421701 0.498007
vt 0.463565 0.518467
vt 0.404701 0.498407
vt 0.404815 0.517476
vt 0.463858 0.537674
vt 0.404590 0.468020
vt 0.404606 0.482548
vt 0.411826 0.467571
vt 0.412453 0.442480
vt 0.437195 0.443098
vt 0.436568 0.468190
vt 0.364677 0.502890
vt 0.388098 0.499744
vt 0.388256 0.524610
vt 0.365278 0.524654
vt 0.435959 0.499479
vt 0.437308 0.474350
vt 0.466722 0.473403
vt 0.465377 0.497332
vt 0.389570 0.472054
vt 0.412448 0.473478
vt 0.411194 0.498548
vt 0.388169 0.496881
vt 0.366173 0.443036
vt 0.389319 0.441902
vt 0.388692 0.466992
vt 0.365631 0.464703
vt 0.365220 0.534713
vt 0.388782 0.534238
vt 0.388144 0.558809
vt 0.364300 0.556878
vt 0.411177 0.524331
vt 0.411177 0.499229
vt 0.435957 0.499537
vt 0.436049 0.524702
vt 0.411039 0.559681
vt 0.411849 0.534767
vt 0.436537 0.535559
vt 0.435571 0.560187
vt 0.507175 0.507778
vt 0.506634 0.529422
vt 0.501977 0.532433
vt 0.469984 0.531633
vt 0.465483 0.528393
vt 0.466024 0.506749
vt 0.470681 0.503764
vt 0.502673 0.504563
vt 0.511167 0.443024
vt 0.510569 0.466936
vt 0.505915 0.469924
vt 0.470570 0.469040
vt 0.466071 0.465824
vt 0.466669 0.441912
vt 0.471323 0.438904
vt 0.506668 0.439787
vt 0.466548 0.444409
vt 0.465950 0.468346
vt 0.466051 0.536364
vt 0.465454 0.560900
vt 0.465231 0.503151
vt 0.465380 0.527118
vt 0.389625 0.467711
vt 0.412658 0.469066
vt 0.364455 0.530302
vt 0.388298 0.529838
vt 0.387333 0.563191
vt 0.363217 0.561299
vt 0.388094 0.528951
vt 0.364985 0.529008
vt 0.366548 0.466498
vt 0.366622 0.470862
vt 0.411860 0.530239
vt 0.410759 0.564179
vt 0.411166 0.528747
vt 0.437022 0.531172
vt 0.437507 0.469953
vt 0.436029 0.529103
vt 0.435815 0.564608
vt 0.465347 0.531517
vt 0.465971 0.565376
vt 0.466806 0.531976
vt 0.466909 0.469007
vt 0.364935 0.492569

# vertex normals
vn -0.484035 -0.390782 -0.782943
vn -0.447104 -0.220911 -0.866773
vn 0.044257 -0.372195 -0.927099
vn -0.001829 -0.539250 -0.842144
vn 0.359028 0.930251 -0.075709
vn 0.415352 0.905449 0.087435
vn 0.188552 0.975269 0.115318
vn 0.211404 0.975698 -0.057634
vn -0.502939 -0.546142 -0.669911
vn -0.047858 -0.686259 -0.725781
vn 0.072898 0.780091 -0.621405
vn 0.236813 0.729630 -0.641529
vn -0.503088 -0.681292 -0.531737
vn -0.092128 -0.807798 -0.582215
vn -0.152456 0.479437 -0.864232
vn 0.197104 0.371801 -0.907146
vn -0.484394 -0.791155 -0.373410
vn -0.133071 -0.899326 -0.416540
vn -0.244768 0.311781 -0.918086
vn 0.166179 0.185223 -0.968544
vn -0.447459 -0.871478 -0.200763
vn -0.169066 -0.957191 -0.234952
vn -0.325256 0.136936 -0.935659
vn 0.129827 -0.003174 -0.991531
vn -0.393527 -0.919094 -0.020082
vn -0.198763 -0.979059 -0.044001
vn -0.393520 -0.042812 -0.918319
vn 0.088687 -0.191275 -0.977522
vn -0.324510 -0.931935 0.161836
vn -0.221043 -0.963796 0.149118
vn 0.235598 0.905722 -0.352366
vn -0.235598 -0.905722 0.352366
vn 0.559235 -0.241865 -0.792942
vn 0.523728 -0.423744 -0.739019
vn -0.032755 0.999059 0.028438
vn -0.119916 -0.974669 0.188787
vn 0.468719 -0.589840 -0.657564
vn 0.067431 0.991177 -0.114109
vn 0.396226 -0.734004 -0.551583
vn 0.396893 0.712419 -0.578735
vn 0.308859 -0.850910 -0.424922
vn 0.538113 0.335138 -0.773380
vn 0.209764 -0.936185 -0.282058
vn 0.567165 0.142111 -0.811251
vn 0.102625 -0.986401 -0.128377
vn 0.573911 -0.050919 -0.817333
vn -0.008686 -0.999495 0.030559
vn 0.592509 -0.799083 -0.101972
vn 0.452272 -0.891860 -0.005989
vn 0.779406 0.379249 -0.498695
vn 0.850829 0.193989 -0.488321
vn 0.294783 -0.951279 0.090393
vn 0.888037 0.006491 -0.459727
vn 0.125747 -0.974923 0.183611
vn 0.892084 -0.181032 -0.414021
vn -0.048506 -0.961609 0.270103
vn 0.862897 -0.361754 -0.352906
vn -0.189235 0.970450 -0.149723
vn 0.801569 -0.529002 -0.278645
vn -0.034501 0.972561 -0.230077
vn 0.710353 -0.676587 -0.193979
vn 0.510037 0.733092 -0.449931
vn -0.239056 0.897126 -0.371505
vn -0.025761 -0.928147 0.371321
vn 0.970842 -0.202828 0.127773
vn 0.907503 -0.373039 0.193079
vn -0.066883 0.924814 -0.374495
vn 0.810327 -0.529399 0.251210
vn 0.546045 0.786115 -0.289583
vn 0.682812 -0.666142 0.300038
vn 0.856198 0.492302 -0.156729
vn 0.529451 -0.778230 0.337699
vn 0.941118 0.326879 -0.086291
vn 0.355952 -0.861234 0.362732
vn 0.988013 0.153686 -0.014540
vn 0.168542 -0.911928 0.374140
vn 0.998019 -0.025064 0.057701
vn 0.747962 0.643977 0.160769
vn 0.813846 0.505231 0.287048
vn 0.420635 -0.625743 0.656896
vn 0.269717 -0.740391 0.615690
vn 0.847061 0.351207 0.398925
vn 0.108212 -0.827385 0.551112
vn 0.848668 0.184227 0.495806
vn -0.057858 -0.883168 0.465475
vn 0.818659 0.010432 0.574185
vn -0.168867 0.798670 -0.577589
vn 0.758152 -0.163748 0.631183
vn -0.021186 0.860777 -0.508541
vn 0.669376 -0.331878 0.664675
vn 0.495236 0.857315 -0.140540
vn 0.555539 -0.487790 0.673377
vn 0.447104 0.220911 0.866773
vn 0.393520 0.042812 0.918319
vn 0.002661 0.701540 -0.712625
vn 0.090404 0.797526 -0.596473
vn 0.325256 -0.136936 0.935659
vn 0.371290 0.927524 -0.042932
vn 0.244768 -0.311781 0.918086
vn 0.483634 0.793725 0.368916
vn 0.154976 -0.475247 0.866097
vn 0.503088 0.681292 0.531737
vn 0.059196 -0.621143 0.781459
vn 0.502939 0.546142 0.669911
vn -0.039070 -0.743959 0.667082
vn 0.484035 0.390782 0.782943
vn -0.136109 -0.838847 0.527076
vn -0.196350 -0.367083 0.909229
vn -0.219195 -0.535423 0.815644
vn 0.092128 0.807798 0.582215
vn 0.047858 0.686259 0.725781
vn -0.233833 -0.683989 0.691000
vn 0.001829 0.539250 0.842144
vn -0.239576 -0.806986 0.539794
vn -0.044257 0.372195 0.927099
vn 0.229370 0.631733 -0.740475
vn -0.088687 0.191275 0.977522
vn 0.238035 0.752103 -0.614557
vn -0.129827 0.003174 0.991531
vn 0.207377 0.977995 -0.022813
vn -0.166179 -0.185223 0.968544
vn 0.134068 0.901341 0.411838
vn -0.559235 0.241865 0.792942
vn -0.573911 0.050919 0.817333
vn 0.382008 0.736624 -0.558081
vn 0.047297 0.995206 -0.085607
vn -0.567165 -0.142111 0.811251
vn -0.206941 0.938004 0.278071
vn -0.539185 -0.330223 0.774747
vn -0.308859 0.850910 0.424922
vn -0.490886 -0.506212 0.709069
vn -0.396226 0.734004 0.551583
vn -0.423909 -0.663553 0.616440
vn -0.468719 0.589840 0.657564
vn -0.340703 -0.796113 0.500125
vn -0.523728 0.423744 0.739019
vn 0.450768 0.607930 -0.653628
vn -0.683046 -0.541342 0.490303
vn -0.558344 -0.688130 0.463389
vn -0.710353 0.676587 0.193979
vn -0.801569 0.529002 0.278645
vn -0.412113 -0.809173 0.418810
vn -0.862897 0.361754 0.352906
vn 0.607248 0.636539 -0.475467
vn -0.892084 0.181032 0.414021
vn 0.483934 0.755216 -0.442105
vn -0.888037 -0.006491 0.459727
vn -0.065849 0.974522 -0.214406
vn -0.850829 -0.193989 0.488321
vn -0.448228 0.893913 0.003379
vn -0.781691 -0.374542 0.498675
vn -0.592509 0.799083 0.101972
vn 0.516322 0.802988 -0.297696
vn -0.101855 0.921511 -0.374758
vn -0.988013 -0.153686 0.014540
vn -0.941118 -0.326879 0.086291
vn -0.525026 0.780840 -0.338580
vn -0.858871 -0.488179 0.154990
vn -0.682812 0.666142 -0.300038
vn -0.744213 -0.631379 0.217961
vn -0.810327 0.529399 -0.251210
vn -0.601137 -0.751120 0.272859
vn -0.907503 0.373039 -0.193079
vn -0.434859 -0.842635 0.317592
vn -0.970842 0.202828 -0.127773
vn 0.657069 0.709862 -0.253684
vn -0.998019 0.025064 -0.057701
vn -0.669376 0.331878 -0.664675
vn -0.758152 0.163748 -0.631183
vn -0.540807 -0.835663 0.095887
vn -0.402761 -0.887615 0.223437
vn -0.818659 -0.010432 -0.574185
vn 0.586870 0.808281 -0.047586
vn -0.848668 -0.184227 -0.495806
vn 0.470625 0.867024 -0.163649
vn -0.847061 -0.351207 -0.398925
vn -0.051045 0.850310 -0.523801
vn -0.813846 -0.505231 -0.287048
vn -0.416790 0.629165 -0.656077
vn -0.750056 -0.640666 -0.164207
vn -0.555539 0.487790 -0.673377
vn -0.657978 -0.752223 -0.034998
vn -0.000001 -0.375960 -0.926636
vn 0.000005 -0.190985 -0.981593
vn 0.500017 -0.165433 -0.850067
vn 0.490698 -0.350916 -0.797542
vn -0.000007 0.993641 0.112592
vn -0.000039 0.958954 0.283563
vn -0.230754 0.947158 0.222811
vn -0.150196 0.985943 0.073202
vn 0.000001 -0.547047 -0.837102
vn 0.463076 -0.523379 -0.715287
vn -0.000032 0.861620 -0.507554
vn 0.166815 0.870154 -0.463687
vn -0.000027 -0.697859 -0.716235
vn 0.418220 -0.676435 -0.606241
vn 0.000014 0.553996 -0.832520
vn 0.355665 0.572224 -0.738960
vn -0.000009 -0.822763 -0.568384
vn 0.357499 -0.804505 -0.474307
vn 0.000036 0.378411 -0.925638
vn 0.418202 0.399755 -0.815661
vn -0.000015 -0.917035 -0.398807
vn 0.283316 -0.902528 -0.324308
vn 0.000010 0.193162 -0.981167
vn 0.463088 0.216934 -0.859354
vn -0.000040 -0.976890 -0.213744
vn 0.198250 -0.966735 -0.161620
vn -0.000008 0.001053 -0.999999
vn 0.490713 0.026184 -0.870928
vn 0.000007 -0.999798 -0.020102
vn 0.105303 -0.994411 0.007603
vn 0.000007 0.981591 -0.190996
vn -0.000007 -0.981591 0.190996
vn 0.849932 0.094777 -0.518298
vn 0.866024 -0.095467 -0.490803
vn -0.399652 0.914888 0.057077
vn 0.182510 -0.979667 0.083322
vn 0.849928 -0.282228 -0.444938
vn -0.260182 0.964933 -0.034767
vn 0.802072 -0.458609 -0.382567
vn 0.289008 0.893464 -0.343797
vn 0.724326 -0.617944 -0.305773
vn 0.616076 0.621957 -0.483342
vn 0.619201 -0.754529 -0.217430
vn 0.724277 0.458250 -0.515199
vn 0.490703 -0.862918 -0.120755
vn 0.802085 0.281694 -0.526600
vn 0.343319 -0.939022 -0.019223
vn 0.836360 -0.538093 0.104680
vn 0.715051 -0.686191 0.133584
vn 0.711320 0.689929 -0.134244
vn 0.836358 0.538081 -0.104759
vn 0.566645 -0.808790 0.157389
vn 0.926183 0.370127 -0.072045
vn 0.396445 -0.901150 0.175386
vn 0.981383 0.188519 -0.036722
vn 0.210699 -0.959546 0.186754
vn 1.000000 -0.000000 -0.000005
vn -0.461452 0.870834 -0.169438
vn 0.981375 -0.188568 0.036666
vn -0.300396 0.936252 -0.182195
vn 0.926190 -0.370111 0.072044
vn 0.333634 0.925341 -0.180088
vn -0.399699 0.826701 -0.395987
vn 0.182454 -0.939440 0.290109
vn 0.866014 0.095523 0.490811
vn 0.849886 -0.094821 0.518365
vn -0.260139 0.907580 -0.329586
vn 0.802107 -0.281692 0.526569
vn 0.288930 0.957211 -0.016319
vn 0.724287 -0.458190 0.515239
vn 0.616047 0.757833 0.214884
vn 0.619231 -0.617923 0.484484
vn 0.724281 0.617983 0.305800
vn 0.490711 -0.754720 0.435431
vn 0.802086 0.458583 0.382570
vn 0.343294 -0.863318 0.369907
vn 0.849893 0.282285 0.444968
vn 0.355635 0.807597 0.470437
vn 0.418193 0.676456 0.606236
vn 0.357503 -0.567924 0.741386
vn 0.283286 -0.715088 0.639061
vn 0.463056 0.523380 0.715299
vn 0.198221 -0.835592 0.512342
vn 0.490679 0.350912 0.797555
vn 0.105331 -0.924704 0.365824
vn 0.499998 0.165436 0.850078
vn -0.230804 0.794452 -0.561762
vn 0.490668 -0.026178 0.870953
vn -0.150155 0.886589 -0.437508
vn 0.463080 -0.216940 0.859357
vn 0.166845 0.980526 0.103590
vn 0.418162 -0.399761 0.815678
vn -0.000005 0.190985 0.981593
vn 0.000008 -0.001053 0.999999
vn -0.000020 0.782683 -0.622421
vn 0.000001 0.878896 -0.477014
vn -0.000010 -0.193162 0.981167
vn 0.000038 0.989074 0.147421
vn -0.000036 -0.378411 0.925638
vn -0.000019 0.825773 0.564003
vn -0.000009 -0.549629 0.835409
vn 0.000027 0.697859 0.716235
vn -0.000037 -0.700606 0.713548
vn -0.000001 0.547047 0.837102
vn -0.000005 -0.825455 0.564468
vn 0.000001 0.375960 0.926636
vn 0.000007 -0.919319 0.393512
vn -0.357529 -0.567897 0.741395
vn -0.283290 -0.715079 0.639068
vn -0.418220 0.676435 0.606241
vn -0.463076 0.523379 0.715287
vn -0.198226 -0.835566 0.512383
vn -0.490698 0.350916 0.797542
vn -0.105353 -0.924703 0.365822
vn -0.500017 0.165433 0.850067
vn 0.230805 0.794470 -0.561736
vn -0.490713 -0.026184 0.870928
vn 0.150216 0.886577 -0.437511
vn -0.463088 -0.216934 0.859354
vn -0.166807 0.980535 0.103566
vn -0.418202 -0.399755 0.815661
vn -0.355646 0.807576 0.470464
vn -0.849932 -0.094777 0.518298
vn -0.802085 -0.281694 0.526600
vn 0.260158 0.907561 -0.329622
vn -0.289013 0.957186 -0.016307
vn -0.724277 -0.458250 0.515199
vn -0.616088 0.757802 0.214874
vn -0.619224 -0.617909 0.484510
vn -0.724326 0.617944 0.305773
vn -0.490728 -0.754703 0.435441
vn -0.802072 0.458609 0.382567
vn -0.343340 -0.863302 0.369902
vn -0.849928 0.282228 0.444938
vn -0.182456 -0.939422 0.290164
vn -0.866024 0.095467 0.490803
vn 0.399626 0.826747 -0.395966
vn -0.566633 -0.808800 0.157384
vn -0.396449 -0.901146 0.175396
vn -0.926190 0.370111 -0.072044
vn -0.981375 0.188568 -0.036666
vn -0.210697 -0.959546 0.186755
vn -1.000000 0.000000 0.000005
vn 0.461491 0.870808 -0.169470
vn -0.981383 -0.188519 0.036722
vn 0.300374 0.936256 -0.182211
vn -0.926183 -0.370127 0.072045
vn -0.333654 0.925345 -0.180030
vn -0.836358 -0.538081 0.104759
vn -0.711324 0.689921 -0.134263
vn -0.715048 -0.686196 0.133571
vn -0.836360 0.538093 -0.104680
vn 0.260151 0.964940 -0.034811
vn -0.288935 0.893484 -0.343807
vn -0.802086 -0.458583 -0.382570
vn -0.724281 -0.617983 -0.305800
vn -0.616052 0.621965 -0.483363
vn -0.619252 -0.754501 -0.217383
vn -0.724287 0.458190 -0.515239
vn -0.490753 -0.862890 -0.120753
vn -0.802107 0.281692 -0.526569
vn -0.343345 -0.939013 -0.019212
vn -0.849886 0.094821 -0.518365
vn -0.182518 -0.979665 0.083334
vn -0.866014 -0.095523 -0.490811
vn 0.399673 0.914884 0.056994
vn -0.849893 -0.282285 -0.444968
vn -0.463080 0.216940 -0.859357
vn -0.490668 0.026178 -0.870953
vn -0.198239 -0.966731 -0.161657
vn -0.105398 -0.994401 0.007623
vn -0.499998 -0.165436 -0.850078
vn 0.230731 0.947147 0.222882
vn -0.490679 -0.350912 -0.797555
vn 0.150193 0.985944 0.073187
vn -0.463056 -0.523380 -0.715299
vn -0.166838 0.870140 -0.463705
vn -0.418193 -0.676456 -0.606236
vn -0.355626 0.572248 -0.738960
vn -0.357533 -0.804468 -0.474343
vn -0.418162 0.399761 -0.815678
vn -0.283275 -0.902547 -0.324289
vn -0.084223 -0.172632 -0.981379
vn -0.000009 0.000027 -1.000000
vn 0.449439 -0.219100 -0.866026
vn 0.356825 -0.387702 -0.849920
vn 0.418063 0.857323 0.300367
vn 0.388832 0.797392 0.461493
vn 0.181448 0.898527 0.399658
vn 0.283074 0.923150 0.260123
vn -0.165250 -0.338975 -0.926169
vn 0.251008 -0.541946 -0.802054
vn 0.413199 0.847303 -0.333682
vn 0.563095 0.774213 -0.288993
vn -0.240247 -0.492753 -0.836347
vn 0.135637 -0.676009 -0.724303
vn 0.308028 0.631740 -0.711353
vn 0.627700 0.475895 -0.616050
vn -0.306362 -0.628329 -0.715084
vn 0.014921 -0.785043 -0.619261
vn 0.240274 0.492781 -0.836323
vn 0.616097 0.309487 -0.724322
vn -0.361101 -0.740623 -0.566642
vn -0.106511 -0.864772 -0.490738
vn 0.165322 0.338941 -0.926168
vn 0.581528 0.135965 -0.802084
vn -0.402382 -0.825190 -0.396421
vn -0.224235 -0.912058 -0.343320
vn 0.084142 0.172633 -0.981386
vn 0.525238 -0.042417 -0.849898
vn -0.428458 -0.878650 -0.210709
vn -0.333721 -0.924841 -0.182479
vn 0.438240 0.898858 -0.000022
vn -0.438240 -0.898858 0.000022
vn 0.848092 -0.199862 -0.490708
vn 0.778423 -0.379560 -0.499992
vn 0.029613 0.972557 0.230770
vn -0.264418 -0.958636 -0.105354
vn 0.679753 -0.545142 -0.490668
vn 0.184239 0.971347 0.150134
vn 0.555663 -0.690491 -0.463099
vn 0.672921 0.720668 -0.166778
vn 0.410741 -0.810201 -0.418171
vn 0.861762 0.361724 -0.355698
vn 0.250227 -0.899752 -0.357538
vn 0.891312 0.175276 -0.418140
vn 0.079933 -0.955674 -0.283368
vn 0.886246 -0.012641 -0.463042
vn -0.093768 -0.975654 -0.198258
vn 0.511440 -0.859319 -0.000039
vn 0.336326 -0.941746 -0.000036
vn 0.947435 0.319949 0.000013
vn 0.992010 0.126159 -0.000021
vn 0.148175 -0.988961 0.000023
vn 0.997754 -0.066987 -0.000005
vn -0.046093 -0.998937 -0.000021
vn 0.966269 -0.257534 -0.000008
vn -0.239047 -0.971008 -0.000008
vn 0.898828 -0.438301 -0.000060
vn -0.026031 0.999661 -0.000002
vn 0.797897 -0.602794 0.000013
vn 0.148074 0.988976 0.000027
vn 0.667197 -0.744881 0.000048
vn 0.713079 0.701084 -0.000005
vn 0.029580 0.972571 -0.230717
vn -0.264466 -0.958623 0.105357
vn 0.778379 -0.379567 0.500054
vn 0.679747 -0.545141 0.490678
vn 0.184254 0.971339 -0.150169
vn 0.555732 -0.690464 0.463056
vn 0.672923 0.720654 0.166831
vn 0.410702 -0.810215 0.418182
vn 0.861755 0.361729 0.355711
vn 0.250176 -0.899764 0.357543
vn 0.891287 0.175293 0.418185
vn 0.079923 -0.955685 0.283335
vn 0.886249 -0.012631 0.463037
vn -0.093776 -0.975672 0.198165
vn 0.848111 -0.199846 0.490682
vn 0.627712 0.475846 0.616075
vn 0.616136 0.309442 0.724307
vn 0.014987 -0.785064 0.619233
vn -0.106467 -0.864793 0.490712
vn 0.581477 0.135964 0.802121
vn -0.224244 -0.912070 0.343282
vn 0.525193 -0.042460 0.849923
vn -0.333739 -0.924843 0.182437
vn 0.449440 -0.219182 0.866004
vn 0.181387 0.898547 -0.399640
vn 0.356882 -0.387740 0.849878
vn 0.283052 0.923149 -0.260150
vn 0.250940 -0.541903 0.802103
vn 0.563144 0.774194 0.288950
vn 0.135544 -0.676014 0.724316
vn 0.000009 -0.000027 1.000000
vn -0.084142 -0.172633 0.981386
vn 0.388821 0.797403 -0.461483
vn 0.418079 0.857329 -0.300327
vn -0.165322 -0.338941 0.926168
vn 0.413213 0.847314 0.333637
vn -0.240274 -0.492781 0.836323
vn 0.308016 0.631735 0.711363
vn -0.306367 -0.628373 0.715043
vn 0.240247 0.492753 0.836347
vn -0.361145 -0.740579 0.566671
vn 0.165250 0.338975 0.926169
vn -0.402383 -0.825192 0.396415
vn 0.084223 0.172632 0.981379
vn -0.428431 -0.878658 0.210731
vn -0.627741 -0.471656 0.619259
vn -0.615790 -0.616471 0.490680
vn -0.135637 0.676009 0.724303
vn -0.251008 0.541946 0.802054
vn -0.580520 -0.738336 0.343302
vn -0.356825 0.387702 0.849920
vn -0.523171 -0.832454 0.182515
vn -0.449439 0.219100 0.866026
vn 0.596276 0.696231 -0.399647
vn -0.525238 0.042417 0.849898
vn 0.553078 0.791495 -0.260079
vn -0.581528 -0.135965 0.802084
vn 0.263242 0.920444 0.288941
vn -0.616097 -0.309487 0.724322
vn -0.011632 0.787636 0.616032
vn -0.848092 0.199862 0.490708
vn -0.886246 0.012641 0.463042
vn 0.651883 0.743303 -0.150162
vn 0.153461 0.973965 0.166858
vn -0.891312 -0.175276 0.418140
vn -0.245642 0.901734 0.355718
vn -0.862987 -0.356964 0.357533
vn -0.410741 0.810201 0.418171
vn -0.802222 -0.525523 0.283313
vn -0.555663 0.690491 0.463099
vn -0.711000 -0.674671 0.198235
vn -0.679753 0.545142 0.490668
vn -0.592464 -0.798676 0.105372
vn -0.778423 0.379560 0.499992
vn 0.748042 0.622245 -0.230747
vn -0.870446 -0.492264 0.000003
vn -0.758678 -0.651466 0.000028
vn -0.667197 0.744881 -0.000048
vn -0.797897 0.602794 -0.000013
vn -0.617855 -0.786292 0.000030
vn -0.898828 0.438301 0.000060
vn 0.803670 0.595075 0.000025
vn -0.966269 0.257534 0.000008
vn 0.688027 0.725685 -0.000048
vn -0.997754 0.066987 0.000005
vn 0.113246 0.993567 -0.000031
vn -0.992010 -0.126159 0.000021
vn -0.331312 0.943521 -0.000003
vn -0.949091 -0.315002 0.000018
vn -0.511440 0.859319 0.000039
vn 0.651865 0.743321 0.150153
vn 0.153423 0.973984 -0.166784
vn -0.886249 0.012631 -0.463037
vn -0.891287 -0.175293 -0.418185
vn -0.245667 0.901756 -0.355646
vn -0.863010 -0.356908 -0.357533
vn -0.410702 0.810215 -0.418182
vn -0.802193 -0.525584 -0.283281
vn -0.555732 0.690464 -0.463056
vn -0.710982 -0.674714 -0.198153
vn -0.679747 0.545141 -0.490678
vn -0.592445 -0.798693 -0.105344
vn -0.778379 0.379567 -0.500054
vn 0.748075 0.622216 0.230718
vn -0.848111 0.199846 -0.490682
vn -0.250940 0.541903 -0.802103
vn -0.356882 0.387740 -0.849878
vn -0.580540 -0.738323 -0.343295
vn -0.523164 -0.832471 -0.182462
vn -0.449440 0.219182 -0.866004
vn 0.596251 0.696266 0.399623
vn -0.525193 0.042460 -0.849923
vn 0.553056 0.791490 0.260139
vn -0.581477 -0.135964 -0.802121
vn 0.263209 0.920462 -0.288913
vn -0.616136 -0.309442 -0.724307
vn -0.011679 0.787625 -0.616044
vn -0.627734 -0.471681 -0.619247
vn -0.135544 0.676014 -0.724316
vn -0.615803 -0.616452 -0.490687
vn -0.000040 -0.192107 -0.981374
vn 0.500011 0.000029 -0.866019
vn 0.490682 -0.192081 -0.849904
vn -0.000015 0.953819 0.300383
vn -0.000001 0.887143 0.461494
vn -0.230781 0.887140 0.399653
vn -0.150152 0.953844 0.260068
vn 0.000020 -0.377108 -0.926169
vn 0.463093 -0.377086 -0.802092
vn -0.000040 0.942684 -0.333686
vn 0.166828 0.942701 -0.288935
vn 0.000046 -0.548197 -0.836349
vn 0.418213 -0.548219 -0.724261
vn 0.000012 0.702831 -0.711356
vn 0.355690 0.702825 -0.616053
vn -0.000022 -0.699075 -0.715048
vn 0.357535 -0.699064 -0.619256
vn -0.000028 0.548219 -0.836335
vn 0.418162 0.548253 -0.724265
vn -0.000046 -0.823950 -0.566663
vn 0.283307 -0.823962 -0.490738
vn -0.000040 0.377104 -0.926171
vn 0.463105 0.377070 -0.802092
vn 0.000003 -0.918067 -0.396425
vn 0.198203 -0.918051 -0.343363
vn 0.000050 0.192079 -0.981379
vn 0.490677 0.192005 -0.849924
vn 0.000011 -0.977542 -0.210741
vn 0.105318 -0.977560 -0.182440
vn -0.000050 1.000000 0.000014
vn 0.000050 -1.000000 -0.000014
vn 0.849903 0.192049 -0.490695
vn 0.866016 -0.000003 -0.500016
vn -0.399663 0.887140 0.230765
vn 0.182481 -0.977548 -0.105364
vn 0.849878 -0.192052 -0.490738
vn -0.260106 0.953828 0.150192
vn 0.802080 -0.377102 -0.463100
vn 0.288947 0.942689 -0.166874
vn 0.724325 -0.548175 -0.418160
vn 0.616025 0.702857 -0.355675
vn 0.619219 -0.699087 -0.357555
vn 0.724284 0.548238 -0.418148
vn 0.490688 -0.823996 -0.283294
vn 0.802066 0.377115 -0.463114
vn 0.343312 -0.918073 -0.198187
vn 0.836328 -0.548229 -0.000019
vn 0.715059 -0.699064 0.000029
vn 0.711358 0.702830 -0.000034
vn 0.836345 0.548203 -0.000059
vn 0.566611 -0.823986 -0.000006
vn 0.926194 0.377048 0.000008
vn 0.396426 -0.918067 -0.000037
vn 0.981372 0.192116 -0.000001
vn 0.210667 -0.977558 0.000075
vn -0.461528 0.887126 -0.000028
vn 0.981370 -0.192128 -0.000020
vn -0.300366 0.953824 -0.000014
vn 0.926189 -0.377059 -0.000003
vn 0.333659 0.942694 -0.000022
vn -0.399654 0.887155 -0.230724
vn 0.182452 -0.977559 0.105308
vn 0.866019 0.000060 0.500011
vn 0.849911 -0.192039 0.490686
vn -0.260147 0.953814 -0.150209
vn 0.802111 -0.377058 0.463082
vn 0.288935 0.942690 0.166889
vn 0.724300 -0.548182 0.418194
vn 0.616037 0.702846 0.355677
vn 0.619229 -0.699109 0.357493
vn 0.724296 0.548197 0.418181
vn 0.490690 -0.823995 0.283293
vn 0.802107 0.377057 0.463090
vn 0.343297 -0.918070 0.198230
vn 0.849901 0.192085 0.490685
vn 0.355635 0.702837 0.616071
vn 0.418157 0.548184 0.724320
vn 0.357579 -0.699045 0.619252
vn 0.283319 -0.823976 0.490707
vn 0.463068 0.377085 0.802106
vn 0.198218 -0.918063 0.343323
vn 0.490694 0.192077 0.849898
vn 0.105297 -0.977554 0.182486
vn 0.499968 -0.000029 0.866044
vn -0.230735 0.887150 -0.399657
vn 0.490733 -0.192067 0.849877
vn -0.150137 0.953827 -0.260142
vn 0.463037 -0.377090 0.802122
vn 0.166866 0.942690 0.288947
vn 0.418152 -0.548163 0.724338
vn -0.000050 -0.192079 0.981379
vn -0.000022 0.887163 -0.461457
vn -0.000036 0.953842 -0.300309
vn 0.000040 -0.377104 0.926171
vn -0.000016 0.942671 0.333722
vn 0.000028 -0.548219 0.836335
vn -0.000030 0.702839 0.711349
vn 0.000027 -0.699114 0.715010
vn -0.000046 0.548197 0.836349
vn -0.000026 -0.823983 0.566614
vn -0.000020 0.377108 0.926169
vn -0.000012 -0.918064 0.396432
vn 0.000040 0.192107 0.981374
vn 0.000039 -0.977550 0.210705
vn -0.357468 -0.699089 0.619267
vn -0.283356 -0.823978 0.490682
vn -0.418213 0.548219 0.724261
vn -0.463093 0.377086 0.802092
vn -0.198250 -0.918070 0.343285
vn -0.490682 0.192081 0.849904
vn -0.105380 -0.977547 0.182477
vn -0.500011 -0.000029 0.866019
vn 0.230710 0.887146 -0.399680
vn -0.490677 -0.192005 0.849924
vn 0.150147 0.953838 -0.260095
vn -0.463105 -0.377070 0.802092
vn -0.166874 0.942689 0.288946
vn -0.418162 -0.548253 0.724265
vn -0.355702 0.702831 0.616039
vn -0.849903 -0.192049 0.490695
vn -0.802066 -0.377115 0.463114
vn 0.260099 0.953826 -0.150213
vn -0.288891 0.942714 0.166831
vn -0.724284 -0.548238 0.418148
vn -0.616073 0.702820 0.355666
vn -0.619242 -0.699081 0.357527
vn -0.724325 0.548175 0.418160
vn -0.490706 -0.823998 0.283259
vn -0.802080 0.377102 0.463100
vn -0.343334 -0.918059 0.198216
vn -0.849878 0.192052 0.490738
vn -0.182463 -0.977550 0.105369
vn -0.866016 0.000003 0.500016
vn 0.399695 0.887135 -0.230729
vn -0.566657 -0.823954 -0.000012
vn -0.396475 -0.918046 -0.000028
vn -0.926189 0.377059 0.000003
vn -0.981370 0.192128 0.000020
vn -0.210734 -0.977543 -0.000040
vn 0.461501 0.887140 -0.000005
vn -0.981372 -0.192116 0.000001
vn 0.300331 0.953835 -0.000005
vn -0.926194 -0.377048 -0.000008
vn -0.333626 0.942706 0.000015
vn -0.836345 -0.548203 0.000059
vn -0.711352 0.702836 -0.000013
vn -0.715043 -0.699080 0.000012
vn -0.836328 0.548229 0.000019
vn 0.260119 0.953826 0.150179
vn -0.288958 0.942702 -0.166780
vn -0.802107 -0.377057 -0.463090
vn -0.724296 -0.548197 -0.418181
vn -0.616023 0.702837 -0.355719
vn -0.619260 -0.699074 -0.357510
vn -0.724300 0.548182 -0.418194
vn -0.490731 -0.823971 -0.283293
vn -0.802111 0.377058 -0.463082
vn -0.343326 -0.918072 -0.198171
vn -0.849911 0.192039 -0.490686
vn -0.182417 -0.977566 -0.105303
vn -0.866019 -0.000060 -0.500011
vn 0.399657 0.887148 0.230744
vn -0.849901 -0.192085 -0.490685
vn -0.463037 0.377090 -0.802122
vn -0.490733 0.192067 -0.849877
vn -0.198239 -0.918058 -0.343324
vn -0.105362 -0.977552 -0.182459
vn -0.499968 0.000029 -0.866044
vn 0.230718 0.887126 0.399721
vn -0.490694 -0.192077 -0.849898
vn 0.150131 0.953831 0.260129
vn -0.463068 -0.377085 -0.802106
vn -0.166838 0.942692 -0.288958
vn -0.418157 -0.548184 -0.724320
vn -0.355673 0.702879 -0.616001
vn -0.357541 -0.699083 -0.619231
vn -0.418152 0.548163 -0.724338
vn -0.283287 -0.823979 -0.490720
vn 0.000071 0.953826 0.300361
vn 0.210708 -0.977549 0.000040
vn -0.000033 -0.822809 -0.568318
vn -0.849916 -0.094864 0.518309
vn -0.000042 -0.625830 -0.779959
vn -0.000010 -0.464354 -0.885650
vn 0.499989 -0.402172 -0.766986
vn 0.490700 -0.564754 -0.663526
vn 0.000026 0.984227 -0.176909
vn 0.000017 0.999995 -0.003259
vn -0.230747 0.971282 -0.058031
vn -0.150223 0.965534 -0.212550
vn 0.000012 -0.764055 -0.645151
vn 0.463095 -0.706403 -0.535292
vn 0.000025 0.679975 -0.733235
vn 0.166839 0.700687 -0.693688
vn 0.000016 -0.873890 -0.486124
vn 0.418155 -0.821836 -0.386951
vn -0.000011 0.292168 -0.956367
vn 0.355624 0.336383 -0.871997
vn -0.000024 -0.951158 -0.308704
vn 0.357558 -0.906682 -0.223786
vn 0.000015 0.097159 -0.995269
vn 0.418204 0.149212 -0.896014
vn -0.000064 -0.992869 -0.119207
vn 0.283291 -0.957627 -0.051928
vn -0.000035 -0.096085 -0.995373
vn 0.463058 -0.038451 -0.885494
vn -0.000001 -0.997167 0.075214
vn 0.198188 -0.972515 0.122211
vn -0.000040 -0.285607 -0.958347
vn 0.490679 -0.224546 -0.841910
vn -0.000069 -0.963609 0.267316
vn 0.105346 -0.950501 0.292318
vn 0.000036 0.885664 -0.464327
vn -0.000036 -0.885664 0.464327
vn 0.849875 -0.057746 -0.523811
vn 0.866035 -0.232163 -0.442813
vn -0.399647 0.892850 -0.207611
vn 0.182502 -0.914685 0.360615
vn 0.849899 -0.397961 -0.345396
vn -0.260109 0.914492 -0.309914
vn 0.802111 -0.548960 -0.235074
vn 0.288975 0.757399 -0.585526
vn 0.724266 -0.679729 -0.115786
vn 0.616035 0.457277 -0.641404
vn 0.619277 -0.785133 0.007919
vn 0.724267 0.291340 -0.624947
vn 0.490701 -0.861312 0.131733
vn 0.802075 0.118934 -0.585261
vn 0.343310 -0.905129 0.250760
vn 0.836347 -0.485527 0.254533
vn 0.715030 -0.619146 0.324640
vn 0.711341 0.622492 -0.326339
vn 0.836336 0.485507 -0.254608
vn 0.566617 -0.729748 0.382641
vn 0.926178 0.333962 -0.175112
vn 0.396465 -0.813091 0.426262
vn 0.981387 0.170092 -0.089151
vn 0.210669 -0.865773 0.453933
vn -0.461475 0.785728 -0.411912
vn 0.981378 -0.170124 0.089185
vn -0.300399 0.844743 -0.442909
vn 0.926168 -0.333985 0.175122
vn 0.333691 0.834880 -0.437751
vn -0.399630 0.678548 -0.616334
vn 0.182451 -0.816827 0.547271
vn 0.866021 0.232200 0.442821
vn 0.849896 0.057777 0.523773
vn -0.260144 0.775011 -0.575919
vn 0.802078 -0.118963 0.585251
vn 0.288938 0.912377 -0.289971
vn 0.724288 -0.291321 0.624931
vn 0.616077 0.787604 -0.011355
vn 0.619251 -0.453147 0.641237
vn 0.724256 0.679733 0.115828
vn 0.490756 -0.598177 0.633516
vn 0.802109 0.548993 0.235007
vn 0.343305 -0.721051 0.601853
vn 0.849884 0.397992 0.345399
vn 0.355684 0.908538 0.219198
vn 0.418180 0.821855 0.386885
vn 0.357569 -0.331602 0.873032
vn 0.283271 -0.501912 0.817216
vn 0.463051 0.706418 0.535311
vn 0.198256 -0.653668 0.730351
vn 0.490648 0.564760 0.663560
vn 0.105325 -0.781031 0.615546
vn 0.500009 0.402169 0.766975
vn -0.230729 0.600112 -0.765917
vn 0.490710 0.224514 0.841901
vn -0.150186 0.723980 -0.673273
vn 0.463116 0.038535 0.885460
vn 0.166882 0.969068 -0.181816
vn 0.418192 -0.149150 0.896030
vn 0.000010 0.464354 0.885650
vn 0.000040 0.285607 0.958347
vn -0.000010 0.571407 -0.820667
vn -0.000049 0.705287 -0.708922
vn 0.000035 0.096085 0.995373
vn -0.000015 0.989838 -0.142203
vn -0.000015 -0.097159 0.995269
vn 0.000048 0.952788 0.303637
vn 0.000000 -0.287104 0.957900
vn -0.000016 0.873890 0.486124
vn 0.000001 -0.466666 0.884434
vn -0.000012 0.764055 0.645151
vn 0.000022 -0.628981 0.777421
vn 0.000042 0.625830 0.779959
vn 0.000069 -0.767914 0.640553
vn -0.357577 -0.331587 0.873034
vn -0.283304 -0.501903 0.817210
vn -0.418155 0.821836 0.386951
vn -0.463095 0.706403 0.535292
vn -0.198215 -0.653696 0.730337
vn -0.490700 0.564754 0.663526
vn -0.105351 -0.781024 0.615551
vn -0.499989 0.402172 0.766986
vn 0.230755 0.600142 -0.765886
vn -0.490679 0.224546 0.841910
vn 0.150182 0.723962 -0.673293
vn -0.463058 0.038451 0.885494
vn -0.166850 0.969077 -0.181801
vn -0.418204 -0.149212 0.896014
vn -0.355666 0.908536 0.219234
vn -0.849875 0.057746 0.523811
vn -0.802075 -0.118934 0.585261
vn 0.260080 0.775033 -0.575918
vn -0.288970 0.912366 -0.289974
vn -0.724267 -0.291340 0.624947
vn -0.616071 0.787609 -0.011360
vn -0.619197 -0.453155 0.641284
vn -0.724266 0.679729 0.115786
vn -0.490703 -0.598179 0.633555
vn -0.802070 0.549038 0.235034
vn -0.343308 -0.721036 0.601869
vn -0.849899 0.397961 0.345396
vn -0.182490 -0.816841 0.547238
vn -0.866035 0.232163 0.442813
vn 0.399670 0.678553 -0.616304
vn -0.566629 -0.729743 0.382630
vn -0.396467 -0.813084 0.426273
vn -0.926168 0.333985 -0.175122
vn -0.981378 0.170124 -0.089185
vn -0.210685 -0.865768 0.453936
vn 0.461500 0.785673 -0.411991
vn -0.981387 -0.170092 0.089151
vn 0.300368 0.844748 -0.442922
vn -0.926178 -0.333962 0.175112
vn -0.333710 0.834875 -0.437745
vn -0.836336 -0.485507 0.254608
vn -0.711332 0.622487 -0.326367
vn -0.715053 -0.619129 0.324622
vn -0.836347 0.485527 -0.254533
vn 0.260115 0.914492 -0.309910
vn -0.288979 0.757390 -0.585535
vn -0.802109 -0.548993 -0.235007
vn -0.724256 -0.679733 -0.115828
vn -0.616035 0.457364 -0.641342
vn -0.619237 -0.785163 0.007957
vn -0.724288 0.291321 -0.624931
vn -0.490690 -0.861324 0.131702
vn -0.802078 0.118963 -0.585251
vn -0.343314 -0.905129 0.250752
vn -0.849896 -0.057777 -0.523773
vn -0.182460 -0.914705 0.360588
vn -0.866021 -0.232200 -0.442821
vn 0.399630 0.892864 -0.207579
vn -0.849884 -0.397992 -0.345399
vn -0.463116 -0.038535 -0.885460
vn -0.490710 -0.224514 -0.841901
vn -0.198239 -0.972499 0.122258
vn -0.105329 -0.950504 0.292314
vn -0.500009 -0.402169 -0.766975
vn 0.230749 0.971286 -0.057958
vn -0.490648 -0.564760 -0.663560
vn 0.150165 0.965541 -0.212558
vn -0.463051 -0.706418 -0.535311
vn -0.166849 0.700762 -0.693609
vn -0.418180 -0.821855 -0.386885
vn -0.355663 0.336453 -0.871953
vn -0.357491 -0.906711 -0.223775
vn -0.418192 0.149150 -0.896030
vn -0.283318 -0.957616 -0.051990
vn -0.809283 0.586861 -0.025620
vn -0.618836 0.471799 -0.628051
vn -0.707076 0.000012 -0.707138
vn -0.005002 0.684398 -0.729091
vn 0.577329 0.577335 -0.577386
vn 0.707071 0.000032 -0.707142
vn 0.633779 0.764118 -0.120201
vn 0.544862 0.613738 0.571359
vn 0.707076 -0.000012 0.707138
vn 0.141921 0.731759 0.666624
vn -0.577361 0.577384 0.577306
vn -0.707071 -0.000032 0.707142
vn 0.707131 -0.707083 -0.000068
vn 0.577367 -0.577345 0.577339
vn 0.000041 -0.707118 0.707096
vn 0.083693 0.991573 0.098890
vn -0.721118 0.692683 -0.013392
vn -0.118266 0.992404 -0.033866
vn 0.069478 0.986828 0.146090
vn 0.010680 0.603860 0.797019
vn -0.168958 0.711278 0.682302
vn 0.086200 0.995526 0.038706
vn 0.147714 0.980067 -0.132854
vn 0.173802 0.962604 0.207813
vn 0.085373 0.993755 0.071856
vn -0.112561 0.986458 -0.119288
vn -0.861346 0.506835 0.034654
vn -0.110424 0.980247 0.164083
vn 0.677432 0.728602 0.101120
vn 0.776585 0.629891 -0.012394
vn -0.024159 0.575906 -0.817159
vn 0.037068 0.503621 -0.863129
vn -0.707147 -0.707067 -0.000035
vn -0.577329 -0.577335 0.577386
vn -0.577363 -0.577345 -0.577342
vn -0.000035 -0.707121 -0.707092
vn 0.577361 -0.577384 -0.577306
vn -0.000054 0.999863 -0.016559
vn -0.000009 -0.999990 0.004408
vn 0.999988 -0.000003 -0.004845
vn -0.995995 0.000052 -0.089414
vn 0.999744 0.000028 0.022609
vn -0.999744 -0.000028 -0.022609
vn 0.998923 0.000020 -0.046393
vn -0.997435 0.000001 0.071574
vn 0.000002 0.999990 0.004365
vn 0.330528 -0.943766 0.007512
vn -0.327948 -0.943617 -0.045137
vn -0.327939 0.943619 -0.045148
vn 0.330591 0.943616 -0.017256
vn 0.330578 -0.943621 -0.017243
vn -0.328418 -0.944504 -0.007407
vn -0.328375 0.944518 -0.007424
vn 0.330459 0.943791 0.007465
vn -0.328415 -0.944534 0.000010
vn 0.330373 -0.943850 -0.000007
vn 0.330423 0.943833 -0.000038
vn -0.328446 0.944523 -0.000008
vn 0.330274 0.943819 -0.011161
vn -0.328213 0.944196 0.027757
vn -0.328272 -0.944175 0.027756
vn 0.330299 -0.943810 -0.011165
vn 0.000006 -0.999862 -0.016620
vn -0.328329 -0.944534 -0.007442
vn 0.999923 0.012368 -0.000023
vn -0.999872 0.015990 0.000028
vn -0.000039 -0.025219 0.999682
vn -0.000032 0.048850 -0.998806
vn -0.000033 0.027329 0.999627
vn 0.000033 -0.027329 -0.999627
vn -0.000010 0.029392 0.999568
vn 0.000039 0.001234 -0.999999
vn 0.999871 0.016040 0.000001
vn -0.690304 0.019726 0.723250
vn -0.692729 0.032614 -0.720460
vn 0.692759 0.032620 -0.720431
vn 0.690159 -0.020889 0.723356
vn -0.690171 -0.020867 0.723346
vn -0.692914 -0.019783 -0.720749
vn 0.692901 -0.019774 -0.720761
vn 0.690324 0.019767 0.723230
vn -0.693018 0.000052 -0.720920
vn -0.690530 0.000044 0.723304
vn 0.690521 -0.000014 0.723312
vn 0.692961 -0.000011 -0.720975
vn 0.690301 0.032304 0.722801
vn 0.692999 0.011982 -0.720839
vn -0.692973 0.011986 -0.720864
vn -0.690296 0.032263 0.722807
vn -0.999924 0.012355 0.000039
vn -0.016554 -0.000035 -0.999863
vn 0.004397 0.000014 0.999990
vn -0.004927 -0.999988 0.000020
vn -0.089478 0.995989 -0.000019
vn 0.022645 -0.999744 0.000043
vn -0.022645 0.999744 -0.000043
vn -0.046419 -0.998922 0.000034
vn 0.071530 0.997438 -0.000041
vn 0.004400 0.000000 -0.999990
vn 0.007456 -0.330443 0.943797
vn -0.045127 0.327950 0.943617
vn -0.045140 0.327979 -0.943606
vn -0.017266 -0.330502 -0.943647
vn -0.017234 -0.330581 0.943620
vn -0.007395 0.328415 0.944504
vn -0.007462 0.328381 -0.944516
vn 0.007508 -0.330483 -0.943782
vn 0.000003 0.328382 0.944545
vn -0.000028 -0.330368 0.943852
vn -0.000022 -0.330421 -0.943834
vn 0.000004 0.328466 -0.944516
vn -0.011172 -0.330274 -0.943819
vn 0.027722 0.328213 -0.944197
vn 0.027741 0.328210 0.944197
vn -0.011160 -0.330345 0.943794
vn -0.016624 0.000025 0.999862
vn -0.003639 -0.999993 0.000046
vn -0.067148 0.997743 0.000000
vn 0.016926 -0.999857 0.000012
vn -0.016926 0.999857 -0.000012
vn -0.034795 -0.999394 0.000044
vn 0.053701 0.998557 -0.000012
vn 0.007198 -0.423259 0.905980
vn -0.043350 0.420210 0.906391
vn -0.043302 0.420207 -0.906394
vn -0.016585 -0.423287 -0.905844
vn -0.016553 -0.423348 0.905816
vn -0.007168 0.420710 0.907167
vn -0.007109 0.420725 -0.907160
vn 0.007142 -0.423225 -0.905996
vn -0.000005 0.420818 0.907145
vn -0.000001 -0.423112 0.906077
vn -0.000016 -0.423156 -0.906057
vn -0.000035 0.420787 -0.907159
vn -0.010752 -0.423013 -0.906060
vn 0.026658 0.420551 -0.906877
vn 0.026638 0.420526 0.906890
vn -0.010738 -0.422993 0.906069
vn -0.003398 -0.999994 0.000027
vn -0.062998 0.998014 -0.000011
vn 0.015854 -0.999874 0.000002
vn -0.015854 0.999874 -0.000002
vn -0.032637 -0.999467 -0.000023
vn 0.050279 0.998735 -0.000007
vn 0.007085 -0.446184 0.894913
vn -0.042752 0.443169 0.895418
vn -0.042777 0.443114 -0.895444
vn -0.016334 -0.446304 -0.894732
vn -0.016340 -0.446292 0.894738
vn -0.007027 0.443665 0.896165
vn -0.007040 0.443632 -0.896181
vn 0.007108 -0.446266 -0.894872
vn -0.000018 0.443715 0.896168
vn -0.000028 -0.446083 0.894992
vn -0.000026 -0.446112 -0.894977
vn 0.000010 0.443632 -0.896209
vn -0.010632 -0.446001 -0.894969
vn 0.026268 0.443471 -0.895904
vn 0.026321 0.443490 0.895893
vn -0.010547 -0.446000 0.894971
vn 0.999863 0.000010 -0.016542
vn -0.999990 -0.000031 0.004427
vn 0.000039 -0.999988 -0.004853
vn 0.000032 0.995991 -0.089455
vn 0.000031 -0.999743 0.022668
vn -0.000031 0.999743 -0.022668
vn -0.000039 -0.998923 -0.046392
vn -0.000000 0.997435 0.071584
vn 0.999990 -0.000031 0.004417
vn -0.943792 -0.330457 0.007478
vn -0.943617 0.327958 -0.045051
vn 0.943596 0.328006 -0.045159
vn 0.943625 -0.330566 -0.017263
vn -0.943638 -0.330527 -0.017277
vn -0.944521 0.328368 -0.007427
vn 0.944518 0.328376 -0.007460
vn 0.943780 -0.330491 0.007439
vn -0.944547 0.328378 -0.000046
vn -0.943842 -0.330396 -0.000025
vn 0.943834 -0.330419 -0.000013
vn 0.944522 0.328448 0.000043
vn 0.943796 -0.330340 -0.011172
vn 0.944178 0.328266 0.027725
vn -0.944178 0.328265 0.027734
vn -0.943811 -0.330299 -0.011132
vn -0.999862 0.000014 -0.016587
vn -0.000019 -0.999992 -0.003913
vn -0.000039 0.997395 -0.072134
vn 0.000021 -0.999834 0.018195
vn -0.000021 0.999834 -0.018195
vn 0.000036 -0.999303 -0.037340
vn -0.000008 0.998337 0.057640
vn -0.916960 -0.398913 0.007270
vn -0.917211 0.395983 -0.043843
vn 0.917214 0.395979 -0.043819
vn 0.916822 -0.398942 -0.016832
vn -0.916833 -0.398918 -0.016789
vn -0.917998 0.396519 -0.007228
vn 0.918030 0.396445 -0.007200
vn 0.916979 -0.398870 0.007294
vn -0.918015 0.396546 -0.000056
vn -0.917070 -0.398727 0.000011
vn 0.917054 -0.398762 -0.000036
vn 0.918028 0.396516 -0.000028
vn 0.917029 -0.398672 -0.010898
vn 0.917706 0.396347 0.026922
vn -0.917733 0.396281 0.026978
vn -0.917046 -0.398634 -0.010852
vn 0.000006 -0.999995 -0.003217
vn -0.000048 0.998220 -0.059640
vn 0.000022 -0.999886 0.015079
vn -0.000022 0.999886 -0.015079
vn 0.000007 -0.999522 -0.030914
vn -0.000019 0.998862 0.047697
vn -0.884867 -0.465792 0.006952
vn -0.885534 0.462642 -0.042334
vn 0.885523 0.462660 -0.042373
vn 0.884709 -0.465861 -0.016214
vn -0.884710 -0.465861 -0.016166
vn -0.886231 0.463190 -0.007025
vn 0.886214 0.463224 -0.006989
vn 0.884856 -0.465812 0.007006
vn -0.886262 0.463184 0.000026
vn -0.884956 -0.465675 0.000059
vn 0.884948 -0.465690 0.000008
vn 0.886270 0.463169 0.000027
vn 0.884958 -0.465555 -0.010403
vn 0.885970 0.463010 0.026072
vn -0.885998 0.462957 0.026032
vn -0.884942 -0.465584 -0.010473
vn -0.884866 -0.465793 0.007039
vn -0.690331 0.019760 0.723224
vn 0.690140 -0.020865 0.723375
vn -0.007113 0.443680 0.896157
vn -0.017211 -0.330512 0.943645
vn 0.997399 -0.072077 -0.000005
vn -0.999815 0.019260 -0.000034
vn -0.000009 -0.005874 0.999983
vn -0.000023 -0.107989 -0.994152
vn -0.000040 -0.056068 0.998427
vn -0.000007 0.086423 -0.996259
vn 0.999815 0.019255 0.000010
vn -0.620758 0.021433 0.783709
vn -0.618499 -0.128971 -0.775130
vn 0.618514 -0.128905 -0.775128
vn 0.619981 -0.049404 0.783060
vn -0.619975 -0.049488 0.783059
vn -0.623455 -0.021430 -0.781566
vn 0.623455 -0.021382 -0.781567
vn 0.620736 0.021437 0.783726
vn -0.623568 0.000048 -0.781769
vn -0.621035 -0.000002 0.783783
vn 0.620966 -0.000008 0.783837
vn 0.623591 0.000009 -0.781751
vn 0.620754 -0.032035 0.783351
vn 0.621642 0.079581 -0.779248
vn -0.621641 0.079577 -0.779250
vn -0.620729 -0.032040 0.783370
vn -0.997397 -0.072104 -0.000012

# Mesh
g Sphere.011_Sphere.013-0
usemtl Material.011
f 1/1/1 2/2/2 3/3/3
f 1/1/1 3/3/3 4/4/4
f 5/5/5 6/6/6 7/7/7
f 5/5/5 7/7/7 8/8/8
f 9/9/9 1/1/1 4/4/4
f 9/9/9 4/4/4 10/10/10
f 11/11/11 5/5/5 8/8/8
f 11/11/11 8/8/8 12/12/12
f 13/13/13 9/9/9 10/10/10
f 13/13/13 10/10/10 14/14/14
f 15/15/15 11/11/11 12/12/12
f 15/15/15 12/12/12 16/16/16
f 17/17/17 13/13/13 14/14/14
f 17/17/17 14/14/14 18/18/18
f 19/19/19 15/15/15 16/16/16
f 19/19/19 16/16/16 20/20/20
f 21/21/21 17/17/17 18/18/18
f 21/21/21 18/18/18 22/22/22
f 23/23/23 19/19/19 20/20/20
f 23/23/23 20/20/20 24/24/24
f 25/25/25 21/21/21 22/22/22
f 25/25/25 22/22/22 26/26/26
f 27/27/27 23/23/23 24/24/24
f 27/27/27 24/24/24 28/28/28
f 29/29/29 25/25/25 26/26/26
f 29/29/29 26/26/26 30/30/30
f 2/2/2 27/27/27 28/28/28
f 2/2/2 28/28/28 3/3/3
f 6/6/6 31/31/31 7/7/7
f 32/32/32 29/29/29 30/30/30
f 3/3/3 28/28/28 33/33/33
f 3/3/3 33/33/33 34/34/34
f 7/7/7 31/35/31 35/36/35
f 32/37/32 30/30/30 36/38/36
f 4/4/4 3/3/3 34/34/34
f 4/4/4 34/34/34 37/39/37
f 8/8/8 7/7/7 35/36/35
f 8/8/8 35/36/35 38/40/38
f 10/10/10 4/4/4 37/39/37
f 10/10/10 37/39/37 39/41/39
f 12/12/12 8/8/8 38/40/38
f 12/12/12 38/40/38 40/42/40
f 14/14/14 10/10/10 39/41/39
f 14/14/14 39/41/39 41/43/41
f 16/16/16 12/12/12 40/42/40
f 16/16/16 40/42/40 42/44/42
f 18/18/18 14/14/14 41/43/41
f 18/18/18 41/43/41 43/45/43
f 20/20/20 16/16/16 42/44/42
f 20/20/20 42/44/42 44/46/44
f 22/22/22 18/18/18 43/45/43
f 22/22/22 43/45/43 45/47/45
f 24/24/24 20/20/20 44/46/44
f 24/24/24 44/46/44 46/48/46
f 26/26/26 22/22/22 45/47/45
f 26/26/26 45/47/45 47/49/47
f 28/28/28 24/24/24 46/48/46
f 28/28/28 46/48/46 33/33/33
f 30/30/30 26/26/26 47/49/47
f 30/30/30 47/49/47 36/38/36
f 43/45/43 41/43/41 48/50/48
f 43/45/43 48/50/48 49/51/49
f 44/46/44 42/44/42 50/52/50
f 44/46/44 50/52/50 51/53/51
f 45/47/45 43/45/43 49/51/49
f 45/47/45 49/51/49 52/54/52
f 46/48/46 44/46/44 51/53/51
f 46/48/46 51/53/51 53/55/53
f 47/49/47 45/47/45 52/54/52
f 47/49/47 52/54/52 54/56/54
f 33/33/33 46/48/46 53/55/53
f 33/33/33 53/55/53 55/57/55
f 36/38/36 47/49/47 54/56/54
f 36/38/36 54/56/54 56/58/56
f 34/34/34 33/33/33 55/57/55
f 34/34/34 55/57/55 57/59/57
f 35/36/35 31/60/31 58/61/58
f 32/62/32 36/38/36 56/58/56
f 37/39/37 34/34/34 57/59/57
f 37/39/37 57/59/57 59/63/59
f 38/40/38 35/36/35 58/61/58
f 38/40/38 58/61/58 60/64/60
f 39/41/39 37/39/37 59/63/59
f 39/41/39 59/63/59 61/65/61
f 40/42/40 38/40/38 60/64/60
f 40/42/40 60/64/60 62/66/62
f 41/43/41 39/41/39 61/65/61
f 41/43/41 61/65/61 48/50/48
f 42/44/42 40/42/40 62/66/62
f 42/44/42 62/66/62 50/52/50
f 58/61/58 31/67/31 63/68/63
f 32/69/32 56/58/56 64/70/64
f 59/63/59 57/59/57 65/71/65
f 59/63/59 65/71/65 66/72/66
f 60/64/60 58/61/58 63/68/63
f 60/64/60 63/68/63 67/73/67
f 61/65/61 59/63/59 66/72/66
f 61/65/61 66/72/66 68/74/68
f 62/66/62 60/64/60 67/73/67
f 62/66/62 67/73/67 69/75/69
f 48/50/48 61/65/61 68/74/68
f 48/50/48 68/74/68 70/76/70
f 50/52/50 62/66/62 69/75/69
f 50/52/50 69/75/69 71/77/71
f 49/51/49 48/50/48 70/76/70
f 49/51/49 70/76/70 72/78/72
f 51/53/51 50/52/50 71/77/71
f 51/53/51 71/77/71 73/79/73
f 52/54/52 49/51/49 72/78/72
f 52/54/52 72/78/72 74/80/74
f 53/55/53 51/53/51 73/79/73
f 53/55/53 73/79/73 75/81/75
f 54/56/54 52/54/52 74/80/74
f 54/56/54 74/80/74 76/82/76
f 55/57/55 53/55/53 75/81/75
f 55/57/55 75/81/75 77/83/77
f 56/58/56 54/56/54 76/82/76
f 56/58/56 76/82/76 64/70/64
f 57/59/57 55/57/55 77/83/77
f 57/59/57 77/83/77 65/71/65
f 73/79/73 71/77/71 78/84/78
f 73/79/73 78/84/78 79/85/79
f 74/80/74 72/78/72 80/86/80
f 74/80/74 80/86/80 81/87/81
f 75/81/75 73/79/73 79/85/79
f 75/81/75 79/85/79 82/88/82
f 76/82/76 74/80/74 81/87/81
f 76/82/76 81/87/81 83/89/83
f 77/83/77 75/81/75 82/88/82
f 77/83/77 82/88/82 84/90/84
f 64/70/64 76/82/76 83/89/83
f 64/70/64 83/89/83 85/91/85
f 65/71/65 77/83/77 84/90/84
f 65/71/65 84/90/84 86/92/86
f 63/68/63 31/93/31 87/94/87
f 32/95/32 64/70/64 85/91/85
f 66/72/66 65/71/65 86/92/86
f 66/72/66 86/92/86 88/96/88
f 67/73/67 63/68/63 87/94/87
f 67/73/67 87/94/87 89/97/89
f 68/74/68 66/72/66 88/96/88
f 68/74/68 88/96/88 90/98/90
f 69/75/69 67/73/67 89/97/89
f 69/75/69 89/97/89 91/99/91
f 70/76/70 68/74/68 90/98/90
f 70/76/70 90/98/90 92/100/92
f 71/77/71 69/75/69 91/99/91
f 71/77/71 91/99/91 78/84/78
f 72/78/72 70/76/70 92/100/92
f 72/78/72 92/100/92 80/86/80
f 88/96/88 86/92/86 93/101/93
f 88/96/88 93/101/93 94/102/94
f 89/97/89 87/94/87 95/103/95
f 89/97/89 95/103/95 96/104/96
f 90/98/90 88/96/88 94/102/94
f 90/98/90 94/102/94 97/105/97
f 91/99/91 89/97/89 96/104/96
f 91/99/91 96/104/96 98/106/98
f 92/100/92 90/98/90 97/105/97
f 92/100/92 97/105/97 99/107/99
f 78/84/78 91/99/91 98/106/98
f 78/84/78 98/106/98 100/108/100
f 80/86/80 92/100/92 99/107/99
f 80/86/80 99/107/99 101/109/101
f 79/85/79 78/84/78 100/108/100
f 79/85/79 100/108/100 102/110/102
f 81/87/81 80/86/80 101/109/101
f 81/87/81 101/109/101 103/111/103
f 82/88/82 79/85/79 102/110/102
f 82/88/82 102/110/102 104/112/104
f 83/89/83 81/87/81 103/111/103
f 83/89/83 103/111/103 105/113/105
f 84/90/84 82/88/82 104/112/104
f 84/90/84 104/112/104 106/114/106
f 85/91/85 83/89/83 105/113/105
f 85/91/85 105/113/105 107/115/107
f 86/92/86 84/90/84 106/114/106
f 86/92/86 106/114/106 93/101/93
f 87/94/87 31/116/31 95/103/95
f 32/117/32 85/91/85 107/115/107
f 103/111/103 101/109/101 108/118/108
f 103/111/103 108/118/108 109/119/109
f 104/112/104 102/110/102 110/120/110
f 104/112/104 110/120/110 111/121/111
f 105/113/105 103/111/103 109/119/109
f 105/113/105 109/119/109 112/122/112
f 106/114/106 104/112/104 111/121/111
f 106/114/106 111/121/111 113/123/113
f 107/115/107 105/113/105 112/122/112
f 107/115/107 112/122/112 114/124/114
f 93/101/93 106/114/106 113/123/113
f 93/101/93 113/123/113 115/125/115
f 95/103/95 31/126/31 116/127/116
f 32/128/32 107/115/107 114/124/114
f 94/102/94 93/101/93 115/125/115
f 94/102/94 115/125/115 117/129/117
f 96/104/96 95/103/95 116/127/116
f 96/104/96 116/127/116 118/130/118
f 97/105/97 94/102/94 117/129/117
f 97/105/97 117/129/117 119/131/119
f 98/106/98 96/104/96 118/130/118
f 98/106/98 118/130/118 120/132/120
f 99/107/99 97/105/97 119/131/119
f 99/107/99 119/131/119 121/133/121
f 100/108/100 98/106/98 120/132/120
f 100/108/100 120/132/120 122/134/122
f 101/109/101 99/107/99 121/133/121
f 101/109/101 121/133/121 108/118/108
f 102/110/102 100/108/100 122/134/122
f 102/110/102 122/134/122 110/120/110
f 119/131/119 117/129/117 123/135/123
f 119/131/119 123/135/123 124/136/124
f 120/132/120 118/130/118 125/137/125
f 120/132/120 125/137/125 126/138/126
f 121/133/121 119/131/119 124/136/124
f 121/133/121 124/136/124 127/139/127
f 122/134/122 120/132/120 126/138/126
f 122/134/122 126/138/126 128/140/128
f 108/118/108 121/133/121 127/139/127
f 108/118/108 127/139/127 129/141/129
f 110/120/110 122/134/122 128/140/128
f 110/120/110 128/140/128 130/142/130
f 109/119/109 108/118/108 129/141/129
f 109/119/109 129/141/129 131/143/131
f 111/121/111 110/120/110 130/142/130
f 111/121/111 130/142/130 132/144/132
f 112/122/112 109/119/109 131/143/131
f 112/122/112 131/143/131 133/145/133
f 113/123/113 111/121/111 132/144/132
f 113/123/113 132/144/132 134/146/134
f 114/124/114 112/122/112 133/145/133
f 114/124/114 133/145/133 135/147/135
f 115/125/115 113/123/113 134/146/134
f 115/125/115 134/146/134 136/148/136
f 116/127/116 31/149/31 137/150/137
f 32/151/32 114/124/114 135/147/135
f 117/129/117 115/125/115 136/148/136
f 117/129/117 136/148/136 123/135/123
f 118/130/118 116/127/116 137/150/137
f 118/130/118 137/150/137 125/137/125
f 133/145/133 131/143/131 138/152/138
f 133/145/133 138/152/138 139/153/139
f 134/146/134 132/144/132 140/154/140
f 134/146/134 140/154/140 141/155/141
f 135/147/135 133/145/133 139/153/139
f 135/147/135 139/153/139 142/156/142
f 136/148/136 134/146/134 141/155/141
f 136/148/136 141/155/141 143/157/143
f 137/150/137 31/158/31 144/159/144
f 32/160/32 135/147/135 142/156/142
f 123/135/123 136/148/136 143/157/143
f 123/135/123 143/157/143 145/161/145
f 125/137/125 137/150/137 144/159/144
f 125/137/125 144/159/144 146/162/146
f 124/136/124 123/135/123 145/161/145
f 124/136/124 145/161/145 147/163/147
f 126/138/126 125/137/125 146/162/146
f 126/138/126 146/162/146 148/164/148
f 127/139/127 124/136/124 147/163/147
f 127/139/127 147/163/147 149/165/149
f 128/140/128 126/138/126 148/164/148
f 128/140/128 148/164/148 150/166/150
f 129/141/129 127/139/127 149/165/149
f 129/141/129 149/165/149 151/167/151
f 130/142/130 128/140/128 150/166/150
f 130/142/130 150/166/150 152/168/152
f 131/143/131 129/141/129 151/167/151
f 131/143/131 151/167/151 138/152/138
f 132/144/132 130/142/130 152/168/152
f 132/144/132 152/168/152 140/154/140
f 148/169/148 146/170/146 153/171/153
f 148/169/148 153/171/153 154/172/154
f 149/173/149 147/174/147 155/175/155
f 149/173/149 155/175/155 156/176/156
f 150/177/150 148/169/148 154/172/154
f 150/177/150 154/172/154 157/178/157
f 151/179/151 149/173/149 156/176/156
f 151/179/151 156/176/156 158/180/158
f 152/181/152 150/177/150 157/178/157
f 152/181/152 157/178/157 159/182/159
f 138/183/138 151/179/151 158/180/158
f 138/183/138 158/180/158 160/184/160
f 140/185/140 152/181/152 159/182/159
f 140/185/140 159/182/159 161/186/161
f 139/187/139 138/183/138 160/184/160
f 139/187/139 160/184/160 162/188/162
f 141/189/141 140/185/140 161/186/161
f 141/189/141 161/186/161 163/190/163
f 142/191/142 139/187/139 162/188/162
f 142/191/142 162/188/162 164/192/164
f 143/193/143 141/189/141 163/190/163
f 143/193/143 163/190/163 165/194/165
f 144/195/144 31/196/31 166/197/166
f 32/198/32 142/191/142 164/192/164
f 145/199/145 143/193/143 165/194/165
f 145/199/145 165/194/165 167/200/167
f 146/170/146 144/195/144 166/197/166
f 146/170/146 166/197/166 153/171/153
f 147/174/147 145/199/145 167/200/167
f 147/174/147 167/200/167 155/175/155
f 163/190/163 161/186/161 168/201/168
f 163/190/163 168/201/168 169/202/169
f 164/192/164 162/188/162 170/203/170
f 164/192/164 170/203/170 171/204/171
f 165/194/165 163/190/163 169/202/169
f 165/194/165 169/202/169 172/205/172
f 166/197/166 31/206/31 173/207/173
f 32/208/32 164/192/164 171/204/171
f 167/200/167 165/194/165 172/205/172
f 167/200/167 172/205/172 174/209/174
f 153/171/153 166/197/166 173/207/173
f 153/171/153 173/207/173 175/210/175
f 155/175/155 167/200/167 174/209/174
f 155/175/155 174/209/174 176/211/176
f 154/172/154 153/171/153 175/210/175
f 154/172/154 175/210/175 177/212/177
f 156/176/156 155/175/155 176/211/176
f 156/176/156 176/211/176 178/213/178
f 157/178/157 154/172/154 177/212/177
f 157/178/157 177/212/177 179/214/179
f 158/180/158 156/176/156 178/213/178
f 158/180/158 178/213/178 180/215/180
f 159/182/159 157/178/157 179/214/179
f 159/182/159 179/214/179 181/216/181
f 160/184/160 158/180/158 180/215/180
f 160/184/160 180/215/180 182/217/182
f 161/186/161 159/182/159 181/216/181
f 161/186/161 181/216/181 168/201/168
f 162/188/162 160/184/160 182/217/182
f 162/188/162 182/217/182 170/203/170
f 178/213/178 176/211/176 9/9/9
f 178/213/178 9/9/9 13/13/13
f 179/214/179 177/212/177 11/11/11
f 179/214/179 11/11/11 15/15/15
f 180/215/180 178/213/178 13/13/13
f 180/215/180 13/13/13 17/17/17
f 181/216/181 179/214/179 15/15/15
f 181/216/181 15/15/15 19/19/19
f 182/217/182 180/215/180 17/17/17
f 182/217/182 17/17/17 21/21/21
f 168/201/168 181/216/181 19/19/19
f 168/201/168 19/19/19 23/23/23
f 170/203/170 182/217/182 21/21/21
f 170/203/170 21/21/21 25/25/25
f 169/202/169 168/201/168 23/23/23
f 169/202/169 23/23/23 27/27/27
f 171/204/171 170/203/170 25/25/25
f 171/204/171 25/25/25 29/29/29
f 172/205/172 169/202/169 27/27/27
f 172/205/172 27/27/27 2/2/2
f 173/207/173 31/218/31 6/6/6
f 32/219/32 171/204/171 29/29/29
f 174/209/174 172/205/172 2/2/2
f 174/209/174 2/2/2 1/1/1
f 175/210/175 173/207/173 6/6/6
f 175/210/175 6/6/6 5/5/5
f 176/211/176 174/209/174 1/1/1
f 176/211/176 1/1/1 9/9/9
f 177/212/177 175/210/175 5/5/5
f 177/212/177 5/5/5 11/11/11
f 183/1/183 184/2/184 185/3/185
f 183/1/183 185/3/185 186/4/186
f 187/5/187 188/6/188 189/7/189
f 187/5/187 189/7/189 190/8/190
f 191/9/191 183/1/183 186/4/186
f 191/9/191 186/4/186 192/10/192
f 193/11/193 187/5/187 190/8/190
f 193/11/193 190/8/190 194/12/194
f 195/13/195 191/9/191 192/10/192
f 195/13/195 192/10/192 196/14/196
f 197/15/197 193/11/193 194/12/194
f 197/15/197 194/12/194 198/16/198
f 199/17/199 195/13/195 196/14/196
f 199/17/199 196/14/196 200/18/200
f 201/19/201 197/15/197 198/16/198
f 201/19/201 198/16/198 202/20/202
f 203/21/203 199/17/199 200/18/200
f 203/21/203 200/18/200 204/22/204
f 205/23/205 201/19/201 202/20/202
f 205/23/205 202/20/202 206/24/206
f 207/25/207 203/21/203 204/22/204
f 207/25/207 204/22/204 208/26/208
f 209/27/209 205/23/205 206/24/206
f 209/27/209 206/24/206 210/28/210
f 211/29/211 207/25/207 208/26/208
f 211/29/211 208/26/208 212/30/212
f 184/2/184 209/27/209 210/28/210
f 184/2/184 210/28/210 185/3/185
f 188/6/188 213/31/213 189/7/189
f 214/32/214 211/29/211 212/30/212
f 185/3/185 210/28/210 215/33/215
f 185/3/185 215/33/215 216/34/216
f 189/7/189 213/35/213 217/36/217
f 214/37/214 212/30/212 218/38/218
f 186/4/186 185/3/185 216/34/216
f 186/4/186 216/34/216 219/39/219
f 190/8/190 189/7/189 217/36/217
f 190/8/190 217/36/217 220/40/220
f 192/10/192 186/4/186 219/39/219
f 192/10/192 219/39/219 221/41/221
f 194/12/194 190/8/190 220/40/220
f 194/12/194 220/40/220 222/42/222
f 196/14/196 192/10/192 221/41/221
f 196/14/196 221/41/221 223/43/223
f 198/16/198 194/12/194 222/42/222
f 198/16/198 222/42/222 224/44/224
f 200/18/200 196/14/196 223/43/223
f 200/18/200 223/43/223 225/45/225
f 202/20/202 198/16/198 224/44/224
f 202/20/202 224/44/224 226/46/226
f 204/22/204 200/18/200 225/45/225
f 204/22/204 225/45/225 227/47/227
f 206/24/206 202/20/202 226/46/226
f 206/24/206 226/46/226 228/48/228
f 208/26/208 204/22/204 227/47/227
f 208/26/208 227/47/227 229/49/229
f 210/28/210 206/24/206 228/48/228
f 210/28/210 228/48/228 215/33/215
f 212/30/212 208/26/208 229/49/229
f 212/30/212 229/49/229 218/38/218
f 225/45/225 223/43/223 230/50/230
f 225/45/225 230/50/230 231/51/231
f 226/46/226 224/44/224 232/52/232
f 226/46/226 232/52/232 233/53/233
f 227/47/227 225/45/225 231/51/231
f 227/47/227 231/51/231 234/54/234
f 228/48/228 226/46/226 233/53/233
f 228/48/228 233/53/233 235/55/235
f 229/49/229 227/47/227 234/54/234
f 229/49/229 234/54/234 236/56/236
f 215/33/215 228/48/228 235/55/235
f 215/33/215 235/55/235 237/57/237
f 218/38/218 229/49/229 236/56/236
f 218/38/218 236/56/236 238/58/238
f 216/34/216 215/33/215 237/57/237
f 216/34/216 237/57/237 239/59/239
f 217/36/217 213/60/213 240/61/240
f 214/62/214 218/38/218 238/58/238
f 219/39/219 216/34/216 239/59/239
f 219/39/219 239/59/239 241/63/241
f 220/40/220 217/36/217 240/61/240
f 220/40/220 240/61/240 242/64/242
f 221/41/221 219/39/219 241/63/241
f 221/41/221 241/63/241 243/65/243
f 222/42/222 220/40/220 242/64/242
f 222/42/222 242/64/242 244/66/244
f 223/43/223 221/41/221 243/65/243
f 223/43/223 243/65/243 230/50/230
f 224/44/224 222/42/222 244/66/244
f 224/44/224 244/66/244 232/52/232
f 240/61/240 213/67/213 245/68/245
f 214/69/214 238/58/238 246/70/246
f 241/63/241 239/59/239 247/71/247
f 241/63/241 247/71/247 248/72/248
f 242/64/242 240/61/240 245/68/245
f 242/64/242 245/68/245 249/73/249
f 243/65/243 241/63/241 248/72/248
f 243/65/243 248/72/248 250/74/250
f 244/66/244 242/64/242 249/73/249
f 244/66/244 249/73/249 251/75/251
f 230/50/230 243/65/243 250/74/250
f 230/50/230 250/74/250 252/76/252
f 232/52/232 244/66/244 251/75/251
f 232/52/232 251/75/251 253/77/253
f 231/51/231 230/50/230 252/76/252
f 231/51/231 252/76/252 254/78/254
f 233/53/233 232/52/232 253/77/253
f 233/53/233 253/77/253 255/79/255
f 234/54/234 231/51/231 254/78/254
f 234/54/234 254/78/254 256/80/256
f 235/55/235 233/53/233 255/79/255
f 235/55/235 255/79/255 257/81/257
f 236/56/236 234/54/234 256/80/256
f 236/56/236 256/80/256 258/82/258
f 237/57/237 235/55/235 257/81/257
f 237/57/237 257/81/257 259/83/259
f 238/58/238 236/56/236 258/82/258
f 238/58/238 258/82/258 246/70/246
f 239/59/239 237/57/237 259/83/259
f 239/59/239 259/83/259 247/71/247
f 255/79/255 253/77/253 260/84/260
f 255/79/255 260/84/260 261/85/261
f 256/80/256 254/78/254 262/86/262
f 256/80/256 262/86/262 263/87/263
f 257/81/257 255/79/255 261/85/261
f 257/81/257 261/85/261 264/88/264
f 258/82/258 256/80/256 263/87/263
f 258/82/258 263/87/263 265/89/265
f 259/83/259 257/81/257 264/88/264
f 259/83/259 264/88/264 266/90/266
f 246/70/246 258/82/258 265/89/265
f 246/70/246 265/89/265 267/91/267
f 247/71/247 259/83/259 266/90/266
f 247/71/247 266/90/266 268/92/268
f 245/68/245 213/93/213 269/94/269
f 214/95/214 246/70/246 267/91/267
f 248/72/248 247/71/247 268/92/268
f 248/72/248 268/92/268 270/96/270
f 249/73/249 245/68/245 269/94/269
f 249/73/249 269/94/269 271/97/271
f 250/74/250 248/72/248 270/96/270
f 250/74/250 270/96/270 272/98/272
f 251/75/251 249/73/249 271/97/271
f 251/75/251 271/97/271 273/99/273
f 252/76/252 250/74/250 272/98/272
f 252/76/252 272/98/272 274/100/274
f 253/77/253 251/75/251 273/99/273
f 253/77/253 273/99/273 260/84/260
f 254/78/254 252/76/252 274/100/274
f 254/78/254 274/100/274 262/86/262
f 270/96/270 268/92/268 275/101/275
f 270/96/270 275/101/275 276/102/276
f 271/97/271 269/94/269 277/103/277
f 271/97/271 277/103/277 278/104/278
f 272/98/272 270/96/270 276/102/276
f 272/98/272 276/102/276 279/105/279
f 273/99/273 271/97/271 278/104/278
f 273/99/273 278/104/278 280/106/280
f 274/100/274 272/98/272 279/105/279
f 274/100/274 279/105/279 281/107/281
f 260/84/260 273/99/273 280/106/280
f 260/84/260 280/106/280 282/108/282
f 262/86/262 274/100/274 281/107/281
f 262/86/262 281/107/281 283/109/283
f 261/85/261 260/84/260 282/108/282
f 261/85/261 282/108/282 284/110/284
f 263/87/263 262/86/262 283/109/283
f 263/87/263 283/109/283 285/111/285
f 264/88/264 261/85/261 284/110/284
f 264/88/264 284/110/284 286/112/286
f 265/89/265 263/87/263 285/111/285
f 265/89/265 285/111/285 287/113/287
f 266/90/266 264/88/264 286/112/286
f 266/90/266 286/112/286 288/114/288
f 267/91/267 265/89/265 287/113/287
f 267/91/267 287/113/287 289/115/289
f 268/92/268 266/90/266 288/114/288
f 268/92/268 288/114/288 275/101/275
f 269/94/269 213/116/213 277/103/277
f 214/117/214 267/91/267 289/115/289
f 285/111/285 283/109/283 290/118/290
f 285/111/285 290/118/290 291/119/291
f 286/112/286 284/110/284 292/120/292
f 286/112/286 292/120/292 293/121/293
f 287/113/287 285/111/285 291/119/291
f 287/113/287 291/119/291 294/122/294
f 288/114/288 286/112/286 293/121/293
f 288/114/288 293/121/293 295/123/295
f 289/115/289 287/113/287 294/122/294
f 289/115/289 294/122/294 296/124/296
f 275/101/275 288/114/288 295/123/295
f 275/101/275 295/123/295 297/125/297
f 277/103/277 213/126/213 298/127/298
f 214/128/214 289/115/289 296/124/296
f 276/102/276 275/101/275 297/125/297
f 276/102/276 297/125/297 299/129/299
f 278/104/278 277/103/277 298/127/298
f 278/104/278 298/127/298 300/130/300
f 279/105/279 276/102/276 299/129/299
f 279/105/279 299/129/299 301/131/301
f 280/106/280 278/104/278 300/130/300
f 280/106/280 300/130/300 302/132/302
f 281/107/281 279/105/279 301/131/301
f 281/107/281 301/131/301 303/133/303
f 282/108/282 280/106/280 302/132/302
f 282/108/282 302/132/302 304/134/304
f 283/109/283 281/107/281 303/133/303
f 283/109/283 303/133/303 290/118/290
f 284/110/284 282/108/282 304/134/304
f 284/110/284 304/134/304 292/120/292
f 301/131/301 299/129/299 305/135/305
f 301/131/301 305/135/305 306/136/306
f 302/132/302 300/130/300 307/137/307
f 302/132/302 307/137/307 308/138/308
f 303/133/303 301/131/301 306/136/306
f 303/133/303 306/136/306 309/139/309
f 304/134/304 302/132/302 308/138/308
f 304/134/304 308/138/308 310/140/310
f 290/118/290 303/133/303 309/139/309
f 290/118/290 309/139/309 311/141/311
f 292/120/292 304/134/304 310/140/310
f 292/120/292 310/140/310 312/142/312
f 291/119/291 290/118/290 311/141/311
f 291/119/291 311/141/311 313/143/313
f 293/121/293 292/120/292 312/142/312
f 293/121/293 312/142/312 314/144/314
f 294/122/294 291/119/291 313/143/313
f 294/122/294 313/143/313 315/145/315
f 295/123/295 293/121/293 314/144/314
f 295/123/295 314/144/314 316/146/316
f 296/124/296 294/122/294 315/145/315
f 296/124/296 315/145/315 317/147/317
f 297/125/297 295/123/295 316/146/316
f 297/125/297 316/146/316 318/148/318
f 298/127/298 213/149/213 319/150/319
f 214/151/214 296/124/296 317/147/317
f 299/129/299 297/125/297 318/148/318
f 299/129/299 318/148/318 305/135/305
f 300/130/300 298/127/298 319/150/319
f 300/130/300 319/150/319 307/137/307
f 315/145/315 313/143/313 320/152/320
f 315/145/315 320/152/320 321/153/321
f 316/146/316 314/144/314 322/154/322
f 316/146/316 322/154/322 323/155/323
f 317/147/317 315/145/315 321/153/321
f 317/147/317 321/153/321 324/156/324
f 318/148/318 316/146/316 323/155/323
f 318/148/318 323/155/323 325/157/325
f 319/150/319 213/158/213 326/159/326
f 214/160/214 317/147/317 324/156/324
f 305/135/305 318/148/318 325/157/325
f 305/135/305 325/157/325 327/161/327
f 307/137/307 319/150/319 326/159/326
f 307/137/307 326/159/326 328/162/328
f 306/136/306 305/135/305 327/161/327
f 306/136/306 327/161/327 329/163/329
f 308/138/308 307/137/307 328/162/328
f 308/138/308 328/162/328 330/164/330
f 309/139/309 306/136/306 329/163/329
f 309/139/309 329/163/329 331/165/331
f 310/140/310 308/138/308 330/164/330
f 310/140/310 330/164/330 332/166/332
f 311/141/311 309/139/309 331/165/331
f 311/141/311 331/165/331 333/167/333
f 312/142/312 310/140/310 332/166/332
f 312/142/312 332/166/332 334/168/334
f 313/143/313 311/141/311 333/167/333
f 313/143/313 333/167/333 320/152/320
f 314/144/314 312/142/312 334/168/334
f 314/144/314 334/168/334 322/154/322
f 330/169/330 328/170/328 335/171/335
f 330/169/330 335/171/335 336/172/336
f 331/173/331 329/174/329 337/175/337
f 331/173/331 337/175/337 338/176/338
f 332/177/332 330/169/330 336/172/336
f 332/177/332 336/172/336 339/178/339
f 333/179/333 331/173/331 338/176/338
f 333/179/333 338/176/338 340/180/340
f 334/181/334 332/177/332 339/178/339
f 334/181/334 339/178/339 341/182/341
f 320/183/320 333/179/333 340/180/340
f 320/183/320 340/180/340 342/184/342
f 322/185/322 334/181/334 341/182/341
f 322/185/322 341/182/341 343/186/343
f 321/187/321 320/183/320 342/184/342
f 321/187/321 342/184/342 344/188/344
f 323/189/323 322/185/322 343/186/343
f 323/189/323 343/186/343 345/190/345
f 324/191/324 321/187/321 344/188/344
f 324/191/324 344/188/344 346/192/346
f 325/193/325 323/189/323 345/190/345
f 325/193/325 345/190/345 347/194/347
f 326/195/326 213/196/213 348/197/348
f 214/198/214 324/191/324 346/192/346
f 327/199/327 325/193/325 347/194/347
f 327/199/327 347/194/347 349/200/349
f 328/170/328 326/195/326 348/197/348
f 328/170/328 348/197/348 335/171/335
f 329/174/329 327/199/327 349/200/349
f 329/174/329 349/200/349 337/175/337
f 345/190/345 343/186/343 350/201/350
f 345/190/345 350/201/350 351/202/351
f 346/192/346 344/188/344 352/203/352
f 346/192/346 352/203/352 353/204/353
f 347/194/347 345/190/345 351/202/351
f 347/194/347 351/202/351 354/205/354
f 348/197/348 213/206/213 355/207/355
f 214/208/214 346/192/346 353/204/353
f 349/200/349 347/194/347 354/205/354
f 349/200/349 354/205/354 356/209/356
f 335/171/335 348/197/348 355/207/355
f 335/171/335 355/207/355 357/210/357
f 337/175/337 349/200/349 356/209/356
f 337/175/337 356/209/356 358/211/358
f 336/172/336 335/171/335 357/210/357
f 336/172/336 357/210/357 359/212/359
f 338/176/338 337/175/337 358/211/358
f 338/176/338 358/211/358 360/213/360
f 339/178/339 336/172/336 359/212/359
f 339/178/339 359/212/359 361/214/361
f 340/180/340 338/176/338 360/213/360
f 340/180/340 360/213/360 362/215/362
f 341/182/341 339/178/339 361/214/361
f 341/182/341 361/214/361 363/216/363
f 342/184/342 340/180/340 362/215/362
f 342/184/342 362/215/362 364/217/364
f 343/186/343 341/182/341 363/216/363
f 343/186/343 363/216/363 350/201/350
f 344/188/344 342/184/342 364/217/364
f 344/188/344 364/217/364 352/203/352
f 360/213/360 358/211/358 191/9/191
f 360/213/360 191/9/191 195/13/195
f 361/214/361 359/212/359 193/11/193
f 361/214/361 193/11/193 197/15/197
f 362/215/362 360/213/360 195/13/195
f 362/215/362 195/13/195 199/17/199
f 363/216/363 361/214/361 197/15/197
f 363/216/363 197/15/197 201/19/201
f 364/217/364 362/215/362 199/17/199
f 364/217/364 199/17/199 203/21/203
f 350/201/350 363/216/363 201/19/201
f 350/201/350 201/19/201 205/23/205
f 352/203/352 364/217/364 203/21/203
f 352/203/352 203/21/203 207/25/207
f 351/202/351 350/201/350 205/23/205
f 351/202/351 205/23/205 209/27/209
f 353/204/353 352/203/352 207/25/207
f 353/204/353 207/25/207 211/29/211
f 354/205/354 351/202/351 209/27/209
f 354/205/354 209/27/209 184/2/184
f 355/207/355 213/218/213 188/6/188
f 214/219/214 353/204/353 211/29/211
f 356/209/356 354/205/354 184/2/184
f 356/209/356 184/2/184 183/1/183
f 357/210/357 355/207/355 188/6/188
f 357/210/357 188/6/188 187/5/187
f 358/211/358 356/209/356 183/1/183
f 358/211/358 183/1/183 191/9/191
f 359/212/359 357/210/357 187/5/187
f 359/212/359 187/5/187 193/11/193
f 365/1/365 366/2/366 367/3/367
f 365/1/365 367/3/367 368/4/368
f 369/5/369 370/6/370 371/7/371
f 369/5/369 371/7/371 372/8/372
f 373/9/373 365/1/365 368/4/368
f 373/9/373 368/4/368 374/10/374
f 375/11/375 369/5/369 372/8/372
f 375/11/375 372/8/372 376/12/376
f 377/13/377 373/9/373 374/10/374
f 377/13/377 374/10/374 378/14/378
f 379/15/379 375/11/375 376/12/376
f 379/15/379 376/12/376 380/16/380
f 381/17/381 377/13/377 378/14/378
f 381/17/381 378/14/378 382/18/382
f 383/19/383 379/15/379 380/16/380
f 383/19/383 380/16/380 384/20/384
f 385/21/385 381/17/381 382/18/382
f 385/21/385 382/18/382 386/22/386
f 387/23/387 383/19/383 384/20/384
f 387/23/387 384/20/384 388/24/388
f 389/25/389 385/21/385 386/22/386
f 389/25/389 386/22/386 390/26/390
f 391/27/391 387/23/387 388/24/388
f 391/27/391 388/24/388 392/28/392
f 393/29/393 389/25/389 390/26/390
f 393/29/393 390/26/390 394/30/394
f 366/2/366 391/27/391 392/28/392
f 366/2/366 392/28/392 367/3/367
f 370/6/370 395/31/395 371/7/371
f 396/32/396 393/29/393 394/30/394
f 367/3/367 392/28/392 397/33/397
f 367/3/367 397/33/397 398/34/398
f 371/7/371 395/35/395 399/36/399
f 396/37/396 394/30/394 400/38/400
f 368/4/368 367/3/367 398/34/398
f 368/4/368 398/34/398 401/39/401
f 372/8/372 371/7/371 399/36/399
f 372/8/372 399/36/399 402/40/402
f 374/10/374 368/4/368 401/39/401
f 374/10/374 401/39/401 403/41/403
f 376/12/376 372/8/372 402/40/402
f 376/12/376 402/40/402 404/42/404
f 378/14/378 374/10/374 403/41/403
f 378/14/378 403/41/403 405/43/405
f 380/16/380 376/12/376 404/42/404
f 380/16/380 404/42/404 406/44/406
f 382/18/382 378/14/378 405/43/405
f 382/18/382 405/43/405 407/45/407
f 384/20/384 380/16/380 406/44/406
f 384/20/384 406/44/406 408/46/408
f 386/22/386 382/18/382 407/45/407
f 386/22/386 407/45/407 409/47/409
f 388/24/388 384/20/384 408/46/408
f 388/24/388 408/46/408 410/48/410
f 390/26/390 386/22/386 409/47/409
f 390/26/390 409/47/409 411/49/411
f 392/28/392 388/24/388 410/48/410
f 392/28/392 410/48/410 397/33/397
f 394/30/394 390/26/390 411/49/411
f 394/30/394 411/49/411 400/38/400
f 407/45/407 405/43/405 412/50/412
f 407/45/407 412/50/412 413/51/413
f 408/46/408 406/44/406 414/52/414
f 408/46/408 414/52/414 415/53/415
f 409/47/409 407/45/407 413/51/413
f 409/47/409 413/51/413 416/54/416
f 410/48/410 408/46/408 415/53/415
f 410/48/410 415/53/415 417/55/417
f 411/49/411 409/47/409 416/54/416
f 411/49/411 416/54/416 418/56/418
f 397/33/397 410/48/410 417/55/417
f 397/33/397 417/55/417 419/57/419
f 400/38/400 411/49/411 418/56/418
f 400/38/400 418/56/418 420/58/420
f 398/34/398 397/33/397 419/57/419
f 398/34/398 419/57/419 421/59/421
f 399/36/399 395/60/395 422/61/422
f 396/62/396 400/38/400 420/58/420
f 401/39/401 398/34/398 421/59/421
f 401/39/401 421/59/421 423/63/423
f 402/40/402 399/36/399 422/61/422
f 402/40/402 422/61/422 424/64/424
f 403/41/403 401/39/401 423/63/423
f 403/41/403 423/63/423 425/65/425
f 404/42/404 402/40/402 424/64/424
f 404/42/404 424/64/424 426/66/426
f 405/43/405 403/41/403 425/65/425
f 405/43/405 425/65/425 412/50/412
f 406/44/406 404/42/404 426/66/426
f 406/44/406 426/66/426 414/52/414
f 422/61/422 395/67/395 427/68/427
f 396/69/396 420/58/420 428/70/428
f 423/63/423 421/59/421 429/71/429
f 423/63/423 429/71/429 430/72/430
f 424/64/424 422/61/422 427/68/427
f 424/64/424 427/68/427 431/73/431
f 425/65/425 423/63/423 430/72/430
f 425/65/425 430/72/430 432/74/432
f 426/66/426 424/64/424 431/73/431
f 426/66/426 431/73/431 433/75/433
f 412/50/412 425/65/425 432/74/432
f 412/50/412 432/74/432 434/76/434
f 414/52/414 426/66/426 433/75/433
f 414/52/414 433/75/433 435/77/435
f 413/51/413 412/50/412 434/76/434
f 413/51/413 434/76/434 436/78/436
f 415/53/415 414/52/414 435/77/435
f 415/53/415 435/77/435 437/79/437
f 416/54/416 413/51/413 436/78/436
f 416/54/416 436/78/436 438/80/438
f 417/55/417 415/53/415 437/79/437
f 417/55/417 437/79/437 439/81/439
f 418/56/418 416/54/416 438/80/438
f 418/56/418 438/80/438 440/82/440
f 419/57/419 417/55/417 439/81/439
f 419/57/419 439/81/439 441/83/441
f 420/58/420 418/56/418 440/82/440
f 420/58/420 440/82/440 428/70/428
f 421/59/421 419/57/419 441/83/441
f 421/59/421 441/83/441 429/71/429
f 437/79/437 435/77/435 442/84/442
f 437/79/437 442/84/442 443/85/443
f 438/80/438 436/78/436 444/86/444
f 438/80/438 444/86/444 445/87/445
f 439/81/439 437/79/437 443/85/443
f 439/81/439 443/85/443 446/88/446
f 440/82/440 438/80/438 445/87/445
f 440/82/440 445/87/445 447/89/447
f 441/83/441 439/81/439 446/88/446
f 441/83/441 446/88/446 448/90/448
f 428/70/428 440/82/440 447/89/447
f 428/70/428 447/89/447 449/91/449
f 429/71/429 441/83/441 448/90/448
f 429/71/429 448/90/448 450/92/450
f 427/68/427 395/93/395 451/94/451
f 396/95/396 428/70/428 449/91/449
f 430/72/430 429/71/429 450/92/450
f 430/72/430 450/92/450 452/96/452
f 431/73/431 427/68/427 451/94/451
f 431/73/431 451/94/451 453/97/453
f 432/74/432 430/72/430 452/96/452
f 432/74/432 452/96/452 454/98/454
f 433/75/433 431/73/431 453/97/453
f 433/75/433 453/97/453 455/99/455
f 434/76/434 432/74/432 454/98/454
f 434/76/434 454/98/454 456/100/456
f 435/77/435 433/75/433 455/99/455
f 435/77/435 455/99/455 442/84/442
f 436/78/436 434/76/434 456/100/456
f 436/78/436 456/100/456 444/86/444
f 452/96/452 450/92/450 457/101/457
f 452/96/452 457/101/457 458/102/458
f 453/97/453 451/94/451 459/103/459
f 453/97/453 459/103/459 460/104/460
f 454/98/454 452/96/452 458/102/458
f 454/98/454 458/102/458 461/105/461
f 455/99/455 453/97/453 460/104/460
f 455/99/455 460/104/460 462/106/462
f 456/100/456 454/98/454 461/105/461
f 456/100/456 461/105/461 463/107/463
f 442/84/442 455/99/455 462/106/462
f 442/84/442 462/106/462 464/108/464
f 444/86/444 456/100/456 463/107/463
f 444/86/444 463/107/463 465/109/465
f 443/85/443 442/84/442 464/108/464
f 443/85/443 464/108/464 466/110/466
f 445/87/445 444/86/444 465/109/465
f 445/87/445 465/109/465 467/111/467
f 446/88/446 443/85/443 466/110/466
f 446/88/446 466/110/466 468/112/468
f 447/89/447 445/87/445 467/111/467
f 447/89/447 467/111/467 469/113/469
f 448/90/448 446/88/446 468/112/468
f 448/90/448 468/112/468 470/114/470
f 449/91/449 447/89/447 469/113/469
f 449/91/449 469/113/469 471/115/471
f 450/92/450 448/90/448 470/114/470
f 450/92/450 470/114/470 457/101/457
f 451/94/451 395/116/395 459/103/459
f 396/117/396 449/91/449 471/115/471
f 467/111/467 465/109/465 472/118/472
f 467/111/467 472/118/472 473/119/473
f 468/112/468 466/110/466 474/120/474
f 468/112/468 474/120/474 475/121/475
f 469/113/469 467/111/467 473/119/473
f 469/113/469 473/119/473 476/122/476
f 470/114/470 468/112/468 475/121/475
f 470/114/470 475/121/475 477/123/477
f 471/115/471 469/113/469 476/122/476
f 471/115/471 476/122/476 478/124/478
f 457/101/457 470/114/470 477/123/477
f 457/101/457 477/123/477 479/125/479
f 459/103/459 395/126/395 480/127/480
f 396/128/396 471/115/471 478/124/478
f 458/102/458 457/101/457 479/125/479
f 458/102/458 479/125/479 481/129/481
f 460/104/460 459/103/459 480/127/480
f 460/104/460 480/127/480 482/130/482
f 461/105/461 458/102/458 481/129/481
f 461/105/461 481/129/481 483/131/483
f 462/106/462 460/104/460 482/130/482
f 462/106/462 482/130/482 484/132/484
f 463/107/463 461/105/461 483/131/483
f 463/107/463 483/131/483 485/133/485
f 464/108/464 462/106/462 484/132/484
f 464/108/464 484/132/484 486/134/486
f 465/109/465 463/107/463 485/133/485
f 465/109/465 485/133/485 472/118/472
f 466/110/466 464/108/464 486/134/486
f 466/110/466 486/134/486 474/120/474
f 483/131/483 481/129/481 487/135/487
f 483/131/483 487/135/487 488/136/488
f 484/132/484 482/130/482 489/137/489
f 484/132/484 489/137/489 490/138/490
f 485/133/485 483/131/483 488/136/488
f 485/133/485 488/136/488 491/139/491
f 486/134/486 484/132/484 490/138/490
f 486/134/486 490/138/490 492/140/492
f 472/118/472 485/133/485 491/139/491
f 472/118/472 491/139/491 493/141/493
f 474/120/474 486/134/486 492/140/492
f 474/120/474 492/140/492 494/142/494
f 473/119/473 472/118/472 493/141/493
f 473/119/473 493/141/493 495/143/495
f 475/121/475 474/120/474 494/142/494
f 475/121/475 494/142/494 496/144/496
f 476/122/476 473/119/473 495/143/495
f 476/122/476 495/143/495 497/145/497
f 477/123/477 475/121/475 496/144/496
f 477/123/477 496/144/496 498/146/498
f 478/124/478 476/122/476 497/145/497
f 478/124/478 497/145/497 499/147/499
f 479/125/479 477/123/477 498/146/498
f 479/125/479 498/146/498 500/148/500
f 480/127/480 395/149/395 501/150/501
f 396/151/396 478/124/478 499/147/499
f 481/129/481 479/125/479 500/148/500
f 481/129/481 500/148/500 487/135/487
f 482/130/482 480/127/480 501/150/501
f 482/130/482 501/150/501 489/137/489
f 497/145/497 495/143/495 502/152/502
f 497/145/497 502/152/502 503/153/503
f 498/146/498 496/144/496 504/154/504
f 498/146/498 504/154/504 505/155/505
f 499/147/499 497/145/497 503/153/503
f 499/147/499 503/153/503 506/156/506
f 500/148/500 498/146/498 505/155/505
f 500/148/500 505/155/505 507/157/507
f 501/150/501 395/158/395 508/159/508
f 396/160/396 499/147/499 506/156/506
f 487/135/487 500/148/500 507/157/507
f 487/135/487 507/157/507 509/161/509
f 489/137/489 501/150/501 508/159/508
f 489/137/489 508/159/508 510/162/510
f 488/136/488 487/135/487 509/161/509
f 488/136/488 509/161/509 511/163/511
f 490/138/490 489/137/489 510/162/510
f 490/138/490 510/162/510 512/164/512
f 491/139/491 488/136/488 511/163/511
f 491/139/491 511/163/511 513/165/513
f 492/140/492 490/138/490 512/164/512
f 492/140/492 512/164/512 514/166/514
f 493/141/493 491/139/491 513/165/513
f 493/141/493 513/165/513 515/167/515
f 494/142/494 492/140/492 514/166/514
f 494/142/494 514/166/514 516/168/516
f 495/143/495 493/141/493 515/167/515
f 495/143/495 515/167/515 502/152/502
f 496/144/496 494/142/494 516/168/516
f 496/144/496 516/168/516 504/154/504
f 512/169/512 510/170/510 517/171/517
f 512/169/512 517/171/517 518/172/518
f 513/173/513 511/174/511 519/175/519
f 513/173/513 519/175/519 520/176/520
f 514/177/514 512/169/512 518/172/518
f 514/177/514 518/172/518 521/178/521
f 515/179/515 513/173/513 520/176/520
f 515/179/515 520/176/520 522/180/522
f 516/181/516 514/177/514 521/178/521
f 516/181/516 521/178/521 523/182/523
f 502/183/502 515/179/515 522/180/522
f 502/183/502 522/180/522 524/184/524
f 504/185/504 516/181/516 523/182/523
f 504/185/504 523/182/523 525/186/525
f 503/187/503 502/183/502 524/184/524
f 503/187/503 524/184/524 526/188/526
f 505/189/505 504/185/504 525/186/525
f 505/189/505 525/186/525 527/190/527
f 506/191/506 503/187/503 526/188/526
f 506/191/506 526/188/526 528/192/528
f 507/193/507 505/189/505 527/190/527
f 507/193/507 527/190/527 529/194/529
f 508/195/508 395/196/395 530/197/530
f 396/198/396 506/191/506 528/192/528
f 509/199/509 507/193/507 529/194/529
f 509/199/509 529/194/529 531/200/531
f 510/170/510 508/195/508 530/197/530
f 510/170/510 530/197/530 517/171/517
f 511/174/511 509/199/509 531/200/531
f 511/174/511 531/200/531 519/175/519
f 527/190/527 525/186/525 532/201/532
f 527/190/527 532/201/532 533/202/533
f 528/192/528 526/188/526 534/203/534
f 528/192/528 534/203/534 535/204/535
f 529/194/529 527/190/527 533/202/533
f 529/194/529 533/202/533 536/205/536
f 530/197/530 395/206/395 537/207/537
f 396/208/396 528/192/528 535/204/535
f 531/200/531 529/194/529 536/205/536
f 531/200/531 536/205/536 538/209/538
f 517/171/517 530/197/530 537/207/537
f 517/171/517 537/207/537 539/210/539
f 519/175/519 531/200/531 538/209/538
f 519/175/519 538/209/538 540/211/540
f 518/172/518 517/171/517 539/210/539
f 518/172/518 539/210/539 541/212/541
f 520/176/520 519/175/519 540/211/540
f 520/176/520 540/211/540 542/213/542
f 521/178/521 518/172/518 541/212/541
f 521/178/521 541/212/541 543/214/543
f 522/180/522 520/176/520 542/213/542
f 522/180/522 542/213/542 544/215/544
f 523/182/523 521/178/521 543/214/543
f 523/182/523 543/214/543 545/216/545
f 524/184/524 522/180/522 544/215/544
f 524/184/524 544/215/544 546/217/546
f 525/186/525 523/182/523 545/216/545
f 525/186/525 545/216/545 532/201/532
f 526/188/526 524/184/524 546/217/546
f 526/188/526 546/217/546 534/203/534
f 542/213/542 540/211/540 373/9/373
f 542/213/542 373/9/373 377/13/377
f 543/214/543 541/212/541 375/11/375
f 543/214/543 375/11/375 379/15/379
f 544/215/544 542/213/542 377/13/377
f 544/215/544 377/13/377 381/17/381
f 545/216/545 543/214/543 379/15/379
f 545/216/545 379/15/379 383/19/383
f 546/217/546 544/215/544 381/17/381
f 546/217/546 381/17/381 385/21/385
f 532/201/532 545/216/545 383/19/383
f 532/201/532 383/19/383 387/23/387
f 534/203/534 546/217/546 385/21/385
f 534/203/534 385/21/385 389/25/389
f 533/202/533 532/201/532 387/23/387
f 533/202/533 387/23/387 391/27/391
f 535/204/535 534/203/534 389/25/389
f 535/204/535 389/25/389 393/29/393
f 536/205/536 533/202/533 391/27/391
f 536/205/536 391/27/391 366/2/366
f 537/207/537 395/218/395 370/6/370
f 396/219/396 535/204/535 393/29/393
f 538/209/538 536/205/536 366/2/366
f 538/209/538 366/2/366 365/1/365
f 539/210/539 537/207/537 370/6/370
f 539/210/539 370/6/370 369/5/369
f 540/211/540 538/209/538 365/1/365
f 540/211/540 365/1/365 373/9/373
f 541/212/541 539/210/539 369/5/369
f 541/212/541 369/5/369 375/11/375
f 547/1/547 548/2/366 549/3/548
f 547/1/547 549/3/548 550/4/549
f 551/5/550 552/6/551 553/7/552
f 551/5/550 553/7/552 554/8/553
f 555/9/554 547/1/547 550/4/549
f 555/9/554 550/4/549 556/10/555
f 557/11/556 551/5/550 554/8/553
f 557/11/556 554/8/553 558/12/557
f 559/13/558 555/9/554 556/10/555
f 559/13/558 556/10/555 560/14/559
f 561/15/560 557/11/556 558/12/557
f 561/15/560 558/12/557 562/16/561
f 563/17/562 559/13/558 560/14/559
f 563/17/562 560/14/559 564/18/563
f 565/19/564 561/15/560 562/16/561
f 565/19/564 562/16/561 566/20/565
f 567/21/566 563/17/562 564/18/563
f 567/21/566 564/18/563 568/22/567
f 569/23/568 565/19/564 566/20/565
f 569/23/568 566/20/565 570/24/569
f 571/25/570 567/21/566 568/22/567
f 571/25/570 568/22/567 572/26/571
f 573/27/572 569/23/568 570/24/569
f 573/27/572 570/24/569 574/28/573
f 575/29/574 571/25/570 572/26/571
f 575/29/574 572/26/571 576/30/575
f 548/2/366 573/27/572 574/28/573
f 548/2/366 574/28/573 549/3/548
f 552/6/551 577/31/576 553/7/552
f 578/32/577 575/29/574 576/30/575
f 549/3/548 574/28/573 579/33/578
f 549/3/548 579/33/578 580/34/579
f 553/7/552 577/35/576 581/36/580
f 578/37/577 576/30/575 582/38/581
f 550/4/549 549/3/548 580/34/579
f 550/4/549 580/34/579 583/39/582
f 554/8/553 553/7/552 581/36/580
f 554/8/553 581/36/580 584/40/583
f 556/10/555 550/4/549 583/39/582
f 556/10/555 583/39/582 585/41/584
f 558/12/557 554/8/553 584/40/583
f 558/12/557 584/40/583 586/42/585
f 560/14/559 556/10/555 585/41/584
f 560/14/559 585/41/584 587/43/586
f 562/16/561 558/12/557 586/42/585
f 562/16/561 586/42/585 588/44/587
f 564/18/563 560/14/559 587/43/586
f 564/18/563 587/43/586 589/45/588
f 566/20/565 562/16/561 588/44/587
f 566/20/565 588/44/587 590/46/589
f 568/22/567 564/18/563 589/45/588
f 568/22/567 589/45/588 591/47/590
f 570/24/569 566/20/565 590/46/589
f 570/24/569 590/46/589 592/48/591
f 572/26/571 568/22/567 591/47/590
f 572/26/571 591/47/590 593/49/592
f 574/28/573 570/24/569 592/48/591
f 574/28/573 592/48/591 579/33/578
f 576/30/575 572/26/571 593/49/592
f 576/30/575 593/49/592 582/38/581
f 589/45/588 587/43/586 594/50/593
f 589/45/588 594/50/593 595/51/594
f 590/46/589 588/44/587 596/52/595
f 590/46/589 596/52/595 597/53/596
f 591/47/590 589/45/588 595/51/594
f 591/47/590 595/51/594 598/54/597
f 592/48/591 590/46/589 597/53/596
f 592/48/591 597/53/596 599/55/598
f 593/49/592 591/47/590 598/54/597
f 593/49/592 598/54/597 600/56/599
f 579/33/578 592/48/591 599/55/598
f 579/33/578 599/55/598 601/57/600
f 582/38/581 593/49/592 600/56/599
f 582/38/581 600/56/599 602/58/601
f 580/34/579 579/33/578 601/57/600
f 580/34/579 601/57/600 603/59/239
f 581/36/580 577/60/576 604/61/602
f 578/62/577 582/38/581 602/58/601
f 583/39/582 580/34/579 603/59/239
f 583/39/582 603/59/239 605/63/603
f 584/40/583 581/36/580 604/61/602
f 584/40/583 604/61/602 606/64/604
f 585/41/584 583/39/582 605/63/603
f 585/41/584 605/63/603 607/65/605
f 586/42/585 584/40/583 606/64/604
f 586/42/585 606/64/604 608/66/606
f 587/43/586 585/41/584 607/65/605
f 587/43/586 607/65/605 594/50/593
f 588/44/587 586/42/585 608/66/606
f 588/44/587 608/66/606 596/52/595
f 604/61/602 577/67/576 609/68/607
f 578/69/577 602/58/601 610/70/608
f 605/63/603 603/59/239 611/71/609
f 605/63/603 611/71/609 612/72/610
f 606/64/604 604/61/602 609/68/607
f 606/64/604 609/68/607 613/73/611
f 607/65/605 605/63/603 612/72/610
f 607/65/605 612/72/610 614/74/612
f 608/66/606 606/64/604 613/73/611
f 608/66/606 613/73/611 615/75/613
f 594/50/593 607/65/605 614/74/612
f 594/50/593 614/74/612 616/76/614
f 596/52/595 608/66/606 615/75/613
f 596/52/595 615/75/613 617/77/615
f 595/51/594 594/50/593 616/76/614
f 595/51/594 616/76/614 618/78/616
f 597/53/596 596/52/595 617/77/615
f 597/53/596 617/77/615 619/79/617
f 598/54/597 595/51/594 618/78/616
f 598/54/597 618/78/616 620/80/618
f 599/55/598 597/53/596 619/79/617
f 599/55/598 619/79/617 621/81/619
f 600/56/599 598/54/597 620/80/618
f 600/56/599 620/80/618 622/82/620
f 601/57/600 599/55/598 621/81/619
f 601/57/600 621/81/619 623/83/621
f 602/58/601 600/56/599 622/82/620
f 602/58/601 622/82/620 610/70/608
f 603/59/239 601/57/600 623/83/621
f 603/59/239 623/83/621 611/71/609
f 619/79/617 617/77/615 624/84/622
f 619/79/617 624/84/622 625/85/623
f 620/80/618 618/78/616 626/86/624
f 620/80/618 626/86/624 627/87/625
f 621/81/619 619/79/617 625/85/623
f 621/81/619 625/85/623 628/88/626
f 622/82/620 620/80/618 627/87/625
f 622/82/620 627/87/625 629/89/627
f 623/83/621 621/81/619 628/88/626
f 623/83/621 628/88/626 630/90/628
f 610/70/608 622/82/620 629/89/627
f 610/70/608 629/89/627 631/91/629
f 611/71/609 623/83/621 630/90/628
f 611/71/609 630/90/628 632/92/630
f 609/68/607 577/93/576 633/94/631
f 578/95/577 610/70/608 631/91/629
f 612/72/610 611/71/609 632/92/630
f 612/72/610 632/92/630 634/96/632
f 613/73/611 609/68/607 633/94/631
f 613/73/611 633/94/631 635/97/633
f 614/74/612 612/72/610 634/96/632
f 614/74/612 634/96/632 636/98/634
f 615/75/613 613/73/611 635/97/633
f 615/75/613 635/97/633 637/99/635
f 616/76/614 614/74/612 636/98/634
f 616/76/614 636/98/634 638/100/636
f 617/77/615 615/75/613 637/99/635
f 617/77/615 637/99/635 624/84/622
f 618/78/616 616/76/614 638/100/636
f 618/78/616 638/100/636 626/86/624
f 634/96/632 632/92/630 639/101/457
f 634/96/632 639/101/457 640/102/637
f 635/97/633 633/94/631 641/103/638
f 635/97/633 641/103/638 642/104/639
f 636/98/634 634/96/632 640/102/637
f 636/98/634 640/102/637 643/105/640
f 637/99/635 635/97/633 642/104/639
f 637/99/635 642/104/639 644/106/641
f 638/100/636 636/98/634 643/105/640
f 638/100/636 643/105/640 645/107/642
f 624/84/622 637/99/635 644/106/641
f 624/84/622 644/106/641 646/108/643
f 626/86/624 638/100/636 645/107/642
f 626/86/624 645/107/642 647/109/644
f 625/85/623 624/84/622 646/108/643
f 625/85/623 646/108/643 648/110/645
f 627/87/625 626/86/624 647/109/644
f 627/87/625 647/109/644 649/111/646
f 628/88/626 625/85/623 648/110/645
f 628/88/626 648/110/645 650/112/647
f 629/89/627 627/87/625 649/111/646
f 629/89/627 649/111/646 651/113/648
f 630/90/628 628/88/626 650/112/647
f 630/90/628 650/112/647 652/114/649
f 631/91/629 629/89/627 651/113/648
f 631/91/629 651/113/648 653/115/650
f 632/92/630 630/90/628 652/114/649
f 632/92/630 652/114/649 639/101/457
f 633/94/631 577/116/576 641/103/638
f 578/117/577 631/91/629 653/115/650
f 649/111/646 647/109/644 654/118/651
f 649/111/646 654/118/651 655/119/652
f 650/112/647 648/110/645 656/120/653
f 650/112/647 656/120/653 657/121/654
f 651/113/648 649/111/646 655/119/652
f 651/113/648 655/119/652 658/122/655
f 652/114/649 650/112/647 657/121/654
f 652/114/649 657/121/654 659/123/656
f 653/115/650 651/113/648 658/122/655
f 653/115/650 658/122/655 660/124/657
f 639/101/457 652/114/649 659/123/656
f 639/101/457 659/123/656 661/125/658
f 641/103/638 577/126/576 662/127/659
f 578/128/577 653/115/650 660/124/657
f 640/102/637 639/101/457 661/125/658
f 640/102/637 661/125/658 663/129/660
f 642/104/639 641/103/638 662/127/659
f 642/104/639 662/127/659 664/130/661
f 643/105/640 640/102/637 663/129/660
f 643/105/640 663/129/660 665/131/662
f 644/106/641 642/104/639 664/130/661
f 644/106/641 664/130/661 666/132/663
f 645/107/642 643/105/640 665/131/662
f 645/107/642 665/131/662 667/133/664
f 646/108/643 644/106/641 666/132/663
f 646/108/643 666/132/663 668/134/665
f 647/109/644 645/107/642 667/133/664
f 647/109/644 667/133/664 654/118/651
f 648/110/645 646/108/643 668/134/665
f 648/110/645 668/134/665 656/120/653
f 665/131/662 663/129/660 669/135/666
f 665/131/662 669/135/666 670/136/667
f 666/132/663 664/130/661 671/137/668
f 666/132/663 671/137/668 672/138/669
f 667/133/664 665/131/662 670/136/667
f 667/133/664 670/136/667 673/139/670
f 668/134/665 666/132/663 672/138/669
f 668/134/665 672/138/669 674/140/671
f 654/118/651 667/133/664 673/139/670
f 654/118/651 673/139/670 675/141/672
f 656/120/653 668/134/665 674/140/671
f 656/120/653 674/140/671 676/142/673
f 655/119/652 654/118/651 675/141/672
f 655/119/652 675/141/672 677/143/674
f 657/121/654 656/120/653 676/142/673
f 657/121/654 676/142/673 678/144/675
f 658/122/655 655/119/652 677/143/674
f 658/122/655 677/143/674 679/145/676
f 659/123/656 657/121/654 678/144/675
f 659/123/656 678/144/675 680/146/677
f 660/124/657 658/122/655 679/145/676
f 660/124/657 679/145/676 681/147/678
f 661/125/658 659/123/656 680/146/677
f 661/125/658 680/146/677 682/148/679
f 662/127/659 577/149/576 683/150/680
f 578/151/577 660/124/657 681/147/678
f 663/129/660 661/125/658 682/148/679
f 663/129/660 682/148/679 669/135/666
f 664/130/661 662/127/659 683/150/680
f 664/130/661 683/150/680 671/137/668
f 679/145/676 677/143/674 684/152/681
f 679/145/676 684/152/681 685/153/682
f 680/146/677 678/144/675 686/154/683
f 680/146/677 686/154/683 687/155/684
f 681/147/678 679/145/676 685/153/682
f 681/147/678 685/153/682 688/156/685
f 682/148/679 680/146/677 687/155/684
f 682/148/679 687/155/684 689/157/325
f 683/150/680 577/158/576 690/159/686
f 578/160/577 681/147/678 688/156/685
f 669/135/666 682/148/679 689/157/325
f 669/135/666 689/157/325 691/161/687
f 671/137/668 683/150/680 690/159/686
f 671/137/668 690/159/686 692/162/688
f 670/136/667 669/135/666 691/161/687
f 670/136/667 691/161/687 693/163/689
f 672/138/669 671/137/668 692/162/688
f 672/138/669 692/162/688 694/164/690
f 673/139/670 670/136/667 693/163/689
f 673/139/670 693/163/689 695/165/691
f 674/140/671 672/138/669 694/164/690
f 674/140/671 694/164/690 696/166/692
f 675/141/672 673/139/670 695/165/691
f 675/141/672 695/165/691 697/167/693
f 676/142/673 674/140/671 696/166/692
f 676/142/673 696/166/692 698/168/694
f 677/143/674 675/141/672 697/167/693
f 677/143/674 697/167/693 684/152/681
f 678/144/675 676/142/673 698/168/694
f 678/144/675 698/168/694 686/154/683
f 694/169/690 692/170/688 699/171/695
f 694/169/690 699/171/695 700/172/696
f 695/173/691 693/174/689 701/175/697
f 695/173/691 701/175/697 702/176/698
f 696/177/692 694/169/690 700/172/696
f 696/177/692 700/172/696 703/178/699
f 697/179/693 695/173/691 702/176/698
f 697/179/693 702/176/698 704/180/700
f 698/181/694 696/177/692 703/178/699
f 698/181/694 703/178/699 705/182/701
f 684/183/681 697/179/693 704/180/700
f 684/183/681 704/180/700 706/184/702
f 686/185/683 698/181/694 705/182/701
f 686/185/683 705/182/701 707/186/703
f 685/187/682 684/183/681 706/184/702
f 685/187/682 706/184/702 708/188/704
f 687/189/684 686/185/683 707/186/703
f 687/189/684 707/186/703 709/190/705
f 688/191/685 685/187/682 708/188/704
f 688/191/685 708/188/704 710/192/706
f 689/193/325 687/189/684 709/190/705
f 689/193/325 709/190/705 711/194/707
f 690/195/686 577/196/576 712/197/708
f 578/198/577 688/191/685 710/192/706
f 691/199/687 689/193/325 711/194/707
f 691/199/687 711/194/707 713/200/709
f 692/170/688 690/195/686 712/197/708
f 692/170/688 712/197/708 699/171/695
f 693/174/689 691/199/687 713/200/709
f 693/174/689 713/200/709 701/175/697
f 709/190/705 707/186/703 714/201/710
f 709/190/705 714/201/710 715/202/711
f 710/192/706 708/188/704 716/203/712
f 710/192/706 716/203/712 717/204/713
f 711/194/707 709/190/705 715/202/711
f 711/194/707 715/202/711 718/205/714
f 712/197/708 577/206/576 719/207/715
f 578/208/577 710/192/706 717/204/713
f 713/200/709 711/194/707 718/205/714
f 713/200/709 718/205/714 720/209/716
f 699/171/695 712/197/708 719/207/715
f 699/171/695 719/207/715 721/210/717
f 701/175/697 713/200/709 720/209/716
f 701/175/697 720/209/716 722/211/718
f 700/172/696 699/171/695 721/210/717
f 700/172/696 721/210/717 723/212/719
f 702/176/698 701/175/697 722/211/718
f 702/176/698 722/211/718 724/213/720
f 703/178/699 700/172/696 723/212/719
f 703/178/699 723/212/719 725/214/721
f 704/180/700 702/176/698 724/213/720
f 704/180/700 724/213/720 726/215/722
f 705/182/701 703/178/699 725/214/721
f 705/182/701 725/214/721 727/216/723
f 706/184/702 704/180/700 726/215/722
f 706/184/702 726/215/722 728/217/724
f 707/186/703 705/182/701 727/216/723
f 707/186/703 727/216/723 714/201/710
f 708/188/704 706/184/702 728/217/724
f 708/188/704 728/217/724 716/203/712
f 724/213/720 722/211/718 555/9/554
f 724/213/720 555/9/554 559/13/558
f 725/214/721 723/212/719 557/11/556
f 725/214/721 557/11/556 561/15/560
f 726/215/722 724/213/720 559/13/558
f 726/215/722 559/13/558 563/17/562
f 727/216/723 725/214/721 561/15/560
f 727/216/723 561/15/560 565/19/564
f 728/217/724 726/215/722 563/17/562
f 728/217/724 563/17/562 567/21/566
f 714/201/710 727/216/723 565/19/564
f 714/201/710 565/19/564 569/23/568
f 716/203/712 728/217/724 567/21/566
f 716/203/712 567/21/566 571/25/570
f 715/202/711 714/201/710 569/23/568
f 715/202/711 569/23/568 573/27/572
f 717/204/713 716/203/712 571/25/570
f 717/204/713 571/25/570 575/29/574
f 718/205/714 715/202/711 573/27/572
f 718/205/714 573/27/572 548/2/366
f 719/207/715 577/218/576 552/6/551
f 578/219/577 717/204/713 575/29/574
f 720/209/716 718/205/714 548/2/366
f 720/209/716 548/2/366 547/1/547
f 721/210/717 719/207/715 552/6/551
f 721/210/717 552/6/551 551/5/550
f 722/211/718 720/209/716 547/1/547
f 722/211/718 547/1/547 555/9/554
f 723/212/719 721/210/717 551/5/550
f 723/212/719 551/5/550 557/11/556
f 729/1/547 730/2/366 731/3/548
f 729/1/547 731/3/548 732/4/549
f 733/5/725 734/6/551 735/7/552
f 733/5/725 735/7/552 736/8/553
f 737/9/554 729/1/547 732/4/549
f 737/9/554 732/4/549 738/10/555
f 739/11/556 733/5/725 736/8/553
f 739/11/556 736/8/553 740/12/557
f 741/13/558 737/9/554 738/10/555
f 741/13/558 738/10/555 742/14/559
f 743/15/560 739/11/556 740/12/557
f 743/15/560 740/12/557 744/16/561
f 745/17/562 741/13/558 742/14/559
f 745/17/562 742/14/559 746/18/563
f 747/19/564 743/15/560 744/16/561
f 747/19/564 744/16/561 748/20/565
f 749/21/566 745/17/562 746/18/563
f 749/21/566 746/18/563 750/22/567
f 751/23/568 747/19/564 748/20/565
f 751/23/568 748/20/565 752/24/569
f 753/25/570 749/21/566 750/22/567
f 753/25/570 750/22/567 754/26/571
f 755/27/572 751/23/568 752/24/569
f 755/27/572 752/24/569 756/28/573
f 757/29/574 753/25/570 754/26/571
f 757/29/574 754/26/571 758/30/575
f 730/2/366 755/27/572 756/28/573
f 730/2/366 756/28/573 731/3/548
f 734/6/551 759/31/576 735/7/552
f 760/32/577 757/29/574 758/30/575
f 731/3/548 756/28/573 761/33/578
f 731/3/548 761/33/578 762/34/579
f 735/7/552 759/35/576 763/36/580
f 760/37/577 758/30/575 764/38/581
f 732/4/549 731/3/548 762/34/579
f 732/4/549 762/34/579 765/39/582
f 736/8/553 735/7/552 763/36/580
f 736/8/553 763/36/580 766/40/583
f 738/10/555 732/4/549 765/39/582
f 738/10/555 765/39/582 767/41/584
f 740/12/557 736/8/553 766/40/583
f 740/12/557 766/40/583 768/42/585
f 742/14/559 738/10/555 767/41/584
f 742/14/559 767/41/584 769/43/586
f 744/16/561 740/12/557 768/42/585
f 744/16/561 768/42/585 770/44/587
f 746/18/563 742/14/559 769/43/586
f 746/18/563 769/43/586 771/45/588
f 748/20/565 744/16/561 770/44/587
f 748/20/565 770/44/587 772/46/589
f 750/22/567 746/18/563 771/45/588
f 750/22/567 771/45/588 773/47/590
f 752/24/569 748/20/565 772/46/589
f 752/24/569 772/46/589 774/48/591
f 754/26/571 750/22/567 773/47/590
f 754/26/571 773/47/590 775/49/592
f 756/28/573 752/24/569 774/48/591
f 756/28/573 774/48/591 761/33/578
f 758/30/575 754/26/571 775/49/592
f 758/30/575 775/49/592 764/38/581
f 771/45/588 769/43/586 776/50/593
f 771/45/588 776/50/593 777/51/594
f 772/46/589 770/44/587 778/52/595
f 772/46/589 778/52/595 779/53/596
f 773/47/590 771/45/588 777/51/594
f 773/47/590 777/51/594 780/54/597
f 774/48/591 772/46/589 779/53/596
f 774/48/591 779/53/596 781/55/598
f 775/49/592 773/47/590 780/54/597
f 775/49/592 780/54/597 782/56/599
f 761/33/578 774/48/591 781/55/598
f 761/33/578 781/55/598 783/57/600
f 764/38/581 775/49/592 782/56/599
f 764/38/581 782/56/599 784/58/601
f 762/34/579 761/33/578 783/57/600
f 762/34/579 783/57/600 785/59/239
f 763/36/580 759/60/576 786/61/602
f 760/62/577 764/38/581 784/58/601
f 765/39/582 762/34/579 785/59/239
f 765/39/582 785/59/239 787/63/603
f 766/40/583 763/36/580 786/61/602
f 766/40/583 786/61/602 788/64/604
f 767/41/584 765/39/582 787/63/603
f 767/41/584 787/63/603 789/65/605
f 768/42/585 766/40/583 788/64/604
f 768/42/585 788/64/604 790/66/606
f 769/43/586 767/41/584 789/65/605
f 769/43/586 789/65/605 776/50/593
f 770/44/587 768/42/585 790/66/606
f 770/44/587 790/66/606 778/52/595
f 786/61/602 759/67/576 791/68/607
f 760/69/577 784/58/601 792/70/608
f 787/63/603 785/59/239 793/71/609
f 787/63/603 793/71/609 794/72/610
f 788/64/604 786/61/602 791/68/607
f 788/64/604 791/68/607 795/73/611
f 789/65/605 787/63/603 794/72/610
f 789/65/605 794/72/610 796/74/612
f 790/66/606 788/64/604 795/73/611
f 790/66/606 795/73/611 797/75/613
f 776/50/593 789/65/605 796/74/612
f 776/50/593 796/74/612 798/76/614
f 778/52/595 790/66/606 797/75/613
f 778/52/595 797/75/613 799/77/615
f 777/51/594 776/50/593 798/76/614
f 777/51/594 798/76/614 800/78/616
f 779/53/596 778/52/595 799/77/615
f 779/53/596 799/77/615 801/79/617
f 780/54/597 777/51/594 800/78/616
f 780/54/597 800/78/616 802/80/618
f 781/55/598 779/53/596 801/79/617
f 781/55/598 801/79/617 803/81/619
f 782/56/599 780/54/597 802/80/618
f 782/56/599 802/80/618 804/82/620
f 783/57/600 781/55/598 803/81/619
f 783/57/600 803/81/619 805/83/621
f 784/58/601 782/56/599 804/82/620
f 784/58/601 804/82/620 792/70/608
f 785/59/239 783/57/600 805/83/621
f 785/59/239 805/83/621 793/71/609
f 801/79/617 799/77/615 806/84/622
f 801/79/617 806/84/622 807/85/623
f 802/80/618 800/78/616 808/86/624
f 802/80/618 808/86/624 809/87/625
f 803/81/619 801/79/617 807/85/623
f 803/81/619 807/85/623 810/88/626
f 804/82/620 802/80/618 809/87/625
f 804/82/620 809/87/625 811/89/627
f 805/83/621 803/81/619 810/88/626
f 805/83/621 810/88/626 812/90/628
f 792/70/608 804/82/620 811/89/627
f 792/70/608 811/89/627 813/91/629
f 793/71/609 805/83/621 812/90/628
f 793/71/609 812/90/628 814/92/630
f 791/68/607 759/93/576 815/94/631
f 760/95/577 792/70/608 813/91/629
f 794/72/610 793/71/609 814/92/630
f 794/72/610 814/92/630 816/96/632
f 795/73/611 791/68/607 815/94/631
f 795/73/611 815/94/631 817/97/633
f 796/74/612 794/72/610 816/96/632
f 796/74/612 816/96/632 818/98/634
f 797/75/613 795/73/611 817/97/633
f 797/75/613 817/97/633 819/99/635
f 798/76/614 796/74/612 818/98/634
f 798/76/614 818/98/634 820/100/636
f 799/77/615 797/75/613 819/99/635
f 799/77/615 819/99/635 806/84/622
f 800/78/616 798/76/614 820/100/636
f 800/78/616 820/100/636 808/86/624
f 816/96/632 814/92/630 821/101/457
f 816/96/632 821/101/457 822/102/637
f 817/97/633 815/94/631 823/103/638
f 817/97/633 823/103/638 824/104/639
f 818/98/634 816/96/632 822/102/637
f 818/98/634 822/102/637 825/105/640
f 819/99/635 817/97/633 824/104/639
f 819/99/635 824/104/639 826/106/641
f 820/100/636 818/98/634 825/105/640
f 820/100/636 825/105/640 827/107/642
f 806/84/622 819/99/635 826/106/641
f 806/84/622 826/106/641 828/108/643
f 808/86/624 820/100/636 827/107/642
f 808/86/624 827/107/642 829/109/644
f 807/85/623 806/84/622 828/108/643
f 807/85/623 828/108/643 830/110/645
f 809/87/625 808/86/624 829/109/644
f 809/87/625 829/109/644 831/111/646
f 810/88/626 807/85/623 830/110/645
f 810/88/626 830/110/645 832/112/647
f 811/89/627 809/87/625 831/111/646
f 811/89/627 831/111/646 833/113/648
f 812/90/628 810/88/626 832/112/647
f 812/90/628 832/112/647 834/114/649
f 813/91/629 811/89/627 833/113/648
f 813/91/629 833/113/648 835/115/650
f 814/92/630 812/90/628 834/114/649
f 814/92/630 834/114/649 821/101/457
f 815/94/631 759/116/576 823/103/638
f 760/117/577 813/91/629 835/115/650
f 831/111/646 829/109/644 836/118/651
f 831/111/646 836/118/651 837/119/652
f 832/112/647 830/110/645 838/120/653
f 832/112/647 838/120/653 839/121/654
f 833/113/648 831/111/646 837/119/652
f 833/113/648 837/119/652 840/122/655
f 834/114/649 832/112/647 839/121/654
f 834/114/649 839/121/654 841/123/656
f 835/115/650 833/113/648 840/122/655
f 835/115/650 840/122/655 842/124/657
f 821/101/457 834/114/649 841/123/656
f 821/101/457 841/123/656 843/125/658
f 823/103/638 759/126/576 844/127/659
f 760/128/577 835/115/650 842/124/657
f 822/102/637 821/101/457 843/125/658
f 822/102/637 843/125/658 845/129/660
f 824/104/639 823/103/638 844/127/659
f 824/104/639 844/127/659 846/130/661
f 825/105/640 822/102/637 845/129/660
f 825/105/640 845/129/660 847/131/662
f 826/106/641 824/104/639 846/130/661
f 826/106/641 846/130/661 848/132/663
f 827/107/642 825/105/640 847/131/662
f 827/107/642 847/131/662 849/133/664
f 828/108/643 826/106/641 848/132/663
f 828/108/643 848/132/663 850/134/665
f 829/109/644 827/107/642 849/133/664
f 829/109/644 849/133/664 836/118/651
f 830/110/645 828/108/643 850/134/665
f 830/110/645 850/134/665 838/120/653
f 847/131/662 845/129/660 851/135/666
f 847/131/662 851/135/666 852/136/667
f 848/132/663 846/130/661 853/137/668
f 848/132/663 853/137/668 854/138/669
f 849/133/664 847/131/662 852/136/667
f 849/133/664 852/136/667 855/139/670
f 850/134/665 848/132/663 854/138/669
f 850/134/665 854/138/669 856/140/671
f 836/118/651 849/133/664 855/139/670
f 836/118/651 855/139/670 857/141/672
f 838/120/653 850/134/665 856/140/671
f 838/120/653 856/140/671 858/142/673
f 837/119/652 836/118/651 857/141/672
f 837/119/652 857/141/672 859/143/674
f 839/121/654 838/120/653 858/142/673
f 839/121/654 858/142/673 860/144/675
f 840/122/655 837/119/652 859/143/674
f 840/122/655 859/143/674 861/145/676
f 841/123/656 839/121/654 860/144/675
f 841/123/656 860/144/675 862/146/677
f 842/124/657 840/122/655 861/145/676
f 842/124/657 861/145/676 863/147/678
f 843/125/658 841/123/656 862/146/677
f 843/125/658 862/146/677 864/148/679
f 844/127/659 759/149/576 865/150/680
f 760/151/577 842/124/657 863/147/678
f 845/129/660 843/125/658 864/148/679
f 845/129/660 864/148/679 851/135/666
f 846/130/661 844/127/659 865/150/680
f 846/130/661 865/150/680 853/137/668
f 861/145/676 859/143/674 866/152/681
f 861/145/676 866/152/681 867/153/682
f 862/146/677 860/144/675 868/154/683
f 862/146/677 868/154/683 869/155/684
f 863/147/678 861/145/676 867/153/682
f 863/147/678 867/153/682 870/156/685
f 864/148/679 862/146/677 869/155/684
f 864/148/679 869/155/684 871/157/325
f 865/150/680 759/158/576 872/159/686
f 760/160/577 863/147/678 870/156/685
f 851/135/666 864/148/679 871/157/325
f 851/135/666 871/157/325 873/161/687
f 853/137/668 865/150/680 872/159/686
f 853/137/668 872/159/686 874/162/688
f 852/136/667 851/135/666 873/161/687
f 852/136/667 873/161/687 875/163/689
f 854/138/669 853/137/668 874/162/688
f 854/138/669 874/162/688 876/164/690
f 855/139/670 852/136/667 875/163/689
f 855/139/670 875/163/689 877/165/691
f 856/140/671 854/138/669 876/164/690
f 856/140/671 876/164/690 878/166/692
f 857/141/672 855/139/670 877/165/691
f 857/141/672 877/165/691 879/167/693
f 858/142/673 856/140/671 878/166/692
f 858/142/673 878/166/692 880/168/694
f 859/143/674 857/141/672 879/167/693
f 859/143/674 879/167/693 866/152/681
f 860/144/675 858/142/673 880/168/694
f 860/144/675 880/168/694 868/154/683
f 876/169/690 874/170/688 881/171/695
f 876/169/690 881/171/695 882/172/696
f 877/173/691 875/174/689 883/175/697
f 877/173/691 883/175/697 884/176/698
f 878/177/692 876/169/690 882/172/696
f 878/177/692 882/172/696 885/178/699
f 879/179/693 877/173/691 884/176/698
f 879/179/693 884/176/698 886/180/700
f 880/181/694 878/177/692 885/178/699
f 880/181/694 885/178/699 887/182/701
f 866/183/681 879/179/693 886/180/700
f 866/183/681 886/180/700 888/184/702
f 868/185/683 880/181/694 887/182/701
f 868/185/683 887/182/701 889/186/703
f 867/187/682 866/183/681 888/184/702
f 867/187/682 888/184/702 890/188/704
f 869/189/684 868/185/683 889/186/703
f 869/189/684 889/186/703 891/190/705
f 870/191/685 867/187/682 890/188/704
f 870/191/685 890/188/704 892/192/706
f 871/193/325 869/189/684 891/190/705
f 871/193/325 891/190/705 893/194/707
f 872/195/686 759/196/576 894/197/708
f 760/198/577 870/191/685 892/192/706
f 873/199/687 871/193/325 893/194/707
f 873/199/687 893/194/707 895/200/709
f 874/170/688 872/195/686 894/197/708
f 874/170/688 894/197/708 881/171/695
f 875/174/689 873/199/687 895/200/709
f 875/174/689 895/200/709 883/175/697
f 891/190/705 889/186/703 896/201/710
f 891/190/705 896/201/710 897/202/711
f 892/192/706 890/188/704 898/203/712
f 892/192/706 898/203/712 899/204/713
f 893/194/707 891/190/705 897/202/711
f 893/194/707 897/202/711 900/205/714
f 894/197/708 759/206/576 901/207/715
f 760/208/577 892/192/706 899/204/713
f 895/200/709 893/194/707 900/205/714
f 895/200/709 900/205/714 902/209/716
f 881/171/695 894/197/708 901/207/715
f 881/171/695 901/207/715 903/210/717
f 883/175/697 895/200/709 902/209/716
f 883/175/697 902/209/716 904/211/718
f 882/172/696 881/171/695 903/210/717
f 882/172/696 903/210/717 905/212/719
f 884/176/698 883/175/697 904/211/718
f 884/176/698 904/211/718 906/213/720
f 885/178/699 882/172/696 905/212/719
f 885/178/699 905/212/719 907/214/721
f 886/180/700 884/176/698 906/213/720
f 886/180/700 906/213/720 908/215/722
f 887/182/701 885/178/699 907/214/721
f 887/182/701 907/214/721 909/216/723
f 888/184/702 886/180/700 908/215/722
f 888/184/702 908/215/722 910/217/724
f 889/186/703 887/182/701 909/216/723
f 889/186/703 909/216/723 896/201/710
f 890/188/704 888/184/702 910/217/724
f 890/188/704 910/217/724 898/203/712
f 906/213/720 904/211/718 737/9/554
f 906/213/720 737/9/554 741/13/558
f 907/214/721 905/212/719 739/11/556
f 907/214/721 739/11/556 743/15/560
f 908/215/722 906/213/720 741/13/558
f 908/215/722 741/13/558 745/17/562
f 909/216/723 907/214/721 743/15/560
f 909/216/723 743/15/560 747/19/564
f 910/217/724 908/215/722 745/17/562
f 910/217/724 745/17/562 749/21/566
f 896/201/710 909/216/723 747/19/564
f 896/201/710 747/19/564 751/23/568
f 898/203/712 910/217/724 749/21/566
f 898/203/712 749/21/566 753/25/570
f 897/202/711 896/201/710 751/23/568
f 897/202/711 751/23/568 755/27/572
f 899/204/713 898/203/712 753/25/570
f 899/204/713 753/25/570 757/29/574
f 900/205/714 897/202/711 755/27/572
f 900/205/714 755/27/572 730/2/366
f 901/207/715 759/218/576 734/6/551
f 760/219/577 899/204/713 757/29/574
f 902/209/716 900/205/714 730/2/366
f 902/209/716 730/2/366 729/1/547
f 903/210/717 901/207/715 734/6/551
f 903/210/717 734/6/551 733/5/725
f 904/211/718 902/209/716 729/1/547
f 904/211/718 729/1/547 737/9/554
f 905/212/719 903/210/717 733/5/725
f 905/212/719 733/5/725 739/11/556
f 911/1/547 912/2/366 913/3/548
f 911/1/547 913/3/548 914/4/549
f 915/5/725 916/6/551 917/7/552
f 915/5/725 917/7/552 918/8/553
f 919/9/554 911/1/547 914/4/549
f 919/9/554 914/4/549 920/10/555
f 921/11/556 915/5/725 918/8/553
f 921/11/556 918/8/553 922/12/557
f 923/13/558 919/9/554 920/10/555
f 923/13/558 920/10/555 924/14/559
f 925/15/560 921/11/556 922/12/557
f 925/15/560 922/12/557 926/16/561
f 927/17/562 923/13/558 924/14/559
f 927/17/562 924/14/559 928/18/563
f 929/19/564 925/15/560 926/16/561
f 929/19/564 926/16/561 930/20/565
f 931/21/566 927/17/562 928/18/563
f 931/21/566 928/18/563 932/22/567
f 933/23/568 929/19/564 930/20/565
f 933/23/568 930/20/565 934/24/569
f 935/25/570 931/21/566 932/22/567
f 935/25/570 932/22/567 936/26/571
f 937/27/572 933/23/568 934/24/569
f 937/27/572 934/24/569 938/28/573
f 939/29/574 935/25/570 936/26/571
f 939/29/574 936/26/571 940/30/575
f 912/2/366 937/27/572 938/28/573
f 912/2/366 938/28/573 913/3/548
f 916/6/551 941/31/576 917/7/552
f 942/32/577 939/29/574 940/30/575
f 913/3/548 938/28/573 943/33/578
f 913/3/548 943/33/578 944/34/579
f 917/7/552 941/35/576 945/36/580
f 942/37/577 940/30/575 946/38/581
f 914/4/549 913/3/548 944/34/579
f 914/4/549 944/34/579 947/39/582
f 918/8/553 917/7/552 945/36/580
f 918/8/553 945/36/580 948/40/583
f 920/10/555 914/4/549 947/39/582
f 920/10/555 947/39/582 949/41/584
f 922/12/557 918/8/553 948/40/583
f 922/12/557 948/40/583 950/42/585
f 924/14/559 920/10/555 949/41/584
f 924/14/559 949/41/584 951/43/586
f 926/16/561 922/12/557 950/42/585
f 926/16/561 950/42/585 952/44/587
f 928/18/563 924/14/559 951/43/586
f 928/18/563 951/43/586 953/45/588
f 930/20/565 926/16/561 952/44/587
f 930/20/565 952/44/587 954/46/589
f 932/22/567 928/18/563 953/45/588
f 932/22/567 953/45/588 955/47/590
f 934/24/569 930/20/565 954/46/589
f 934/24/569 954/46/589 956/48/591
f 936/26/571 932/22/567 955/47/590
f 936/26/571 955/47/590 957/49/592
f 938/28/573 934/24/569 956/48/591
f 938/28/573 956/48/591 943/33/578
f 940/30/575 936/26/571 957/49/592
f 940/30/575 957/49/592 946/38/581
f 953/45/588 951/43/586 958/50/593
f 953/45/588 958/50/593 959/51/594
f 954/46/589 952/44/587 960/52/595
f 954/46/589 960/52/595 961/53/596
f 955/47/590 953/45/588 959/51/594
f 955/47/590 959/51/594 962/54/597
f 956/48/591 954/46/589 961/53/596
f 956/48/591 961/53/596 963/55/598
f 957/49/592 955/47/590 962/54/597
f 957/49/592 962/54/597 964/56/599
f 943/33/578 956/48/591 963/55/598
f 943/33/578 963/55/598 965/57/600
f 946/38/581 957/49/592 964/56/599
f 946/38/581 964/56/599 966/58/726
f 944/34/579 943/33/578 965/57/600
f 944/34/579 965/57/600 967/59/239
f 945/36/580 941/60/576 968/61/602
f 942/62/577 946/38/581 966/58/726
f 947/39/582 944/34/579 967/59/239
f 947/39/582 967/59/239 969/63/603
f 948/40/583 945/36/580 968/61/602
f 948/40/583 968/61/602 970/64/604
f 949/41/584 947/39/582 969/63/603
f 949/41/584 969/63/603 971/65/605
f 950/42/585 948/40/583 970/64/604
f 950/42/585 970/64/604 972/66/606
f 951/43/586 949/41/584 971/65/605
f 951/43/586 971/65/605 958/50/593
f 952/44/587 950/42/585 972/66/606
f 952/44/587 972/66/606 960/52/595
f 968/61/602 941/67/576 973/68/607
f 942/69/577 966/58/726 974/70/608
f 969/63/603 967/59/239 975/71/609
f 969/63/603 975/71/609 976/72/610
f 970/64/604 968/61/602 973/68/607
f 970/64/604 973/68/607 977/73/611
f 971/65/605 969/63/603 976/72/610
f 971/65/605 976/72/610 978/74/612
f 972/66/606 970/64/604 977/73/611
f 972/66/606 977/73/611 979/75/613
f 958/50/593 971/65/605 978/74/612
f 958/50/593 978/74/612 980/76/614
f 960/52/595 972/66/606 979/75/613
f 960/52/595 979/75/613 981/77/615
f 959/51/594 958/50/593 980/76/614
f 959/51/594 980/76/614 982/78/616
f 961/53/596 960/52/595 981/77/615
f 961/53/596 981/77/615 983/79/617
f 962/54/597 959/51/594 982/78/616
f 962/54/597 982/78/616 984/80/618
f 963/55/598 961/53/596 983/79/617
f 963/55/598 983/79/617 985/81/619
f 964/56/599 962/54/597 984/80/618
f 964/56/599 984/80/618 986/82/620
f 965/57/600 963/55/598 985/81/619
f 965/57/600 985/81/619 987/83/621
f 966/58/726 964/56/599 986/82/620
f 966/58/726 986/82/620 974/70/608
f 967/59/239 965/57/600 987/83/621
f 967/59/239 987/83/621 975/71/609
f 983/79/617 981/77/615 988/84/622
f 983/79/617 988/84/622 989/85/623
f 984/80/618 982/78/616 990/86/624
f 984/80/618 990/86/624 991/87/625
f 985/81/619 983/79/617 989/85/623
f 985/81/619 989/85/623 992/88/626
f 986/82/620 984/80/618 991/87/625
f 986/82/620 991/87/625 993/89/627
f 987/83/621 985/81/619 992/88/626
f 987/83/621 992/88/626 994/90/628
f 974/70/608 986/82/620 993/89/627
f 974/70/608 993/89/627 995/91/629
f 975/71/609 987/83/621 994/90/628
f 975/71/609 994/90/628 996/92/630
f 973/68/607 941/93/576 997/94/631
f 942/95/577 974/70/608 995/91/629
f 976/72/610 975/71/609 996/92/630
f 976/72/610 996/92/630 998/96/632
f 977/73/611 973/68/607 997/94/631
f 977/73/611 997/94/631 999/97/633
f 978/74/612 976/72/610 998/96/632
f 978/74/612 998/96/632 1000/98/634
f 979/75/613 977/73/611 999/97/633
f 979/75/613 999/97/633 1001/99/635
f 980/76/614 978/74/612 1000/98/634
f 980/76/614 1000/98/634 1002/100/636
f 981/77/615 979/75/613 1001/99/635
f 981/77/615 1001/99/635 988/84/622
f 982/78/616 980/76/614 1002/100/636
f 982/78/616 1002/100/636 990/86/624
f 998/96/632 996/92/630 1003/101/457
f 998/96/632 1003/101/457 1004/102/637
f 999/97/633 997/94/631 1005/103/638
f 999/97/633 1005/103/638 1006/104/639
f 1000/98/634 998/96/632 1004/102/637
f 1000/98/634 1004/102/637 1007/105/640
f 1001/99/635 999/97/633 1006/104/639
f 1001/99/635 1006/104/639 1008/106/641
f 1002/100/636 1000/98/634 1007/105/640
f 1002/100/636 1007/105/640 1009/107/642
f 988/84/622 1001/99/635 1008/106/641
f 988/84/622 1008/106/641 1010/108/643
f 990/86/624 1002/100/636 1009/107/642
f 990/86/624 1009/107/642 1011/109/644
f 989/85/623 988/84/622 1010/108/643
f 989/85/623 1010/108/643 1012/110/645
f 991/87/625 990/86/624 1011/109/644
f 991/87/625 1011/109/644 1013/111/646
f 992/88/626 989/85/623 1012/110/645
f 992/88/626 1012/110/645 1014/112/647
f 993/89/627 991/87/625 1013/111/646
f 993/89/627 1013/111/646 1015/113/648
f 994/90/628 992/88/626 1014/112/647
f 994/90/628 1014/112/647 1016/114/649
f 995/91/629 993/89/627 1015/113/648
f 995/91/629 1015/113/648 1017/115/650
f 996/92/630 994/90/628 1016/114/649
f 996/92/630 1016/114/649 1003/101/457
f 997/94/631 941/116/576 1005/103/638
f 942/117/577 995/91/629 1017/115/650
f 1013/111/646 1011/109/644 1018/118/651
f 1013/111/646 1018/118/651 1019/119/652
f 1014/112/647 1012/110/645 1020/120/653
f 1014/112/647 1020/120/653 1021/121/654
f 1015/113/648 1013/111/646 1019/119/652
f 1015/113/648 1019/119/652 1022/122/655
f 1016/114/649 1014/112/647 1021/121/654
f 1016/114/649 1021/121/654 1023/123/656
f 1017/115/650 1015/113/648 1022/122/655
f 1017/115/650 1022/122/655 1024/124/657
f 1003/101/457 1016/114/649 1023/123/656
f 1003/101/457 1023/123/656 1025/125/658
f 1005/103/638 941/126/576 1026/127/659
f 942/128/577 1017/115/650 1024/124/657
f 1004/102/637 1003/101/457 1025/125/658
f 1004/102/637 1025/125/658 1027/129/660
f 1006/104/639 1005/103/638 1026/127/659
f 1006/104/639 1026/127/659 1028/130/661
f 1007/105/640 1004/102/637 1027/129/660
f 1007/105/640 1027/129/660 1029/131/662
f 1008/106/641 1006/104/639 1028/130/661
f 1008/106/641 1028/130/661 1030/132/663
f 1009/107/642 1007/105/640 1029/131/662
f 1009/107/642 1029/131/662 1031/133/664
f 1010/108/643 1008/106/641 1030/132/663
f 1010/108/643 1030/132/663 1032/134/665
f 1011/109/644 1009/107/642 1031/133/664
f 1011/109/644 1031/133/664 1018/118/651
f 1012/110/645 1010/108/643 1032/134/665
f 1012/110/645 1032/134/665 1020/120/653
f 1029/131/662 1027/129/660 1033/135/666
f 1029/131/662 1033/135/666 1034/136/667
f 1030/132/663 1028/130/661 1035/137/668
f 1030/132/663 1035/137/668 1036/138/669
f 1031/133/664 1029/131/662 1034/136/667
f 1031/133/664 1034/136/667 1037/139/670
f 1032/134/665 1030/132/663 1036/138/669
f 1032/134/665 1036/138/669 1038/140/671
f 1018/118/651 1031/133/664 1037/139/670
f 1018/118/651 1037/139/670 1039/141/672
f 1020/120/653 1032/134/665 1038/140/671
f 1020/120/653 1038/140/671 1040/142/673
f 1019/119/652 1018/118/651 1039/141/672
f 1019/119/652 1039/141/672 1041/143/674
f 1021/121/654 1020/120/653 1040/142/673
f 1021/121/654 1040/142/673 1042/144/675
f 1022/122/655 1019/119/652 1041/143/674
f 1022/122/655 1041/143/674 1043/145/676
f 1023/123/656 1021/121/654 1042/144/675
f 1023/123/656 1042/144/675 1044/146/677
f 1024/124/657 1022/122/655 1043/145/676
f 1024/124/657 1043/145/676 1045/147/678
f 1025/125/658 1023/123/656 1044/146/677
f 1025/125/658 1044/146/677 1046/148/679
f 1026/127/659 941/149/576 1047/150/680
f 942/151/577 1024/124/657 1045/147/678
f 1027/129/660 1025/125/658 1046/148/679
f 1027/129/660 1046/148/679 1033/135/666
f 1028/130/661 1026/127/659 1047/150/680
f 1028/130/661 1047/150/680 1035/137/668
f 1043/145/676 1041/143/674 1048/152/681
f 1043/145/676 1048/152/681 1049/153/682
f 1044/146/677 1042/144/675 1050/154/683
f 1044/146/677 1050/154/683 1051/155/684
f 1045/147/678 1043/145/676 1049/153/682
f 1045/147/678 1049/153/682 1052/156/685
f 1046/148/679 1044/146/677 1051/155/684
f 1046/148/679 1051/155/684 1053/157/325
f 1047/150/680 941/158/576 1054/159/686
f 942/160/577 1045/147/678 1052/156/685
f 1033/135/666 1046/148/679 1053/157/325
f 1033/135/666 1053/157/325 1055/161/687
f 1035/137/668 1047/150/680 1054/159/686
f 1035/137/668 1054/159/686 1056/162/688
f 1034/136/667 1033/135/666 1055/161/687
f 1034/136/667 1055/161/687 1057/163/689
f 1036/138/669 1035/137/668 1056/162/688
f 1036/138/669 1056/162/688 1058/164/690
f 1037/139/670 1034/136/667 1057/163/689
f 1037/139/670 1057/163/689 1059/165/691
f 1038/140/671 1036/138/669 1058/164/690
f 1038/140/671 1058/164/690 1060/166/692
f 1039/141/672 1037/139/670 1059/165/691
f 1039/141/672 1059/165/691 1061/167/693
f 1040/142/673 1038/140/671 1060/166/692
f 1040/142/673 1060/166/692 1062/168/694
f 1041/143/674 1039/141/672 1061/167/693
f 1041/143/674 1061/167/693 1048/152/681
f 1042/144/675 1040/142/673 1062/168/694
f 1042/144/675 1062/168/694 1050/154/683
f 1058/169/690 1056/170/688 1063/171/695
f 1058/169/690 1063/171/695 1064/172/696
f 1059/173/691 1057/174/689 1065/175/697
f 1059/173/691 1065/175/697 1066/176/698
f 1060/177/692 1058/169/690 1064/172/696
f 1060/177/692 1064/172/696 1067/178/699
f 1061/179/693 1059/173/691 1066/176/698
f 1061/179/693 1066/176/698 1068/180/700
f 1062/181/694 1060/177/692 1067/178/699
f 1062/181/694 1067/178/699 1069/182/701
f 1048/183/681 1061/179/693 1068/180/700
f 1048/183/681 1068/180/700 1070/184/702
f 1050/185/683 1062/181/694 1069/182/701
f 1050/185/683 1069/182/701 1071/186/703
f 1049/187/682 1048/183/681 1070/184/702
f 1049/187/682 1070/184/702 1072/188/704
f 1051/189/684 1050/185/683 1071/186/703
f 1051/189/684 1071/186/703 1073/190/705
f 1052/191/685 1049/187/682 1072/188/704
f 1052/191/685 1072/188/704 1074/192/706
f 1053/193/325 1051/189/684 1073/190/705
f 1053/193/325 1073/190/705 1075/194/707
f 1054/195/686 941/196/576 1076/197/708
f 942/198/577 1052/191/685 1074/192/706
f 1055/199/687 1053/193/325 1075/194/707
f 1055/199/687 1075/194/707 1077/200/709
f 1056/170/688 1054/195/686 1076/197/708
f 1056/170/688 1076/197/708 1063/171/695
f 1057/174/689 1055/199/687 1077/200/709
f 1057/174/689 1077/200/709 1065/175/697
f 1073/190/705 1071/186/703 1078/201/710
f 1073/190/705 1078/201/710 1079/202/711
f 1074/192/706 1072/188/704 1080/203/712
f 1074/192/706 1080/203/712 1081/204/713
f 1075/194/707 1073/190/705 1079/202/711
f 1075/194/707 1079/202/711 1082/205/714
f 1076/197/708 941/206/576 1083/207/715
f 942/208/577 1074/192/706 1081/204/713
f 1077/200/709 1075/194/707 1082/205/714
f 1077/200/709 1082/205/714 1084/209/716
f 1063/171/695 1076/197/708 1083/207/715
f 1063/171/695 1083/207/715 1085/210/717
f 1065/175/697 1077/200/709 1084/209/716
f 1065/175/697 1084/209/716 1086/211/718
f 1064/172/696 1063/171/695 1085/210/717
f 1064/172/696 1085/210/717 1087/212/719
f 1066/176/698 1065/175/697 1086/211/718
f 1066/176/698 1086/211/718 1088/213/720
f 1067/178/699 1064/172/696 1087/212/719
f 1067/178/699 1087/212/719 1089/214/721
f 1068/180/700 1066/176/698 1088/213/720
f 1068/180/700 1088/213/720 1090/215/722
f 1069/182/701 1067/178/699 1089/214/721
f 1069/182/701 1089/214/721 1091/216/723
f 1070/184/702 1068/180/700 1090/215/722
f 1070/184/702 1090/215/722 1092/217/724
f 1071/186/703 1069/182/701 1091/216/723
f 1071/186/703 1091/216/723 1078/201/710
f 1072/188/704 1070/184/702 1092/217/724
f 1072/188/704 1092/217/724 1080/203/712
f 1088/213/720 1086/211/718 919/9/554
f 1088/213/720 919/9/554 923/13/558
f 1089/214/721 1087/212/719 921/11/556
f 1089/214/721 921/11/556 925/15/560
f 1090/215/722 1088/213/720 923/13/558
f 1090/215/722 923/13/558 927/17/562
f 1091/216/723 1089/214/721 925/15/560
f 1091/216/723 925/15/560 929/19/564
f 1092/217/724 1090/215/722 927/17/562
f 1092/217/724 927/17/562 931/21/566
f 1078/201/710 1091/216/723 929/19/564
f 1078/201/710 929/19/564 933/23/568
f 1080/203/712 1092/217/724 931/21/566
f 1080/203/712 931/21/566 935/25/570
f 1079/202/711 1078/201/710 933/23/568
f 1079/202/711 933/23/568 937/27/572
f 1081/204/713 1080/203/712 935/25/570
f 1081/204/713 935/25/570 939/29/574
f 1082/205/714 1079/202/711 937/27/572
f 1082/205/714 937/27/572 912/2/366
f 1083/207/715 941/218/576 916/6/551
f 942/219/577 1081/204/713 939/29/574
f 1084/209/716 1082/205/714 912/2/366
f 1084/209/716 912/2/366 911/1/547
f 1085/210/717 1083/207/715 916/6/551
f 1085/210/717 916/6/551 915/5/725
f 1086/211/718 1084/209/716 911/1/547
f 1086/211/718 911/1/547 919/9/554
f 1087/212/719 1085/210/717 915/5/725
f 1087/212/719 915/5/725 921/11/556
f 1093/1/183 1094/2/184 1095/3/185
f 1093/1/183 1095/3/185 1096/4/186
f 1097/5/187 1098/6/188 1099/7/189
f 1097/5/187 1099/7/189 1100/8/190
f 1101/9/191 1093/1/183 1096/4/186
f 1101/9/191 1096/4/186 1102/10/192
f 1103/11/193 1097/5/187 1100/8/190
f 1103/11/193 1100/8/190 1104/12/194
f 1105/13/195 1101/9/191 1102/10/192
f 1105/13/195 1102/10/192 1106/14/196
f 1107/15/197 1103/11/193 1104/12/194
f 1107/15/197 1104/12/194 1108/16/198
f 1109/17/727 1105/13/195 1106/14/196
f 1109/17/727 1106/14/196 1110/18/200
f 1111/19/201 1107/15/197 1108/16/198
f 1111/19/201 1108/16/198 1112/20/202
f 1113/21/203 1109/17/727 1110/18/200
f 1113/21/203 1110/18/200 1114/22/204
f 1115/23/205 1111/19/201 1112/20/202
f 1115/23/205 1112/20/202 1116/24/206
f 1117/25/207 1113/21/203 1114/22/204
f 1117/25/207 1114/22/204 1118/26/208
f 1119/27/209 1115/23/205 1116/24/206
f 1119/27/209 1116/24/206 1120/28/210
f 1121/29/211 1117/25/207 1118/26/208
f 1121/29/211 1118/26/208 1122/30/212
f 1094/2/184 1119/27/209 1120/28/210
f 1094/2/184 1120/28/210 1095/3/185
f 1098/6/188 1123/31/213 1099/7/189
f 1124/32/214 1121/29/211 1122/30/212
f 1095/3/185 1120/28/210 1125/33/215
f 1095/3/185 1125/33/215 1126/34/216
f 1099/7/189 1123/35/213 1127/36/217
f 1124/37/214 1122/30/212 1128/38/218
f 1096/4/186 1095/3/185 1126/34/216
f 1096/4/186 1126/34/216 1129/39/219
f 1100/8/190 1099/7/189 1127/36/217
f 1100/8/190 1127/36/217 1130/40/220
f 1102/10/192 1096/4/186 1129/39/219
f 1102/10/192 1129/39/219 1131/41/221
f 1104/12/194 1100/8/190 1130/40/220
f 1104/12/194 1130/40/220 1132/42/222
f 1106/14/196 1102/10/192 1131/41/221
f 1106/14/196 1131/41/221 1133/43/223
f 1108/16/198 1104/12/194 1132/42/222
f 1108/16/198 1132/42/222 1134/44/224
f 1110/18/200 1106/14/196 1133/43/223
f 1110/18/200 1133/43/223 1135/45/225
f 1112/20/202 1108/16/198 1134/44/224
f 1112/20/202 1134/44/224 1136/46/226
f 1114/22/204 1110/18/200 1135/45/225
f 1114/22/204 1135/45/225 1137/47/227
f 1116/24/206 1112/20/202 1136/46/226
f 1116/24/206 1136/46/226 1138/48/228
f 1118/26/208 1114/22/204 1137/47/227
f 1118/26/208 1137/47/227 1139/49/229
f 1120/28/210 1116/24/206 1138/48/228
f 1120/28/210 1138/48/228 1125/33/215
f 1122/30/212 1118/26/208 1139/49/229
f 1122/30/212 1139/49/229 1128/38/218
f 1135/45/225 1133/43/223 1140/50/230
f 1135/45/225 1140/50/230 1141/51/231
f 1136/46/226 1134/44/224 1142/52/232
f 1136/46/226 1142/52/232 1143/53/233
f 1137/47/227 1135/45/225 1141/51/231
f 1137/47/227 1141/51/231 1144/54/234
f 1138/48/228 1136/46/226 1143/53/233
f 1138/48/228 1143/53/233 1145/55/235
f 1139/49/229 1137/47/227 1144/54/234
f 1139/49/229 1144/54/234 1146/56/236
f 1125/33/215 1138/48/228 1145/55/235
f 1125/33/215 1145/55/235 1147/57/237
f 1128/38/218 1139/49/229 1146/56/236
f 1128/38/218 1146/56/236 1148/58/238
f 1126/34/216 1125/33/215 1147/57/237
f 1126/34/216 1147/57/237 1149/59/239
f 1127/36/217 1123/60/213 1150/61/240
f 1124/62/214 1128/38/218 1148/58/238
f 1129/39/219 1126/34/216 1149/59/239
f 1129/39/219 1149/59/239 1151/63/241
f 1130/40/220 1127/36/217 1150/61/240
f 1130/40/220 1150/61/240 1152/64/242
f 1131/41/221 1129/39/219 1151/63/241
f 1131/41/221 1151/63/241 1153/65/243
f 1132/42/222 1130/40/220 1152/64/242
f 1132/42/222 1152/64/242 1154/66/244
f 1133/43/223 1131/41/221 1153/65/243
f 1133/43/223 1153/65/243 1140/50/230
f 1134/44/224 1132/42/222 1154/66/244
f 1134/44/224 1154/66/244 1142/52/232
f 1150/61/240 1123/67/213 1155/68/245
f 1124/69/214 1148/58/238 1156/70/246
f 1151/63/241 1149/59/239 1157/71/247
f 1151/63/241 1157/71/247 1158/72/248
f 1152/64/242 1150/61/240 1155/68/245
f 1152/64/242 1155/68/245 1159/73/249
f 1153/65/243 1151/63/241 1158/72/248
f 1153/65/243 1158/72/248 1160/74/250
f 1154/66/244 1152/64/242 1159/73/249
f 1154/66/244 1159/73/249 1161/75/251
f 1140/50/230 1153/65/243 1160/74/250
f 1140/50/230 1160/74/250 1162/76/252
f 1142/52/232 1154/66/244 1161/75/251
f 1142/52/232 1161/75/251 1163/77/253
f 1141/51/231 1140/50/230 1162/76/252
f 1141/51/231 1162/76/252 1164/78/254
f 1143/53/233 1142/52/232 1163/77/253
f 1143/53/233 1163/77/253 1165/79/255
f 1144/54/234 1141/51/231 1164/78/254
f 1144/54/234 1164/78/254 1166/80/256
f 1145/55/235 1143/53/233 1165/79/255
f 1145/55/235 1165/79/255 1167/81/257
f 1146/56/236 1144/54/234 1166/80/256
f 1146/56/236 1166/80/256 1168/82/258
f 1147/57/237 1145/55/235 1167/81/257
f 1147/57/237 1167/81/257 1169/83/259
f 1148/58/238 1146/56/236 1168/82/258
f 1148/58/238 1168/82/258 1156/70/246
f 1149/59/239 1147/57/237 1169/83/259
f 1149/59/239 1169/83/259 1157/71/247
f 1165/79/255 1163/77/253 1170/84/260
f 1165/79/255 1170/84/260 1171/85/261
f 1166/80/256 1164/78/254 1172/86/262
f 1166/80/256 1172/86/262 1173/87/263
f 1167/81/257 1165/79/255 1171/85/261
f 1167/81/257 1171/85/261 1174/88/264
f 1168/82/258 1166/80/256 1173/87/263
f 1168/82/258 1173/87/263 1175/89/265
f 1169/83/259 1167/81/257 1174/88/264
f 1169/83/259 1174/88/264 1176/90/266
f 1156/70/246 1168/82/258 1175/89/265
f 1156/70/246 1175/89/265 1177/91/267
f 1157/71/247 1169/83/259 1176/90/266
f 1157/71/247 1176/90/266 1178/92/268
f 1155/68/245 1123/93/213 1179/94/269
f 1124/95/214 1156/70/246 1177/91/267
f 1158/72/248 1157/71/247 1178/92/268
f 1158/72/248 1178/92/268 1180/96/270
f 1159/73/249 1155/68/245 1179/94/269
f 1159/73/249 1179/94/269 1181/97/271
f 1160/74/250 1158/72/248 1180/96/270
f 1160/74/250 1180/96/270 1182/98/272
f 1161/75/251 1159/73/249 1181/97/271
f 1161/75/251 1181/97/271 1183/99/273
f 1162/76/252 1160/74/250 1182/98/272
f 1162/76/252 1182/98/272 1184/100/274
f 1163/77/253 1161/75/251 1183/99/273
f 1163/77/253 1183/99/273 1170/84/260
f 1164/78/254 1162/76/252 1184/100/274
f 1164/78/254 1184/100/274 1172/86/262
f 1180/96/270 1178/92/268 1185/101/275
f 1180/96/270 1185/101/275 1186/102/276
f 1181/97/271 1179/94/269 1187/103/277
f 1181/97/271 1187/103/277 1188/104/278
f 1182/98/272 1180/96/270 1186/102/276
f 1182/98/272 1186/102/276 1189/105/279
f 1183/99/273 1181/97/271 1188/104/278
f 1183/99/273 1188/104/278 1190/106/280
f 1184/100/274 1182/98/272 1189/105/279
f 1184/100/274 1189/105/279 1191/107/281
f 1170/84/260 1183/99/273 1190/106/280
f 1170/84/260 1190/106/280 1192/108/282
f 1172/86/262 1184/100/274 1191/107/281
f 1172/86/262 1191/107/281 1193/109/283
f 1171/85/261 1170/84/260 1192/108/282
f 1171/85/261 1192/108/282 1194/110/284
f 1173/87/263 1172/86/262 1193/109/283
f 1173/87/263 1193/109/283 1195/111/285
f 1174/88/264 1171/85/261 1194/110/284
f 1174/88/264 1194/110/284 1196/112/286
f 1175/89/265 1173/87/263 1195/111/285
f 1175/89/265 1195/111/285 1197/113/287
f 1176/90/266 1174/88/264 1196/112/286
f 1176/90/266 1196/112/286 1198/114/288
f 1177/91/267 1175/89/265 1197/113/287
f 1177/91/267 1197/113/287 1199/115/289
f 1178/92/268 1176/90/266 1198/114/288
f 1178/92/268 1198/114/288 1185/101/275
f 1179/94/269 1123/116/213 1187/103/277
f 1124/117/214 1177/91/267 1199/115/289
f 1195/111/285 1193/109/283 1200/118/290
f 1195/111/285 1200/118/290 1201/119/291
f 1196/112/286 1194/110/284 1202/120/292
f 1196/112/286 1202/120/292 1203/121/293
f 1197/113/287 1195/111/285 1201/119/291
f 1197/113/287 1201/119/291 1204/122/294
f 1198/114/288 1196/112/286 1203/121/293
f 1198/114/288 1203/121/293 1205/123/295
f 1199/115/289 1197/113/287 1204/122/294
f 1199/115/289 1204/122/294 1206/124/296
f 1185/101/275 1198/114/288 1205/123/295
f 1185/101/275 1205/123/295 1207/125/297
f 1187/103/277 1123/126/213 1208/127/298
f 1124/128/214 1199/115/289 1206/124/296
f 1186/102/276 1185/101/275 1207/125/297
f 1186/102/276 1207/125/297 1209/129/299
f 1188/104/278 1187/103/277 1208/127/298
f 1188/104/278 1208/127/298 1210/130/300
f 1189/105/279 1186/102/276 1209/129/299
f 1189/105/279 1209/129/299 1211/131/301
f 1190/106/280 1188/104/278 1210/130/300
f 1190/106/280 1210/130/300 1212/132/302
f 1191/107/281 1189/105/279 1211/131/301
f 1191/107/281 1211/131/301 1213/133/303
f 1192/108/282 1190/106/280 1212/132/302
f 1192/108/282 1212/132/302 1214/134/304
f 1193/109/283 1191/107/281 1213/133/303
f 1193/109/283 1213/133/303 1200/118/290
f 1194/110/284 1192/108/282 1214/134/304
f 1194/110/284 1214/134/304 1202/120/292
f 1211/131/301 1209/129/299 1215/135/728
f 1211/131/301 1215/135/728 1216/136/306
f 1212/132/302 1210/130/300 1217/137/307
f 1212/132/302 1217/137/307 1218/138/308
f 1213/133/303 1211/131/301 1216/136/306
f 1213/133/303 1216/136/306 1219/139/309
f 1214/134/304 1212/132/302 1218/138/308
f 1214/134/304 1218/138/308 1220/140/310
f 1200/118/290 1213/133/303 1219/139/309
f 1200/118/290 1219/139/309 1221/141/311
f 1202/120/292 1214/134/304 1220/140/310
f 1202/120/292 1220/140/310 1222/142/312
f 1201/119/291 1200/118/290 1221/141/311
f 1201/119/291 1221/141/311 1223/143/313
f 1203/121/293 1202/120/292 1222/142/312
f 1203/121/293 1222/142/312 1224/144/314
f 1204/122/294 1201/119/291 1223/143/313
f 1204/122/294 1223/143/313 1225/145/315
f 1205/123/295 1203/121/293 1224/144/314
f 1205/123/295 1224/144/314 1226/146/316
f 1206/124/296 1204/122/294 1225/145/315
f 1206/124/296 1225/145/315 1227/147/317
f 1207/125/297 1205/123/295 1226/146/316
f 1207/125/297 1226/146/316 1228/148/318
f 1208/127/298 1123/149/213 1229/150/319
f 1124/151/214 1206/124/296 1227/147/317
f 1209/129/299 1207/125/297 1228/148/318
f 1209/129/299 1228/148/318 1215/135/728
f 1210/130/300 1208/127/298 1229/150/319
f 1210/130/300 1229/150/319 1217/137/307
f 1225/145/315 1223/143/313 1230/152/320
f 1225/145/315 1230/152/320 1231/153/321
f 1226/146/316 1224/144/314 1232/154/322
f 1226/146/316 1232/154/322 1233/155/323
f 1227/147/317 1225/145/315 1231/153/321
f 1227/147/317 1231/153/321 1234/156/324
f 1228/148/318 1226/146/316 1233/155/323
f 1228/148/318 1233/155/323 1235/157/325
f 1229/150/319 1123/158/213 1236/159/326
f 1124/160/214 1227/147/317 1234/156/324
f 1215/135/728 1228/148/318 1235/157/325
f 1215/135/728 1235/157/325 1237/161/327
f 1217/137/307 1229/150/319 1236/159/326
f 1217/137/307 1236/159/326 1238/162/328
f 1216/136/306 1215/135/728 1237/161/327
f 1216/136/306 1237/161/327 1239/163/329
f 1218/138/308 1217/137/307 1238/162/328
f 1218/138/308 1238/162/328 1240/164/330
f 1219/139/309 1216/136/306 1239/163/329
f 1219/139/309 1239/163/329 1241/165/331
f 1220/140/310 1218/138/308 1240/164/330
f 1220/140/310 1240/164/330 1242/166/332
f 1221/141/311 1219/139/309 1241/165/331
f 1221/141/311 1241/165/331 1243/167/333
f 1222/142/312 1220/140/310 1242/166/332
f 1222/142/312 1242/166/332 1244/168/334
f 1223/143/313 1221/141/311 1243/167/333
f 1223/143/313 1243/167/333 1230/152/320
f 1224/144/314 1222/142/312 1244/168/334
f 1224/144/314 1244/168/334 1232/154/322
f 1240/169/330 1238/170/328 1245/171/335
f 1240/169/330 1245/171/335 1246/172/336
f 1241/173/331 1239/174/329 1247/175/337
f 1241/173/331 1247/175/337 1248/176/338
f 1242/177/332 1240/169/330 1246/172/336
f 1242/177/332 1246/172/336 1249/178/339
f 1243/179/333 1241/173/331 1248/176/338
f 1243/179/333 1248/176/338 1250/180/340
f 1244/181/334 1242/177/332 1249/178/339
f 1244/181/334 1249/178/339 1251/182/341
f 1230/183/320 1243/179/333 1250/180/340
f 1230/183/320 1250/180/340 1252/184/342
f 1232/185/322 1244/181/334 1251/182/341
f 1232/185/322 1251/182/341 1253/186/343
f 1231/187/321 1230/183/320 1252/184/342
f 1231/187/321 1252/184/342 1254/188/344
f 1233/189/323 1232/185/322 1253/186/343
f 1233/189/323 1253/186/343 1255/190/345
f 1234/191/324 1231/187/321 1254/188/344
f 1234/191/324 1254/188/344 1256/192/346
f 1235/193/325 1233/189/323 1255/190/345
f 1235/193/325 1255/190/345 1257/194/347
f 1236/195/326 1123/196/213 1258/197/348
f 1124/198/214 1234/191/324 1256/192/346
f 1237/199/327 1235/193/325 1257/194/347
f 1237/199/327 1257/194/347 1259/200/349
f 1238/170/328 1236/195/326 1258/197/348
f 1238/170/328 1258/197/348 1245/171/335
f 1239/174/329 1237/199/327 1259/200/349
f 1239/174/329 1259/200/349 1247/175/337
f 1255/190/345 1253/186/343 1260/201/350
f 1255/190/345 1260/201/350 1261/202/351
f 1256/192/346 1254/188/344 1262/203/352
f 1256/192/346 1262/203/352 1263/204/353
f 1257/194/347 1255/190/345 1261/202/351
f 1257/194/347 1261/202/351 1264/205/354
f 1258/197/348 1123/206/213 1265/207/355
f 1124/208/214 1256/192/346 1263/204/353
f 1259/200/349 1257/194/347 1264/205/354
f 1259/200/349 1264/205/354 1266/209/356
f 1245/171/335 1258/197/348 1265/207/355
f 1245/171/335 1265/207/355 1267/210/357
f 1247/175/337 1259/200/349 1266/209/356
f 1247/175/337 1266/209/356 1268/211/358
f 1246/172/336 1245/171/335 1267/210/357
f 1246/172/336 1267/210/357 1269/212/359
f 1248/176/338 1247/175/337 1268/211/358
f 1248/176/338 1268/211/358 1270/213/360
f 1249/178/339 1246/172/336 1269/212/359
f 1249/178/339 1269/212/359 1271/214/361
f 1250/180/340 1248/176/338 1270/213/360
f 1250/180/340 1270/213/360 1272/215/362
f 1251/182/341 1249/178/339 1271/214/361
f 1251/182/341 1271/214/361 1273/216/363
f 1252/184/342 1250/180/340 1272/215/362
f 1252/184/342 1272/215/362 1274/217/364
f 1253/186/343 1251/182/341 1273/216/363
f 1253/186/343 1273/216/363 1260/201/350
f 1254/188/344 1252/184/342 1274/217/364
f 1254/188/344 1274/217/364 1262/203/352
f 1270/213/360 1268/211/358 1101/9/191
f 1270/213/360 1101/9/191 1105/13/195
f 1271/214/361 1269/212/359 1103/11/193
f 1271/214/361 1103/11/193 1107/15/197
f 1272/215/362 1270/213/360 1105/13/195
f 1272/215/362 1105/13/195 1109/17/727
f 1273/216/363 1271/214/361 1107/15/197
f 1273/216/363 1107/15/197 1111/19/201
f 1274/217/364 1272/215/362 1109/17/727
f 1274/217/364 1109/17/727 1113/21/203
f 1260/201/350 1273/216/363 1111/19/201
f 1260/201/350 1111/19/201 1115/23/205
f 1262/203/352 1274/217/364 1113/21/203
f 1262/203/352 1113/21/203 1117/25/207
f 1261/202/351 1260/201/350 1115/23/205
f 1261/202/351 1115/23/205 1119/27/209
f 1263/204/353 1262/203/352 1117/25/207
f 1263/204/353 1117/25/207 1121/29/211
f 1264/205/354 1261/202/351 1119/27/209
f 1264/205/354 1119/27/209 1094/2/184
f 1265/207/355 1123/218/213 1098/6/188
f 1124/219/214 1263/204/353 1121/29/211
f 1266/209/356 1264/205/354 1094/2/184
f 1266/209/356 1094/2/184 1093/1/183
f 1267/210/357 1265/207/355 1098/6/188
f 1267/210/357 1098/6/188 1097/5/187
f 1268/211/358 1266/209/356 1093/1/183
f 1268/211/358 1093/1/183 1101/9/191
f 1269/212/359 1267/210/357 1097/5/187
f 1269/212/359 1097/5/187 1103/11/193
f 1275/1/729 1276/2/730 1277/3/731
f 1275/1/729 1277/3/731 1278/4/732
f 1279/5/733 1280/6/734 1281/7/735
f 1279/5/733 1281/7/735 1282/8/736
f 1283/9/737 1275/1/729 1278/4/732
f 1283/9/737 1278/4/732 1284/10/738
f 1285/11/739 1279/5/733 1282/8/736
f 1285/11/739 1282/8/736 1286/12/740
f 1287/13/741 1283/9/737 1284/10/738
f 1287/13/741 1284/10/738 1288/14/742
f 1289/15/743 1285/11/739 1286/12/740
f 1289/15/743 1286/12/740 1290/16/744
f 1291/17/745 1287/13/741 1288/14/742
f 1291/17/745 1288/14/742 1292/18/746
f 1293/19/747 1289/15/743 1290/16/744
f 1293/19/747 1290/16/744 1294/20/748
f 1295/21/749 1291/17/745 1292/18/746
f 1295/21/749 1292/18/746 1296/22/750
f 1297/23/751 1293/19/747 1294/20/748
f 1297/23/751 1294/20/748 1298/24/752
f 1299/25/753 1295/21/749 1296/22/750
f 1299/25/753 1296/22/750 1300/26/754
f 1301/27/755 1297/23/751 1298/24/752
f 1301/27/755 1298/24/752 1302/28/756
f 1303/29/757 1299/25/753 1300/26/754
f 1303/29/757 1300/26/754 1304/30/758
f 1276/2/730 1301/27/755 1302/28/756
f 1276/2/730 1302/28/756 1277/3/731
f 1280/6/734 1305/31/759 1281/7/735
f 1306/32/760 1303/29/757 1304/30/758
f 1277/3/731 1302/28/756 1307/33/761
f 1277/3/731 1307/33/761 1308/34/762
f 1281/7/735 1305/35/759 1309/36/763
f 1306/37/760 1304/30/758 1310/38/764
f 1278/4/732 1277/3/731 1308/34/762
f 1278/4/732 1308/34/762 1311/39/765
f 1282/8/736 1281/7/735 1309/36/763
f 1282/8/736 1309/36/763 1312/40/766
f 1284/10/738 1278/4/732 1311/39/765
f 1284/10/738 1311/39/765 1313/41/767
f 1286/12/740 1282/8/736 1312/40/766
f 1286/12/740 1312/40/766 1314/42/768
f 1288/14/742 1284/10/738 1313/41/767
f 1288/14/742 1313/41/767 1315/43/769
f 1290/16/744 1286/12/740 1314/42/768
f 1290/16/744 1314/42/768 1316/44/770
f 1292/18/746 1288/14/742 1315/43/769
f 1292/18/746 1315/43/769 1317/45/771
f 1294/20/748 1290/16/744 1316/44/770
f 1294/20/748 1316/44/770 1318/46/772
f 1296/22/750 1292/18/746 1317/45/771
f 1296/22/750 1317/45/771 1319/47/773
f 1298/24/752 1294/20/748 1318/46/772
f 1298/24/752 1318/46/772 1320/48/774
f 1300/26/754 1296/22/750 1319/47/773
f 1300/26/754 1319/47/773 1321/49/775
f 1302/28/756 1298/24/752 1320/48/774
f 1302/28/756 1320/48/774 1307/33/761
f 1304/30/758 1300/26/754 1321/49/775
f 1304/30/758 1321/49/775 1310/38/764
f 1317/45/771 1315/43/769 1322/50/776
f 1317/45/771 1322/50/776 1323/51/777
f 1318/46/772 1316/44/770 1324/52/778
f 1318/46/772 1324/52/778 1325/53/779
f 1319/47/773 1317/45/771 1323/51/777
f 1319/47/773 1323/51/777 1326/54/780
f 1320/48/774 1318/46/772 1325/53/779
f 1320/48/774 1325/53/779 1327/55/781
f 1321/49/775 1319/47/773 1326/54/780
f 1321/49/775 1326/54/780 1328/56/782
f 1307/33/761 1320/48/774 1327/55/781
f 1307/33/761 1327/55/781 1329/57/783
f 1310/38/764 1321/49/775 1328/56/782
f 1310/38/764 1328/56/782 1330/58/784
f 1308/34/762 1307/33/761 1329/57/783
f 1308/34/762 1329/57/783 1331/59/239
f 1309/36/763 1305/60/759 1332/61/785
f 1306/62/760 1310/38/764 1330/58/784
f 1311/39/765 1308/34/762 1331/59/239
f 1311/39/765 1331/59/239 1333/63/786
f 1312/40/766 1309/36/763 1332/61/785
f 1312/40/766 1332/61/785 1334/64/787
f 1313/41/767 1311/39/765 1333/63/786
f 1313/41/767 1333/63/786 1335/65/788
f 1314/42/768 1312/40/766 1334/64/787
f 1314/42/768 1334/64/787 1336/66/789
f 1315/43/769 1313/41/767 1335/65/788
f 1315/43/769 1335/65/788 1322/50/776
f 1316/44/770 1314/42/768 1336/66/789
f 1316/44/770 1336/66/789 1324/52/778
f 1332/61/785 1305/67/759 1337/68/790
f 1306/69/760 1330/58/784 1338/70/791
f 1333/63/786 1331/59/239 1339/71/792
f 1333/63/786 1339/71/792 1340/72/793
f 1334/64/787 1332/61/785 1337/68/790
f 1334/64/787 1337/68/790 1341/73/794
f 1335/65/788 1333/63/786 1340/72/793
f 1335/65/788 1340/72/793 1342/74/795
f 1336/66/789 1334/64/787 1341/73/794
f 1336/66/789 1341/73/794 1343/75/796
f 1322/50/776 1335/65/788 1342/74/795
f 1322/50/776 1342/74/795 1344/76/797
f 1324/52/778 1336/66/789 1343/75/796
f 1324/52/778 1343/75/796 1345/77/798
f 1323/51/777 1322/50/776 1344/76/797
f 1323/51/777 1344/76/797 1346/78/799
f 1325/53/779 1324/52/778 1345/77/798
f 1325/53/779 1345/77/798 1347/79/800
f 1326/54/780 1323/51/777 1346/78/799
f 1326/54/780 1346/78/799 1348/80/801
f 1327/55/781 1325/53/779 1347/79/800
f 1327/55/781 1347/79/800 1349/81/802
f 1328/56/782 1326/54/780 1348/80/801
f 1328/56/782 1348/80/801 1350/82/803
f 1329/57/783 1327/55/781 1349/81/802
f 1329/57/783 1349/81/802 1351/83/804
f 1330/58/784 1328/56/782 1350/82/803
f 1330/58/784 1350/82/803 1338/70/791
f 1331/59/239 1329/57/783 1351/83/804
f 1331/59/239 1351/83/804 1339/71/792
f 1347/79/800 1345/77/798 1352/84/805
f 1347/79/800 1352/84/805 1353/85/806
f 1348/80/801 1346/78/799 1354/86/807
f 1348/80/801 1354/86/807 1355/87/808
f 1349/81/802 1347/79/800 1353/85/806
f 1349/81/802 1353/85/806 1356/88/809
f 1350/82/803 1348/80/801 1355/87/808
f 1350/82/803 1355/87/808 1357/89/810
f 1351/83/804 1349/81/802 1356/88/809
f 1351/83/804 1356/88/809 1358/90/811
f 1338/70/791 1350/82/803 1357/89/810
f 1338/70/791 1357/89/810 1359/91/812
f 1339/71/792 1351/83/804 1358/90/811
f 1339/71/792 1358/90/811 1360/92/813
f 1337/68/790 1305/93/759 1361/94/814
f 1306/95/760 1338/70/791 1359/91/812
f 1340/72/793 1339/71/792 1360/92/813
f 1340/72/793 1360/92/813 1362/96/815
f 1341/73/794 1337/68/790 1361/94/814
f 1341/73/794 1361/94/814 1363/97/816
f 1342/74/795 1340/72/793 1362/96/815
f 1342/74/795 1362/96/815 1364/98/817
f 1343/75/796 1341/73/794 1363/97/816
f 1343/75/796 1363/97/816 1365/99/818
f 1344/76/797 1342/74/795 1364/98/817
f 1344/76/797 1364/98/817 1366/100/819
f 1345/77/798 1343/75/796 1365/99/818
f 1345/77/798 1365/99/818 1352/84/805
f 1346/78/799 1344/76/797 1366/100/819
f 1346/78/799 1366/100/819 1354/86/807
f 1362/96/815 1360/92/813 1367/101/820
f 1362/96/815 1367/101/820 1368/102/821
f 1363/97/816 1361/94/814 1369/103/822
f 1363/97/816 1369/103/822 1370/104/823
f 1364/98/817 1362/96/815 1368/102/821
f 1364/98/817 1368/102/821 1371/105/824
f 1365/99/818 1363/97/816 1370/104/823
f 1365/99/818 1370/104/823 1372/106/825
f 1366/100/819 1364/98/817 1371/105/824
f 1366/100/819 1371/105/824 1373/107/826
f 1352/84/805 1365/99/818 1372/106/825
f 1352/84/805 1372/106/825 1374/108/827
f 1354/86/807 1366/100/819 1373/107/826
f 1354/86/807 1373/107/826 1375/109/828
f 1353/85/806 1352/84/805 1374/108/827
f 1353/85/806 1374/108/827 1376/110/829
f 1355/87/808 1354/86/807 1375/109/828
f 1355/87/808 1375/109/828 1377/111/830
f 1356/88/809 1353/85/806 1376/110/829
f 1356/88/809 1376/110/829 1378/112/831
f 1357/89/810 1355/87/808 1377/111/830
f 1357/89/810 1377/111/830 1379/113/832
f 1358/90/811 1356/88/809 1378/112/831
f 1358/90/811 1378/112/831 1380/114/833
f 1359/91/812 1357/89/810 1379/113/832
f 1359/91/812 1379/113/832 1381/115/834
f 1360/92/813 1358/90/811 1380/114/833
f 1360/92/813 1380/114/833 1367/101/820
f 1361/94/814 1305/116/759 1369/103/822
f 1306/117/760 1359/91/812 1381/115/834
f 1377/111/830 1375/109/828 1382/118/835
f 1377/111/830 1382/118/835 1383/119/836
f 1378/112/831 1376/110/829 1384/120/837
f 1378/112/831 1384/120/837 1385/121/838
f 1379/113/832 1377/111/830 1383/119/836
f 1379/113/832 1383/119/836 1386/122/839
f 1380/114/833 1378/112/831 1385/121/838
f 1380/114/833 1385/121/838 1387/123/840
f 1381/115/834 1379/113/832 1386/122/839
f 1381/115/834 1386/122/839 1388/124/841
f 1367/101/820 1380/114/833 1387/123/840
f 1367/101/820 1387/123/840 1389/125/842
f 1369/103/822 1305/126/759 1390/127/843
f 1306/128/760 1381/115/834 1388/124/841
f 1368/102/821 1367/101/820 1389/125/842
f 1368/102/821 1389/125/842 1391/129/844
f 1370/104/823 1369/103/822 1390/127/843
f 1370/104/823 1390/127/843 1392/130/845
f 1371/105/824 1368/102/821 1391/129/844
f 1371/105/824 1391/129/844 1393/131/846
f 1372/106/825 1370/104/823 1392/130/845
f 1372/106/825 1392/130/845 1394/132/847
f 1373/107/826 1371/105/824 1393/131/846
f 1373/107/826 1393/131/846 1395/133/848
f 1374/108/827 1372/106/825 1394/132/847
f 1374/108/827 1394/132/847 1396/134/849
f 1375/109/828 1373/107/826 1395/133/848
f 1375/109/828 1395/133/848 1382/118/835
f 1376/110/829 1374/108/827 1396/134/849
f 1376/110/829 1396/134/849 1384/120/837
f 1393/131/846 1391/129/844 1397/135/850
f 1393/131/846 1397/135/850 1398/136/851
f 1394/132/847 1392/130/845 1399/137/852
f 1394/132/847 1399/137/852 1400/138/853
f 1395/133/848 1393/131/846 1398/136/851
f 1395/133/848 1398/136/851 1401/139/854
f 1396/134/849 1394/132/847 1400/138/853
f 1396/134/849 1400/138/853 1402/140/855
f 1382/118/835 1395/133/848 1401/139/854
f 1382/118/835 1401/139/854 1403/141/856
f 1384/120/837 1396/134/849 1402/140/855
f 1384/120/837 1402/140/855 1404/142/857
f 1383/119/836 1382/118/835 1403/141/856
f 1383/119/836 1403/141/856 1405/143/858
f 1385/121/838 1384/120/837 1404/142/857
f 1385/121/838 1404/142/857 1406/144/859
f 1386/122/839 1383/119/836 1405/143/858
f 1386/122/839 1405/143/858 1407/145/860
f 1387/123/840 1385/121/838 1406/144/859
f 1387/123/840 1406/144/859 1408/146/861
f 1388/124/841 1386/122/839 1407/145/860
f 1388/124/841 1407/145/860 1409/147/862
f 1389/125/842 1387/123/840 1408/146/861
f 1389/125/842 1408/146/861 1410/148/863
f 1390/127/843 1305/149/759 1411/150/864
f 1306/151/760 1388/124/841 1409/147/862
f 1391/129/844 1389/125/842 1410/148/863
f 1391/129/844 1410/148/863 1397/135/850
f 1392/130/845 1390/127/843 1411/150/864
f 1392/130/845 1411/150/864 1399/137/852
f 1407/145/860 1405/143/858 1412/152/865
f 1407/145/860 1412/152/865 1413/153/866
f 1408/146/861 1406/144/859 1414/154/867
f 1408/146/861 1414/154/867 1415/155/868
f 1409/147/862 1407/145/860 1413/153/866
f 1409/147/862 1413/153/866 1416/156/869
f 1410/148/863 1408/146/861 1415/155/868
f 1410/148/863 1415/155/868 1417/157/325
f 1411/150/864 1305/158/759 1418/159/870
f 1306/160/760 1409/147/862 1416/156/869
f 1397/135/850 1410/148/863 1417/157/325
f 1397/135/850 1417/157/325 1419/161/871
f 1399/137/852 1411/150/864 1418/159/870
f 1399/137/852 1418/159/870 1420/162/872
f 1398/136/851 1397/135/850 1419/161/871
f 1398/136/851 1419/161/871 1421/163/873
f 1400/138/853 1399/137/852 1420/162/872
f 1400/138/853 1420/162/872 1422/164/874
f 1401/139/854 1398/136/851 1421/163/873
f 1401/139/854 1421/163/873 1423/165/875
f 1402/140/855 1400/138/853 1422/164/874
f 1402/140/855 1422/164/874 1424/166/876
f 1403/141/856 1401/139/854 1423/165/875
f 1403/141/856 1423/165/875 1425/167/877
f 1404/142/857 1402/140/855 1424/166/876
f 1404/142/857 1424/166/876 1426/168/878
f 1405/143/858 1403/141/856 1425/167/877
f 1405/143/858 1425/167/877 1412/152/865
f 1406/144/859 1404/142/857 1426/168/878
f 1406/144/859 1426/168/878 1414/154/867
f 1422/169/874 1420/170/872 1427/171/879
f 1422/169/874 1427/171/879 1428/172/880
f 1423/173/875 1421/174/873 1429/175/881
f 1423/173/875 1429/175/881 1430/176/882
f 1424/177/876 1422/169/874 1428/172/880
f 1424/177/876 1428/172/880 1431/178/883
f 1425/179/877 1423/173/875 1430/176/882
f 1425/179/877 1430/176/882 1432/180/884
f 1426/181/878 1424/177/876 1431/178/883
f 1426/181/878 1431/178/883 1433/182/885
f 1412/183/865 1425/179/877 1432/180/884
f 1412/183/865 1432/180/884 1434/184/886
f 1414/185/867 1426/181/878 1433/182/885
f 1414/185/867 1433/182/885 1435/186/887
f 1413/187/866 1412/183/865 1434/184/886
f 1413/187/866 1434/184/886 1436/188/888
f 1415/189/868 1414/185/867 1435/186/887
f 1415/189/868 1435/186/887 1437/190/889
f 1416/191/869 1413/187/866 1436/188/888
f 1416/191/869 1436/188/888 1438/192/890
f 1417/193/325 1415/189/868 1437/190/889
f 1417/193/325 1437/190/889 1439/194/891
f 1418/195/870 1305/196/759 1440/197/892
f 1306/198/760 1416/191/869 1438/192/890
f 1419/199/871 1417/193/325 1439/194/891
f 1419/199/871 1439/194/891 1441/200/893
f 1420/170/872 1418/195/870 1440/197/892
f 1420/170/872 1440/197/892 1427/171/879
f 1421/174/873 1419/199/871 1441/200/893
f 1421/174/873 1441/200/893 1429/175/881
f 1437/190/889 1435/186/887 1442/201/894
f 1437/190/889 1442/201/894 1443/202/895
f 1438/192/890 1436/188/888 1444/203/896
f 1438/192/890 1444/203/896 1445/204/897
f 1439/194/891 1437/190/889 1443/202/895
f 1439/194/891 1443/202/895 1446/205/898
f 1440/197/892 1305/206/759 1447/207/899
f 1306/208/760 1438/192/890 1445/204/897
f 1441/200/893 1439/194/891 1446/205/898
f 1441/200/893 1446/205/898 1448/209/900
f 1427/171/879 1440/197/892 1447/207/899
f 1427/171/879 1447/207/899 1449/210/901
f 1429/175/881 1441/200/893 1448/209/900
f 1429/175/881 1448/209/900 1450/211/902
f 1428/172/880 1427/171/879 1449/210/901
f 1428/172/880 1449/210/901 1451/212/903
f 1430/176/882 1429/175/881 1450/211/902
f 1430/176/882 1450/211/902 1452/213/904
f 1431/178/883 1428/172/880 1451/212/903
f 1431/178/883 1451/212/903 1453/214/905
f 1432/180/884 1430/176/882 1452/213/904
f 1432/180/884 1452/213/904 1454/215/906
f 1433/182/885 1431/178/883 1453/214/905
f 1433/182/885 1453/214/905 1455/216/907
f 1434/184/886 1432/180/884 1454/215/906
f 1434/184/886 1454/215/906 1456/217/908
f 1435/186/887 1433/182/885 1455/216/907
f 1435/186/887 1455/216/907 1442/201/894
f 1436/188/888 1434/184/886 1456/217/908
f 1436/188/888 1456/217/908 1444/203/896
f 1452/213/904 1450/211/902 1283/9/737
f 1452/213/904 1283/9/737 1287/13/741
f 1453/214/905 1451/212/903 1285/11/739
f 1453/214/905 1285/11/739 1289/15/743
f 1454/215/906 1452/213/904 1287/13/741
f 1454/215/906 1287/13/741 1291/17/745
f 1455/216/907 1453/214/905 1289/15/743
f 1455/216/907 1289/15/743 1293/19/747
f 1456/217/908 1454/215/906 1291/17/745
f 1456/217/908 1291/17/745 1295/21/749
f 1442/201/894 1455/216/907 1293/19/747
f 1442/201/894 1293/19/747 1297/23/751
f 1444/203/896 1456/217/908 1295/21/749
f 1444/203/896 1295/21/749 1299/25/753
f 1443/202/895 1442/201/894 1297/23/751
f 1443/202/895 1297/23/751 1301/27/755
f 1445/204/897 1444/203/896 1299/25/753
f 1445/204/897 1299/25/753 1303/29/757
f 1446/205/898 1443/202/895 1301/27/755
f 1446/205/898 1301/27/755 1276/2/730
f 1447/207/899 1305/218/759 1280/6/734
f 1306/219/760 1445/204/897 1303/29/757
f 1448/209/900 1446/205/898 1276/2/730
f 1448/209/900 1276/2/730 1275/1/729
f 1449/210/901 1447/207/899 1280/6/734
f 1449/210/901 1280/6/734 1279/5/733
f 1450/211/902 1448/209/900 1275/1/729
f 1450/211/902 1275/1/729 1283/9/737
f 1451/212/903 1449/210/901 1279/5/733
f 1451/212/903 1279/5/733 1285/11/739
f 1457/1/547 1458/2/366 1459/3/548
f 1457/1/547 1459/3/548 1460/4/549
f 1461/5/725 1462/6/551 1463/7/552
f 1461/5/725 1463/7/552 1464/8/553
f 1465/9/554 1457/1/547 1460/4/549
f 1465/9/554 1460/4/549 1466/10/555
f 1467/11/556 1461/5/725 1464/8/553
f 1467/11/556 1464/8/553 1468/12/557
f 1469/13/558 1465/9/554 1466/10/555
f 1469/13/558 1466/10/555 1470/14/559
f 1471/15/560 1467/11/556 1468/12/557
f 1471/15/560 1468/12/557 1472/16/561
f 1473/17/562 1469/13/558 1470/14/559
f 1473/17/562 1470/14/559 1474/18/563
f 1475/19/564 1471/15/560 1472/16/561
f 1475/19/564 1472/16/561 1476/20/565
f 1477/21/566 1473/17/562 1474/18/563
f 1477/21/566 1474/18/563 1478/22/567
f 1479/23/568 1475/19/564 1476/20/565
f 1479/23/568 1476/20/565 1480/24/569
f 1481/25/570 1477/21/566 1478/22/567
f 1481/25/570 1478/22/567 1482/26/571
f 1483/27/572 1479/23/568 1480/24/569
f 1483/27/572 1480/24/569 1484/28/573
f 1485/29/574 1481/25/570 1482/26/571
f 1485/29/574 1482/26/571 1486/30/575
f 1458/2/366 1483/27/572 1484/28/573
f 1458/2/366 1484/28/573 1459/3/548
f 1462/6/551 1487/31/576 1463/7/552
f 1488/32/577 1485/29/574 1486/30/575
f 1459/3/548 1484/28/573 1489/33/578
f 1459/3/548 1489/33/578 1490/34/579
f 1463/7/552 1487/35/576 1491/36/580
f 1488/37/577 1486/30/575 1492/38/581
f 1460/4/549 1459/3/548 1490/34/579
f 1460/4/549 1490/34/579 1493/39/582
f 1464/8/553 1463/7/552 1491/36/580
f 1464/8/553 1491/36/580 1494/40/583
f 1466/10/555 1460/4/549 1493/39/582
f 1466/10/555 1493/39/582 1495/41/584
f 1468/12/557 1464/8/553 1494/40/583
f 1468/12/557 1494/40/583 1496/42/585
f 1470/14/559 1466/10/555 1495/41/584
f 1470/14/559 1495/41/584 1497/43/586
f 1472/16/561 1468/12/557 1496/42/585
f 1472/16/561 1496/42/585 1498/44/587
f 1474/18/563 1470/14/559 1497/43/586
f 1474/18/563 1497/43/586 1499/45/588
f 1476/20/565 1472/16/561 1498/44/587
f 1476/20/565 1498/44/587 1500/46/589
f 1478/22/567 1474/18/563 1499/45/588
f 1478/22/567 1499/45/588 1501/47/590
f 1480/24/569 1476/20/565 1500/46/589
f 1480/24/569 1500/46/589 1502/48/591
f 1482/26/571 1478/22/567 1501/47/590
f 1482/26/571 1501/47/590 1503/49/592
f 1484/28/573 1480/24/569 1502/48/591
f 1484/28/573 1502/48/591 1489/33/578
f 1486/30/575 1482/26/571 1503/49/592
f 1486/30/575 1503/49/592 1492/38/581
f 1499/45/588 1497/43/586 1504/50/593
f 1499/45/588 1504/50/593 1505/51/594
f 1500/46/589 1498/44/587 1506/52/595
f 1500/46/589 1506/52/595 1507/53/596
f 1501/47/590 1499/45/588 1505/51/594
f 1501/47/590 1505/51/594 1508/54/597
f 1502/48/591 1500/46/589 1507/53/596
f 1502/48/591 1507/53/596 1509/55/598
f 1503/49/592 1501/47/590 1508/54/597
f 1503/49/592 1508/54/597 1510/56/599
f 1489/33/578 1502/48/591 1509/55/598
f 1489/33/578 1509/55/598 1511/57/600
f 1492/38/581 1503/49/592 1510/56/599
f 1492/38/581 1510/56/599 1512/58/601
f 1490/34/579 1489/33/578 1511/57/600
f 1490/34/579 1511/57/600 1513/59/239
f 1491/36/580 1487/60/576 1514/61/602
f 1488/62/577 1492/38/581 1512/58/601
f 1493/39/582 1490/34/579 1513/59/239
f 1493/39/582 1513/59/239 1515/63/603
f 1494/40/583 1491/36/580 1514/61/602
f 1494/40/583 1514/61/602 1516/64/604
f 1495/41/584 1493/39/582 1515/63/603
f 1495/41/584 1515/63/603 1517/65/605
f 1496/42/585 1494/40/583 1516/64/604
f 1496/42/585 1516/64/604 1518/66/606
f 1497/43/586 1495/41/584 1517/65/605
f 1497/43/586 1517/65/605 1504/50/593
f 1498/44/587 1496/42/585 1518/66/606
f 1498/44/587 1518/66/606 1506/52/595
f 1514/61/602 1487/67/576 1519/68/607
f 1488/69/577 1512/58/601 1520/70/608
f 1515/63/603 1513/59/239 1521/71/609
f 1515/63/603 1521/71/609 1522/72/610
f 1516/64/604 1514/61/602 1519/68/607
f 1516/64/604 1519/68/607 1523/73/611
f 1517/65/605 1515/63/603 1522/72/610
f 1517/65/605 1522/72/610 1524/74/612
f 1518/66/606 1516/64/604 1523/73/611
f 1518/66/606 1523/73/611 1525/75/613
f 1504/50/593 1517/65/605 1524/74/612
f 1504/50/593 1524/74/612 1526/76/614
f 1506/52/595 1518/66/606 1525/75/613
f 1506/52/595 1525/75/613 1527/77/615
f 1505/51/594 1504/50/593 1526/76/614
f 1505/51/594 1526/76/614 1528/78/616
f 1507/53/596 1506/52/595 1527/77/615
f 1507/53/596 1527/77/615 1529/79/617
f 1508/54/597 1505/51/594 1528/78/616
f 1508/54/597 1528/78/616 1530/80/618
f 1509/55/598 1507/53/596 1529/79/617
f 1509/55/598 1529/79/617 1531/81/619
f 1510/56/599 1508/54/597 1530/80/618
f 1510/56/599 1530/80/618 1532/82/620
f 1511/57/600 1509/55/598 1531/81/619
f 1511/57/600 1531/81/619 1533/83/621
f 1512/58/601 1510/56/599 1532/82/620
f 1512/58/601 1532/82/620 1520/70/608
f 1513/59/239 1511/57/600 1533/83/621
f 1513/59/239 1533/83/621 1521/71/609
f 1529/79/617 1527/77/615 1534/84/622
f 1529/79/617 1534/84/622 1535/85/623
f 1530/80/618 1528/78/616 1536/86/624
f 1530/80/618 1536/86/624 1537/87/625
f 1531/81/619 1529/79/617 1535/85/623
f 1531/81/619 1535/85/623 1538/88/626
f 1532/82/620 1530/80/618 1537/87/625
f 1532/82/620 1537/87/625 1539/89/627
f 1533/83/621 1531/81/619 1538/88/626
f 1533/83/621 1538/88/626 1540/90/628
f 1520/70/608 1532/82/620 1539/89/627
f 1520/70/608 1539/89/627 1541/91/629
f 1521/71/609 1533/83/621 1540/90/628
f 1521/71/609 1540/90/628 1542/92/630
f 1519/68/607 1487/93/576 1543/94/631
f 1488/95/577 1520/70/608 1541/91/629
f 1522/72/610 1521/71/609 1542/92/630
f 1522/72/610 1542/92/630 1544/96/632
f 1523/73/611 1519/68/607 1543/94/631
f 1523/73/611 1543/94/631 1545/97/633
f 1524/74/612 1522/72/610 1544/96/632
f 1524/74/612 1544/96/632 1546/98/634
f 1525/75/613 1523/73/611 1545/97/633
f 1525/75/613 1545/97/633 1547/99/635
f 1526/76/614 1524/74/612 1546/98/634
f 1526/76/614 1546/98/634 1548/100/636
f 1527/77/615 1525/75/613 1547/99/635
f 1527/77/615 1547/99/635 1534/84/622
f 1528/78/616 1526/76/614 1548/100/636
f 1528/78/616 1548/100/636 1536/86/624
f 1544/96/632 1542/92/630 1549/101/457
f 1544/96/632 1549/101/457 1550/102/637
f 1545/97/633 1543/94/631 1551/103/638
f 1545/97/633 1551/103/638 1552/104/639
f 1546/98/634 1544/96/632 1550/102/637
f 1546/98/634 1550/102/637 1553/105/640
f 1547/99/635 1545/97/633 1552/104/639
f 1547/99/635 1552/104/639 1554/106/641
f 1548/100/636 1546/98/634 1553/105/640
f 1548/100/636 1553/105/640 1555/107/642
f 1534/84/622 1547/99/635 1554/106/641
f 1534/84/622 1554/106/641 1556/108/643
f 1536/86/624 1548/100/636 1555/107/642
f 1536/86/624 1555/107/642 1557/109/644
f 1535/85/623 1534/84/622 1556/108/643
f 1535/85/623 1556/108/643 1558/110/645
f 1537/87/625 1536/86/624 1557/109/644
f 1537/87/625 1557/109/644 1559/111/646
f 1538/88/626 1535/85/623 1558/110/645
f 1538/88/626 1558/110/645 1560/112/647
f 1539/89/627 1537/87/625 1559/111/646
f 1539/89/627 1559/111/646 1561/113/648
f 1540/90/628 1538/88/626 1560/112/647
f 1540/90/628 1560/112/647 1562/114/649
f 1541/91/629 1539/89/627 1561/113/648
f 1541/91/629 1561/113/648 1563/115/650
f 1542/92/630 1540/90/628 1562/114/649
f 1542/92/630 1562/114/649 1549/101/457
f 1543/94/631 1487/116/576 1551/103/638
f 1488/117/577 1541/91/629 1563/115/650
f 1559/111/646 1557/109/644 1564/118/651
f 1559/111/646 1564/118/651 1565/119/652
f 1560/112/647 1558/110/645 1566/120/653
f 1560/112/647 1566/120/653 1567/121/654
f 1561/113/648 1559/111/646 1565/119/652
f 1561/113/648 1565/119/652 1568/122/655
f 1562/114/649 1560/112/647 1567/121/654
f 1562/114/649 1567/121/654 1569/123/656
f 1563/115/650 1561/113/648 1568/122/655
f 1563/115/650 1568/122/655 1570/124/657
f 1549/101/457 1562/114/649 1569/123/656
f 1549/101/457 1569/123/656 1571/125/658
f 1551/103/638 1487/126/576 1572/127/659
f 1488/128/577 1563/115/650 1570/124/657
f 1550/102/637 1549/101/457 1571/125/658
f 1550/102/637 1571/125/658 1573/129/660
f 1552/104/639 1551/103/638 1572/127/659
f 1552/104/639 1572/127/659 1574/130/661
f 1553/105/640 1550/102/637 1573/129/660
f 1553/105/640 1573/129/660 1575/131/662
f 1554/106/641 1552/104/639 1574/130/661
f 1554/106/641 1574/130/661 1576/132/663
f 1555/107/642 1553/105/640 1575/131/662
f 1555/107/642 1575/131/662 1577/133/664
f 1556/108/643 1554/106/641 1576/132/663
f 1556/108/643 1576/132/663 1578/134/665
f 1557/109/644 1555/107/642 1577/133/664
f 1557/109/644 1577/133/664 1564/118/651
f 1558/110/645 1556/108/643 1578/134/665
f 1558/110/645 1578/134/665 1566/120/653
f 1575/131/662 1573/129/660 1579/135/666
f 1575/131/662 1579/135/666 1580/136/667
f 1576/132/663 1574/130/661 1581/137/668
f 1576/132/663 1581/137/668 1582/138/669
f 1577/133/664 1575/131/662 1580/136/667
f 1577/133/664 1580/136/667 1583/139/670
f 1578/134/665 1576/132/663 1582/138/669
f 1578/134/665 1582/138/669 1584/140/671
f 1564/118/651 1577/133/664 1583/139/670
f 1564/118/651 1583/139/670 1585/141/672
f 1566/120/653 1578/134/665 1584/140/671
f 1566/120/653 1584/140/671 1586/142/673
f 1565/119/652 1564/118/651 1585/141/672
f 1565/119/652 1585/141/672 1587/143/674
f 1567/121/654 1566/120/653 1586/142/673
f 1567/121/654 1586/142/673 1588/144/675
f 1568/122/655 1565/119/652 1587/143/674
f 1568/122/655 1587/143/674 1589/145/676
f 1569/123/656 1567/121/654 1588/144/675
f 1569/123/656 1588/144/675 1590/146/677
f 1570/124/657 1568/122/655 1589/145/676
f 1570/124/657 1589/145/676 1591/147/678
f 1571/125/658 1569/123/656 1590/146/677
f 1571/125/658 1590/146/677 1592/148/679
f 1572/127/659 1487/149/576 1593/150/680
f 1488/151/577 1570/124/657 1591/147/678
f 1573/129/660 1571/125/658 1592/148/679
f 1573/129/660 1592/148/679 1579/135/666
f 1574/130/661 1572/127/659 1593/150/680
f 1574/130/661 1593/150/680 1581/137/668
f 1589/145/676 1587/143/674 1594/152/681
f 1589/145/676 1594/152/681 1595/153/682
f 1590/146/677 1588/144/675 1596/154/683
f 1590/146/677 1596/154/683 1597/155/684
f 1591/147/678 1589/145/676 1595/153/682
f 1591/147/678 1595/153/682 1598/156/685
f 1592/148/679 1590/146/677 1597/155/684
f 1592/148/679 1597/155/684 1599/157/325
f 1593/150/680 1487/158/576 1600/159/686
f 1488/160/577 1591/147/678 1598/156/685
f 1579/135/666 1592/148/679 1599/157/325
f 1579/135/666 1599/157/325 1601/161/687
f 1581/137/668 1593/150/680 1600/159/686
f 1581/137/668 1600/159/686 1602/162/688
f 1580/136/667 1579/135/666 1601/161/687
f 1580/136/667 1601/161/687 1603/163/689
f 1582/138/669 1581/137/668 1602/162/688
f 1582/138/669 1602/162/688 1604/164/690
f 1583/139/670 1580/136/667 1603/163/689
f 1583/139/670 1603/163/689 1605/165/691
f 1584/140/671 1582/138/669 1604/164/690
f 1584/140/671 1604/164/690 1606/166/692
f 1585/141/672 1583/139/670 1605/165/691
f 1585/141/672 1605/165/691 1607/167/693
f 1586/142/673 1584/140/671 1606/166/692
f 1586/142/673 1606/166/692 1608/168/694
f 1587/143/674 1585/141/672 1607/167/693
f 1587/143/674 1607/167/693 1594/152/681
f 1588/144/675 1586/142/673 1608/168/694
f 1588/144/675 1608/168/694 1596/154/683
f 1604/169/690 1602/170/688 1609/171/695
f 1604/169/690 1609/171/695 1610/172/696
f 1605/173/691 1603/174/689 1611/175/697
f 1605/173/691 1611/175/697 1612/176/698
f 1606/177/692 1604/169/690 1610/172/696
f 1606/177/692 1610/172/696 1613/178/699
f 1607/179/693 1605/173/691 1612/176/698
f 1607/179/693 1612/176/698 1614/180/700
f 1608/181/694 1606/177/692 1613/178/699
f 1608/181/694 1613/178/699 1615/182/701
f 1594/183/681 1607/179/693 1614/180/700
f 1594/183/681 1614/180/700 1616/184/702
f 1596/185/683 1608/181/694 1615/182/701
f 1596/185/683 1615/182/701 1617/186/703
f 1595/187/682 1594/183/681 1616/184/702
f 1595/187/682 1616/184/702 1618/188/704
f 1597/189/684 1596/185/683 1617/186/703
f 1597/189/684 1617/186/703 1619/190/705
f 1598/191/685 1595/187/682 1618/188/704
f 1598/191/685 1618/188/704 1620/192/706
f 1599/193/325 1597/189/684 1619/190/705
f 1599/193/325 1619/190/705 1621/194/707
f 1600/195/686 1487/196/576 1622/197/708
f 1488/198/577 1598/191/685 1620/192/706
f 1601/199/687 1599/193/325 1621/194/707
f 1601/199/687 1621/194/707 1623/200/709
f 1602/170/688 1600/195/686 1622/197/708
f 1602/170/688 1622/197/708 1609/171/695
f 1603/174/689 1601/199/687 1623/200/709
f 1603/174/689 1623/200/709 1611/175/697
f 1619/190/705 1617/186/703 1624/201/710
f 1619/190/705 1624/201/710 1625/202/711
f 1620/192/706 1618/188/704 1626/203/712
f 1620/192/706 1626/203/712 1627/204/713
f 1621/194/707 1619/190/705 1625/202/711
f 1621/194/707 1625/202/711 1628/205/714
f 1622/197/708 1487/206/576 1629/207/715
f 1488/208/577 1620/192/706 1627/204/713
f 1623/200/709 1621/194/707 1628/205/714
f 1623/200/709 1628/205/714 1630/209/716
f 1609/171/695 1622/197/708 1629/207/715
f 1609/171/695 1629/207/715 1631/210/717
f 1611/175/697 1623/200/709 1630/209/716
f 1611/175/697 1630/209/716 1632/211/718
f 1610/172/696 1609/171/695 1631/210/717
f 1610/172/696 1631/210/717 1633/212/719
f 1612/176/698 1611/175/697 1632/211/718
f 1612/176/698 1632/211/718 1634/213/720
f 1613/178/699 1610/172/696 1633/212/719
f 1613/178/699 1633/212/719 1635/214/721
f 1614/180/700 1612/176/698 1634/213/720
f 1614/180/700 1634/213/720 1636/215/722
f 1615/182/701 1613/178/699 1635/214/721
f 1615/182/701 1635/214/721 1637/216/723
f 1616/184/702 1614/180/700 1636/215/722
f 1616/184/702 1636/215/722 1638/217/724
f 1617/186/703 1615/182/701 1637/216/723
f 1617/186/703 1637/216/723 1624/201/710
f 1618/188/704 1616/184/702 1638/217/724
f 1618/188/704 1638/217/724 1626/203/712
f 1634/213/720 1632/211/718 1465/9/554
f 1634/213/720 1465/9/554 1469/13/558
f 1635/214/721 1633/212/719 1467/11/556
f 1635/214/721 1467/11/556 1471/15/560
f 1636/215/722 1634/213/720 1469/13/558
f 1636/215/722 1469/13/558 1473/17/562
f 1637/216/723 1635/214/721 1471/15/560
f 1637/216/723 1471/15/560 1475/19/564
f 1638/217/724 1636/215/722 1473/17/562
f 1638/217/724 1473/17/562 1477/21/566
f 1624/201/710 1637/216/723 1475/19/564
f 1624/201/710 1475/19/564 1479/23/568
f 1626/203/712 1638/217/724 1477/21/566
f 1626/203/712 1477/21/566 1481/25/570
f 1625/202/711 1624/201/710 1479/23/568
f 1625/202/711 1479/23/568 1483/27/572
f 1627/204/713 1626/203/712 1481/25/570
f 1627/204/713 1481/25/570 1485/29/574
f 1628/205/714 1625/202/711 1483/27/572
f 1628/205/714 1483/27/572 1458/2/366
f 1629/207/715 1487/218/576 1462/6/551
f 1488/219/577 1627/204/713 1485/29/574
f 1630/209/716 1628/205/714 1458/2/366
f 1630/209/716 1458/2/366 1457/1/547
f 1631/210/717 1629/207/715 1462/6/551
f 1631/210/717 1462/6/551 1461/5/725
f 1632/211/718 1630/209/716 1457/1/547
f 1632/211/718 1457/1/547 1465/9/554
f 1633/212/719 1631/210/717 1461/5/725
f 1633/212/719 1461/5/725 1467/11/556
f 1639/220/325 1640/221/909 1641/222/910
f 1639/220/325 1641/222/910 1642/223/911
f 1643/224/366 1644/225/912 1645/226/913
f 1643/224/366 1645/226/913 1646/227/914
f 1647/228/239 1648/229/915 1649/230/916
f 1647/228/239 1649/230/916 1650/231/917
f 1651/232/457 1652/233/918 1653/35/919
f 1651/232/457 1653/35/919 1654/234/920
f 1655/235/577 1656/236/921 1657/237/922
f 1655/235/577 1657/237/922 1658/238/923
f 1659/239/924 1660/240/925 1653/241/919
f 1659/239/924 1653/241/919 1652/242/918
f 1661/243/926 1662/19/927 1663/244/928
f 1661/243/926 1663/244/928 1664/245/929
f 1665/246/930 1666/27/931 1667/23/932
f 1665/246/930 1667/23/932 1668/247/933
f 1669/248/934 1640/249/909 1670/250/935
f 1669/248/934 1670/250/935 1671/251/936
f 1672/252/577 1673/253/577 1674/254/923
f 1672/252/577 1674/254/923 1675/255/923
f 1676/256/577 1677/114/577 1678/257/577
f 1676/256/577 1678/257/577 1679/258/577
f 1680/259/577 1681/260/921 1682/261/921
f 1680/259/577 1682/261/921 1683/262/577
f 1684/263/457 1685/264/457 1686/265/920
f 1684/263/457 1686/265/920 1687/266/920
f 1688/267/457 1689/66/457 1690/64/457
f 1688/267/457 1690/64/457 1691/268/457
f 1692/269/457 1664/270/929 1663/271/928
f 1692/269/457 1663/271/928 1693/272/457
f 1694/273/239 1695/53/239 1696/274/917
f 1694/273/239 1696/274/917 1697/275/917
f 1698/276/239 1699/57/239 1700/277/239
f 1698/276/239 1700/277/239 1701/278/239
f 1702/279/239 1703/280/937 1704/281/938
f 1702/279/239 1704/281/938 1705/282/239
f 1706/283/366 1707/63/366 1708/59/914
f 1706/283/366 1708/59/914 1709/284/914
f 1710/285/366 1711/286/366 1712/65/366
f 1710/285/366 1712/65/366 1713/287/366
f 1714/288/366 1715/289/939 1716/290/940
f 1714/288/366 1716/290/940 1717/291/366
f 1718/292/325 1719/54/325 1720/51/911
f 1718/292/325 1720/51/911 1721/293/911
f 1722/294/325 1723/295/325 1724/56/325
f 1722/294/325 1724/56/325 1725/296/325
f 1726/297/325 1660/298/925 1670/299/935
f 1726/297/325 1670/299/935 1727/300/325
f 1723/295/325 1726/297/325 1727/300/325
f 1723/295/325 1727/300/325 1724/56/325
f 1686/301/920 1654/302/920 1726/297/325
f 1686/301/920 1726/297/325 1723/295/325
f 1654/302/920 1653/37/919 1660/298/925
f 1654/302/920 1660/298/925 1726/297/325
f 1728/303/941 1722/294/325 1725/296/325
f 1728/303/941 1725/296/325 1729/304/941
f 1730/95/942 1687/305/920 1722/294/325
f 1730/95/942 1722/294/325 1728/303/941
f 1687/305/920 1686/301/920 1723/295/325
f 1687/305/920 1723/295/325 1722/294/325
f 1731/306/941 1718/292/325 1721/293/911
f 1731/306/941 1721/293/911 1732/307/943
f 1729/304/941 1725/296/325 1718/292/325
f 1729/304/941 1718/292/325 1731/306/941
f 1725/296/325 1724/56/325 1719/54/325
f 1725/296/325 1719/54/325 1718/292/325
f 1711/286/366 1714/288/366 1717/291/366
f 1711/286/366 1717/291/366 1712/65/366
f 1720/51/911 1642/223/911 1714/288/366
f 1720/51/911 1714/288/366 1711/286/366
f 1642/223/911 1641/222/910 1715/289/939
f 1642/223/911 1715/289/939 1714/288/366
f 1733/308/944 1710/285/366 1713/287/366
f 1733/308/944 1713/287/366 1734/309/944
f 1732/307/943 1721/293/911 1710/285/366
f 1732/307/943 1710/285/366 1733/308/944
f 1721/293/911 1720/51/911 1711/286/366
f 1721/293/911 1711/286/366 1710/285/366
f 1735/310/944 1706/283/366 1709/284/914
f 1735/310/944 1709/284/914 1736/311/945
f 1734/309/944 1713/287/366 1706/283/366
f 1734/309/944 1706/283/366 1735/310/944
f 1713/287/366 1712/65/366 1707/63/366
f 1713/287/366 1707/63/366 1706/283/366
f 1699/57/239 1702/279/239 1705/282/239
f 1699/57/239 1705/282/239 1700/277/239
f 1708/59/914 1646/227/914 1702/279/239
f 1708/59/914 1702/279/239 1699/57/239
f 1646/227/914 1645/226/913 1703/280/937
f 1646/227/914 1703/280/937 1702/279/239
f 1681/260/921 1698/276/239 1701/278/239
f 1681/260/921 1701/278/239 1682/261/921
f 1736/311/945 1709/284/914 1698/276/239
f 1736/311/945 1698/276/239 1681/260/921
f 1709/284/914 1708/59/914 1699/57/239
f 1709/284/914 1699/57/239 1698/276/239
f 1656/236/921 1694/273/239 1697/275/917
f 1656/236/921 1697/275/917 1657/237/922
f 1682/261/921 1701/278/239 1694/273/239
f 1682/261/921 1694/273/239 1656/236/921
f 1701/278/239 1700/277/239 1695/53/239
f 1701/278/239 1695/53/239 1694/273/239
f 1689/66/457 1692/269/457 1693/272/457
f 1689/66/457 1693/272/457 1690/64/457
f 1696/274/917 1650/231/917 1692/269/457
f 1696/274/917 1692/269/457 1689/66/457
f 1650/231/917 1649/230/916 1664/270/929
f 1650/231/917 1664/270/929 1692/269/457
f 1658/312/923 1688/267/457 1691/268/457
f 1658/312/923 1691/268/457 1674/313/923
f 1657/237/922 1697/275/917 1688/267/457
f 1657/237/922 1688/267/457 1658/312/923
f 1697/275/917 1696/274/917 1689/66/457
f 1697/275/917 1689/66/457 1688/267/457
f 1675/314/923 1684/263/457 1687/266/920
f 1675/314/923 1687/266/920 1730/93/942
f 1674/313/923 1691/268/457 1684/263/457
f 1674/313/923 1684/263/457 1675/314/923
f 1691/268/457 1690/64/457 1685/264/457
f 1691/268/457 1685/264/457 1684/263/457
f 1677/114/577 1680/259/577 1683/262/577
f 1677/114/577 1683/262/577 1678/257/577
f 1734/101/944 1735/315/944 1680/259/577
f 1734/101/944 1680/259/577 1677/114/577
f 1735/315/944 1736/311/945 1681/260/921
f 1735/315/944 1681/260/921 1680/259/577
f 1731/316/941 1676/256/577 1679/258/577
f 1731/316/941 1679/258/577 1729/317/941
f 1732/318/943 1733/319/944 1676/256/577
f 1732/318/943 1676/256/577 1731/316/941
f 1733/319/944 1734/101/944 1677/114/577
f 1733/319/944 1677/114/577 1676/256/577
f 1728/320/941 1672/252/577 1675/255/923
f 1728/320/941 1675/255/923 1730/321/942
f 1729/317/941 1679/258/577 1672/252/577
f 1729/317/941 1672/252/577 1728/320/941
f 1679/258/577 1678/257/577 1673/253/577
f 1679/258/577 1673/253/577 1672/252/577
f 1666/27/931 1669/248/934 1671/251/936
f 1666/27/931 1671/251/936 1667/23/932
f 1716/2/940 1715/322/939 1669/248/934
f 1716/2/940 1669/248/934 1666/27/931
f 1715/322/939 1641/323/910 1640/249/909
f 1715/322/939 1640/249/909 1669/248/934
f 1703/280/937 1665/246/930 1668/247/933
f 1703/280/937 1668/247/933 1704/281/938
f 1645/226/913 1644/324/912 1665/246/930
f 1645/226/913 1665/246/930 1703/280/937
f 1644/324/912 1716/2/940 1666/27/931
f 1644/324/912 1666/27/931 1665/246/930
f 1648/229/915 1661/243/926 1664/245/929
f 1648/229/915 1664/245/929 1649/230/916
f 1704/281/938 1668/247/933 1661/243/926
f 1704/281/938 1661/243/926 1648/229/915
f 1668/247/933 1667/23/932 1662/19/927
f 1668/247/933 1662/19/927 1661/243/926
f 1662/19/927 1659/239/924 1652/242/918
f 1662/19/927 1652/242/918 1663/244/928
f 1667/23/932 1671/251/936 1659/239/924
f 1667/23/932 1659/239/924 1662/19/927
f 1671/251/936 1670/250/935 1660/240/925
f 1671/251/936 1660/240/925 1659/239/924
f 1673/253/577 1655/235/577 1658/238/923
f 1673/253/577 1658/238/923 1674/254/923
f 1678/257/577 1683/262/577 1655/235/577
f 1678/257/577 1655/235/577 1673/253/577
f 1683/262/577 1682/261/921 1656/236/921
f 1683/262/577 1656/236/921 1655/235/577
f 1685/264/457 1651/232/457 1654/234/920
f 1685/264/457 1654/234/920 1686/265/920
f 1690/64/457 1693/272/457 1651/232/457
f 1690/64/457 1651/232/457 1685/264/457
f 1693/272/457 1663/271/928 1652/233/918
f 1693/272/457 1652/233/918 1651/232/457
f 1695/53/239 1647/228/239 1650/231/917
f 1695/53/239 1650/231/917 1696/274/917
f 1700/277/239 1705/282/239 1647/228/239
f 1700/277/239 1647/228/239 1695/53/239
f 1705/282/239 1704/281/938 1648/229/915
f 1705/282/239 1648/229/915 1647/228/239
f 1707/63/366 1643/224/366 1646/227/914
f 1707/63/366 1646/227/914 1708/59/914
f 1712/65/366 1717/291/366 1643/224/366
f 1712/65/366 1643/224/366 1707/63/366
f 1717/291/366 1716/290/940 1644/225/912
f 1717/291/366 1644/225/912 1643/224/366
f 1719/54/325 1639/220/325 1642/223/911
f 1719/54/325 1642/223/911 1720/51/911
f 1724/56/325 1727/300/325 1639/220/325
f 1724/56/325 1639/220/325 1719/54/325
f 1727/300/325 1670/299/935 1640/221/909
f 1727/300/325 1640/221/909 1639/220/325

# Mesh
g Sphere.011_Sphere.013-1
usemtl Material.016
f 1737/325/239 1738/326/239 1739/327/239
f 1737/325/239 1739/327/239 1740/328/239
f 1741/329/946 1742/330/946 1743/331/946
f 1741/329/946 1743/331/946 1744/332/946
f 1745/333/947 1746/334/947 1747/335/947
f 1745/333/947 1747/335/947 1748/336/947
f 1749/337/577 1750/338/577 1751/339/577
f 1749/337/577 1751/339/577 1752/340/577
f 1753/341/948 1754/342/948 1755/343/948
f 1753/341/948 1755/343/948 1756/344/948
f 1757/345/949 1758/346/949 1759/347/949
f 1757/345/949 1759/347/949 1760/348/949
f 1754/342/950 1738/326/950 1737/325/950
f 1754/342/950 1737/325/950 1755/343/950
f 1761/349/576 1762/350/576 1763/351/576
f 1761/349/576 1763/351/576 1764/352/576
f 1765/353/325 1766/354/325 1767/355/325
f 1765/353/325 1767/355/325 1768/356/325
f 1769/357/366 1770/358/366 1757/359/366
f 1757/359/366 1760/360/366 1741/361/366
f 1741/361/366 1744/362/366 1753/363/366
f 1753/363/366 1756/364/366 1769/357/366
f 1769/357/366 1757/359/366 1741/361/366
f 1741/361/366 1753/363/366 1769/357/366
f 1751/339/577 1750/338/577 1746/334/577
f 1751/339/577 1746/334/577 1745/333/577
f 1758/346/951 1766/354/951 1765/353/951
f 1758/346/951 1765/353/951 1759/347/951
f 1742/330/576 1762/350/576 1761/349/576
f 1742/330/576 1761/349/576 1743/331/576
f 1748/365/457 1747/366/457 1771/367/457
f 1771/367/457 1772/368/457 1773/369/457
f 1773/369/457 1774/370/457 1775/371/457
f 1775/371/457 1776/372/457 1748/365/457
f 1748/365/457 1771/367/457 1773/369/457
f 1773/369/457 1775/371/457 1748/365/457
f 1740/328/952 1739/327/952 1772/373/952
f 1740/328/952 1772/373/952 1771/374/952
f 1768/356/953 1767/355/953 1776/375/953
f 1768/356/953 1776/375/953 1775/376/953
f 1764/352/954 1763/351/954 1774/377/954
f 1764/352/954 1774/377/954 1773/378/954
f 1755/379/955 1737/380/955 1750/338/955
f 1755/379/955 1750/338/955 1749/337/955
f 1758/381/956 1757/382/956 1770/383/956
f 1758/381/956 1770/383/956 1752/340/956
f 1742/330/957 1741/329/957 1760/384/957
f 1742/330/957 1760/384/957 1759/385/957
f 1754/386/958 1753/387/958 1744/332/958
f 1754/386/958 1744/332/958 1743/331/958
f 1756/388/959 1755/379/959 1749/337/959
f 1756/388/959 1749/337/959 1769/389/959
f 1766/390/960 1758/381/960 1752/340/960
f 1766/390/960 1752/340/960 1751/339/960
f 1762/350/961 1742/330/961 1759/385/961
f 1762/350/961 1759/385/961 1765/391/961
f 1738/392/962 1754/386/962 1743/331/962
f 1738/392/962 1743/331/962 1761/349/962
f 1767/393/963 1766/390/963 1751/339/963
f 1767/393/963 1751/339/963 1745/333/963
f 1737/380/964 1740/394/964 1746/334/964
f 1737/380/964 1746/334/964 1750/338/964
f 1761/349/965 1764/352/965 1739/395/965
f 1761/349/965 1739/395/965 1738/392/965
f 1763/351/966 1762/350/966 1765/391/966
f 1763/351/966 1765/391/966 1768/396/966
f 1772/397/967 1739/395/967 1764/352/967
f 1772/397/967 1764/352/967 1773/378/967
f 1768/396/968 1775/398/968 1774/377/968
f 1768/396/968 1774/377/968 1763/351/968
f 1776/399/969 1767/393/969 1745/333/969
f 1776/399/969 1745/333/969 1748/336/969
f 1740/394/970 1771/400/970 1747/335/970
f 1740/394/970 1747/335/970 1746/334/970
f 1769/389/971 1749/337/971 1752/340/971
f 1769/389/971 1752/340/971 1770/383/971
f 1737/325/239 1738/326/239 1739/327/239
f 1737/325/239 1739/327/239 1740/328/239
f 1741/329/946 1742/330/946 1743/331/946
f 1741/329/946 1743/331/946 1744/332/946
f 1745/333/947 1746/334/947 1747/335/947
f 1745/333/947 1747/335/947 1748/336/947
f 1749/337/577 1750/338/577 1751/339/577
f 1749/337/577 1751/339/577 1752/340/577
f 1753/341/948 1754/342/948 1755/343/948
f 1753/341/948 1755/343/948 1756/344/948
f 1757/345/949 1758/346/949 1759/347/949
f 1757/345/949 1759/347/949 1760/348/949
f 1754/342/950 1738/326/950 1737/325/950
f 1754/342/950 1737/325/950 1755/343/950
f 1761/349/576 1762/350/576 1763/351/576
f 1761/349/576 1763/351/576 1764/352/576
f 1765/353/325 1766/354/325 1767/355/325
f 1765/353/325 1767/355/325 1768/356/325
f 1769/357/366 1770/358/366 1757/359/366
f 1757/359/366 1760/360/366 1741/361/366
f 1741/361/366 1744/362/366 1753/363/366
f 1753/363/366 1756/364/366 1769/357/366
f 1769/357/366 1757/359/366 1741/361/366
f 1741/361/366 1753/363/366 1769/357/366
f 1751/339/577 1750/338/577 1746/334/577
f 1751/339/577 1746/334/577 1745/333/577
f 1758/346/951 1766/354/951 1765/353/951
f 1758/346/951 1765/353/951 1759/347/951
f 1742/330/576 1762/350/576 1761/349/576
f 1742/330/576 1761/349/576 1743/331/576
f 1748/365/457 1747/366/457 1771/367/457
f 1771/367/457 1772/368/457 1773/369/457
f 1773/369/457 1774/370/457 1775/371/457
f 1775/371/457 1776/372/457 1748/365/457
f 1748/365/457 1771/367/457 1773/369/457
f 1773/369/457 1775/371/457 1748/365/457
f 1740/328/952 1739/327/952 1772/373/952
f 1740/328/952 1772/373/952 1771/374/952
f 1768/356/953 1767/355/953 1776/375/953
f 1768/356/953 1776/375/953 1775/376/953
f 1764/352/954 1763/351/954 1774/377/954
f 1764/352/954 1774/377/954 1773/378/954
f 1755/379/955 1737/380/955 1750/338/955
f 1755/379/955 1750/338/955 1749/337/955
f 1758/381/956 1757/382/956 1770/383/956
f 1758/381/956 1770/383/956 1752/340/956
f 1742/330/957 1741/329/957 1760/384/957
f 1742/330/957 1760/384/957 1759/385/957
f 1754/386/958 1753/387/958 1744/332/958
f 1754/386/958 1744/332/958 1743/331/958
f 1756/388/959 1755/379/959 1749/337/959
f 1756/388/959 1749/337/959 1769/389/959
f 1766/390/960 1758/381/960 1752/340/960
f 1766/390/960 1752/340/960 1751/339/960
f 1762/350/961 1742/330/961 1759/385/961
f 1762/350/961 1759/385/961 1765/391/961
f 1738/392/962 1754/386/962 1743/331/962
f 1738/392/962 1743/331/962 1761/349/962
f 1767/393/963 1766/390/963 1751/339/963
f 1767/393/963 1751/339/963 1745/333/963
f 1737/380/964 1740/394/964 1746/334/964
f 1737/380/964 1746/334/964 1750/338/964
f 1761/349/965 1764/352/965 1739/395/965
f 1761/349/965 1739/395/965 1738/392/965
f 1763/351/966 1762/350/966 1765/391/966
f 1763/351/966 1765/391/966 1768/396/966
f 1772/397/967 1739/395/967 1764/352/967
f 1772/397/967 1764/352/967 1773/378/967
f 1768/396/968 1775/398/968 1774/377/968
f 1768/396/968 1774/377/968 1763/351/968
f 1776/399/969 1767/393/969 1745/333/969
f 1776/399/969 1745/333/969 1748/336/969
f 1740/394/970 1771/400/970 1747/335/970
f 1740/394/970 1747/335/970 1746/334/970
f 1769/389/971 1749/337/971 1752/340/971
f 1769/389/971 1752/340/971 1770/383/971

# Mesh
g Sphere.011_Sphere.013-2
usemtl Material.017
f 1777/325/239 1778/326/239 1779/327/239
f 1777/325/239 1779/327/239 1780/328/239
f 1781/329/946 1782/330/946 1783/331/946
f 1781/329/946 1783/331/946 1784/332/946
f 1785/333/947 1786/334/947 1787/335/947
f 1785/333/947 1787/335/947 1788/336/947
f 1789/337/577 1790/338/577 1791/339/577
f 1789/337/577 1791/339/577 1792/340/577
f 1793/341/948 1794/342/948 1795/343/948
f 1793/341/948 1795/343/948 1796/344/948
f 1797/345/949 1798/346/949 1799/347/949
f 1797/345/949 1799/347/949 1800/348/949
f 1794/342/950 1778/326/950 1777/325/950
f 1794/342/950 1777/325/950 1795/343/950
f 1801/349/576 1802/350/576 1803/351/576
f 1801/349/576 1803/351/576 1804/352/576
f 1805/353/325 1806/354/325 1807/355/325
f 1805/353/325 1807/355/325 1808/356/325
f 1809/357/366 1810/358/366 1797/359/366
f 1797/359/366 1800/360/366 1781/361/366
f 1781/361/366 1784/362/366 1793/363/366
f 1793/363/366 1796/364/366 1809/357/366
f 1809/357/366 1797/359/366 1781/361/366
f 1781/361/366 1793/363/366 1809/357/366
f 1791/339/577 1790/338/577 1786/334/577
f 1791/339/577 1786/334/577 1785/333/577
f 1798/346/951 1806/354/951 1805/353/951
f 1798/346/951 1805/353/951 1799/347/951
f 1782/330/576 1802/350/576 1801/349/576
f 1782/330/576 1801/349/576 1783/331/576
f 1788/365/457 1787/366/457 1811/367/457
f 1811/367/457 1812/368/457 1813/369/457
f 1813/369/457 1814/370/457 1815/371/457
f 1815/371/457 1816/372/457 1788/365/457
f 1788/365/457 1811/367/457 1813/369/457
f 1813/369/457 1815/371/457 1788/365/457
f 1780/328/952 1779/327/952 1812/373/952
f 1780/328/952 1812/373/952 1811/374/952
f 1808/356/953 1807/355/953 1816/375/953
f 1808/356/953 1816/375/953 1815/376/953
f 1804/352/954 1803/351/954 1814/377/954
f 1804/352/954 1814/377/954 1813/378/954
f 1795/379/955 1777/380/955 1790/338/955
f 1795/379/955 1790/338/955 1789/337/955
f 1798/381/956 1797/382/956 1810/383/956
f 1798/381/956 1810/383/956 1792/340/956
f 1782/330/957 1781/329/957 1800/384/957
f 1782/330/957 1800/384/957 1799/385/957
f 1794/386/958 1793/387/958 1784/332/958
f 1794/386/958 1784/332/958 1783/331/958
f 1796/388/959 1795/379/959 1789/337/959
f 1796/388/959 1789/337/959 1809/389/959
f 1806/390/960 1798/381/960 1792/340/960
f 1806/390/960 1792/340/960 1791/339/960
f 1802/350/961 1782/330/961 1799/385/961
f 1802/350/961 1799/385/961 1805/391/961
f 1778/392/962 1794/386/962 1783/331/962
f 1778/392/962 1783/331/962 1801/349/962
f 1807/393/963 1806/390/963 1791/339/963
f 1807/393/963 1791/339/963 1785/333/963
f 1777/380/964 1780/394/964 1786/334/964
f 1777/380/964 1786/334/964 1790/338/964
f 1801/349/965 1804/352/965 1779/395/965
f 1801/349/965 1779/395/965 1778/392/965
f 1803/351/966 1802/350/966 1805/391/966
f 1803/351/966 1805/391/966 1808/396/966
f 1812/397/967 1779/395/967 1804/352/967
f 1812/397/967 1804/352/967 1813/378/967
f 1808/396/968 1815/398/968 1814/377/968
f 1808/396/968 1814/377/968 1803/351/968
f 1816/399/969 1807/393/969 1785/333/969
f 1816/399/969 1785/333/969 1788/336/969
f 1780/394/970 1811/400/970 1787/335/970
f 1780/394/970 1787/335/970 1786/334/970
f 1809/389/971 1789/337/971 1792/340/971
f 1809/389/971 1792/340/971 1810/383/971
f 1777/325/239 1778/326/239 1779/327/239
f 1777/325/239 1779/327/239 1780/328/239
f 1781/329/946 1782/330/946 1783/331/946
f 1781/329/946 1783/331/946 1784/332/946
f 1785/333/947 1786/334/947 1787/335/947
f 1785/333/947 1787/335/947 1788/336/947
f 1789/337/577 1790/338/577 1791/339/577
f 1789/337/577 1791/339/577 1792/340/577
f 1793/341/948 1794/342/948 1795/343/948
f 1793/341/948 1795/343/948 1796/344/948
f 1797/345/949 1798/346/949 1799/347/949
f 1797/345/949 1799/347/949 1800/348/949
f 1794/342/950 1778/326/950 1777/325/950
f 1794/342/950 1777/325/950 1795/343/950
f 1801/349/576 1802/350/576 1803/351/576
f 1801/349/576 1803/351/576 1804/352/576
f 1805/353/325 1806/354/325 1807/355/325
f 1805/353/325 1807/355/325 1808/356/325
f 1809/357/366 1810/358/366 1797/359/366
f 1797/359/366 1800/360/366 1781/361/366
f 1781/361/366 1784/362/366 1793/363/366
f 1793/363/366 1796/364/366 1809/357/366
f 1809/357/366 1797/359/366 1781/361/366
f 1781/361/366 1793/363/366 1809/357/366
f 1791/339/577 1790/338/577 1786/334/577
f 1791/339/577 1786/334/577 1785/333/577
f 1798/346/951 1806/354/951 1805/353/951
f 1798/346/951 1805/353/951 1799/347/951
f 1782/330/576 1802/350/576 1801/349/576
f 1782/330/576 1801/349/576 1783/331/576
f 1788/365/457 1787/366/457 1811/367/457
f 1811/367/457 1812/368/457 1813/369/457
f 1813/369/457 1814/370/457 1815/371/457
f 1815/371/457 1816/372/457 1788/365/457
f 1788/365/457 1811/367/457 1813/369/457
f 1813/369/457 1815/371/457 1788/365/457
f 1780/328/952 1779/327/952 1812/373/952
f 1780/328/952 1812/373/952 1811/374/952
f 1808/356/953 1807/355/953 1816/375/953
f 1808/356/953 1816/375/953 1815/376/953
f 1804/352/954 1803/351/954 1814/377/954
f 1804/352/954 1814/377/954 1813/378/954
f 1795/379/955 1777/380/955 1790/338/955
f 1795/379/955 1790/338/955 1789/337/955
f 1798/381/956 1797/382/956 1810/383/956
f 1798/381/956 1810/383/956 1792/340/956
f 1782/330/957 1781/329/957 1800/384/957
f 1782/330/957 1800/384/957 1799/385/957
f 1794/386/958 1793/387/958 1784/332/958
f 1794/386/958 1784/332/958 1783/331/958
f 1796/388/959 1795/379/959 1789/337/959
f 1796/388/959 1789/337/959 1809/389/959
f 1806/390/960 1798/381/960 1792/340/960
f 1806/390/960 1792/340/960 1791/339/960
f 1802/350/961 1782/330/961 1799/385/961
f 1802/350/961 1799/385/961 1805/391/961
f 1778/392/962 1794/386/962 1783/331/962
f 1778/392/962 1783/331/962 1801/349/962
f 1807/393/963 1806/390/963 1791/339/963
f 1807/393/963 1791/339/963 1785/333/963
f 1777/380/964 1780/394/964 1786/334/964
f 1777/380/964 1786/334/964 1790/338/964
f 1801/349/965 1804/352/965 1779/395/965
f 1801/349/965 1779/395/965 1778/392/965
f 1803/351/966 1802/350/966 1805/391/966
f 1803/351/966 1805/391/966 1808/396/966
f 1812/397/967 1779/395/967 1804/352/967
f 1812/397/967 1804/352/967 1813/378/967
f 1808/396/968 1815/398/968 1814/377/968
f 1808/396/968 1814/377/968 1803/351/968
f 1816/399/969 1807/393/969 1785/333/969
f 1816/399/969 1785/333/969 1788/336/969
f 1780/394/970 1811/400/970 1787/335/970
f 1780/394/970 1787/335/970 1786/334/970
f 1809/389/971 1789/337/971 1792/340/971
f 1809/389/971 1792/340/971 1810/383/971

# Mesh
g Sphere.011_Sphere.013-3
usemtl Material.018
f 1817/325/239 1818/326/239 1819/327/239
f 1817/325/239 1819/327/239 1820/328/239
f 1821/329/946 1822/330/946 1823/331/946
f 1821/329/946 1823/331/946 1824/332/946
f 1825/333/947 1826/334/947 1827/335/947
f 1825/333/947 1827/335/947 1828/336/947
f 1829/337/577 1830/338/577 1831/339/577
f 1829/337/577 1831/339/577 1832/340/577
f 1833/341/948 1834/342/948 1835/343/948
f 1833/341/948 1835/343/948 1836/344/948
f 1837/345/949 1838/346/949 1839/347/949
f 1837/345/949 1839/347/949 1840/348/949
f 1834/342/950 1818/326/950 1817/325/950
f 1834/342/950 1817/325/950 1835/343/950
f 1841/349/576 1842/350/576 1843/351/576
f 1841/349/576 1843/351/576 1844/352/576
f 1845/353/325 1846/354/325 1847/355/325
f 1845/353/325 1847/355/325 1848/356/325
f 1849/357/366 1850/358/366 1837/359/366
f 1837/359/366 1840/360/366 1821/361/366
f 1821/361/366 1824/362/366 1833/363/366
f 1833/363/366 1836/364/366 1849/357/366
f 1849/357/366 1837/359/366 1821/361/366
f 1821/361/366 1833/363/366 1849/357/366
f 1831/339/577 1830/338/577 1826/334/577
f 1831/339/577 1826/334/577 1825/333/577
f 1838/346/951 1846/354/951 1845/353/951
f 1838/346/951 1845/353/951 1839/347/951
f 1822/330/576 1842/350/576 1841/349/576
f 1822/330/576 1841/349/576 1823/331/576
f 1828/365/457 1827/366/457 1851/367/457
f 1851/367/457 1852/368/457 1853/369/457
f 1853/369/457 1854/370/457 1855/371/457
f 1855/371/457 1856/372/457 1828/365/457
f 1828/365/457 1851/367/457 1853/369/457
f 1853/369/457 1855/371/457 1828/365/457
f 1820/328/952 1819/327/952 1852/373/952
f 1820/328/952 1852/373/952 1851/374/952
f 1848/356/953 1847/355/953 1856/375/953
f 1848/356/953 1856/375/953 1855/376/953
f 1844/352/954 1843/351/954 1854/377/954
f 1844/352/954 1854/377/954 1853/378/954
f 1835/379/955 1817/380/955 1830/338/955
f 1835/379/955 1830/338/955 1829/337/955
f 1838/381/956 1837/382/956 1850/383/956
f 1838/381/956 1850/383/956 1832/340/956
f 1822/330/957 1821/329/957 1840/384/957
f 1822/330/957 1840/384/957 1839/385/957
f 1834/386/958 1833/387/958 1824/332/958
f 1834/386/958 1824/332/958 1823/331/958
f 1836/388/959 1835/379/959 1829/337/959
f 1836/388/959 1829/337/959 1849/389/959
f 1846/390/960 1838/381/960 1832/340/960
f 1846/390/960 1832/340/960 1831/339/960
f 1842/350/961 1822/330/961 1839/385/961
f 1842/350/961 1839/385/961 1845/391/961
f 1818/392/962 1834/386/962 1823/331/962
f 1818/392/962 1823/331/962 1841/349/962
f 1847/393/963 1846/390/963 1831/339/963
f 1847/393/963 1831/339/963 1825/333/963
f 1817/380/964 1820/394/964 1826/334/964
f 1817/380/964 1826/334/964 1830/338/964
f 1841/349/965 1844/352/965 1819/395/965
f 1841/349/965 1819/395/965 1818/392/965
f 1843/351/966 1842/350/966 1845/391/966
f 1843/351/966 1845/391/966 1848/396/966
f 1852/397/967 1819/395/967 1844/352/967
f 1852/397/967 1844/352/967 1853/378/967
f 1848/396/968 1855/398/968 1854/377/968
f 1848/396/968 1854/377/968 1843/351/968
f 1856/399/969 1847/393/969 1825/333/969
f 1856/399/969 1825/333/969 1828/336/969
f 1820/394/970 1851/400/970 1827/335/970
f 1820/394/970 1827/335/970 1826/334/970
f 1849/389/971 1829/337/971 1832/340/971
f 1849/389/971 1832/340/971 1850/383/971
f 1817/325/239 1818/326/239 1819/327/239
f 1817/325/239 1819/327/239 1820/328/239
f 1821/329/946 1822/330/946 1823/331/946
f 1821/329/946 1823/331/946 1824/332/946
f 1825/333/947 1826/334/947 1827/335/947
f 1825/333/947 1827/335/947 1828/336/947
f 1829/337/577 1830/338/577 1831/339/577
f 1829/337/577 1831/339/577 1832/340/577
f 1833/341/948 1834/342/948 1835/343/948
f 1833/341/948 1835/343/948 1836/344/948
f 1837/345/949 1838/346/949 1839/347/949
f 1837/345/949 1839/347/949 1840/348/949
f 1834/342/950 1818/326/950 1817/325/950
f 1834/342/950 1817/325/950 1835/343/950
f 1841/349/576 1842/350/576 1843/351/576
f 1841/349/576 1843/351/576 1844/352/576
f 1845/353/325 1846/354/325 1847/355/325
f 1845/353/325 1847/355/325 1848/356/325
f 1849/357/366 1850/358/366 1837/359/366
f 1837/359/366 1840/360/366 1821/361/366
f 1821/361/366 1824/362/366 1833/363/366
f 1833/363/366 1836/364/366 1849/357/366
f 1849/357/366 1837/359/366 1821/361/366
f 1821/361/366 1833/363/366 1849/357/366
f 1831/339/577 1830/338/577 1826/334/577
f 1831/339/577 1826/334/577 1825/333/577
f 1838/346/951 1846/354/951 1845/353/951
f 1838/346/951 1845/353/951 1839/347/951
f 1822/330/576 1842/350/576 1841/349/576
f 1822/330/576 1841/349/576 1823/331/576
f 1828/365/457 1827/366/457 1851/367/457
f 1851/367/457 1852/368/457 1853/369/457
f 1853/369/457 1854/370/457 1855/371/457
f 1855/371/457 1856/372/457 1828/365/457
f 1828/365/457 1851/367/457 1853/369/457
f 1853/369/457 1855/371/457 1828/365/457
f 1820/328/952 1819/327/952 1852/373/952
f 1820/328/952 1852/373/952 1851/374/952
f 1848/356/953 1847/355/953 1856/375/953
f 1848/356/953 1856/375/953 1855/376/953
f 1844/352/954 1843/351/954 1854/377/954
f 1844/352/954 1854/377/954 1853/378/954
f 1835/379/955 1817/380/955 1830/338/955
f 1835/379/955 1830/338/955 1829/337/955
f 1838/381/956 1837/382/956 1850/383/956
f 1838/381/956 1850/383/956 1832/340/956
f 1822/330/957 1821/329/957 1840/384/957
f 1822/330/957 1840/384/957 1839/385/957
f 1834/386/958 1833/387/958 1824/332/958
f 1834/386/958 1824/332/958 1823/331/958
f 1836/388/959 1835/379/959 1829/337/959
f 1836/388/959 1829/337/959 1849/389/959
f 1846/390/960 1838/381/960 1832/340/960
f 1846/390/960 1832/340/960 1831/339/960
f 1842/350/961 1822/330/961 1839/385/961
f 1842/350/961 1839/385/961 1845/391/961
f 1818/392/962 1834/386/962 1823/331/962
f 1818/392/962 1823/331/962 1841/349/962
f 1847/393/963 1846/390/963 1831/339/963
f 1847/393/963 1831/339/963 1825/333/963
f 1817/380/964 1820/394/964 1826/334/964
f 1817/380/964 1826/334/964 1830/338/964
f 1841/349/965 1844/352/965 1819/395/965
f 1841/349/965 1819/395/965 1818/392/965
f 1843/351/966 1842/350/966 1845/391/966
f 1843/351/966 1845/391/966 1848/396/966
f 1852/397/967 1819/395/967 1844/352/967
f 1852/397/967 1844/352/967 1853/378/967
f 1848/396/968 1855/398/968 1854/377/968
f 1848/396/968 1854/377/968 1843/351/968
f 1856/399/969 1847/393/969 1825/333/969
f 1856/399/969 1825/333/969 1828/336/969
f 1820/394/970 1851/400/970 1827/335/970
f 1820/394/970 1827/335/970 1826/334/970
f 1849/389/971 1829/337/971 1832/340/971
f 1849/389/971 1832/340/971 1850/383/971

# Mesh
g Sphere.011_Sphere.013-4
usemtl Material.021
f 1857/325/239 1858/326/239 1859/327/239
f 1857/325/239 1859/327/239 1860/328/239
f 1861/329/946 1862/330/946 1863/331/946
f 1861/329/946 1863/331/946 1864/332/946
f 1865/333/947 1866/334/947 1867/335/947
f 1865/333/947 1867/335/947 1868/336/947
f 1869/337/577 1870/338/577 1871/339/577
f 1869/337/577 1871/339/577 1872/340/577
f 1873/341/948 1874/342/948 1875/343/948
f 1873/341/948 1875/343/948 1876/344/948
f 1877/345/949 1878/346/949 1879/347/949
f 1877/345/949 1879/347/949 1880/348/949
f 1874/342/950 1858/326/950 1857/325/950
f 1874/342/950 1857/325/950 1875/343/950
f 1881/349/576 1882/350/576 1883/351/576
f 1881/349/576 1883/351/576 1884/352/576
f 1885/353/325 1886/354/325 1887/355/325
f 1885/353/325 1887/355/325 1888/356/325
f 1889/357/366 1890/358/366 1877/359/366
f 1877/359/366 1880/360/366 1861/361/366
f 1861/361/366 1864/362/366 1873/363/366
f 1873/363/366 1876/364/366 1889/357/366
f 1889/357/366 1877/359/366 1861/361/366
f 1861/361/366 1873/363/366 1889/357/366
f 1871/339/577 1870/338/577 1866/334/577
f 1871/339/577 1866/334/577 1865/333/577
f 1878/346/951 1886/354/951 1885/353/951
f 1878/346/951 1885/353/951 1879/347/951
f 1862/330/576 1882/350/576 1881/349/576
f 1862/330/576 1881/349/576 1863/331/576
f 1868/365/457 1867/366/457 1891/367/457
f 1891/367/457 1892/368/457 1893/369/457
f 1893/369/457 1894/370/457 1895/371/457
f 1895/371/457 1896/372/457 1868/365/457
f 1868/365/457 1891/367/457 1893/369/457
f 1893/369/457 1895/371/457 1868/365/457
f 1860/328/952 1859/327/952 1892/373/952
f 1860/328/952 1892/373/952 1891/374/952
f 1888/356/953 1887/355/953 1896/375/953
f 1888/356/953 1896/375/953 1895/376/953
f 1884/352/954 1883/351/954 1894/377/954
f 1884/352/954 1894/377/954 1893/378/954
f 1875/379/955 1857/380/955 1870/338/955
f 1875/379/955 1870/338/955 1869/337/955
f 1878/381/956 1877/382/956 1890/383/956
f 1878/381/956 1890/383/956 1872/340/956
f 1862/330/957 1861/329/957 1880/384/957
f 1862/330/957 1880/384/957 1879/385/957
f 1874/386/958 1873/387/958 1864/332/958
f 1874/386/958 1864/332/958 1863/331/958
f 1876/388/959 1875/379/959 1869/337/959
f 1876/388/959 1869/337/959 1889/389/959
f 1886/390/960 1878/381/960 1872/340/960
f 1886/390/960 1872/340/960 1871/339/960
f 1882/350/961 1862/330/961 1879/385/961
f 1882/350/961 1879/385/961 1885/391/961
f 1858/392/962 1874/386/962 1863/331/962
f 1858/392/962 1863/331/962 1881/349/962
f 1887/393/963 1886/390/963 1871/339/963
f 1887/393/963 1871/339/963 1865/333/963
f 1857/380/964 1860/394/964 1866/334/964
f 1857/380/964 1866/334/964 1870/338/964
f 1881/349/965 1884/352/965 1859/395/965
f 1881/349/965 1859/395/965 1858/392/965
f 1883/351/966 1882/350/966 1885/391/966
f 1883/351/966 1885/391/966 1888/396/966
f 1892/397/967 1859/395/967 1884/352/967
f 1892/397/967 1884/352/967 1893/378/967
f 1888/396/968 1895/398/968 1894/377/968
f 1888/396/968 1894/377/968 1883/351/968
f 1896/399/969 1887/393/969 1865/333/969
f 1896/399/969 1865/333/969 1868/336/969
f 1860/394/970 1891/400/970 1867/335/970
f 1860/394/970 1867/335/970 1866/334/970
f 1889/389/971 1869/337/971 1872/340/971
f 1889/389/971 1872/340/971 1890/383/971
f 1857/325/239 1858/326/239 1859/327/239
f 1857/325/239 1859/327/239 1860/328/239
f 1861/329/946 1862/330/946 1863/331/946
f 1861/329/946 1863/331/946 1864/332/946
f 1865/333/947 1866/334/947 1867/335/947
f 1865/333/947 1867/335/947 1868/336/947
f 1869/337/577 1870/338/577 1871/339/577
f 1869/337/577 1871/339/577 1872/340/577
f 1873/341/948 1874/342/948 1875/343/948
f 1873/341/948 1875/343/948 1876/344/948
f 1877/345/949 1878/346/949 1879/347/949
f 1877/345/949 1879/347/949 1880/348/949
f 1874/342/950 1858/326/950 1857/325/950
f 1874/342/950 1857/325/950 1875/343/950
f 1881/349/576 1882/350/576 1883/351/576
f 1881/349/576 1883/351/576 1884/352/576
f 1885/353/325 1886/354/325 1887/355/325
f 1885/353/325 1887/355/325 1888/356/325
f 1889/357/366 1890/358/366 1877/359/366
f 1877/359/366 1880/360/366 1861/361/366
f 1861/361/366 1864/362/366 1873/363/366
f 1873/363/366 1876/364/366 1889/357/366
f 1889/357/366 1877/359/366 1861/361/366
f 1861/361/366 1873/363/366 1889/357/366
f 1871/339/577 1870/338/577 1866/334/577
f 1871/339/577 1866/334/577 1865/333/577
f 1878/346/951 1886/354/951 1885/353/951
f 1878/346/951 1885/353/951 1879/347/951
f 1862/330/576 1882/350/576 1881/349/576
f 1862/330/576 1881/349/576 1863/331/576
f 1868/365/457 1867/366/457 1891/367/457
f 1891/367/457 1892/368/457 1893/369/457
f 1893/369/457 1894/370/457 1895/371/457
f 1895/371/457 1896/372/457 1868/365/457
f 1868/365/457 1891/367/457 1893/369/457
f 1893/369/457 1895/371/457 1868/365/457
f 1860/328/952 1859/327/952 1892/373/952
f 1860/328/952 1892/373/952 1891/374/952
f 1888/356/953 1887/355/953 1896/375/953
f 1888/356/953 1896/375/953 1895/376/953
f 1884/352/954 1883/351/954 1894/377/954
f 1884/352/954 1894/377/954 1893/378/954
f 1875/379/955 1857/380/955 1870/338/955
f 1875/379/955 1870/338/955 1869/337/955
f 1878/381/956 1877/382/956 1890/383/956
f 1878/381/956 1890/383/956 1872/340/956
f 1862/330/957 1861/329/957 1880/384/957
f 1862/330/957 1880/384/957 1879/385/957
f 1874/386/958 1873/387/958 1864/332/958
f 1874/386/958 1864/332/958 1863/331/958
f 1876/388/959 1875/379/959 1869/337/959
f 1876/388/959 1869/337/959 1889/389/959
f 1886/390/960 1878/381/960 1872/340/960
f 1886/390/960 1872/340/960 1871/339/960
f 1882/350/961 1862/330/961 1879/385/961
f 1882/350/961 1879/385/961 1885/391/961
f 1858/392/962 1874/386/962 1863/331/962
f 1858/392/962 1863/331/962 1881/349/962
f 1887/393/963 1886/390/963 1871/339/963
f 1887/393/963 1871/339/963 1865/333/963
f 1857/380/964 1860/394/964 1866/334/964
f 1857/380/964 1866/334/964 1870/338/964
f 1881/349/965 1884/352/965 1859/395/965
f 1881/349/965 1859/395/965 1858/392/965
f 1883/351/966 1882/350/966 1885/391/966
f 1883/351/966 1885/391/966 1888/396/966
f 1892/397/967 1859/395/967 1884/352/967
f 1892/397/967 1884/352/967 1893/378/967
f 1888/396/968 1895/398/968 1894/377/968
f 1888/396/968 1894/377/968 1883/351/968
f 1896/399/969 1887/393/969 1865/333/969
f 1896/399/969 1865/333/969 1868/336/969
f 1860/394/970 1891/400/970 1867/335/970
f 1860/394/970 1867/335/970 1866/334/970
f 1889/389/971 1869/337/971 1872/340/971
f 1889/389/971 1872/340/971 1890/383/971

# Mesh
g Sphere.011_Sphere.013-5
usemtl Material.023
f 1897/325/239 1898/326/239 1899/327/239
f 1897/325/239 1899/327/239 1900/328/239
f 1901/329/946 1902/330/946 1903/331/946
f 1901/329/946 1903/331/946 1904/332/946
f 1905/333/947 1906/334/947 1907/335/947
f 1905/333/947 1907/335/947 1908/336/947
f 1909/337/577 1910/338/577 1911/339/577
f 1909/337/577 1911/339/577 1912/340/577
f 1913/341/948 1914/342/948 1915/343/948
f 1913/341/948 1915/343/948 1916/344/948
f 1917/345/949 1918/346/949 1919/347/949
f 1917/345/949 1919/347/949 1920/348/949
f 1914/342/950 1898/326/950 1897/325/950
f 1914/342/950 1897/325/950 1915/343/950
f 1921/349/576 1922/350/576 1923/351/576
f 1921/349/576 1923/351/576 1924/352/576
f 1925/353/325 1926/354/325 1927/355/325
f 1925/353/325 1927/355/325 1928/356/325
f 1929/357/366 1930/358/366 1917/359/366
f 1917/359/366 1920/360/366 1901/361/366
f 1901/361/366 1904/362/366 1913/363/366
f 1913/363/366 1916/364/366 1929/357/366
f 1929/357/366 1917/359/366 1901/361/366
f 1901/361/366 1913/363/366 1929/357/366
f 1911/339/577 1910/338/577 1906/334/577
f 1911/339/577 1906/334/577 1905/333/577
f 1918/346/951 1926/354/951 1925/353/951
f 1918/346/951 1925/353/951 1919/347/951
f 1902/330/576 1922/350/576 1921/349/576
f 1902/330/576 1921/349/576 1903/331/576
f 1908/365/457 1907/366/457 1931/367/457
f 1931/367/457 1932/368/457 1933/369/457
f 1933/369/457 1934/370/457 1935/371/457
f 1935/371/457 1936/372/457 1908/365/457
f 1908/365/457 1931/367/457 1933/369/457
f 1933/369/457 1935/371/457 1908/365/457
f 1900/328/952 1899/327/952 1932/373/952
f 1900/328/952 1932/373/952 1931/374/952
f 1928/356/953 1927/355/953 1936/375/953
f 1928/356/953 1936/375/953 1935/376/953
f 1924/352/954 1923/351/954 1934/377/954
f 1924/352/954 1934/377/954 1933/378/954
f 1915/379/955 1897/380/955 1910/338/955
f 1915/379/955 1910/338/955 1909/337/955
f 1918/381/956 1917/382/956 1930/383/956
f 1918/381/956 1930/383/956 1912/340/956
f 1902/330/957 1901/329/957 1920/384/957
f 1902/330/957 1920/384/957 1919/385/957
f 1914/386/958 1913/387/958 1904/332/958
f 1914/386/958 1904/332/958 1903/331/958
f 1916/388/959 1915/379/959 1909/337/959
f 1916/388/959 1909/337/959 1929/389/959
f 1926/390/972 1918/381/972 1912/340/972
f 1926/390/972 1912/340/972 1911/339/972
f 1922/350/961 1902/330/961 1919/385/961
f 1922/350/961 1919/385/961 1925/391/961
f 1898/392/962 1914/386/962 1903/331/962
f 1898/392/962 1903/331/962 1921/349/962
f 1927/393/963 1926/390/963 1911/339/963
f 1927/393/963 1911/339/963 1905/333/963
f 1897/380/964 1900/394/964 1906/334/964
f 1897/380/964 1906/334/964 1910/338/964
f 1921/349/965 1924/352/965 1899/395/965
f 1921/349/965 1899/395/965 1898/392/965
f 1923/351/966 1922/350/966 1925/391/966
f 1923/351/966 1925/391/966 1928/396/966
f 1932/397/967 1899/395/967 1924/352/967
f 1932/397/967 1924/352/967 1933/378/967
f 1928/396/968 1935/398/968 1934/377/968
f 1928/396/968 1934/377/968 1923/351/968
f 1936/399/969 1927/393/969 1905/333/969
f 1936/399/969 1905/333/969 1908/336/969
f 1900/394/970 1931/400/970 1907/335/970
f 1900/394/970 1907/335/970 1906/334/970
f 1929/389/971 1909/337/971 1912/340/971
f 1929/389/971 1912/340/971 1930/383/971
f 1897/325/239 1898/326/239 1899/327/239
f 1897/325/239 1899/327/239 1900/328/239
f 1901/329/946 1902/330/946 1903/331/946
f 1901/329/946 1903/331/946 1904/332/946
f 1905/333/947 1906/334/947 1907/335/947
f 1905/333/947 1907/335/947 1908/336/947
f 1909/337/577 1910/338/577 1911/339/577
f 1909/337/577 1911/339/577 1912/340/577
f 1913/341/948 1914/342/948 1915/343/948
f 1913/341/948 1915/343/948 1916/344/948
f 1917/345/949 1918/346/949 1919/347/949
f 1917/345/949 1919/347/949 1920/348/949
f 1914/342/950 1898/326/950 1897/325/950
f 1914/342/950 1897/325/950 1915/343/950
f 1921/349/576 1922/350/576 1923/351/576
f 1921/349/576 1923/351/576 1924/352/576
f 1925/353/325 1926/354/325 1927/355/325
f 1925/353/325 1927/355/325 1928/356/325
f 1929/357/366 1930/358/366 1917/359/366
f 1917/359/366 1920/360/366 1901/361/366
f 1901/361/366 1904/362/366 1913/363/366
f 1913/363/366 1916/364/366 1929/357/366
f 1929/357/366 1917/359/366 1901/361/366
f 1901/361/366 1913/363/366 1929/357/366
f 1911/339/577 1910/338/577 1906/334/577
f 1911/339/577 1906/334/577 1905/333/577
f 1918/346/951 1926/354/951 1925/353/951
f 1918/346/951 1925/353/951 1919/347/951
f 1902/330/576 1922/350/576 1921/349/576
f 1902/330/576 1921/349/576 1903/331/576
f 1908/365/457 1907/366/457 1931/367/457
f 1931/367/457 1932/368/457 1933/369/457
f 1933/369/457 1934/370/457 1935/371/457
f 1935/371/457 1936/372/457 1908/365/457
f 1908/365/457 1931/367/457 1933/369/457
f 1933/369/457 1935/371/457 1908/365/457
f 1900/328/952 1899/327/952 1932/373/952
f 1900/328/952 1932/373/952 1931/374/952
f 1928/356/953 1927/355/953 1936/375/953
f 1928/356/953 1936/375/953 1935/376/953
f 1924/352/954 1923/351/954 1934/377/954
f 1924/352/954 1934/377/954 1933/378/954
f 1915/379/955 1897/380/955 1910/338/955
f 1915/379/955 1910/338/955 1909/337/955
f 1918/381/956 1917/382/956 1930/383/956
f 1918/381/956 1930/383/956 1912/340/956
f 1902/330/957 1901/329/957 1920/384/957
f 1902/330/957 1920/384/957 1919/385/957
f 1914/386/958 1913/387/958 1904/332/958
f 1914/386/958 1904/332/958 1903/331/958
f 1916/388/959 1915/379/959 1909/337/959
f 1916/388/959 1909/337/959 1929/389/959
f 1926/390/972 1918/381/972 1912/340/972
f 1926/390/972 1912/340/972 1911/339/972
f 1922/350/961 1902/330/961 1919/385/961
f 1922/350/961 1919/385/961 1925/391/961
f 1898/392/962 1914/386/962 1903/331/962
f 1898/392/962 1903/331/962 1921/349/962
f 1927/393/963 1926/390/963 1911/339/963
f 1927/393/963 1911/339/963 1905/333/963
f 1897/380/964 1900/394/964 1906/334/964
f 1897/380/964 1906/334/964 1910/338/964
f 1921/349/965 1924/352/965 1899/395/965
f 1921/349/965 1899/395/965 1898/392/965
f 1923/351/966 1922/350/966 1925/391/966
f 1923/351/966 1925/391/966 1928/396/966
f 1932/397/967 1899/395/967 1924/352/967
f 1932/397/967 1924/352/967 1933/378/967
f 1928/396/968 1935/398/968 1934/377/968
f 1928/396/968 1934/377/968 1923/351/968
f 1936/399/969 1927/393/969 1905/333/969
f 1936/399/969 1905/333/969 1908/336/969
f 1900/394/970 1931/400/970 1907/335/970
f 1900/394/970 1907/335/970 1906/334/970
f 1929/389/971 1909/337/971 1912/340/971
f 1929/389/971 1912/340/971 1930/383/971

# Mesh
g Sphere.011_Sphere.013-6
usemtl Material.035
f 1937/401/457 1938/402/457 1939/403/457
f 1937/401/457 1939/403/457 1940/404/457
f 1941/405/973 1942/406/973 1943/407/973
f 1941/405/973 1943/407/973 1944/408/973
f 1945/409/974 1946/410/974 1947/411/974
f 1945/409/974 1947/411/974 1948/412/974
f 1949/413/325 1950/414/325 1951/415/325
f 1949/413/325 1951/415/325 1952/416/325
f 1953/417/975 1954/418/975 1955/419/975
f 1953/417/975 1955/419/975 1956/420/975
f 1957/421/976 1958/422/976 1959/423/976
f 1957/421/976 1959/423/976 1960/424/976
f 1954/418/977 1938/402/977 1937/401/977
f 1954/418/977 1937/401/977 1955/419/977
f 1961/425/239 1962/426/239 1963/427/239
f 1961/425/239 1963/427/239 1964/428/239
f 1965/429/366 1966/430/366 1967/431/366
f 1965/429/366 1967/431/366 1968/432/366
f 1969/433/577 1970/434/577 1957/435/577
f 1957/435/577 1960/436/577 1941/437/577
f 1941/437/577 1944/438/577 1953/439/577
f 1953/439/577 1956/440/577 1969/433/577
f 1969/433/577 1957/435/577 1941/437/577
f 1941/437/577 1953/439/577 1969/433/577
f 1951/415/325 1950/414/325 1946/410/325
f 1951/415/325 1946/410/325 1945/409/325
f 1958/422/978 1966/430/978 1965/429/978
f 1958/422/978 1965/429/978 1959/423/978
f 1942/406/239 1962/426/239 1961/425/239
f 1942/406/239 1961/425/239 1943/407/239
f 1948/441/576 1947/442/576 1971/443/576
f 1971/443/576 1972/444/576 1973/445/576
f 1973/445/576 1974/446/576 1975/447/576
f 1975/447/576 1976/448/576 1948/441/576
f 1948/441/576 1971/443/576 1973/445/576
f 1973/445/576 1975/447/576 1948/441/576
f 1940/404/979 1939/403/979 1972/449/979
f 1940/404/979 1972/449/979 1971/450/979
f 1968/432/980 1967/431/980 1976/451/980
f 1968/432/980 1976/451/980 1975/452/980
f 1964/428/981 1963/427/981 1974/453/981
f 1964/428/981 1974/453/981 1973/454/981
f 1955/455/982 1937/456/982 1950/414/982
f 1955/455/982 1950/414/982 1949/413/982
f 1958/457/983 1957/458/983 1970/459/983
f 1958/457/983 1970/459/983 1952/416/983
f 1942/406/984 1941/405/984 1960/460/984
f 1942/406/984 1960/460/984 1959/461/984
f 1954/462/985 1953/463/985 1944/408/985
f 1954/462/985 1944/408/985 1943/407/985
f 1956/464/986 1955/455/986 1949/413/986
f 1956/464/986 1949/413/986 1969/465/986
f 1966/466/987 1958/457/987 1952/416/987
f 1966/466/987 1952/416/987 1951/415/987
f 1962/426/988 1942/406/988 1959/461/988
f 1962/426/988 1959/461/988 1965/467/988
f 1938/468/989 1954/462/989 1943/407/989
f 1938/468/989 1943/407/989 1961/425/989
f 1967/469/990 1966/466/990 1951/415/990
f 1967/469/990 1951/415/990 1945/409/990
f 1937/456/991 1940/470/991 1946/410/991
f 1937/456/991 1946/410/991 1950/414/991
f 1961/425/992 1964/428/992 1939/471/992
f 1961/425/992 1939/471/992 1938/468/992
f 1963/427/993 1962/426/993 1965/467/993
f 1963/427/993 1965/467/993 1968/472/993
f 1972/473/994 1939/471/994 1964/428/994
f 1972/473/994 1964/428/994 1973/454/994
f 1968/472/995 1975/474/995 1974/453/995
f 1968/472/995 1974/453/995 1963/427/995
f 1976/475/996 1967/469/996 1945/409/996
f 1976/475/996 1945/409/996 1948/412/996
f 1940/470/997 1971/476/997 1947/411/997
f 1940/470/997 1947/411/997 1946/410/997
f 1969/465/998 1949/413/998 1952/416/998
f 1969/465/998 1952/416/998 1970/459/998
f 1937/401/457 1938/402/457 1939/403/457
f 1937/401/457 1939/403/457 1940/404/457
f 1941/405/973 1942/406/973 1943/407/973
f 1941/405/973 1943/407/973 1944/408/973
f 1945/409/974 1946/410/974 1947/411/974
f 1945/409/974 1947/411/974 1948/412/974
f 1949/413/325 1950/414/325 1951/415/325
f 1949/413/325 1951/415/325 1952/416/325
f 1953/417/975 1954/418/975 1955/419/975
f 1953/417/975 1955/419/975 1956/420/975
f 1957/421/976 1958/422/976 1959/423/976
f 1957/421/976 1959/423/976 1960/424/976
f 1954/418/977 1938/402/977 1937/401/977
f 1954/418/977 1937/401/977 1955/419/977
f 1961/425/239 1962/426/239 1963/427/239
f 1961/425/239 1963/427/239 1964/428/239
f 1965/429/366 1966/430/366 1967/431/366
f 1965/429/366 1967/431/366 1968/432/366
f 1969/433/577 1970/434/577 1957/435/577
f 1957/435/577 1960/436/577 1941/437/577
f 1941/437/577 1944/438/577 1953/439/577
f 1953/439/577 1956/440/577 1969/433/577
f 1969/433/577 1957/435/577 1941/437/577
f 1941/437/577 1953/439/577 1969/433/577
f 1951/415/325 1950/414/325 1946/410/325
f 1951/415/325 1946/410/325 1945/409/325
f 1958/422/978 1966/430/978 1965/429/978
f 1958/422/978 1965/429/978 1959/423/978
f 1942/406/239 1962/426/239 1961/425/239
f 1942/406/239 1961/425/239 1943/407/239
f 1948/441/576 1947/442/576 1971/443/576
f 1971/443/576 1972/444/576 1973/445/576
f 1973/445/576 1974/446/576 1975/447/576
f 1975/447/576 1976/448/576 1948/441/576
f 1948/441/576 1971/443/576 1973/445/576
f 1973/445/576 1975/447/576 1948/441/576
f 1940/404/979 1939/403/979 1972/449/979
f 1940/404/979 1972/449/979 1971/450/979
f 1968/432/980 1967/431/980 1976/451/980
f 1968/432/980 1976/451/980 1975/452/980
f 1964/428/981 1963/427/981 1974/453/981
f 1964/428/981 1974/453/981 1973/454/981
f 1955/455/982 1937/456/982 1950/414/982
f 1955/455/982 1950/414/982 1949/413/982
f 1958/457/983 1957/458/983 1970/459/983
f 1958/457/983 1970/459/983 1952/416/983
f 1942/406/984 1941/405/984 1960/460/984
f 1942/406/984 1960/460/984 1959/461/984
f 1954/462/985 1953/463/985 1944/408/985
f 1954/462/985 1944/408/985 1943/407/985
f 1956/464/986 1955/455/986 1949/413/986
f 1956/464/986 1949/413/986 1969/465/986
f 1966/466/987 1958/457/987 1952/416/987
f 1966/466/987 1952/416/987 1951/415/987
f 1962/426/988 1942/406/988 1959/461/988
f 1962/426/988 1959/461/988 1965/467/988
f 1938/468/989 1954/462/989 1943/407/989
f 1938/468/989 1943/407/989 1961/425/989
f 1967/469/990 1966/466/990 1951/415/990
f 1967/469/990 1951/415/990 1945/409/990
f 1937/456/991 1940/470/991 1946/410/991
f 1937/456/991 1946/410/991 1950/414/991
f 1961/425/992 1964/428/992 1939/471/992
f 1961/425/992 1939/471/992 1938/468/992
f 1963/427/993 1962/426/993 1965/467/993
f 1963/427/993 1965/467/993 1968/472/993
f 1972/473/994 1939/471/994 1964/428/994
f 1972/473/994 1964/428/994 1973/454/994
f 1968/472/995 1975/474/995 1974/453/995
f 1968/472/995 1974/453/995 1963/427/995
f 1976/475/996 1967/469/996 1945/409/996
f 1976/475/996 1945/409/996 1948/412/996
f 1940/470/997 1971/476/997 1947/411/997
f 1940/470/997 1947/411/997 1946/410/997
f 1969/465/998 1949/413/998 1952/416/998
f 1969/465/998 1952/416/998 1970/459/998

# Mesh
g Sphere.011_Sphere.013-7
usemtl Material.036
f 1977/477/577 1978/478/577 1979/479/577
f 1977/477/577 1979/479/577 1980/480/577
f 1981/481/999 1982/482/999 1983/483/999
f 1981/481/999 1983/483/999 1984/484/999
f 1985/485/1000 1986/486/1000 1987/487/1000
f 1985/485/1000 1987/487/1000 1988/488/1000
f 1989/489/457 1990/490/457 1991/491/457
f 1989/489/457 1991/491/457 1992/492/457
f 1993/493/1001 1994/494/1001 1995/495/1001
f 1993/493/1001 1995/495/1001 1996/496/1001
f 1997/497/1002 1998/498/1002 1999/499/1002
f 1997/497/1002 1999/499/1002 2000/500/1002
f 1994/494/1003 1978/478/1003 1977/477/1003
f 1994/494/1003 1977/477/1003 1995/495/1003
f 2001/501/366 2002/502/366 2003/503/366
f 2001/501/366 2003/503/366 2004/504/366
f 2005/505/576 2006/506/576 2007/507/576
f 2005/505/576 2007/507/576 2008/508/576
f 2009/509/325 2010/510/325 1997/511/325
f 1997/511/325 2000/512/325 1981/513/325
f 1981/513/325 1984/514/325 1993/515/325
f 1993/515/325 1996/516/325 2009/509/325
f 2009/509/325 1997/511/325 1981/513/325
f 1981/513/325 1993/515/325 2009/509/325
f 1991/491/457 1990/490/457 1986/486/457
f 1991/491/457 1986/486/457 1985/485/457
f 1998/498/1004 2006/506/1004 2005/505/1004
f 1998/498/1004 2005/505/1004 1999/499/1004
f 1982/482/366 2002/502/366 2001/501/366
f 1982/482/366 2001/501/366 1983/483/366
f 1988/517/239 1987/518/239 2011/519/239
f 2011/519/239 2012/520/239 2013/521/239
f 2013/521/239 2014/522/239 2015/523/239
f 2015/523/239 2016/524/239 1988/517/239
f 1988/517/239 2011/519/239 2013/521/239
f 2013/521/239 2015/523/239 1988/517/239
f 1980/480/1005 1979/479/1005 2012/525/1005
f 1980/480/1005 2012/525/1005 2011/526/1005
f 2008/508/1006 2007/507/1006 2016/527/1006
f 2008/508/1006 2016/527/1006 2015/528/1006
f 2004/504/1007 2003/503/1007 2014/529/1007
f 2004/504/1007 2014/529/1007 2013/530/1007
f 1995/531/1008 1977/532/1008 1990/490/1008
f 1995/531/1008 1990/490/1008 1989/489/1008
f 1998/533/1009 1997/534/1009 2010/535/1009
f 1998/533/1009 2010/535/1009 1992/492/1009
f 1982/482/1010 1981/481/1010 2000/536/1010
f 1982/482/1010 2000/536/1010 1999/537/1010
f 1994/538/1011 1993/539/1011 1984/484/1011
f 1994/538/1011 1984/484/1011 1983/483/1011
f 1996/540/1012 1995/531/1012 1989/489/1012
f 1996/540/1012 1989/489/1012 2009/541/1012
f 2006/542/1013 1998/533/1013 1992/492/1013
f 2006/542/1013 1992/492/1013 1991/491/1013
f 2002/502/1014 1982/482/1014 1999/537/1014
f 2002/502/1014 1999/537/1014 2005/543/1014
f 1978/544/1015 1994/538/1015 1983/483/1015
f 1978/544/1015 1983/483/1015 2001/501/1015
f 2007/545/1016 2006/542/1016 1991/491/1016
f 2007/545/1016 1991/491/1016 1985/485/1016
f 1977/532/1017 1980/546/1017 1986/486/1017
f 1977/532/1017 1986/486/1017 1990/490/1017
f 2001/501/1018 2004/504/1018 1979/547/1018
f 2001/501/1018 1979/547/1018 1978/544/1018
f 2003/503/1019 2002/502/1019 2005/543/1019
f 2003/503/1019 2005/543/1019 2008/548/1019
f 2012/549/1020 1979/547/1020 2004/504/1020
f 2012/549/1020 2004/504/1020 2013/530/1020
f 2008/548/1021 2015/550/1021 2014/529/1021
f 2008/548/1021 2014/529/1021 2003/503/1021
f 2016/551/1022 2007/545/1022 1985/485/1022
f 2016/551/1022 1985/485/1022 1988/488/1022
f 1980/546/1023 2011/552/1023 1987/487/1023
f 1980/546/1023 1987/487/1023 1986/486/1023
f 2009/541/1024 1989/489/1024 1992/492/1024
f 2009/541/1024 1992/492/1024 2010/535/1024
f 2017/553/577 2018/554/577 2019/555/577
f 2017/553/577 2019/555/577 2020/556/577
f 2021/557/999 2022/558/999 2023/559/999
f 2021/557/999 2023/559/999 2024/560/999
f 2025/561/1000 2026/562/1000 2027/563/1000
f 2025/561/1000 2027/563/1000 2028/564/1000
f 2029/565/457 2030/566/457 2031/567/457
f 2029/565/457 2031/567/457 2032/568/457
f 2033/569/1025 2034/570/1025 2035/571/1025
f 2033/569/1025 2035/571/1025 2036/572/1025
f 2037/573/1026 2038/574/1026 2039/575/1026
f 2037/573/1026 2039/575/1026 2040/576/1026
f 2034/570/1027 2018/554/1027 2017/553/1027
f 2034/570/1027 2017/553/1027 2035/571/1027
f 2041/577/366 2042/578/366 2043/579/366
f 2041/577/366 2043/579/366 2044/580/366
f 2045/581/576 2046/582/576 2047/583/576
f 2045/581/576 2047/583/576 2048/584/576
f 2049/585/325 2050/586/325 2037/587/325
f 2037/587/325 2040/588/325 2021/589/325
f 2021/589/325 2024/590/325 2033/591/325
f 2033/591/325 2036/592/325 2049/585/325
f 2049/585/325 2037/587/325 2021/589/325
f 2021/589/325 2033/591/325 2049/585/325
f 2031/567/457 2030/566/457 2026/562/457
f 2031/567/457 2026/562/457 2025/561/457
f 2038/574/1028 2046/582/1028 2045/581/1028
f 2038/574/1028 2045/581/1028 2039/575/1028
f 2022/558/366 2042/578/366 2041/577/366
f 2022/558/366 2041/577/366 2023/559/366
f 2028/593/239 2027/594/239 2051/595/239
f 2051/595/239 2052/596/239 2053/597/239
f 2053/597/239 2054/598/239 2055/599/239
f 2055/599/239 2056/600/239 2028/593/239
f 2028/593/239 2051/595/239 2053/597/239
f 2053/597/239 2055/599/239 2028/593/239
f 2020/556/1029 2019/555/1029 2052/601/1029
f 2020/556/1029 2052/601/1029 2051/602/1029
f 2048/584/1030 2047/583/1030 2056/603/1030
f 2048/584/1030 2056/603/1030 2055/604/1030
f 2044/580/1007 2043/579/1007 2054/605/1007
f 2044/580/1007 2054/605/1007 2053/606/1007
f 2035/607/1031 2017/608/1031 2030/566/1031
f 2035/607/1031 2030/566/1031 2029/565/1031
f 2038/609/1032 2037/610/1032 2050/611/1032
f 2038/609/1032 2050/611/1032 2032/568/1032
f 2022/558/1033 2021/557/1033 2040/612/1033
f 2022/558/1033 2040/612/1033 2039/613/1033
f 2034/614/1034 2033/615/1034 2024/560/1034
f 2034/614/1034 2024/560/1034 2023/559/1034
f 2036/616/1035 2035/607/1035 2029/565/1035
f 2036/616/1035 2029/565/1035 2049/617/1035
f 2046/618/1036 2038/609/1036 2032/568/1036
f 2046/618/1036 2032/568/1036 2031/567/1036
f 2042/578/1037 2022/558/1037 2039/613/1037
f 2042/578/1037 2039/613/1037 2045/619/1037
f 2018/620/1038 2034/614/1038 2023/559/1038
f 2018/620/1038 2023/559/1038 2041/577/1038
f 2047/621/1039 2046/618/1039 2031/567/1039
f 2047/621/1039 2031/567/1039 2025/561/1039
f 2017/608/1040 2020/622/1040 2026/562/1040
f 2017/608/1040 2026/562/1040 2030/566/1040
f 2041/577/1041 2044/580/1041 2019/623/1041
f 2041/577/1041 2019/623/1041 2018/620/1041
f 2043/579/1042 2042/578/1042 2045/619/1042
f 2043/579/1042 2045/619/1042 2048/624/1042
f 2052/625/1043 2019/623/1043 2044/580/1043
f 2052/625/1043 2044/580/1043 2053/606/1043
f 2048/624/1044 2055/626/1044 2054/605/1044
f 2048/624/1044 2054/605/1044 2043/579/1044
f 2056/627/1045 2047/621/1045 2025/561/1045
f 2056/627/1045 2025/561/1045 2028/564/1045
f 2020/622/1046 2051/628/1046 2027/563/1046
f 2020/622/1046 2027/563/1046 2026/562/1046
f 2049/617/1024 2029/565/1024 2032/568/1024
f 2049/617/1024 2032/568/1024 2050/611/1024
f 2057/629/577 2058/630/577 2059/631/577
f 2057/629/577 2059/631/577 2060/632/577
f 2061/633/999 2062/634/999 2063/635/999
f 2061/633/999 2063/635/999 2064/636/999
f 2065/637/1000 2066/638/1000 2067/639/1000
f 2065/637/1000 2067/639/1000 2068/640/1000
f 2069/641/457 2070/642/457 2071/643/457
f 2069/641/457 2071/643/457 2072/644/457
f 2073/645/1047 2074/646/1047 2075/647/1047
f 2073/645/1047 2075/647/1047 2076/648/1047
f 2077/649/1048 2078/650/1048 2079/651/1048
f 2077/649/1048 2079/651/1048 2080/652/1048
f 2074/646/1049 2058/630/1049 2057/629/1049
f 2074/646/1049 2057/629/1049 2075/647/1049
f 2081/653/366 2082/654/366 2083/655/366
f 2081/653/366 2083/655/366 2084/656/366
f 2085/657/576 2086/658/576 2087/659/576
f 2085/657/576 2087/659/576 2088/660/576
f 2089/661/325 2090/662/325 2077/663/325
f 2077/663/325 2080/664/325 2061/665/325
f 2061/665/325 2064/666/325 2073/667/325
f 2073/667/325 2076/668/325 2089/661/325
f 2089/661/325 2077/663/325 2061/665/325
f 2061/665/325 2073/667/325 2089/661/325
f 2071/643/457 2070/642/457 2066/638/457
f 2071/643/457 2066/638/457 2065/637/457
f 2078/650/1050 2086/658/1050 2085/657/1050
f 2078/650/1050 2085/657/1050 2079/651/1050
f 2062/634/366 2082/654/366 2081/653/366
f 2062/634/366 2081/653/366 2063/635/366
f 2068/669/239 2067/670/239 2091/671/239
f 2091/671/239 2092/672/239 2093/673/239
f 2093/673/239 2094/674/239 2095/675/239
f 2095/675/239 2096/676/239 2068/669/239
f 2068/669/239 2091/671/239 2093/673/239
f 2093/673/239 2095/675/239 2068/669/239
f 2060/632/1051 2059/631/1051 2092/677/1051
f 2060/632/1051 2092/677/1051 2091/678/1051
f 2088/660/1052 2087/659/1052 2096/679/1052
f 2088/660/1052 2096/679/1052 2095/680/1052
f 2084/656/1007 2083/655/1007 2094/681/1007
f 2084/656/1007 2094/681/1007 2093/682/1007
f 2075/683/1053 2057/684/1053 2070/642/1053
f 2075/683/1053 2070/642/1053 2069/641/1053
f 2078/685/1054 2077/686/1054 2090/687/1054
f 2078/685/1054 2090/687/1054 2072/644/1054
f 2062/634/1055 2061/633/1055 2080/688/1055
f 2062/634/1055 2080/688/1055 2079/689/1055
f 2074/690/1056 2073/691/1056 2064/636/1056
f 2074/690/1056 2064/636/1056 2063/635/1056
f 2076/692/1057 2075/683/1057 2069/641/1057
f 2076/692/1057 2069/641/1057 2089/693/1057
f 2086/694/1058 2078/685/1058 2072/644/1058
f 2086/694/1058 2072/644/1058 2071/643/1058
f 2082/654/1059 2062/634/1059 2079/689/1059
f 2082/654/1059 2079/689/1059 2085/695/1059
f 2058/696/1060 2074/690/1060 2063/635/1060
f 2058/696/1060 2063/635/1060 2081/653/1060
f 2087/697/1061 2086/694/1061 2071/643/1061
f 2087/697/1061 2071/643/1061 2065/637/1061
f 2057/684/1062 2060/698/1062 2066/638/1062
f 2057/684/1062 2066/638/1062 2070/642/1062
f 2081/653/1063 2084/656/1063 2059/699/1063
f 2081/653/1063 2059/699/1063 2058/696/1063
f 2083/655/1064 2082/654/1064 2085/695/1064
f 2083/655/1064 2085/695/1064 2088/700/1064
f 2092/701/1065 2059/699/1065 2084/656/1065
f 2092/701/1065 2084/656/1065 2093/682/1065
f 2088/700/1066 2095/702/1066 2094/681/1066
f 2088/700/1066 2094/681/1066 2083/655/1066
f 2096/703/1067 2087/697/1067 2065/637/1067
f 2096/703/1067 2065/637/1067 2068/640/1067
f 2060/698/1068 2091/704/1068 2067/639/1068
f 2060/698/1068 2067/639/1068 2066/638/1068
f 2089/693/1024 2069/641/1024 2072/644/1024
f 2089/693/1024 2072/644/1024 2090/687/1024
f 2097/705/577 2098/706/577 2099/707/577
f 2097/705/577 2099/707/577 2100/708/577
f 2101/709/999 2102/710/999 2103/711/999
f 2101/709/999 2103/711/999 2104/712/999
f 2105/713/1000 2106/714/1000 2107/715/1000
f 2105/713/1000 2107/715/1000 2108/716/1000
f 2109/717/457 2110/718/457 2111/719/457
f 2109/717/457 2111/719/457 2112/720/457
f 2113/721/1047 2114/722/1047 2115/723/1047
f 2113/721/1047 2115/723/1047 2116/724/1047
f 2117/725/1048 2118/726/1048 2119/727/1048
f 2117/725/1048 2119/727/1048 2120/728/1048
f 2114/722/1049 2098/706/1049 2097/705/1049
f 2114/722/1049 2097/705/1049 2115/723/1049
f 2121/729/366 2122/730/366 2123/731/366
f 2121/729/366 2123/731/366 2124/732/366
f 2125/733/576 2126/734/576 2127/735/576
f 2125/733/576 2127/735/576 2128/736/576
f 2129/737/325 2130/738/325 2117/739/325
f 2117/739/325 2120/740/325 2101/741/325
f 2101/741/325 2104/742/325 2113/743/325
f 2113/743/325 2116/744/325 2129/737/325
f 2129/737/325 2117/739/325 2101/741/325
f 2101/741/325 2113/743/325 2129/737/325
f 2111/719/457 2110/718/457 2106/714/457
f 2111/719/457 2106/714/457 2105/713/457
f 2118/726/1050 2126/734/1050 2125/733/1050
f 2118/726/1050 2125/733/1050 2119/727/1050
f 2102/710/366 2122/730/366 2121/729/366
f 2102/710/366 2121/729/366 2103/711/366
f 2108/745/239 2107/746/239 2131/747/239
f 2131/747/239 2132/748/239 2133/749/239
f 2133/749/239 2134/750/239 2135/751/239
f 2135/751/239 2136/752/239 2108/745/239
f 2108/745/239 2131/747/239 2133/749/239
f 2133/749/239 2135/751/239 2108/745/239
f 2100/708/1051 2099/707/1051 2132/753/1051
f 2100/708/1051 2132/753/1051 2131/754/1051
f 2128/736/1052 2127/735/1052 2136/755/1052
f 2128/736/1052 2136/755/1052 2135/756/1052
f 2124/732/1007 2123/731/1007 2134/757/1007
f 2124/732/1007 2134/757/1007 2133/758/1007
f 2115/759/1053 2097/760/1053 2110/718/1053
f 2115/759/1053 2110/718/1053 2109/717/1053
f 2118/761/1054 2117/762/1054 2130/763/1054
f 2118/761/1054 2130/763/1054 2112/720/1054
f 2102/710/1055 2101/709/1055 2120/764/1055
f 2102/710/1055 2120/764/1055 2119/765/1055
f 2114/766/1056 2113/767/1056 2104/712/1056
f 2114/766/1056 2104/712/1056 2103/711/1056
f 2116/768/1057 2115/759/1057 2109/717/1057
f 2116/768/1057 2109/717/1057 2129/769/1057
f 2126/770/1058 2118/761/1058 2112/720/1058
f 2126/770/1058 2112/720/1058 2111/719/1058
f 2122/730/1059 2102/710/1059 2119/765/1059
f 2122/730/1059 2119/765/1059 2125/771/1059
f 2098/772/1060 2114/766/1060 2103/711/1060
f 2098/772/1060 2103/711/1060 2121/729/1060
f 2127/773/1061 2126/770/1061 2111/719/1061
f 2127/773/1061 2111/719/1061 2105/713/1061
f 2097/760/1062 2100/774/1062 2106/714/1062
f 2097/760/1062 2106/714/1062 2110/718/1062
f 2121/729/1063 2124/732/1063 2099/775/1063
f 2121/729/1063 2099/775/1063 2098/772/1063
f 2123/731/1064 2122/730/1064 2125/771/1064
f 2123/731/1064 2125/771/1064 2128/776/1064
f 2132/777/1065 2099/775/1065 2124/732/1065
f 2132/777/1065 2124/732/1065 2133/758/1065
f 2128/776/1066 2135/778/1066 2134/757/1066
f 2128/776/1066 2134/757/1066 2123/731/1066
f 2136/779/1067 2127/773/1067 2105/713/1067
f 2136/779/1067 2105/713/1067 2108/716/1067
f 2100/774/1068 2131/780/1068 2107/715/1068
f 2100/774/1068 2107/715/1068 2106/714/1068
f 2129/769/1024 2109/717/1024 2112/720/1024
f 2129/769/1024 2112/720/1024 2130/763/1024
f 1977/477/577 1978/478/577 1979/479/577
f 1977/477/577 1979/479/577 1980/480/577
f 1981/481/999 1982/482/999 1983/483/999
f 1981/481/999 1983/483/999 1984/484/999
f 1985/485/1000 1986/486/1000 1987/487/1000
f 1985/485/1000 1987/487/1000 1988/488/1000
f 1989/489/457 1990/490/457 1991/491/457
f 1989/489/457 1991/491/457 1992/492/457
f 1993/493/1001 1994/494/1001 1995/495/1001
f 1993/493/1001 1995/495/1001 1996/496/1001
f 1997/497/1002 1998/498/1002 1999/499/1002
f 1997/497/1002 1999/499/1002 2000/500/1002
f 1994/494/1003 1978/478/1003 1977/477/1003
f 1994/494/1003 1977/477/1003 1995/495/1003
f 2001/501/366 2002/502/366 2003/503/366
f 2001/501/366 2003/503/366 2004/504/366
f 2005/505/576 2006/506/576 2007/507/576
f 2005/505/576 2007/507/576 2008/508/576
f 2009/509/325 2010/510/325 1997/511/325
f 1997/511/325 2000/512/325 1981/513/325
f 1981/513/325 1984/514/325 1993/515/325
f 1993/515/325 1996/516/325 2009/509/325
f 2009/509/325 1997/511/325 1981/513/325
f 1981/513/325 1993/515/325 2009/509/325
f 1991/491/457 1990/490/457 1986/486/457
f 1991/491/457 1986/486/457 1985/485/457
f 1998/498/1004 2006/506/1004 2005/505/1004
f 1998/498/1004 2005/505/1004 1999/499/1004
f 1982/482/366 2002/502/366 2001/501/366
f 1982/482/366 2001/501/366 1983/483/366
f 1988/517/239 1987/518/239 2011/519/239
f 2011/519/239 2012/520/239 2013/521/239
f 2013/521/239 2014/522/239 2015/523/239
f 2015/523/239 2016/524/239 1988/517/239
f 1988/517/239 2011/519/239 2013/521/239
f 2013/521/239 2015/523/239 1988/517/239
f 1980/480/1005 1979/479/1005 2012/525/1005
f 1980/480/1005 2012/525/1005 2011/526/1005
f 2008/508/1006 2007/507/1006 2016/527/1006
f 2008/508/1006 2016/527/1006 2015/528/1006
f 2004/504/1007 2003/503/1007 2014/529/1007
f 2004/504/1007 2014/529/1007 2013/530/1007
f 1995/531/1008 1977/532/1008 1990/490/1008
f 1995/531/1008 1990/490/1008 1989/489/1008
f 1998/533/1009 1997/534/1009 2010/535/1009
f 1998/533/1009 2010/535/1009 1992/492/1009
f 1982/482/1010 1981/481/1010 2000/536/1010
f 1982/482/1010 2000/536/1010 1999/537/1010
f 1994/538/1011 1993/539/1011 1984/484/1011
f 1994/538/1011 1984/484/1011 1983/483/1011
f 1996/540/1012 1995/531/1012 1989/489/1012
f 1996/540/1012 1989/489/1012 2009/541/1012
f 2006/542/1013 1998/533/1013 1992/492/1013
f 2006/542/1013 1992/492/1013 1991/491/1013
f 2002/502/1014 1982/482/1014 1999/537/1014
f 2002/502/1014 1999/537/1014 2005/543/1014
f 1978/544/1015 1994/538/1015 1983/483/1015
f 1978/544/1015 1983/483/1015 2001/501/1015
f 2007/545/1016 2006/542/1016 1991/491/1016
f 2007/545/1016 1991/491/1016 1985/485/1016
f 1977/532/1017 1980/546/1017 1986/486/1017
f 1977/532/1017 1986/486/1017 1990/490/1017
f 2001/501/1018 2004/504/1018 1979/547/1018
f 2001/501/1018 1979/547/1018 1978/544/1018
f 2003/503/1019 2002/502/1019 2005/543/1019
f 2003/503/1019 2005/543/1019 2008/548/1019
f 2012/549/1020 1979/547/1020 2004/504/1020
f 2012/549/1020 2004/504/1020 2013/530/1020
f 2008/548/1021 2015/550/1021 2014/529/1021
f 2008/548/1021 2014/529/1021 2003/503/1021
f 2016/551/1022 2007/545/1022 1985/485/1022
f 2016/551/1022 1985/485/1022 1988/488/1022
f 1980/546/1023 2011/552/1023 1987/487/1023
f 1980/546/1023 1987/487/1023 1986/486/1023
f 2009/541/1024 1989/489/1024 1992/492/1024
f 2009/541/1024 1992/492/1024 2010/535/1024
f 2017/553/577 2018/554/577 2019/555/577
f 2017/553/577 2019/555/577 2020/556/577
f 2021/557/999 2022/558/999 2023/559/999
f 2021/557/999 2023/559/999 2024/560/999
f 2025/561/1000 2026/562/1000 2027/563/1000
f 2025/561/1000 2027/563/1000 2028/564/1000
f 2029/565/457 2030/566/457 2031/567/457
f 2029/565/457 2031/567/457 2032/568/457
f 2033/569/1025 2034/570/1025 2035/571/1025
f 2033/569/1025 2035/571/1025 2036/572/1025
f 2037/573/1026 2038/574/1026 2039/575/1026
f 2037/573/1026 2039/575/1026 2040/576/1026
f 2034/570/1027 2018/554/1027 2017/553/1027
f 2034/570/1027 2017/553/1027 2035/571/1027
f 2041/577/366 2042/578/366 2043/579/366
f 2041/577/366 2043/579/366 2044/580/366
f 2045/581/576 2046/582/576 2047/583/576
f 2045/581/576 2047/583/576 2048/584/576
f 2049/585/325 2050/586/325 2037/587/325
f 2037/587/325 2040/588/325 2021/589/325
f 2021/589/325 2024/590/325 2033/591/325
f 2033/591/325 2036/592/325 2049/585/325
f 2049/585/325 2037/587/325 2021/589/325
f 2021/589/325 2033/591/325 2049/585/325
f 2031/567/457 2030/566/457 2026/562/457
f 2031/567/457 2026/562/457 2025/561/457
f 2038/574/1028 2046/582/1028 2045/581/1028
f 2038/574/1028 2045/581/1028 2039/575/1028
f 2022/558/366 2042/578/366 2041/577/366
f 2022/558/366 2041/577/366 2023/559/366
f 2028/593/239 2027/594/239 2051/595/239
f 2051/595/239 2052/596/239 2053/597/239
f 2053/597/239 2054/598/239 2055/599/239
f 2055/599/239 2056/600/239 2028/593/239
f 2028/593/239 2051/595/239 2053/597/239
f 2053/597/239 2055/599/239 2028/593/239
f 2020/556/1029 2019/555/1029 2052/601/1029
f 2020/556/1029 2052/601/1029 2051/602/1029
f 2048/584/1030 2047/583/1030 2056/603/1030
f 2048/584/1030 2056/603/1030 2055/604/1030
f 2044/580/1007 2043/579/1007 2054/605/1007
f 2044/580/1007 2054/605/1007 2053/606/1007
f 2035/607/1031 2017/608/1031 2030/566/1031
f 2035/607/1031 2030/566/1031 2029/565/1031
f 2038/609/1032 2037/610/1032 2050/611/1032
f 2038/609/1032 2050/611/1032 2032/568/1032
f 2022/558/1033 2021/557/1033 2040/612/1033
f 2022/558/1033 2040/612/1033 2039/613/1033
f 2034/614/1034 2033/615/1034 2024/560/1034
f 2034/614/1034 2024/560/1034 2023/559/1034
f 2036/616/1035 2035/607/1035 2029/565/1035
f 2036/616/1035 2029/565/1035 2049/617/1035
f 2046/618/1036 2038/609/1036 2032/568/1036
f 2046/618/1036 2032/568/1036 2031/567/1036
f 2042/578/1037 2022/558/1037 2039/613/1037
f 2042/578/1037 2039/613/1037 2045/619/1037
f 2018/620/1038 2034/614/1038 2023/559/1038
f 2018/620/1038 2023/559/1038 2041/577/1038
f 2047/621/1039 2046/618/1039 2031/567/1039
f 2047/621/1039 2031/567/1039 2025/561/1039
f 2017/608/1040 2020/622/1040 2026/562/1040
f 2017/608/1040 2026/562/1040 2030/566/1040
f 2041/577/1041 2044/580/1041 2019/623/1041
f 2041/577/1041 2019/623/1041 2018/620/1041
f 2043/579/1042 2042/578/1042 2045/619/1042
f 2043/579/1042 2045/619/1042 2048/624/1042
f 2052/625/1043 2019/623/1043 2044/580/1043
f 2052/625/1043 2044/580/1043 2053/606/1043
f 2048/624/1044 2055/626/1044 2054/605/1044
f 2048/624/1044 2054/605/1044 2043/579/1044
f 2056/627/1045 2047/621/1045 2025/561/1045
f 2056/627/1045 2025/561/1045 2028/564/1045
f 2020/622/1046 2051/628/1046 2027/563/1046
f 2020/622/1046 2027/563/1046 2026/562/1046
f 2049/617/1024 2029/565/1024 2032/568/1024
f 2049/617/1024 2032/568/1024 2050/611/1024
f 2057/629/577 2058/630/577 2059/631/577
f 2057/629/577 2059/631/577 2060/632/577
f 2061/633/999 2062/634/999 2063/635/999
f 2061/633/999 2063/635/999 2064/636/999
f 2065/637/1000 2066/638/1000 2067/639/1000
f 2065/637/1000 2067/639/1000 2068/640/1000
f 2069/641/457 2070/642/457 2071/643/457
f 2069/641/457 2071/643/457 2072/644/457
f 2073/645/1047 2074/646/1047 2075/647/1047
f 2073/645/1047 2075/647/1047 2076/648/1047
f 2077/649/1048 2078/650/1048 2079/651/1048
f 2077/649/1048 2079/651/1048 2080/652/1048
f 2074/646/1049 2058/630/1049 2057/629/1049
f 2074/646/1049 2057/629/1049 2075/647/1049
f 2081/653/366 2082/654/366 2083/655/366
f 2081/653/366 2083/655/366 2084/656/366
f 2085/657/576 2086/658/576 2087/659/576
f 2085/657/576 2087/659/576 2088/660/576
f 2089/661/325 2090/662/325 2077/663/325
f 2077/663/325 2080/664/325 2061/665/325
f 2061/665/325 2064/666/325 2073/667/325
f 2073/667/325 2076/668/325 2089/661/325
f 2089/661/325 2077/663/325 2061/665/325
f 2061/665/325 2073/667/325 2089/661/325
f 2071/643/457 2070/642/457 2066/638/457
f 2071/643/457 2066/638/457 2065/637/457
f 2078/650/1050 2086/658/1050 2085/657/1050
f 2078/650/1050 2085/657/1050 2079/651/1050
f 2062/634/366 2082/654/366 2081/653/366
f 2062/634/366 2081/653/366 2063/635/366
f 2068/669/239 2067/670/239 2091/671/239
f 2091/671/239 2092/672/239 2093/673/239
f 2093/673/239 2094/674/239 2095/675/239
f 2095/675/239 2096/676/239 2068/669/239
f 2068/669/239 2091/671/239 2093/673/239
f 2093/673/239 2095/675/239 2068/669/239
f 2060/632/1051 2059/631/1051 2092/677/1051
f 2060/632/1051 2092/677/1051 2091/678/1051
f 2088/660/1052 2087/659/1052 2096/679/1052
f 2088/660/1052 2096/679/1052 2095/680/1052
f 2084/656/1007 2083/655/1007 2094/681/1007
f 2084/656/1007 2094/681/1007 2093/682/1007
f 2075/683/1053 2057/684/1053 2070/642/1053
f 2075/683/1053 2070/642/1053 2069/641/1053
f 2078/685/1054 2077/686/1054 2090/687/1054
f 2078/685/1054 2090/687/1054 2072/644/1054
f 2062/634/1055 2061/633/1055 2080/688/1055
f 2062/634/1055 2080/688/1055 2079/689/1055
f 2074/690/1056 2073/691/1056 2064/636/1056
f 2074/690/1056 2064/636/1056 2063/635/1056
f 2076/692/1057 2075/683/1057 2069/641/1057
f 2076/692/1057 2069/641/1057 2089/693/1057
f 2086/694/1058 2078/685/1058 2072/644/1058
f 2086/694/1058 2072/644/1058 2071/643/1058
f 2082/654/1059 2062/634/1059 2079/689/1059
f 2082/654/1059 2079/689/1059 2085/695/1059
f 2058/696/1060 2074/690/1060 2063/635/1060
f 2058/696/1060 2063/635/1060 2081/653/1060
f 2087/697/1061 2086/694/1061 2071/643/1061
f 2087/697/1061 2071/643/1061 2065/637/1061
f 2057/684/1062 2060/698/1062 2066/638/1062
f 2057/684/1062 2066/638/1062 2070/642/1062
f 2081/653/1063 2084/656/1063 2059/699/1063
f 2081/653/1063 2059/699/1063 2058/696/1063
f 2083/655/1064 2082/654/1064 2085/695/1064
f 2083/655/1064 2085/695/1064 2088/700/1064
f 2092/701/1065 2059/699/1065 2084/656/1065
f 2092/701/1065 2084/656/1065 2093/682/1065
f 2088/700/1066 2095/702/1066 2094/681/1066
f 2088/700/1066 2094/681/1066 2083/655/1066
f 2096/703/1067 2087/697/1067 2065/637/1067
f 2096/703/1067 2065/637/1067 2068/640/1067
f 2060/698/1068 2091/704/1068 2067/639/1068
f 2060/698/1068 2067/639/1068 2066/638/1068
f 2089/693/1024 2069/641/1024 2072/644/1024
f 2089/693/1024 2072/644/1024 2090/687/1024
f 2097/705/577 2098/706/577 2099/707/577
f 2097/705/577 2099/707/577 2100/708/577
f 2101/709/999 2102/710/999 2103/711/999
f 2101/709/999 2103/711/999 2104/712/999
f 2105/713/1000 2106/714/1000 2107/715/1000
f 2105/713/1000 2107/715/1000 2108/716/1000
f 2109/717/457 2110/718/457 2111/719/457
f 2109/717/457 2111/719/457 2112/720/457
f 2113/721/1047 2114/722/1047 2115/723/1047
f 2113/721/1047 2115/723/1047 2116/724/1047
f 2117/725/1048 2118/726/1048 2119/727/1048
f 2117/725/1048 2119/727/1048 2120/728/1048
f 2114/722/1049 2098/706/1049 2097/705/1049
f 2114/722/1049 2097/705/1049 2115/723/1049
f 2121/729/366 2122/730/366 2123/731/366
f 2121/729/366 2123/731/366 2124/732/366
f 2125/733/576 2126/734/576 2127/735/576
f 2125/733/576 2127/735/576 2128/736/576
f 2129/737/325 2130/738/325 2117/739/325
f 2117/739/325 2120/740/325 2101/741/325
f 2101/741/325 2104/742/325 2113/743/325
f 2113/743/325 2116/744/325 2129/737/325
f 2129/737/325 2117/739/325 2101/741/325
f 2101/741/325 2113/743/325 2129/737/325
f 2111/719/457 2110/718/457 2106/714/457
f 2111/719/457 2106/714/457 2105/713/457
f 2118/726/1050 2126/734/1050 2125/733/1050
f 2118/726/1050 2125/733/1050 2119/727/1050
f 2102/710/366 2122/730/366 2121/729/366
f 2102/710/366 2121/729/366 2103/711/366
f 2108/745/239 2107/746/239 2131/747/239
f 2131/747/239 2132/748/239 2133/749/239
f 2133/749/239 2134/750/239 2135/751/239
f 2135/751/239 2136/752/239 2108/745/239
f 2108/745/239 2131/747/239 2133/749/239
f 2133/749/239 2135/751/239 2108/745/239
f 2100/708/1051 2099/707/1051 2132/753/1051
f 2100/708/1051 2132/753/1051 2131/754/1051
f 2128/736/1052 2127/735/1052 2136/755/1052
f 2128/736/1052 2136/755/1052 2135/756/1052
f 2124/732/1007 2123/731/1007 2134/757/1007
f 2124/732/1007 2134/757/1007 2133/758/1007
f 2115/759/1053 2097/760/1053 2110/718/1053
f 2115/759/1053 2110/718/1053 2109/717/1053
f 2118/761/1054 2117/762/1054 2130/763/1054
f 2118/761/1054 2130/763/1054 2112/720/1054
f 2102/710/1055 2101/709/1055 2120/764/1055
f 2102/710/1055 2120/764/1055 2119/765/1055
f 2114/766/1056 2113/767/1056 2104/712/1056
f 2114/766/1056 2104/712/1056 2103/711/1056
f 2116/768/1057 2115/759/1057 2109/717/1057
f 2116/768/1057 2109/717/1057 2129/769/1057
f 2126/770/1058 2118/761/1058 2112/720/1058
f 2126/770/1058 2112/720/1058 2111/719/1058
f 2122/730/1059 2102/710/1059 2119/765/1059
f 2122/730/1059 2119/765/1059 2125/771/1059
f 2098/772/1060 2114/766/1060 2103/711/1060
f 2098/772/1060 2103/711/1060 2121/729/1060
f 2127/773/1061 2126/770/1061 2111/719/1061
f 2127/773/1061 2111/719/1061 2105/713/1061
f 2097/760/1062 2100/774/1062 2106/714/1062
f 2097/760/1062 2106/714/1062 2110/718/1062
f 2121/729/1063 2124/732/1063 2099/775/1063
f 2121/729/1063 2099/775/1063 2098/772/1063
f 2123/731/1064 2122/730/1064 2125/771/1064
f 2123/731/1064 2125/771/1064 2128/776/1064
f 2132/777/1065 2099/775/1065 2124/732/1065
f 2132/777/1065 2124/732/1065 2133/758/1065
f 2128/776/1066 2135/778/1066 2134/757/1066
f 2128/776/1066 2134/757/1066 2123/731/1066
f 2136/779/1067 2127/773/1067 2105/713/1067
f 2136/779/1067 2105/713/1067 2108/716/1067
f 2100/774/1068 2131/780/1068 2107/715/1068
f 2100/774/1068 2107/715/1068 2106/714/1068
f 2129/769/1024 2109/717/1024 2112/720/1024
f 2129/769/1024 2112/720/1024 2130/763/1024

# Mesh
g Sphere.011_Sphere.013-8
usemtl Material.037
f 2137/325/577 2138/326/577 2139/327/577
f 2137/325/577 2139/327/577 2140/328/577
f 2141/329/1069 2142/330/1069 2143/331/1069
f 2141/329/1069 2143/331/1069 2144/332/1069
f 2145/333/1070 2146/334/1070 2147/335/1070
f 2145/333/1070 2147/335/1070 2148/336/1070
f 2149/337/325 2150/338/325 2151/339/325
f 2149/337/325 2151/339/325 2152/340/325
f 2153/341/1071 2154/342/1071 2155/343/1071
f 2153/341/1071 2155/343/1071 2156/344/1071
f 2157/345/1072 2158/346/1072 2159/347/1072
f 2157/345/1072 2159/347/1072 2160/348/1072
f 2154/342/1073 2138/326/1073 2137/325/1073
f 2154/342/1073 2137/325/1073 2155/343/1073
f 2161/349/239 2162/350/239 2163/351/239
f 2161/349/239 2163/351/239 2164/352/239
f 2165/353/576 2166/354/576 2167/355/576
f 2165/353/576 2167/355/576 2168/356/576
f 2169/357/366 2170/358/366 2157/359/366
f 2157/359/366 2160/360/366 2141/361/366
f 2141/361/366 2144/362/366 2153/363/366
f 2153/363/366 2156/364/366 2169/357/366
f 2169/357/366 2157/359/366 2141/361/366
f 2141/361/366 2153/363/366 2169/357/366
f 2151/339/325 2150/338/325 2146/334/325
f 2151/339/325 2146/334/325 2145/333/325
f 2158/346/1074 2166/354/1074 2165/353/1074
f 2158/346/1074 2165/353/1074 2159/347/1074
f 2142/330/239 2162/350/239 2161/349/239
f 2142/330/239 2161/349/239 2143/331/239
f 2148/365/457 2147/366/457 2171/367/457
f 2171/367/457 2172/368/457 2173/369/457
f 2173/369/457 2174/370/457 2175/371/457
f 2175/371/457 2176/372/457 2148/365/457
f 2148/365/457 2171/367/457 2173/369/457
f 2173/369/457 2175/371/457 2148/365/457
f 2140/328/1075 2139/327/1075 2172/373/1075
f 2140/328/1075 2172/373/1075 2171/374/1075
f 2168/356/1076 2167/355/1076 2176/375/1076
f 2168/356/1076 2176/375/1076 2175/376/1076
f 2164/352/1077 2163/351/1077 2174/377/1077
f 2164/352/1077 2174/377/1077 2173/378/1077
f 2155/379/1078 2137/380/1078 2150/338/1078
f 2155/379/1078 2150/338/1078 2149/337/1078
f 2158/381/1079 2157/382/1079 2170/383/1079
f 2158/381/1079 2170/383/1079 2152/340/1079
f 2142/330/1080 2141/329/1080 2160/384/1080
f 2142/330/1080 2160/384/1080 2159/385/1080
f 2154/386/1081 2153/387/1081 2144/332/1081
f 2154/386/1081 2144/332/1081 2143/331/1081
f 2156/388/1082 2155/379/1082 2149/337/1082
f 2156/388/1082 2149/337/1082 2169/389/1082
f 2166/390/1083 2158/381/1083 2152/340/1083
f 2166/390/1083 2152/340/1083 2151/339/1083
f 2162/350/1084 2142/330/1084 2159/385/1084
f 2162/350/1084 2159/385/1084 2165/391/1084
f 2138/392/1085 2154/386/1085 2143/331/1085
f 2138/392/1085 2143/331/1085 2161/349/1085
f 2167/393/1086 2166/390/1086 2151/339/1086
f 2167/393/1086 2151/339/1086 2145/333/1086
f 2137/380/1087 2140/394/1087 2146/334/1087
f 2137/380/1087 2146/334/1087 2150/338/1087
f 2161/349/1088 2164/352/1088 2139/395/1088
f 2161/349/1088 2139/395/1088 2138/392/1088
f 2163/351/1089 2162/350/1089 2165/391/1089
f 2163/351/1089 2165/391/1089 2168/396/1089
f 2172/397/1090 2139/395/1090 2164/352/1090
f 2172/397/1090 2164/352/1090 2173/378/1090
f 2168/396/1091 2175/398/1091 2174/377/1091
f 2168/396/1091 2174/377/1091 2163/351/1091
f 2176/399/1092 2167/393/1092 2145/333/1092
f 2176/399/1092 2145/333/1092 2148/336/1092
f 2140/394/1093 2171/400/1093 2147/335/1093
f 2140/394/1093 2147/335/1093 2146/334/1093
f 2169/389/1094 2149/337/1094 2152/340/1094
f 2169/389/1094 2152/340/1094 2170/383/1094
f 2177/781/577 2178/782/577 2179/783/577
f 2177/781/577 2179/783/577 2180/784/577
f 2181/785/1069 2182/786/1069 2183/787/1069
f 2181/785/1069 2183/787/1069 2184/788/1069
f 2185/789/1070 2186/790/1070 2187/791/1070
f 2185/789/1070 2187/791/1070 2188/792/1070
f 2189/793/325 2190/794/325 2191/795/325
f 2189/793/325 2191/795/325 2192/796/325
f 2193/797/1095 2194/798/1095 2195/799/1095
f 2193/797/1095 2195/799/1095 2196/800/1095
f 2197/801/1096 2198/802/1096 2199/803/1096
f 2197/801/1096 2199/803/1096 2200/804/1096
f 2194/798/1097 2178/782/1097 2177/781/1097
f 2194/798/1097 2177/781/1097 2195/799/1097
f 2201/805/239 2202/806/239 2203/807/239
f 2201/805/239 2203/807/239 2204/808/239
f 2205/809/576 2206/810/576 2207/811/576
f 2205/809/576 2207/811/576 2208/812/576
f 2209/813/366 2210/814/366 2197/815/366
f 2197/815/366 2200/816/366 2181/817/366
f 2181/817/366 2184/818/366 2193/819/366
f 2193/819/366 2196/820/366 2209/813/366
f 2209/813/366 2197/815/366 2181/817/366
f 2181/817/366 2193/819/366 2209/813/366
f 2191/795/325 2190/794/325 2186/790/325
f 2191/795/325 2186/790/325 2185/789/325
f 2198/802/1098 2206/810/1098 2205/809/1098
f 2198/802/1098 2205/809/1098 2199/803/1098
f 2182/786/239 2202/806/239 2201/805/239
f 2182/786/239 2201/805/239 2183/787/239
f 2188/821/457 2187/822/457 2211/823/457
f 2211/823/457 2212/824/457 2213/825/457
f 2213/825/457 2214/826/457 2215/827/457
f 2215/827/457 2216/828/457 2188/821/457
f 2188/821/457 2211/823/457 2213/825/457
f 2213/825/457 2215/827/457 2188/821/457
f 2180/784/1099 2179/783/1099 2212/829/1099
f 2180/784/1099 2212/829/1099 2211/830/1099
f 2208/812/1100 2207/811/1100 2216/831/1100
f 2208/812/1100 2216/831/1100 2215/832/1100
f 2204/808/1077 2203/807/1077 2214/833/1077
f 2204/808/1077 2214/833/1077 2213/834/1077
f 2195/835/1101 2177/836/1101 2190/794/1101
f 2195/835/1101 2190/794/1101 2189/793/1101
f 2198/837/1102 2197/838/1102 2210/839/1102
f 2198/837/1102 2210/839/1102 2192/796/1102
f 2182/786/1103 2181/785/1103 2200/840/1103
f 2182/786/1103 2200/840/1103 2199/841/1103
f 2194/842/1104 2193/843/1104 2184/788/1104
f 2194/842/1104 2184/788/1104 2183/787/1104
f 2196/844/1105 2195/835/1105 2189/793/1105
f 2196/844/1105 2189/793/1105 2209/845/1105
f 2206/846/1106 2198/837/1106 2192/796/1106
f 2206/846/1106 2192/796/1106 2191/795/1106
f 2202/806/1107 2182/786/1107 2199/841/1107
f 2202/806/1107 2199/841/1107 2205/847/1107
f 2178/848/1108 2194/842/1108 2183/787/1108
f 2178/848/1108 2183/787/1108 2201/805/1108
f 2207/849/1109 2206/846/1109 2191/795/1109
f 2207/849/1109 2191/795/1109 2185/789/1109
f 2177/836/1110 2180/850/1110 2186/790/1110
f 2177/836/1110 2186/790/1110 2190/794/1110
f 2201/805/1111 2204/808/1111 2179/851/1111
f 2201/805/1111 2179/851/1111 2178/848/1111
f 2203/807/1112 2202/806/1112 2205/847/1112
f 2203/807/1112 2205/847/1112 2208/852/1112
f 2212/853/1113 2179/851/1113 2204/808/1113
f 2212/853/1113 2204/808/1113 2213/834/1113
f 2208/852/1114 2215/854/1114 2214/833/1114
f 2208/852/1114 2214/833/1114 2203/807/1114
f 2216/855/1115 2207/849/1115 2185/789/1115
f 2216/855/1115 2185/789/1115 2188/792/1115
f 2180/850/1116 2211/856/1116 2187/791/1116
f 2180/850/1116 2187/791/1116 2186/790/1116
f 2209/845/1094 2189/793/1094 2192/796/1094
f 2209/845/1094 2192/796/1094 2210/839/1094
f 2217/857/577 2218/858/577 2219/859/577
f 2217/857/577 2219/859/577 2220/860/577
f 2221/861/1069 2222/862/1069 2223/863/1069
f 2221/861/1069 2223/863/1069 2224/864/1069
f 2225/865/1070 2226/866/1070 2227/867/1070
f 2225/865/1070 2227/867/1070 2228/868/1070
f 2229/869/325 2230/870/325 2231/871/325
f 2229/869/325 2231/871/325 2232/872/325
f 2233/873/1117 2234/874/1117 2235/875/1117
f 2233/873/1117 2235/875/1117 2236/876/1117
f 2237/877/1118 2238/878/1118 2239/879/1118
f 2237/877/1118 2239/879/1118 2240/880/1118
f 2234/874/1119 2218/858/1119 2217/857/1119
f 2234/874/1119 2217/857/1119 2235/875/1119
f 2241/881/239 2242/882/239 2243/883/239
f 2241/881/239 2243/883/239 2244/884/239
f 2245/885/576 2246/886/576 2247/887/576
f 2245/885/576 2247/887/576 2248/888/576
f 2249/889/366 2250/890/366 2237/891/366
f 2237/891/366 2240/892/366 2221/893/366
f 2221/893/366 2224/894/366 2233/895/366
f 2233/895/366 2236/896/366 2249/889/366
f 2249/889/366 2237/891/366 2221/893/366
f 2221/893/366 2233/895/366 2249/889/366
f 2231/871/325 2230/870/325 2226/866/325
f 2231/871/325 2226/866/325 2225/865/325
f 2238/878/1120 2246/886/1120 2245/885/1120
f 2238/878/1120 2245/885/1120 2239/879/1120
f 2222/862/239 2242/882/239 2241/881/239
f 2222/862/239 2241/881/239 2223/863/239
f 2228/897/457 2227/898/457 2251/899/457
f 2251/899/457 2252/900/457 2253/901/457
f 2253/901/457 2254/902/457 2255/903/457
f 2255/903/457 2256/904/457 2228/897/457
f 2228/897/457 2251/899/457 2253/901/457
f 2253/901/457 2255/903/457 2228/897/457
f 2220/860/1121 2219/859/1121 2252/905/1121
f 2220/860/1121 2252/905/1121 2251/906/1121
f 2248/888/1122 2247/887/1122 2256/907/1122
f 2248/888/1122 2256/907/1122 2255/908/1122
f 2244/884/1077 2243/883/1077 2254/909/1077
f 2244/884/1077 2254/909/1077 2253/910/1077
f 2235/911/1123 2217/912/1123 2230/870/1123
f 2235/911/1123 2230/870/1123 2229/869/1123
f 2238/913/1124 2237/914/1124 2250/915/1124
f 2238/913/1124 2250/915/1124 2232/872/1124
f 2222/862/1125 2221/861/1125 2240/916/1125
f 2222/862/1125 2240/916/1125 2239/917/1125
f 2234/918/1126 2233/919/1126 2224/864/1126
f 2234/918/1126 2224/864/1126 2223/863/1126
f 2236/920/1127 2235/911/1127 2229/869/1127
f 2236/920/1127 2229/869/1127 2249/921/1127
f 2246/922/1128 2238/913/1128 2232/872/1128
f 2246/922/1128 2232/872/1128 2231/871/1128
f 2242/882/1129 2222/862/1129 2239/917/1129
f 2242/882/1129 2239/917/1129 2245/923/1129
f 2218/924/1130 2234/918/1130 2223/863/1130
f 2218/924/1130 2223/863/1130 2241/881/1130
f 2247/925/1131 2246/922/1131 2231/871/1131
f 2247/925/1131 2231/871/1131 2225/865/1131
f 2217/912/1132 2220/926/1132 2226/866/1132
f 2217/912/1132 2226/866/1132 2230/870/1132
f 2241/881/1133 2244/884/1133 2219/927/1133
f 2241/881/1133 2219/927/1133 2218/924/1133
f 2243/883/1134 2242/882/1134 2245/923/1134
f 2243/883/1134 2245/923/1134 2248/928/1134
f 2252/929/1135 2219/927/1135 2244/884/1135
f 2252/929/1135 2244/884/1135 2253/910/1135
f 2248/928/1136 2255/930/1136 2254/909/1136
f 2248/928/1136 2254/909/1136 2243/883/1136
f 2256/931/1137 2247/925/1137 2225/865/1137
f 2256/931/1137 2225/865/1137 2228/868/1137
f 2220/926/1138 2251/932/1138 2227/867/1138
f 2220/926/1138 2227/867/1138 2226/866/1138
f 2249/921/1094 2229/869/1094 2232/872/1094
f 2249/921/1094 2232/872/1094 2250/915/1094
f 2257/933/577 2258/934/577 2259/935/577
f 2257/933/577 2259/935/577 2260/936/577
f 2261/937/1069 2262/938/1069 2263/939/1069
f 2261/937/1069 2263/939/1069 2264/940/1069
f 2265/941/1070 2266/942/1070 2267/943/1070
f 2265/941/1070 2267/943/1070 2268/944/1070
f 2269/945/325 2270/946/325 2271/947/325
f 2269/945/325 2271/947/325 2272/948/325
f 2273/949/1117 2274/950/1117 2275/951/1117
f 2273/949/1117 2275/951/1117 2276/952/1117
f 2277/953/1118 2278/954/1118 2279/955/1118
f 2277/953/1118 2279/955/1118 2280/956/1118
f 2274/950/1119 2258/934/1119 2257/933/1119
f 2274/950/1119 2257/933/1119 2275/951/1119
f 2281/957/239 2282/958/239 2283/959/239
f 2281/957/239 2283/959/239 2284/960/239
f 2285/961/576 2286/962/576 2287/963/576
f 2285/961/576 2287/963/576 2288/964/576
f 2289/965/366 2290/966/366 2277/967/366
f 2277/967/366 2280/968/366 2261/969/366
f 2261/969/366 2264/970/366 2273/971/366
f 2273/971/366 2276/972/366 2289/965/366
f 2289/965/366 2277/967/366 2261/969/366
f 2261/969/366 2273/971/366 2289/965/366
f 2271/947/325 2270/946/325 2266/942/325
f 2271/947/325 2266/942/325 2265/941/325
f 2278/954/1120 2286/962/1120 2285/961/1120
f 2278/954/1120 2285/961/1120 2279/955/1120
f 2262/938/239 2282/958/239 2281/957/239
f 2262/938/239 2281/957/239 2263/939/239
f 2268/973/457 2267/974/457 2291/975/457
f 2291/975/457 2292/976/457 2293/977/457
f 2293/977/457 2294/978/457 2295/979/457
f 2295/979/457 2296/980/457 2268/973/457
f 2268/973/457 2291/975/457 2293/977/457
f 2293/977/457 2295/979/457 2268/973/457
f 2260/936/1121 2259/935/1121 2292/981/1121
f 2260/936/1121 2292/981/1121 2291/982/1121
f 2288/964/1122 2287/963/1122 2296/983/1122
f 2288/964/1122 2296/983/1122 2295/984/1122
f 2284/960/1077 2283/959/1077 2294/985/1077
f 2284/960/1077 2294/985/1077 2293/986/1077
f 2275/987/1139 2257/988/1139 2270/946/1139
f 2275/987/1139 2270/946/1139 2269/945/1139
f 2278/989/1124 2277/990/1124 2290/991/1124
f 2278/989/1124 2290/991/1124 2272/948/1124
f 2262/938/1125 2261/937/1125 2280/992/1125
f 2262/938/1125 2280/992/1125 2279/993/1125
f 2274/994/1126 2273/995/1126 2264/940/1126
f 2274/994/1126 2264/940/1126 2263/939/1126
f 2276/996/1127 2275/987/1127 2269/945/1127
f 2276/996/1127 2269/945/1127 2289/997/1127
f 2286/998/1128 2278/989/1128 2272/948/1128
f 2286/998/1128 2272/948/1128 2271/947/1128
f 2282/958/1129 2262/938/1129 2279/993/1129
f 2282/958/1129 2279/993/1129 2285/999/1129
f 2258/1000/1130 2274/994/1130 2263/939/1130
f 2258/1000/1130 2263/939/1130 2281/957/1130
f 2287/1001/1131 2286/998/1131 2271/947/1131
f 2287/1001/1131 2271/947/1131 2265/941/1131
f 2257/988/1132 2260/1002/1132 2266/942/1132
f 2257/988/1132 2266/942/1132 2270/946/1132
f 2281/957/1133 2284/960/1133 2259/1003/1133
f 2281/957/1133 2259/1003/1133 2258/1000/1133
f 2283/959/1134 2282/958/1134 2285/999/1134
f 2283/959/1134 2285/999/1134 2288/1004/1134
f 2292/1005/1135 2259/1003/1135 2284/960/1135
f 2292/1005/1135 2284/960/1135 2293/986/1135
f 2288/1004/1136 2295/1006/1136 2294/985/1136
f 2288/1004/1136 2294/985/1136 2283/959/1136
f 2296/1007/1137 2287/1001/1137 2265/941/1137
f 2296/1007/1137 2265/941/1137 2268/944/1137
f 2260/1002/1138 2291/1008/1138 2267/943/1138
f 2260/1002/1138 2267/943/1138 2266/942/1138
f 2289/997/1094 2269/945/1094 2272/948/1094
f 2289/997/1094 2272/948/1094 2290/991/1094
f 2137/325/577 2138/326/577 2139/327/577
f 2137/325/577 2139/327/577 2140/328/577
f 2141/329/1069 2142/330/1069 2143/331/1069
f 2141/329/1069 2143/331/1069 2144/332/1069
f 2145/333/1070 2146/334/1070 2147/335/1070
f 2145/333/1070 2147/335/1070 2148/336/1070
f 2149/337/325 2150/338/325 2151/339/325
f 2149/337/325 2151/339/325 2152/340/325
f 2153/341/1071 2154/342/1071 2155/343/1071
f 2153/341/1071 2155/343/1071 2156/344/1071
f 2157/345/1072 2158/346/1072 2159/347/1072
f 2157/345/1072 2159/347/1072 2160/348/1072
f 2154/342/1073 2138/326/1073 2137/325/1073
f 2154/342/1073 2137/325/1073 2155/343/1073
f 2161/349/239 2162/350/239 2163/351/239
f 2161/349/239 2163/351/239 2164/352/239
f 2165/353/576 2166/354/576 2167/355/576
f 2165/353/576 2167/355/576 2168/356/576
f 2169/357/366 2170/358/366 2157/359/366
f 2157/359/366 2160/360/366 2141/361/366
f 2141/361/366 2144/362/366 2153/363/366
f 2153/363/366 2156/364/366 2169/357/366
f 2169/357/366 2157/359/366 2141/361/366
f 2141/361/366 2153/363/366 2169/357/366
f 2151/339/325 2150/338/325 2146/334/325
f 2151/339/325 2146/334/325 2145/333/325
f 2158/346/1074 2166/354/1074 2165/353/1074
f 2158/346/1074 2165/353/1074 2159/347/1074
f 2142/330/239 2162/350/239 2161/349/239
f 2142/330/239 2161/349/239 2143/331/239
f 2148/365/457 2147/366/457 2171/367/457
f 2171/367/457 2172/368/457 2173/369/457
f 2173/369/457 2174/370/457 2175/371/457
f 2175/371/457 2176/372/457 2148/365/457
f 2148/365/457 2171/367/457 2173/369/457
f 2173/369/457 2175/371/457 2148/365/457
f 2140/328/1075 2139/327/1075 2172/373/1075
f 2140/328/1075 2172/373/1075 2171/374/1075
f 2168/356/1076 2167/355/1076 2176/375/1076
f 2168/356/1076 2176/375/1076 2175/376/1076
f 2164/352/1077 2163/351/1077 2174/377/1077
f 2164/352/1077 2174/377/1077 2173/378/1077
f 2155/379/1078 2137/380/1078 2150/338/1078
f 2155/379/1078 2150/338/1078 2149/337/1078
f 2158/381/1079 2157/382/1079 2170/383/1079
f 2158/381/1079 2170/383/1079 2152/340/1079
f 2142/330/1080 2141/329/1080 2160/384/1080
f 2142/330/1080 2160/384/1080 2159/385/1080
f 2154/386/1081 2153/387/1081 2144/332/1081
f 2154/386/1081 2144/332/1081 2143/331/1081
f 2156/388/1082 2155/379/1082 2149/337/1082
f 2156/388/1082 2149/337/1082 2169/389/1082
f 2166/390/1083 2158/381/1083 2152/340/1083
f 2166/390/1083 2152/340/1083 2151/339/1083
f 2162/350/1084 2142/330/1084 2159/385/1084
f 2162/350/1084 2159/385/1084 2165/391/1084
f 2138/392/1085 2154/386/1085 2143/331/1085
f 2138/392/1085 2143/331/1085 2161/349/1085
f 2167/393/1086 2166/390/1086 2151/339/1086
f 2167/393/1086 2151/339/1086 2145/333/1086
f 2137/380/1087 2140/394/1087 2146/334/1087
f 2137/380/1087 2146/334/1087 2150/338/1087
f 2161/349/1088 2164/352/1088 2139/395/1088
f 2161/349/1088 2139/395/1088 2138/392/1088
f 2163/351/1089 2162/350/1089 2165/391/1089
f 2163/351/1089 2165/391/1089 2168/396/1089
f 2172/397/1090 2139/395/1090 2164/352/1090
f 2172/397/1090 2164/352/1090 2173/378/1090
f 2168/396/1091 2175/398/1091 2174/377/1091
f 2168/396/1091 2174/377/1091 2163/351/1091
f 2176/399/1092 2167/393/1092 2145/333/1092
f 2176/399/1092 2145/333/1092 2148/336/1092
f 2140/394/1093 2171/400/1093 2147/335/1093
f 2140/394/1093 2147/335/1093 2146/334/1093
f 2169/389/1094 2149/337/1094 2152/340/1094
f 2169/389/1094 2152/340/1094 2170/383/1094
f 2177/781/577 2178/782/577 2179/783/577
f 2177/781/577 2179/783/577 2180/784/577
f 2181/785/1069 2182/786/1069 2183/787/1069
f 2181/785/1069 2183/787/1069 2184/788/1069
f 2185/789/1070 2186/790/1070 2187/791/1070
f 2185/789/1070 2187/791/1070 2188/792/1070
f 2189/793/325 2190/794/325 2191/795/325
f 2189/793/325 2191/795/325 2192/796/325
f 2193/797/1095 2194/798/1095 2195/799/1095
f 2193/797/1095 2195/799/1095 2196/800/1095
f 2197/801/1096 2198/802/1096 2199/803/1096
f 2197/801/1096 2199/803/1096 2200/804/1096
f 2194/798/1097 2178/782/1097 2177/781/1097
f 2194/798/1097 2177/781/1097 2195/799/1097
f 2201/805/239 2202/806/239 2203/807/239
f 2201/805/239 2203/807/239 2204/808/239
f 2205/809/576 2206/810/576 2207/811/576
f 2205/809/576 2207/811/576 2208/812/576
f 2209/813/366 2210/814/366 2197/815/366
f 2197/815/366 2200/816/366 2181/817/366
f 2181/817/366 2184/818/366 2193/819/366
f 2193/819/366 2196/820/366 2209/813/366
f 2209/813/366 2197/815/366 2181/817/366
f 2181/817/366 2193/819/366 2209/813/366
f 2191/795/325 2190/794/325 2186/790/325
f 2191/795/325 2186/790/325 2185/789/325
f 2198/802/1098 2206/810/1098 2205/809/1098
f 2198/802/1098 2205/809/1098 2199/803/1098
f 2182/786/239 2202/806/239 2201/805/239
f 2182/786/239 2201/805/239 2183/787/239
f 2188/821/457 2187/822/457 2211/823/457
f 2211/823/457 2212/824/457 2213/825/457
f 2213/825/457 2214/826/457 2215/827/457
f 2215/827/457 2216/828/457 2188/821/457
f 2188/821/457 2211/823/457 2213/825/457
f 2213/825/457 2215/827/457 2188/821/457
f 2180/784/1099 2179/783/1099 2212/829/1099
f 2180/784/1099 2212/829/1099 2211/830/1099
f 2208/812/1100 2207/811/1100 2216/831/1100
f 2208/812/1100 2216/831/1100 2215/832/1100
f 2204/808/1077 2203/807/1077 2214/833/1077
f 2204/808/1077 2214/833/1077 2213/834/1077
f 2195/835/1101 2177/836/1101 2190/794/1101
f 2195/835/1101 2190/794/1101 2189/793/1101
f 2198/837/1102 2197/838/1102 2210/839/1102
f 2198/837/1102 2210/839/1102 2192/796/1102
f 2182/786/1103 2181/785/1103 2200/840/1103
f 2182/786/1103 2200/840/1103 2199/841/1103
f 2194/842/1104 2193/843/1104 2184/788/1104
f 2194/842/1104 2184/788/1104 2183/787/1104
f 2196/844/1105 2195/835/1105 2189/793/1105
f 2196/844/1105 2189/793/1105 2209/845/1105
f 2206/846/1106 2198/837/1106 2192/796/1106
f 2206/846/1106 2192/796/1106 2191/795/1106
f 2202/806/1107 2182/786/1107 2199/841/1107
f 2202/806/1107 2199/841/1107 2205/847/1107
f 2178/848/1108 2194/842/1108 2183/787/1108
f 2178/848/1108 2183/787/1108 2201/805/1108
f 2207/849/1109 2206/846/1109 2191/795/1109
f 2207/849/1109 2191/795/1109 2185/789/1109
f 2177/836/1110 2180/850/1110 2186/790/1110
f 2177/836/1110 2186/790/1110 2190/794/1110
f 2201/805/1111 2204/808/1111 2179/851/1111
f 2201/805/1111 2179/851/1111 2178/848/1111
f 2203/807/1112 2202/806/1112 2205/847/1112
f 2203/807/1112 2205/847/1112 2208/852/1112
f 2212/853/1113 2179/851/1113 2204/808/1113
f 2212/853/1113 2204/808/1113 2213/834/1113
f 2208/852/1114 2215/854/1114 2214/833/1114
f 2208/852/1114 2214/833/1114 2203/807/1114
f 2216/855/1115 2207/849/1115 2185/789/1115
f 2216/855/1115 2185/789/1115 2188/792/1115
f 2180/850/1116 2211/856/1116 2187/791/1116
f 2180/850/1116 2187/791/1116 2186/790/1116
f 2209/845/1094 2189/793/1094 2192/796/1094
f 2209/845/1094 2192/796/1094 2210/839/1094
f 2217/857/577 2218/858/577 2219/859/577
f 2217/857/577 2219/859/577 2220/860/577
f 2221/861/1069 2222/862/1069 2223/863/1069
f 2221/861/1069 2223/863/1069 2224/864/1069
f 2225/865/1070 2226/866/1070 2227/867/1070
f 2225/865/1070 2227/867/1070 2228/868/1070
f 2229/869/325 2230/870/325 2231/871/325
f 2229/869/325 2231/871/325 2232/872/325
f 2233/873/1117 2234/874/1117 2235/875/1117
f 2233/873/1117 2235/875/1117 2236/876/1117
f 2237/877/1118 2238/878/1118 2239/879/1118
f 2237/877/1118 2239/879/1118 2240/880/1118
f 2234/874/1119 2218/858/1119 2217/857/1119
f 2234/874/1119 2217/857/1119 2235/875/1119
f 2241/881/239 2242/882/239 2243/883/239
f 2241/881/239 2243/883/239 2244/884/239
f 2245/885/576 2246/886/576 2247/887/576
f 2245/885/576 2247/887/576 2248/888/576
f 2249/889/366 2250/890/366 2237/891/366
f 2237/891/366 2240/892/366 2221/893/366
f 2221/893/366 2224/894/366 2233/895/366
f 2233/895/366 2236/896/366 2249/889/366
f 2249/889/366 2237/891/366 2221/893/366
f 2221/893/366 2233/895/366 2249/889/366
f 2231/871/325 2230/870/325 2226/866/325
f 2231/871/325 2226/866/325 2225/865/325
f 2238/878/1120 2246/886/1120 2245/885/1120
f 2238/878/1120 2245/885/1120 2239/879/1120
f 2222/862/239 2242/882/239 2241/881/239
f 2222/862/239 2241/881/239 2223/863/239
f 2228/897/457 2227/898/457 2251/899/457
f 2251/899/457 2252/900/457 2253/901/457
f 2253/901/457 2254/902/457 2255/903/457
f 2255/903/457 2256/904/457 2228/897/457
f 2228/897/457 2251/899/457 2253/901/457
f 2253/901/457 2255/903/457 2228/897/457
f 2220/860/1121 2219/859/1121 2252/905/1121
f 2220/860/1121 2252/905/1121 2251/906/1121
f 2248/888/1122 2247/887/1122 2256/907/1122
f 2248/888/1122 2256/907/1122 2255/908/1122
f 2244/884/1077 2243/883/1077 2254/909/1077
f 2244/884/1077 2254/909/1077 2253/910/1077
f 2235/911/1123 2217/912/1123 2230/870/1123
f 2235/911/1123 2230/870/1123 2229/869/1123
f 2238/913/1124 2237/914/1124 2250/915/1124
f 2238/913/1124 2250/915/1124 2232/872/1124
f 2222/862/1125 2221/861/1125 2240/916/1125
f 2222/862/1125 2240/916/1125 2239/917/1125
f 2234/918/1126 2233/919/1126 2224/864/1126
f 2234/918/1126 2224/864/1126 2223/863/1126
f 2236/920/1127 2235/911/1127 2229/869/1127
f 2236/920/1127 2229/869/1127 2249/921/1127
f 2246/922/1128 2238/913/1128 2232/872/1128
f 2246/922/1128 2232/872/1128 2231/871/1128
f 2242/882/1129 2222/862/1129 2239/917/1129
f 2242/882/1129 2239/917/1129 2245/923/1129
f 2218/924/1130 2234/918/1130 2223/863/1130
f 2218/924/1130 2223/863/1130 2241/881/1130
f 2247/925/1131 2246/922/1131 2231/871/1131
f 2247/925/1131 2231/871/1131 2225/865/1131
f 2217/912/1132 2220/926/1132 2226/866/1132
f 2217/912/1132 2226/866/1132 2230/870/1132
f 2241/881/1133 2244/884/1133 2219/927/1133
f 2241/881/1133 2219/927/1133 2218/924/1133
f 2243/883/1134 2242/882/1134 2245/923/1134
f 2243/883/1134 2245/923/1134 2248/928/1134
f 2252/929/1135 2219/927/1135 2244/884/1135
f 2252/929/1135 2244/884/1135 2253/910/1135
f 2248/928/1136 2255/930/1136 2254/909/1136
f 2248/928/1136 2254/909/1136 2243/883/1136
f 2256/931/1137 2247/925/1137 2225/865/1137
f 2256/931/1137 2225/865/1137 2228/868/1137
f 2220/926/1138 2251/932/1138 2227/867/1138
f 2220/926/1138 2227/867/1138 2226/866/1138
f 2249/921/1094 2229/869/1094 2232/872/1094
f 2249/921/1094 2232/872/1094 2250/915/1094
f 2257/933/577 2258/934/577 2259/935/577
f 2257/933/577 2259/935/577 2260/936/577
f 2261/937/1069 2262/938/1069 2263/939/1069
f 2261/937/1069 2263/939/1069 2264/940/1069
f 2265/941/1070 2266/942/1070 2267/943/1070
f 2265/941/1070 2267/943/1070 2268/944/1070
f 2269/945/325 2270/946/325 2271/947/325
f 2269/945/325 2271/947/325 2272/948/325
f 2273/949/1117 2274/950/1117 2275/951/1117
f 2273/949/1117 2275/951/1117 2276/952/1117
f 2277/953/1118 2278/954/1118 2279/955/1118
f 2277/953/1118 2279/955/1118 2280/956/1118
f 2274/950/1119 2258/934/1119 2257/933/1119
f 2274/950/1119 2257/933/1119 2275/951/1119
f 2281/957/239 2282/958/239 2283/959/239
f 2281/957/239 2283/959/239 2284/960/239
f 2285/961/576 2286/962/576 2287/963/576
f 2285/961/576 2287/963/576 2288/964/576
f 2289/965/366 2290/966/366 2277/967/366
f 2277/967/366 2280/968/366 2261/969/366
f 2261/969/366 2264/970/366 2273/971/366
f 2273/971/366 2276/972/366 2289/965/366
f 2289/965/366 2277/967/366 2261/969/366
f 2261/969/366 2273/971/366 2289/965/366
f 2271/947/325 2270/946/325 2266/942/325
f 2271/947/325 2266/942/325 2265/941/325
f 2278/954/1120 2286/962/1120 2285/961/1120
f 2278/954/1120 2285/961/1120 2279/955/1120
f 2262/938/239 2282/958/239 2281/957/239
f 2262/938/239 2281/957/239 2263/939/239
f 2268/973/457 2267/974/457 2291/975/457
f 2291/975/457 2292/976/457 2293/977/457
f 2293/977/457 2294/978/457 2295/979/457
f 2295/979/457 2296/980/457 2268/973/457
f 2268/973/457 2291/975/457 2293/977/457
f 2293/977/457 2295/979/457 2268/973/457
f 2260/936/1121 2259/935/1121 2292/981/1121
f 2260/936/1121 2292/981/1121 2291/982/1121
f 2288/964/1122 2287/963/1122 2296/983/1122
f 2288/964/1122 2296/983/1122 2295/984/1122
f 2284/960/1077 2283/959/1077 2294/985/1077
f 2284/960/1077 2294/985/1077 2293/986/1077
f 2275/987/1139 2257/988/1139 2270/946/1139
f 2275/987/1139 2270/946/1139 2269/945/1139
f 2278/989/1124 2277/990/1124 2290/991/1124
f 2278/989/1124 2290/991/1124 2272/948/1124
f 2262/938/1125 2261/937/1125 2280/992/1125
f 2262/938/1125 2280/992/1125 2279/993/1125
f 2274/994/1126 2273/995/1126 2264/940/1126
f 2274/994/1126 2264/940/1126 2263/939/1126
f 2276/996/1127 2275/987/1127 2269/945/1127
f 2276/996/1127 2269/945/1127 2289/997/1127
f 2286/998/1128 2278/989/1128 2272/948/1128
f 2286/998/1128 2272/948/1128 2271/947/1128
f 2282/958/1129 2262/938/1129 2279/993/1129
f 2282/958/1129 2279/993/1129 2285/999/1129
f 2258/1000/1130 2274/994/1130 2263/939/1130
f 2258/1000/1130 2263/939/1130 2281/957/1130
f 2287/1001/1131 2286/998/1131 2271/947/1131
f 2287/1001/1131 2271/947/1131 2265/941/1131
f 2257/988/1132 2260/1002/1132 2266/942/1132
f 2257/988/1132 2266/942/1132 2270/946/1132
f 2281/957/1133 2284/960/1133 2259/1003/1133
f 2281/957/1133 2259/1003/1133 2258/1000/1133
f 2283/959/1134 2282/958/1134 2285/999/1134
f 2283/959/1134 2285/999/1134 2288/1004/1134
f 2292/1005/1135 2259/1003/1135 2284/960/1135
f 2292/1005/1135 2284/960/1135 2293/986/1135
f 2288/1004/1136 2295/1006/1136 2294/985/1136
f 2288/1004/1136 2294/985/1136 2283/959/1136
f 2296/1007/1137 2287/1001/1137 2265/941/1137
f 2296/1007/1137 2265/941/1137 2268/944/1137
f 2260/1002/1138 2291/1008/1138 2267/943/1138
f 2260/1002/1138 2267/943/1138 2266/942/1138
f 2289/997/1094 2269/945/1094 2272/948/1094
f 2289/997/1094 2272/948/1094 2290/991/1094

# Mesh
g Sphere.011_Sphere.013-9
usemtl Material.038
f 2297/1009/457 2298/1010/457 2299/1011/457
f 2297/1009/457 2299/1011/457 2300/1012/457
f 2301/1013/973 2302/1014/973 2303/1015/973
f 2301/1013/973 2303/1015/973 2304/1016/973
f 2305/1017/974 2306/1018/974 2307/1019/974
f 2305/1017/974 2307/1019/974 2308/1020/974
f 2309/1021/325 2310/1022/325 2311/1023/325
f 2309/1021/325 2311/1023/325 2312/1024/325
f 2313/1025/975 2314/1026/975 2315/1027/975
f 2313/1025/975 2315/1027/975 2316/1028/975
f 2317/1029/976 2318/1030/976 2319/1031/976
f 2317/1029/976 2319/1031/976 2320/1032/976
f 2314/1026/977 2298/1010/977 2297/1009/977
f 2314/1026/977 2297/1009/977 2315/1027/977
f 2321/1033/239 2322/1034/239 2323/1035/239
f 2321/1033/239 2323/1035/239 2324/1036/239
f 2325/1037/366 2326/1038/366 2327/1039/366
f 2325/1037/366 2327/1039/366 2328/1040/366
f 2329/1041/577 2330/1042/577 2317/1043/577
f 2317/1043/577 2320/1044/577 2301/1045/577
f 2301/1045/577 2304/1046/577 2313/1047/577
f 2313/1047/577 2316/1048/577 2329/1041/577
f 2329/1041/577 2317/1043/577 2301/1045/577
f 2301/1045/577 2313/1047/577 2329/1041/577
f 2311/1023/325 2310/1022/325 2306/1018/325
f 2311/1023/325 2306/1018/325 2305/1017/325
f 2318/1030/978 2326/1038/978 2325/1037/978
f 2318/1030/978 2325/1037/978 2319/1031/978
f 2302/1014/239 2322/1034/239 2321/1033/239
f 2302/1014/239 2321/1033/239 2303/1015/239
f 2308/1049/576 2307/1050/576 2331/1051/576
f 2331/1051/576 2332/1052/576 2333/1053/576
f 2333/1053/576 2334/1054/576 2335/1055/576
f 2335/1055/576 2336/1056/576 2308/1049/576
f 2308/1049/576 2331/1051/576 2333/1053/576
f 2333/1053/576 2335/1055/576 2308/1049/576
f 2300/1012/979 2299/1011/979 2332/1057/979
f 2300/1012/979 2332/1057/979 2331/1058/979
f 2328/1040/980 2327/1039/980 2336/1059/980
f 2328/1040/980 2336/1059/980 2335/1060/980
f 2324/1036/981 2323/1035/981 2334/1061/981
f 2324/1036/981 2334/1061/981 2333/1062/981
f 2315/1027/1140 2297/1009/1140 2310/1063/1140
f 2315/1027/1140 2310/1063/1140 2309/1064/1140
f 2318/1030/983 2317/1029/983 2330/1065/983
f 2318/1030/983 2330/1065/983 2312/1066/983
f 2302/1067/984 2301/1068/984 2320/1032/984
f 2302/1067/984 2320/1032/984 2319/1031/984
f 2314/1026/1141 2313/1025/1141 2304/1069/1141
f 2314/1026/1141 2304/1069/1141 2303/1070/1141
f 2316/1028/986 2315/1027/986 2309/1064/986
f 2316/1028/986 2309/1064/986 2329/1071/986
f 2326/1038/987 2318/1030/987 2312/1066/987
f 2326/1038/987 2312/1066/987 2311/1072/987
f 2322/1073/988 2302/1067/988 2319/1031/988
f 2322/1073/988 2319/1031/988 2325/1037/988
f 2298/1010/989 2314/1026/989 2303/1070/989
f 2298/1010/989 2303/1070/989 2321/1074/989
f 2327/1039/990 2326/1038/990 2311/1072/990
f 2327/1039/990 2311/1072/990 2305/1075/990
f 2297/1009/991 2300/1012/991 2306/1076/991
f 2297/1009/991 2306/1076/991 2310/1063/991
f 2321/1074/992 2324/1077/992 2299/1011/992
f 2321/1074/992 2299/1011/992 2298/1010/992
f 2323/1078/993 2322/1073/993 2325/1037/993
f 2323/1078/993 2325/1037/993 2328/1040/993
f 2332/1057/994 2299/1011/994 2324/1077/994
f 2332/1057/994 2324/1077/994 2333/1079/994
f 2328/1040/995 2335/1060/995 2334/1080/995
f 2328/1040/995 2334/1080/995 2323/1078/995
f 2336/1059/996 2327/1039/996 2305/1075/996
f 2336/1059/996 2305/1075/996 2308/1081/996
f 2300/1012/997 2331/1058/997 2307/1082/997
f 2300/1012/997 2307/1082/997 2306/1076/997
f 2329/1083/998 2309/1021/998 2312/1024/998
f 2329/1083/998 2312/1024/998 2330/1084/998
f 2337/705/577 2338/706/577 2339/707/577
f 2337/705/577 2339/707/577 2340/708/577
f 2341/709/999 2342/710/999 2343/711/999
f 2341/709/999 2343/711/999 2344/712/999
f 2345/713/1000 2346/714/1000 2347/715/1000
f 2345/713/1000 2347/715/1000 2348/716/1000
f 2349/717/457 2350/718/457 2351/719/457
f 2349/717/457 2351/719/457 2352/720/457
f 2353/721/1047 2354/722/1047 2355/723/1047
f 2353/721/1047 2355/723/1047 2356/724/1047
f 2357/725/1048 2358/726/1048 2359/727/1048
f 2357/725/1048 2359/727/1048 2360/728/1048
f 2354/722/1049 2338/706/1049 2337/705/1049
f 2354/722/1049 2337/705/1049 2355/723/1049
f 2361/729/366 2362/730/366 2363/731/366
f 2361/729/366 2363/731/366 2364/732/366
f 2365/733/576 2366/734/576 2367/735/576
f 2365/733/576 2367/735/576 2368/736/576
f 2369/737/325 2370/738/325 2357/739/325
f 2357/739/325 2360/740/325 2341/741/325
f 2341/741/325 2344/742/325 2353/743/325
f 2353/743/325 2356/744/325 2369/737/325
f 2369/737/325 2357/739/325 2341/741/325
f 2341/741/325 2353/743/325 2369/737/325
f 2351/719/457 2350/718/457 2346/714/457
f 2351/719/457 2346/714/457 2345/713/457
f 2358/726/1050 2366/734/1050 2365/733/1050
f 2358/726/1050 2365/733/1050 2359/727/1050
f 2342/710/366 2362/730/366 2361/729/366
f 2342/710/366 2361/729/366 2343/711/366
f 2348/745/239 2347/746/239 2371/747/239
f 2371/747/239 2372/748/239 2373/749/239
f 2373/749/239 2374/750/239 2375/751/239
f 2375/751/239 2376/752/239 2348/745/239
f 2348/745/239 2371/747/239 2373/749/239
f 2373/749/239 2375/751/239 2348/745/239
f 2340/708/1051 2339/707/1051 2372/753/1051
f 2340/708/1051 2372/753/1051 2371/754/1051
f 2368/736/1052 2367/735/1052 2376/755/1052
f 2368/736/1052 2376/755/1052 2375/756/1052
f 2364/732/1007 2363/731/1007 2374/757/1007
f 2364/732/1007 2374/757/1007 2373/758/1007
f 2355/759/1053 2337/760/1053 2350/718/1053
f 2355/759/1053 2350/718/1053 2349/717/1053
f 2358/761/1054 2357/762/1054 2370/763/1054
f 2358/761/1054 2370/763/1054 2352/720/1054
f 2342/710/1055 2341/709/1055 2360/764/1055
f 2342/710/1055 2360/764/1055 2359/765/1055
f 2354/766/1056 2353/767/1056 2344/712/1056
f 2354/766/1056 2344/712/1056 2343/711/1056
f 2356/768/1057 2355/759/1057 2349/717/1057
f 2356/768/1057 2349/717/1057 2369/769/1057
f 2366/770/1058 2358/761/1058 2352/720/1058
f 2366/770/1058 2352/720/1058 2351/719/1058
f 2362/730/1059 2342/710/1059 2359/765/1059
f 2362/730/1059 2359/765/1059 2365/771/1059
f 2338/772/1060 2354/766/1060 2343/711/1060
f 2338/772/1060 2343/711/1060 2361/729/1060
f 2367/773/1061 2366/770/1061 2351/719/1061
f 2367/773/1061 2351/719/1061 2345/713/1061
f 2337/760/1062 2340/774/1062 2346/714/1062
f 2337/760/1062 2346/714/1062 2350/718/1062
f 2361/729/1063 2364/732/1063 2339/775/1063
f 2361/729/1063 2339/775/1063 2338/772/1063
f 2363/731/1064 2362/730/1064 2365/771/1064
f 2363/731/1064 2365/771/1064 2368/776/1064
f 2372/777/1065 2339/775/1065 2364/732/1065
f 2372/777/1065 2364/732/1065 2373/758/1065
f 2368/776/1066 2375/778/1066 2374/757/1066
f 2368/776/1066 2374/757/1066 2363/731/1066
f 2376/779/1067 2367/773/1067 2345/713/1067
f 2376/779/1067 2345/713/1067 2348/716/1067
f 2340/774/1068 2371/780/1068 2347/715/1068
f 2340/774/1068 2347/715/1068 2346/714/1068
f 2369/769/1024 2349/717/1024 2352/720/1024
f 2369/769/1024 2352/720/1024 2370/763/1024
f 2377/629/577 2378/630/577 2379/631/577
f 2377/629/577 2379/631/577 2380/632/577
f 2381/633/999 2382/634/999 2383/635/999
f 2381/633/999 2383/635/999 2384/636/999
f 2385/637/1000 2386/638/1000 2387/639/1000
f 2385/637/1000 2387/639/1000 2388/640/1000
f 2389/641/457 2390/642/457 2391/643/457
f 2389/641/457 2391/643/457 2392/644/457
f 2393/645/1047 2394/646/1047 2395/647/1047
f 2393/645/1047 2395/647/1047 2396/648/1047
f 2397/649/1048 2398/650/1048 2399/651/1048
f 2397/649/1048 2399/651/1048 2400/652/1048
f 2394/646/1049 2378/630/1049 2377/629/1049
f 2394/646/1049 2377/629/1049 2395/647/1049
f 2401/653/366 2402/654/366 2403/655/366
f 2401/653/366 2403/655/366 2404/656/366
f 2405/657/576 2406/658/576 2407/659/576
f 2405/657/576 2407/659/576 2408/660/576
f 2409/661/325 2410/662/325 2397/663/325
f 2397/663/325 2400/664/325 2381/665/325
f 2381/665/325 2384/666/325 2393/667/325
f 2393/667/325 2396/668/325 2409/661/325
f 2409/661/325 2397/663/325 2381/665/325
f 2381/665/325 2393/667/325 2409/661/325
f 2391/643/457 2390/642/457 2386/638/457
f 2391/643/457 2386/638/457 2385/637/457
f 2398/650/1050 2406/658/1050 2405/657/1050
f 2398/650/1050 2405/657/1050 2399/651/1050
f 2382/634/366 2402/654/366 2401/653/366
f 2382/634/366 2401/653/366 2383/635/366
f 2388/669/239 2387/670/239 2411/671/239
f 2411/671/239 2412/672/239 2413/673/239
f 2413/673/239 2414/674/239 2415/675/239
f 2415/675/239 2416/676/239 2388/669/239
f 2388/669/239 2411/671/239 2413/673/239
f 2413/673/239 2415/675/239 2388/669/239
f 2380/632/1051 2379/631/1051 2412/677/1051
f 2380/632/1051 2412/677/1051 2411/678/1051
f 2408/660/1052 2407/659/1052 2416/679/1052
f 2408/660/1052 2416/679/1052 2415/680/1052
f 2404/656/1007 2403/655/1007 2414/681/1007
f 2404/656/1007 2414/681/1007 2413/682/1007
f 2395/683/1053 2377/684/1053 2390/642/1053
f 2395/683/1053 2390/642/1053 2389/641/1053
f 2398/685/1054 2397/686/1054 2410/687/1054
f 2398/685/1054 2410/687/1054 2392/644/1054
f 2382/634/1055 2381/633/1055 2400/688/1055
f 2382/634/1055 2400/688/1055 2399/689/1055
f 2394/690/1056 2393/691/1056 2384/636/1056
f 2394/690/1056 2384/636/1056 2383/635/1056
f 2396/692/1057 2395/683/1057 2389/641/1057
f 2396/692/1057 2389/641/1057 2409/693/1057
f 2406/694/1142 2398/685/1142 2392/644/1142
f 2406/694/1142 2392/644/1142 2391/643/1142
f 2402/654/1059 2382/634/1059 2399/689/1059
f 2402/654/1059 2399/689/1059 2405/695/1059
f 2378/696/1060 2394/690/1060 2383/635/1060
f 2378/696/1060 2383/635/1060 2401/653/1060
f 2407/697/1061 2406/694/1061 2391/643/1061
f 2407/697/1061 2391/643/1061 2385/637/1061
f 2377/684/1062 2380/698/1062 2386/638/1062
f 2377/684/1062 2386/638/1062 2390/642/1062
f 2401/653/1063 2404/656/1063 2379/699/1063
f 2401/653/1063 2379/699/1063 2378/696/1063
f 2403/655/1064 2402/654/1064 2405/695/1064
f 2403/655/1064 2405/695/1064 2408/700/1064
f 2412/701/1065 2379/699/1065 2404/656/1065
f 2412/701/1065 2404/656/1065 2413/682/1065
f 2408/700/1066 2415/702/1066 2414/681/1066
f 2408/700/1066 2414/681/1066 2403/655/1066
f 2416/703/1067 2407/697/1067 2385/637/1067
f 2416/703/1067 2385/637/1067 2388/640/1067
f 2380/698/1068 2411/704/1068 2387/639/1068
f 2380/698/1068 2387/639/1068 2386/638/1068
f 2409/693/1024 2389/641/1024 2392/644/1024
f 2409/693/1024 2392/644/1024 2410/687/1024
f 2417/553/577 2418/554/577 2419/555/577
f 2417/553/577 2419/555/577 2420/556/577
f 2421/557/999 2422/558/999 2423/559/999
f 2421/557/999 2423/559/999 2424/560/999
f 2425/561/1000 2426/562/1000 2427/563/1000
f 2425/561/1000 2427/563/1000 2428/564/1000
f 2429/565/457 2430/566/457 2431/567/457
f 2429/565/457 2431/567/457 2432/568/457
f 2433/569/1025 2434/570/1025 2435/571/1025
f 2433/569/1025 2435/571/1025 2436/572/1025
f 2437/573/1026 2438/574/1026 2439/575/1026
f 2437/573/1026 2439/575/1026 2440/576/1026
f 2434/570/1027 2418/554/1027 2417/553/1027
f 2434/570/1027 2417/553/1027 2435/571/1027
f 2441/577/366 2442/578/366 2443/579/366
f 2441/577/366 2443/579/366 2444/580/366
f 2445/581/576 2446/582/576 2447/583/576
f 2445/581/576 2447/583/576 2448/584/576
f 2449/585/325 2450/586/325 2437/587/325
f 2437/587/325 2440/588/325 2421/589/325
f 2421/589/325 2424/590/325 2433/591/325
f 2433/591/325 2436/592/325 2449/585/325
f 2449/585/325 2437/587/325 2421/589/325
f 2421/589/325 2433/591/325 2449/585/325
f 2431/567/457 2430/566/457 2426/562/457
f 2431/567/457 2426/562/457 2425/561/457
f 2438/574/1028 2446/582/1028 2445/581/1028
f 2438/574/1028 2445/581/1028 2439/575/1028
f 2422/558/366 2442/578/366 2441/577/366
f 2422/558/366 2441/577/366 2423/559/366
f 2428/593/239 2427/594/239 2451/595/239
f 2451/595/239 2452/596/239 2453/597/239
f 2453/597/239 2454/598/239 2455/599/239
f 2455/599/239 2456/600/239 2428/593/239
f 2428/593/239 2451/595/239 2453/597/239
f 2453/597/239 2455/599/239 2428/593/239
f 2420/556/1029 2419/555/1029 2452/601/1029
f 2420/556/1029 2452/601/1029 2451/602/1029
f 2448/584/1030 2447/583/1030 2456/603/1030
f 2448/584/1030 2456/603/1030 2455/604/1030
f 2444/580/1007 2443/579/1007 2454/605/1007
f 2444/580/1007 2454/605/1007 2453/606/1007
f 2435/607/1031 2417/608/1031 2430/566/1031
f 2435/607/1031 2430/566/1031 2429/565/1031
f 2438/609/1032 2437/610/1032 2450/611/1032
f 2438/609/1032 2450/611/1032 2432/568/1032
f 2422/558/1033 2421/557/1033 2440/612/1033
f 2422/558/1033 2440/612/1033 2439/613/1033
f 2434/614/1034 2433/615/1034 2424/560/1034
f 2434/614/1034 2424/560/1034 2423/559/1034
f 2436/616/1035 2435/607/1035 2429/565/1035
f 2436/616/1035 2429/565/1035 2449/617/1035
f 2446/618/1036 2438/609/1036 2432/568/1036
f 2446/618/1036 2432/568/1036 2431/567/1036
f 2442/578/1037 2422/558/1037 2439/613/1037
f 2442/578/1037 2439/613/1037 2445/619/1037
f 2418/620/1038 2434/614/1038 2423/559/1038
f 2418/620/1038 2423/559/1038 2441/577/1038
f 2447/621/1039 2446/618/1039 2431/567/1039
f 2447/621/1039 2431/567/1039 2425/561/1039
f 2417/608/1040 2420/622/1040 2426/562/1040
f 2417/608/1040 2426/562/1040 2430/566/1040
f 2441/577/1041 2444/580/1041 2419/623/1041
f 2441/577/1041 2419/623/1041 2418/620/1041
f 2443/579/1042 2442/578/1042 2445/619/1042
f 2443/579/1042 2445/619/1042 2448/624/1042
f 2452/625/1043 2419/623/1043 2444/580/1043
f 2452/625/1043 2444/580/1043 2453/606/1043
f 2448/624/1044 2455/626/1044 2454/605/1044
f 2448/624/1044 2454/605/1044 2443/579/1044
f 2456/627/1045 2447/621/1045 2425/561/1045
f 2456/627/1045 2425/561/1045 2428/564/1045
f 2420/622/1046 2451/628/1046 2427/563/1046
f 2420/622/1046 2427/563/1046 2426/562/1046
f 2449/617/1024 2429/565/1024 2432/568/1024
f 2449/617/1024 2432/568/1024 2450/611/1024
f 2457/477/577 2458/478/577 2459/479/577
f 2457/477/577 2459/479/577 2460/480/577
f 2461/481/999 2462/482/999 2463/483/999
f 2461/481/999 2463/483/999 2464/484/999
f 2465/485/1000 2466/486/1000 2467/487/1000
f 2465/485/1000 2467/487/1000 2468/488/1000
f 2469/489/457 2470/490/457 2471/491/457
f 2469/489/457 2471/491/457 2472/492/457
f 2473/493/1001 2474/494/1001 2475/495/1001
f 2473/493/1001 2475/495/1001 2476/496/1001
f 2477/497/1002 2478/498/1002 2479/499/1002
f 2477/497/1002 2479/499/1002 2480/500/1002
f 2474/494/1003 2458/478/1003 2457/477/1003
f 2474/494/1003 2457/477/1003 2475/495/1003
f 2481/501/366 2482/502/366 2483/503/366
f 2481/501/366 2483/503/366 2484/504/366
f 2485/505/576 2486/506/576 2487/507/576
f 2485/505/576 2487/507/576 2488/508/576
f 2489/509/325 2490/510/325 2477/511/325
f 2477/511/325 2480/512/325 2461/513/325
f 2461/513/325 2464/514/325 2473/515/325
f 2473/515/325 2476/516/325 2489/509/325
f 2489/509/325 2477/511/325 2461/513/325
f 2461/513/325 2473/515/325 2489/509/325
f 2471/491/457 2470/490/457 2466/486/457
f 2471/491/457 2466/486/457 2465/485/457
f 2478/498/1004 2486/506/1004 2485/505/1004
f 2478/498/1004 2485/505/1004 2479/499/1004
f 2462/482/366 2482/502/366 2481/501/366
f 2462/482/366 2481/501/366 2463/483/366
f 2468/517/239 2467/518/239 2491/519/239
f 2491/519/239 2492/520/239 2493/521/239
f 2493/521/239 2494/522/239 2495/523/239
f 2495/523/239 2496/524/239 2468/517/239
f 2468/517/239 2491/519/239 2493/521/239
f 2493/521/239 2495/523/239 2468/517/239
f 2460/480/1005 2459/479/1005 2492/525/1005
f 2460/480/1005 2492/525/1005 2491/526/1005
f 2488/508/1006 2487/507/1006 2496/527/1006
f 2488/508/1006 2496/527/1006 2495/528/1006
f 2484/504/1007 2483/503/1007 2494/529/1007
f 2484/504/1007 2494/529/1007 2493/530/1007
f 2475/531/1008 2457/532/1008 2470/490/1008
f 2475/531/1008 2470/490/1008 2469/489/1008
f 2478/533/1009 2477/534/1009 2490/535/1009
f 2478/533/1009 2490/535/1009 2472/492/1009
f 2462/482/1010 2461/481/1010 2480/536/1010
f 2462/482/1010 2480/536/1010 2479/537/1010
f 2474/538/1011 2473/539/1011 2464/484/1011
f 2474/538/1011 2464/484/1011 2463/483/1011
f 2476/540/1143 2475/531/1143 2469/489/1143
f 2476/540/1143 2469/489/1143 2489/541/1143
f 2486/542/1013 2478/533/1013 2472/492/1013
f 2486/542/1013 2472/492/1013 2471/491/1013
f 2482/502/1014 2462/482/1014 2479/537/1014
f 2482/502/1014 2479/537/1014 2485/543/1014
f 2458/544/1015 2474/538/1015 2463/483/1015
f 2458/544/1015 2463/483/1015 2481/501/1015
f 2487/545/1016 2486/542/1016 2471/491/1016
f 2487/545/1016 2471/491/1016 2465/485/1016
f 2457/532/1017 2460/546/1017 2466/486/1017
f 2457/532/1017 2466/486/1017 2470/490/1017
f 2481/501/1018 2484/504/1018 2459/547/1018
f 2481/501/1018 2459/547/1018 2458/544/1018
f 2483/503/1019 2482/502/1019 2485/543/1019
f 2483/503/1019 2485/543/1019 2488/548/1019
f 2492/549/1020 2459/547/1020 2484/504/1020
f 2492/549/1020 2484/504/1020 2493/530/1020
f 2488/548/1021 2495/550/1021 2494/529/1021
f 2488/548/1021 2494/529/1021 2483/503/1021
f 2496/551/1022 2487/545/1022 2465/485/1022
f 2496/551/1022 2465/485/1022 2468/488/1022
f 2460/546/1023 2491/552/1023 2467/487/1023
f 2460/546/1023 2467/487/1023 2466/486/1023
f 2489/541/1024 2469/489/1024 2472/492/1024
f 2489/541/1024 2472/492/1024 2490/535/1024
f 2497/933/577 2498/934/577 2499/935/577
f 2497/933/577 2499/935/577 2500/936/577
f 2501/937/1069 2502/938/1069 2503/939/1069
f 2501/937/1069 2503/939/1069 2504/940/1069
f 2505/941/1070 2506/942/1070 2507/943/1070
f 2505/941/1070 2507/943/1070 2508/944/1070
f 2509/945/325 2510/946/325 2511/947/325
f 2509/945/325 2511/947/325 2512/948/325
f 2513/949/1117 2514/950/1117 2515/951/1117
f 2513/949/1117 2515/951/1117 2516/952/1117
f 2517/953/1118 2518/954/1118 2519/955/1118
f 2517/953/1118 2519/955/1118 2520/956/1118
f 2514/950/1119 2498/934/1119 2497/933/1119
f 2514/950/1119 2497/933/1119 2515/951/1119
f 2521/957/239 2522/958/239 2523/959/239
f 2521/957/239 2523/959/239 2524/960/239
f 2525/961/576 2526/962/576 2527/963/576
f 2525/961/576 2527/963/576 2528/964/576
f 2529/965/366 2530/966/366 2517/967/366
f 2517/967/366 2520/968/366 2501/969/366
f 2501/969/366 2504/970/366 2513/971/366
f 2513/971/366 2516/972/366 2529/965/366
f 2529/965/366 2517/967/366 2501/969/366
f 2501/969/366 2513/971/366 2529/965/366
f 2511/947/325 2510/946/325 2506/942/325
f 2511/947/325 2506/942/325 2505/941/325
f 2518/954/1120 2526/962/1120 2525/961/1120
f 2518/954/1120 2525/961/1120 2519/955/1120
f 2502/938/239 2522/958/239 2521/957/239
f 2502/938/239 2521/957/239 2503/939/239
f 2508/973/457 2507/974/457 2531/975/457
f 2531/975/457 2532/976/457 2533/977/457
f 2533/977/457 2534/978/457 2535/979/457
f 2535/979/457 2536/980/457 2508/973/457
f 2508/973/457 2531/975/457 2533/977/457
f 2533/977/457 2535/979/457 2508/973/457
f 2500/936/1121 2499/935/1121 2532/981/1121
f 2500/936/1121 2532/981/1121 2531/982/1121
f 2528/964/1122 2527/963/1122 2536/983/1122
f 2528/964/1122 2536/983/1122 2535/984/1122
f 2524/960/1077 2523/959/1077 2534/985/1077
f 2524/960/1077 2534/985/1077 2533/986/1077
f 2515/987/1123 2497/988/1123 2510/946/1123
f 2515/987/1123 2510/946/1123 2509/945/1123
f 2518/989/1124 2517/990/1124 2530/991/1124
f 2518/989/1124 2530/991/1124 2512/948/1124
f 2502/938/1125 2501/937/1125 2520/992/1125
f 2502/938/1125 2520/992/1125 2519/993/1125
f 2514/994/1126 2513/995/1126 2504/940/1126
f 2514/994/1126 2504/940/1126 2503/939/1126
f 2516/996/1127 2515/987/1127 2509/945/1127
f 2516/996/1127 2509/945/1127 2529/997/1127
f 2526/998/1128 2518/989/1128 2512/948/1128
f 2526/998/1128 2512/948/1128 2511/947/1128
f 2522/958/1129 2502/938/1129 2519/993/1129
f 2522/958/1129 2519/993/1129 2525/999/1129
f 2498/1000/1130 2514/994/1130 2503/939/1130
f 2498/1000/1130 2503/939/1130 2521/957/1130
f 2527/1001/1131 2526/998/1131 2511/947/1131
f 2527/1001/1131 2511/947/1131 2505/941/1131
f 2497/988/1132 2500/1002/1132 2506/942/1132
f 2497/988/1132 2506/942/1132 2510/946/1132
f 2521/957/1133 2524/960/1133 2499/1003/1133
f 2521/957/1133 2499/1003/1133 2498/1000/1133
f 2523/959/1134 2522/958/1134 2525/999/1134
f 2523/959/1134 2525/999/1134 2528/1004/1134
f 2532/1005/1135 2499/1003/1135 2524/960/1135
f 2532/1005/1135 2524/960/1135 2533/986/1135
f 2528/1004/1136 2535/1006/1136 2534/985/1136
f 2528/1004/1136 2534/985/1136 2523/959/1136
f 2536/1007/1137 2527/1001/1137 2505/941/1137
f 2536/1007/1137 2505/941/1137 2508/944/1137
f 2500/1002/1138 2531/1008/1138 2507/943/1138
f 2500/1002/1138 2507/943/1138 2506/942/1138
f 2529/997/1094 2509/945/1094 2512/948/1094
f 2529/997/1094 2512/948/1094 2530/991/1094
f 2537/857/577 2538/858/577 2539/859/577
f 2537/857/577 2539/859/577 2540/860/577
f 2541/861/1069 2542/862/1069 2543/863/1069
f 2541/861/1069 2543/863/1069 2544/864/1069
f 2545/865/1070 2546/866/1070 2547/867/1070
f 2545/865/1070 2547/867/1070 2548/868/1070
f 2549/869/325 2550/870/325 2551/871/325
f 2549/869/325 2551/871/325 2552/872/325
f 2553/873/1117 2554/874/1117 2555/875/1117
f 2553/873/1117 2555/875/1117 2556/876/1117
f 2557/877/1118 2558/878/1118 2559/879/1118
f 2557/877/1118 2559/879/1118 2560/880/1118
f 2554/874/1119 2538/858/1119 2537/857/1119
f 2554/874/1119 2537/857/1119 2555/875/1119
f 2561/881/239 2562/882/239 2563/883/239
f 2561/881/239 2563/883/239 2564/884/239
f 2565/885/576 2566/886/576 2567/887/576
f 2565/885/576 2567/887/576 2568/888/576
f 2569/889/366 2570/890/366 2557/891/366
f 2557/891/366 2560/892/366 2541/893/366
f 2541/893/366 2544/894/366 2553/895/366
f 2553/895/366 2556/896/366 2569/889/366
f 2569/889/366 2557/891/366 2541/893/366
f 2541/893/366 2553/895/366 2569/889/366
f 2551/871/325 2550/870/325 2546/866/325
f 2551/871/325 2546/866/325 2545/865/325
f 2558/878/1120 2566/886/1120 2565/885/1120
f 2558/878/1120 2565/885/1120 2559/879/1120
f 2542/862/239 2562/882/239 2561/881/239
f 2542/862/239 2561/881/239 2543/863/239
f 2548/897/457 2547/898/457 2571/899/457
f 2571/899/457 2572/900/457 2573/901/457
f 2573/901/457 2574/902/457 2575/903/457
f 2575/903/457 2576/904/457 2548/897/457
f 2548/897/457 2571/899/457 2573/901/457
f 2573/901/457 2575/903/457 2548/897/457
f 2540/860/1121 2539/859/1121 2572/905/1121
f 2540/860/1121 2572/905/1121 2571/906/1121
f 2568/888/1122 2567/887/1122 2576/907/1122
f 2568/888/1122 2576/907/1122 2575/908/1122
f 2564/884/1077 2563/883/1077 2574/909/1077
f 2564/884/1077 2574/909/1077 2573/910/1077
f 2555/911/1123 2537/912/1123 2550/870/1123
f 2555/911/1123 2550/870/1123 2549/869/1123
f 2558/913/1124 2557/914/1124 2570/915/1124
f 2558/913/1124 2570/915/1124 2552/872/1124
f 2542/862/1125 2541/861/1125 2560/916/1125
f 2542/862/1125 2560/916/1125 2559/917/1125
f 2554/918/1126 2553/919/1126 2544/864/1126
f 2554/918/1126 2544/864/1126 2543/863/1126
f 2556/920/1127 2555/911/1127 2549/869/1127
f 2556/920/1127 2549/869/1127 2569/921/1127
f 2566/922/1128 2558/913/1128 2552/872/1128
f 2566/922/1128 2552/872/1128 2551/871/1128
f 2562/882/1129 2542/862/1129 2559/917/1129
f 2562/882/1129 2559/917/1129 2565/923/1129
f 2538/924/1130 2554/918/1130 2543/863/1130
f 2538/924/1130 2543/863/1130 2561/881/1130
f 2567/925/1131 2566/922/1131 2551/871/1131
f 2567/925/1131 2551/871/1131 2545/865/1131
f 2537/912/1132 2540/926/1132 2546/866/1132
f 2537/912/1132 2546/866/1132 2550/870/1132
f 2561/881/1133 2564/884/1133 2539/927/1133
f 2561/881/1133 2539/927/1133 2538/924/1133
f 2563/883/1134 2562/882/1134 2565/923/1134
f 2563/883/1134 2565/923/1134 2568/928/1134
f 2572/929/1135 2539/927/1135 2564/884/1135
f 2572/929/1135 2564/884/1135 2573/910/1135
f 2568/928/1136 2575/930/1136 2574/909/1136
f 2568/928/1136 2574/909/1136 2563/883/1136
f 2576/931/1137 2567/925/1137 2545/865/1137
f 2576/931/1137 2545/865/1137 2548/868/1137
f 2540/926/1138 2571/932/1138 2547/867/1138
f 2540/926/1138 2547/867/1138 2546/866/1138
f 2569/921/1094 2549/869/1094 2552/872/1094
f 2569/921/1094 2552/872/1094 2570/915/1094
f 2577/781/577 2578/782/577 2579/783/577
f 2577/781/577 2579/783/577 2580/784/577
f 2581/785/1069 2582/786/1069 2583/787/1069
f 2581/785/1069 2583/787/1069 2584/788/1069
f 2585/789/1070 2586/790/1070 2587/791/1070
f 2585/789/1070 2587/791/1070 2588/792/1070
f 2589/793/325 2590/794/325 2591/795/325
f 2589/793/325 2591/795/325 2592/796/325
f 2593/797/1095 2594/798/1095 2595/799/1095
f 2593/797/1095 2595/799/1095 2596/800/1095
f 2597/801/1096 2598/802/1096 2599/803/1096
f 2597/801/1096 2599/803/1096 2600/804/1096
f 2594/798/1097 2578/782/1097 2577/781/1097
f 2594/798/1097 2577/781/1097 2595/799/1097
f 2601/805/239 2602/806/239 2603/807/239
f 2601/805/239 2603/807/239 2604/808/239
f 2605/809/576 2606/810/576 2607/811/576
f 2605/809/576 2607/811/576 2608/812/576
f 2609/813/366 2610/814/366 2597/815/366
f 2597/815/366 2600/816/366 2581/817/366
f 2581/817/366 2584/818/366 2593/819/366
f 2593/819/366 2596/820/366 2609/813/366
f 2609/813/366 2597/815/366 2581/817/366
f 2581/817/366 2593/819/366 2609/813/366
f 2591/795/325 2590/794/325 2586/790/325
f 2591/795/325 2586/790/325 2585/789/325
f 2598/802/1098 2606/810/1098 2605/809/1098
f 2598/802/1098 2605/809/1098 2599/803/1098
f 2582/786/239 2602/806/239 2601/805/239
f 2582/786/239 2601/805/239 2583/787/239
f 2588/821/457 2587/822/457 2611/823/457
f 2611/823/457 2612/824/457 2613/825/457
f 2613/825/457 2614/826/457 2615/827/457
f 2615/827/457 2616/828/457 2588/821/457
f 2588/821/457 2611/823/457 2613/825/457
f 2613/825/457 2615/827/457 2588/821/457
f 2580/784/1099 2579/783/1099 2612/829/1099
f 2580/784/1099 2612/829/1099 2611/830/1099
f 2608/812/1100 2607/811/1100 2616/831/1100
f 2608/812/1100 2616/831/1100 2615/832/1100
f 2604/808/1077 2603/807/1077 2614/833/1077
f 2604/808/1077 2614/833/1077 2613/834/1077
f 2595/835/1101 2577/836/1101 2590/794/1101
f 2595/835/1101 2590/794/1101 2589/793/1101
f 2598/837/1102 2597/838/1102 2610/839/1102
f 2598/837/1102 2610/839/1102 2592/796/1102
f 2582/786/1103 2581/785/1103 2600/840/1103
f 2582/786/1103 2600/840/1103 2599/841/1103
f 2594/842/1104 2593/843/1104 2584/788/1104
f 2594/842/1104 2584/788/1104 2583/787/1104
f 2596/844/1105 2595/835/1105 2589/793/1105
f 2596/844/1105 2589/793/1105 2609/845/1105
f 2606/846/1106 2598/837/1106 2592/796/1106
f 2606/846/1106 2592/796/1106 2591/795/1106
f 2602/806/1107 2582/786/1107 2599/841/1107
f 2602/806/1107 2599/841/1107 2605/847/1107
f 2578/848/1108 2594/842/1108 2583/787/1108
f 2578/848/1108 2583/787/1108 2601/805/1108
f 2607/849/1109 2606/846/1109 2591/795/1109
f 2607/849/1109 2591/795/1109 2585/789/1109
f 2577/836/1110 2580/850/1110 2586/790/1110
f 2577/836/1110 2586/790/1110 2590/794/1110
f 2601/805/1111 2604/808/1111 2579/851/1111
f 2601/805/1111 2579/851/1111 2578/848/1111
f 2603/807/1112 2602/806/1112 2605/847/1112
f 2603/807/1112 2605/847/1112 2608/852/1112
f 2612/853/1113 2579/851/1113 2604/808/1113
f 2612/853/1113 2604/808/1113 2613/834/1113
f 2608/852/1114 2615/854/1114 2614/833/1114
f 2608/852/1114 2614/833/1114 2603/807/1114
f 2616/855/1115 2607/849/1115 2585/789/1115
f 2616/855/1115 2585/789/1115 2588/792/1115
f 2580/850/1116 2611/856/1116 2587/791/1116
f 2580/850/1116 2587/791/1116 2586/790/1116
f 2609/845/1094 2589/793/1094 2592/796/1094
f 2609/845/1094 2592/796/1094 2610/839/1094
f 2617/325/577 2618/326/577 2619/327/577
f 2617/325/577 2619/327/577 2620/328/577
f 2621/329/1069 2622/330/1069 2623/331/1069
f 2621/329/1069 2623/331/1069 2624/332/1069
f 2625/333/1070 2626/334/1070 2627/335/1070
f 2625/333/1070 2627/335/1070 2628/336/1070
f 2629/337/325 2630/338/325 2631/339/325
f 2629/337/325 2631/339/325 2632/340/325
f 2633/341/1071 2634/342/1071 2635/343/1071
f 2633/341/1071 2635/343/1071 2636/344/1071
f 2637/345/1072 2638/346/1072 2639/347/1072
f 2637/345/1072 2639/347/1072 2640/348/1072
f 2634/342/1073 2618/326/1073 2617/325/1073
f 2634/342/1073 2617/325/1073 2635/343/1073
f 2641/349/239 2642/350/239 2643/351/239
f 2641/349/239 2643/351/239 2644/352/239
f 2645/353/576 2646/354/576 2647/355/576
f 2645/353/576 2647/355/576 2648/356/576
f 2649/357/366 2650/358/366 2637/359/366
f 2637/359/366 2640/360/366 2621/361/366
f 2621/361/366 2624/362/366 2633/363/366
f 2633/363/366 2636/364/366 2649/357/366
f 2649/357/366 2637/359/366 2621/361/366
f 2621/361/366 2633/363/366 2649/357/366
f 2631/339/325 2630/338/325 2626/334/325
f 2631/339/325 2626/334/325 2625/333/325
f 2638/346/1074 2646/354/1074 2645/353/1074
f 2638/346/1074 2645/353/1074 2639/347/1074
f 2622/330/239 2642/350/239 2641/349/239
f 2622/330/239 2641/349/239 2623/331/239
f 2628/365/457 2627/366/457 2651/367/457
f 2651/367/457 2652/368/457 2653/369/457
f 2653/369/457 2654/370/457 2655/371/457
f 2655/371/457 2656/372/457 2628/365/457
f 2628/365/457 2651/367/457 2653/369/457
f 2653/369/457 2655/371/457 2628/365/457
f 2620/328/1075 2619/327/1075 2652/373/1075
f 2620/328/1075 2652/373/1075 2651/374/1075
f 2648/356/1076 2647/355/1076 2656/375/1076
f 2648/356/1076 2656/375/1076 2655/376/1076
f 2644/352/1077 2643/351/1077 2654/377/1077
f 2644/352/1077 2654/377/1077 2653/378/1077
f 2635/379/1078 2617/380/1078 2630/338/1078
f 2635/379/1078 2630/338/1078 2629/337/1078
f 2638/381/1079 2637/382/1079 2650/383/1079
f 2638/381/1079 2650/383/1079 2632/340/1079
f 2622/330/1080 2621/329/1080 2640/384/1080
f 2622/330/1080 2640/384/1080 2639/385/1080
f 2634/386/1081 2633/387/1081 2624/332/1081
f 2634/386/1081 2624/332/1081 2623/331/1081
f 2636/388/1082 2635/379/1082 2629/337/1082
f 2636/388/1082 2629/337/1082 2649/389/1082
f 2646/390/1083 2638/381/1083 2632/340/1083
f 2646/390/1083 2632/340/1083 2631/339/1083
f 2642/350/1084 2622/330/1084 2639/385/1084
f 2642/350/1084 2639/385/1084 2645/391/1084
f 2618/392/1085 2634/386/1085 2623/331/1085
f 2618/392/1085 2623/331/1085 2641/349/1085
f 2647/393/1086 2646/390/1086 2631/339/1086
f 2647/393/1086 2631/339/1086 2625/333/1086
f 2617/380/1087 2620/394/1087 2626/334/1087
f 2617/380/1087 2626/334/1087 2630/338/1087
f 2641/349/1088 2644/352/1088 2619/395/1088
f 2641/349/1088 2619/395/1088 2618/392/1088
f 2643/351/1089 2642/350/1089 2645/391/1089
f 2643/351/1089 2645/391/1089 2648/396/1089
f 2652/397/1090 2619/395/1090 2644/352/1090
f 2652/397/1090 2644/352/1090 2653/378/1090
f 2648/396/1091 2655/398/1091 2654/377/1091
f 2648/396/1091 2654/377/1091 2643/351/1091
f 2656/399/1092 2647/393/1092 2625/333/1092
f 2656/399/1092 2625/333/1092 2628/336/1092
f 2620/394/1093 2651/400/1093 2627/335/1093
f 2620/394/1093 2627/335/1093 2626/334/1093
f 2649/389/1094 2629/337/1094 2632/340/1094
f 2649/389/1094 2632/340/1094 2650/383/1094
f 2657/401/457 2658/402/457 2659/403/457
f 2657/401/457 2659/403/457 2660/404/457
f 2661/405/973 2662/406/973 2663/407/973
f 2661/405/973 2663/407/973 2664/408/973
f 2665/409/974 2666/410/974 2667/411/974
f 2665/409/974 2667/411/974 2668/412/974
f 2669/413/325 2670/414/325 2671/415/325
f 2669/413/325 2671/415/325 2672/416/325
f 2673/417/975 2674/418/975 2675/419/975
f 2673/417/975 2675/419/975 2676/420/975
f 2677/421/976 2678/422/976 2679/423/976
f 2677/421/976 2679/423/976 2680/424/976
f 2674/418/977 2658/402/977 2657/401/977
f 2674/418/977 2657/401/977 2675/419/977
f 2681/425/239 2682/426/239 2683/427/239
f 2681/425/239 2683/427/239 2684/428/239
f 2685/429/366 2686/430/366 2687/431/366
f 2685/429/366 2687/431/366 2688/432/366
f 2689/433/577 2690/434/577 2677/435/577
f 2677/435/577 2680/436/577 2661/437/577
f 2661/437/577 2664/438/577 2673/439/577
f 2673/439/577 2676/440/577 2689/433/577
f 2689/433/577 2677/435/577 2661/437/577
f 2661/437/577 2673/439/577 2689/433/577
f 2671/415/325 2670/414/325 2666/410/325
f 2671/415/325 2666/410/325 2665/409/325
f 2678/422/978 2686/430/978 2685/429/978
f 2678/422/978 2685/429/978 2679/423/978
f 2662/406/239 2682/426/239 2681/425/239
f 2662/406/239 2681/425/239 2663/407/239
f 2668/441/576 2667/442/576 2691/443/576
f 2691/443/576 2692/444/576 2693/445/576
f 2693/445/576 2694/446/576 2695/447/576
f 2695/447/576 2696/448/576 2668/441/576
f 2668/441/576 2691/443/576 2693/445/576
f 2693/445/576 2695/447/576 2668/441/576
f 2660/404/979 2659/403/979 2692/449/979
f 2660/404/979 2692/449/979 2691/450/979
f 2688/432/980 2687/431/980 2696/451/980
f 2688/432/980 2696/451/980 2695/452/980
f 2684/428/981 2683/427/981 2694/453/981
f 2684/428/981 2694/453/981 2693/454/981
f 2675/455/1140 2657/456/1140 2670/414/1140
f 2675/455/1140 2670/414/1140 2669/413/1140
f 2678/457/983 2677/458/983 2690/459/983
f 2678/457/983 2690/459/983 2672/416/983
f 2662/406/984 2661/405/984 2680/460/984
f 2662/406/984 2680/460/984 2679/461/984
f 2674/462/1141 2673/463/1141 2664/408/1141
f 2674/462/1141 2664/408/1141 2663/407/1141
f 2676/464/986 2675/455/986 2669/413/986
f 2676/464/986 2669/413/986 2689/465/986
f 2686/466/987 2678/457/987 2672/416/987
f 2686/466/987 2672/416/987 2671/415/987
f 2682/426/988 2662/406/988 2679/461/988
f 2682/426/988 2679/461/988 2685/467/988
f 2658/468/989 2674/462/989 2663/407/989
f 2658/468/989 2663/407/989 2681/425/989
f 2687/469/990 2686/466/990 2671/415/990
f 2687/469/990 2671/415/990 2665/409/990
f 2657/456/991 2660/470/991 2666/410/991
f 2657/456/991 2666/410/991 2670/414/991
f 2681/425/992 2684/428/992 2659/471/992
f 2681/425/992 2659/471/992 2658/468/992
f 2683/427/993 2682/426/993 2685/467/993
f 2683/427/993 2685/467/993 2688/472/993
f 2692/473/994 2659/471/994 2684/428/994
f 2692/473/994 2684/428/994 2693/454/994
f 2688/472/995 2695/474/995 2694/453/995
f 2688/472/995 2694/453/995 2683/427/995
f 2696/475/996 2687/469/996 2665/409/996
f 2696/475/996 2665/409/996 2668/412/996
f 2660/470/997 2691/476/997 2667/411/997
f 2660/470/997 2667/411/997 2666/410/997
f 2689/465/998 2669/413/998 2672/416/998
f 2689/465/998 2672/416/998 2690/459/998
f 2697/1085/457 2698/1086/457 2699/1087/457
f 2697/1085/457 2699/1087/457 2700/1088/457
f 2701/1089/1144 2702/1090/1144 2703/1091/1144
f 2701/1089/1144 2703/1091/1144 2704/1092/1144
f 2705/1093/1145 2706/1094/1145 2707/1095/1145
f 2705/1093/1145 2707/1095/1145 2708/1096/1145
f 2709/1097/325 2710/1098/325 2711/1099/325
f 2709/1097/325 2711/1099/325 2712/1100/325
f 2713/1101/1146 2714/1102/1146 2715/1103/1146
f 2713/1101/1146 2715/1103/1146 2716/1104/1146
f 2717/1105/1147 2718/1106/1147 2719/1107/1147
f 2717/1105/1147 2719/1107/1147 2720/1108/1147
f 2714/1102/977 2698/1086/977 2697/1085/977
f 2714/1102/977 2697/1085/977 2715/1103/977
f 2721/1109/239 2722/1110/239 2723/1111/239
f 2721/1109/239 2723/1111/239 2724/1112/239
f 2725/1113/366 2726/1114/366 2727/1115/366
f 2725/1113/366 2727/1115/366 2728/1116/366
f 2729/1117/577 2730/1118/577 2717/1119/577
f 2717/1119/577 2720/1120/577 2701/1121/577
f 2701/1121/577 2704/1122/577 2713/1123/577
f 2713/1123/577 2716/1124/577 2729/1117/577
f 2729/1117/577 2717/1119/577 2701/1121/577
f 2701/1121/577 2713/1123/577 2729/1117/577
f 2711/1099/325 2710/1098/325 2706/1094/325
f 2711/1099/325 2706/1094/325 2705/1093/325
f 2718/1106/978 2726/1114/978 2725/1113/978
f 2718/1106/978 2725/1113/978 2719/1107/978
f 2702/1090/239 2722/1110/239 2721/1109/239
f 2702/1090/239 2721/1109/239 2703/1091/239
f 2708/1125/576 2707/1126/576 2731/1127/576
f 2731/1127/576 2732/1128/576 2733/1129/576
f 2733/1129/576 2734/1130/576 2735/1131/576
f 2735/1131/576 2736/1132/576 2708/1125/576
f 2708/1125/576 2731/1127/576 2733/1129/576
f 2733/1129/576 2735/1131/576 2708/1125/576
f 2700/1088/1148 2699/1087/1148 2732/1133/1148
f 2700/1088/1148 2732/1133/1148 2731/1134/1148
f 2728/1116/1149 2727/1115/1149 2736/1135/1149
f 2728/1116/1149 2736/1135/1149 2735/1136/1149
f 2724/1112/1150 2723/1111/1150 2734/1137/1150
f 2724/1112/1150 2734/1137/1150 2733/1138/1150
f 2715/1139/1151 2697/1140/1151 2710/1098/1151
f 2715/1139/1151 2710/1098/1151 2709/1097/1151
f 2718/1106/1152 2717/1105/1152 2730/1141/1152
f 2718/1106/1152 2730/1141/1152 2712/1142/1152
f 2702/1143/1153 2701/1144/1153 2720/1108/1153
f 2702/1143/1153 2720/1108/1153 2719/1107/1153
f 2714/1145/1154 2713/1146/1154 2704/1092/1154
f 2714/1145/1154 2704/1092/1154 2703/1091/1154
f 2716/1147/1155 2715/1139/1155 2709/1097/1155
f 2716/1147/1155 2709/1097/1155 2729/1148/1155
f 2726/1114/1156 2718/1106/1156 2712/1142/1156
f 2726/1114/1156 2712/1142/1156 2711/1149/1156
f 2722/1150/1157 2702/1143/1157 2719/1107/1157
f 2722/1150/1157 2719/1107/1157 2725/1113/1157
f 2698/1151/1158 2714/1145/1158 2703/1091/1158
f 2698/1151/1158 2703/1091/1158 2721/1109/1158
f 2727/1115/1159 2726/1114/1159 2711/1149/1159
f 2727/1115/1159 2711/1149/1159 2705/1152/1159
f 2697/1140/1160 2700/1153/1160 2706/1094/1160
f 2697/1140/1160 2706/1094/1160 2710/1098/1160
f 2721/1109/1161 2724/1112/1161 2699/1154/1161
f 2721/1109/1161 2699/1154/1161 2698/1151/1161
f 2723/1155/1162 2722/1150/1162 2725/1113/1162
f 2723/1155/1162 2725/1113/1162 2728/1116/1162
f 2732/1156/1163 2699/1154/1163 2724/1112/1163
f 2732/1156/1163 2724/1112/1163 2733/1138/1163
f 2728/1116/1164 2735/1136/1164 2734/1157/1164
f 2728/1116/1164 2734/1157/1164 2723/1155/1164
f 2736/1135/1165 2727/1115/1165 2705/1152/1165
f 2736/1135/1165 2705/1152/1165 2708/1158/1165
f 2700/1153/1166 2731/1159/1166 2707/1095/1166
f 2700/1153/1166 2707/1095/1166 2706/1094/1166
f 2729/1148/1167 2709/1097/1167 2712/1100/1167
f 2729/1148/1167 2712/1100/1167 2730/1160/1167
f 2297/1009/457 2298/1010/457 2299/1011/457
f 2297/1009/457 2299/1011/457 2300/1012/457
f 2301/1013/973 2302/1014/973 2303/1015/973
f 2301/1013/973 2303/1015/973 2304/1016/973
f 2305/1017/974 2306/1018/974 2307/1019/974
f 2305/1017/974 2307/1019/974 2308/1020/974
f 2309/1021/325 2310/1022/325 2311/1023/325
f 2309/1021/325 2311/1023/325 2312/1024/325
f 2313/1025/975 2314/1026/975 2315/1027/975
f 2313/1025/975 2315/1027/975 2316/1028/975
f 2317/1029/976 2318/1030/976 2319/1031/976
f 2317/1029/976 2319/1031/976 2320/1032/976
f 2314/1026/977 2298/1010/977 2297/1009/977
f 2314/1026/977 2297/1009/977 2315/1027/977
f 2321/1033/239 2322/1034/239 2323/1035/239
f 2321/1033/239 2323/1035/239 2324/1036/239
f 2325/1037/366 2326/1038/366 2327/1039/366
f 2325/1037/366 2327/1039/366 2328/1040/366
f 2329/1041/577 2330/1042/577 2317/1043/577
f 2317/1043/577 2320/1044/577 2301/1045/577
f 2301/1045/577 2304/1046/577 2313/1047/577
f 2313/1047/577 2316/1048/577 2329/1041/577
f 2329/1041/577 2317/1043/577 2301/1045/577
f 2301/1045/577 2313/1047/577 2329/1041/577
f 2311/1023/325 2310/1022/325 2306/1018/325
f 2311/1023/325 2306/1018/325 2305/1017/325
f 2318/1030/978 2326/1038/978 2325/1037/978
f 2318/1030/978 2325/1037/978 2319/1031/978
f 2302/1014/239 2322/1034/239 2321/1033/239
f 2302/1014/239 2321/1033/239 2303/1015/239
f 2308/1049/576 2307/1050/576 2331/1051/576
f 2331/1051/576 2332/1052/576 2333/1053/576
f 2333/1053/576 2334/1054/576 2335/1055/576
f 2335/1055/576 2336/1056/576 2308/1049/576
f 2308/1049/576 2331/1051/576 2333/1053/576
f 2333/1053/576 2335/1055/576 2308/1049/576
f 2300/1012/979 2299/1011/979 2332/1057/979
f 2300/1012/979 2332/1057/979 2331/1058/979
f 2328/1040/980 2327/1039/980 2336/1059/980
f 2328/1040/980 2336/1059/980 2335/1060/980
f 2324/1036/981 2323/1035/981 2334/1061/981
f 2324/1036/981 2334/1061/981 2333/1062/981
f 2315/1027/1140 2297/1009/1140 2310/1063/1140
f 2315/1027/1140 2310/1063/1140 2309/1064/1140
f 2318/1030/983 2317/1029/983 2330/1065/983
f 2318/1030/983 2330/1065/983 2312/1066/983
f 2302/1067/984 2301/1068/984 2320/1032/984
f 2302/1067/984 2320/1032/984 2319/1031/984
f 2314/1026/1141 2313/1025/1141 2304/1069/1141
f 2314/1026/1141 2304/1069/1141 2303/1070/1141
f 2316/1028/986 2315/1027/986 2309/1064/986
f 2316/1028/986 2309/1064/986 2329/1071/986
f 2326/1038/987 2318/1030/987 2312/1066/987
f 2326/1038/987 2312/1066/987 2311/1072/987
f 2322/1073/988 2302/1067/988 2319/1031/988
f 2322/1073/988 2319/1031/988 2325/1037/988
f 2298/1010/989 2314/1026/989 2303/1070/989
f 2298/1010/989 2303/1070/989 2321/1074/989
f 2327/1039/990 2326/1038/990 2311/1072/990
f 2327/1039/990 2311/1072/990 2305/1075/990
f 2297/1009/991 2300/1012/991 2306/1076/991
f 2297/1009/991 2306/1076/991 2310/1063/991
f 2321/1074/992 2324/1077/992 2299/1011/992
f 2321/1074/992 2299/1011/992 2298/1010/992
f 2323/1078/993 2322/1073/993 2325/1037/993
f 2323/1078/993 2325/1037/993 2328/1040/993
f 2332/1057/994 2299/1011/994 2324/1077/994
f 2332/1057/994 2324/1077/994 2333/1079/994
f 2328/1040/995 2335/1060/995 2334/1080/995
f 2328/1040/995 2334/1080/995 2323/1078/995
f 2336/1059/996 2327/1039/996 2305/1075/996
f 2336/1059/996 2305/1075/996 2308/1081/996
f 2300/1012/997 2331/1058/997 2307/1082/997
f 2300/1012/997 2307/1082/997 2306/1076/997
f 2329/1083/998 2309/1021/998 2312/1024/998
f 2329/1083/998 2312/1024/998 2330/1084/998
f 2337/705/577 2338/706/577 2339/707/577
f 2337/705/577 2339/707/577 2340/708/577
f 2341/709/999 2342/710/999 2343/711/999
f 2341/709/999 2343/711/999 2344/712/999
f 2345/713/1000 2346/714/1000 2347/715/1000
f 2345/713/1000 2347/715/1000 2348/716/1000
f 2349/717/457 2350/718/457 2351/719/457
f 2349/717/457 2351/719/457 2352/720/457
f 2353/721/1047 2354/722/1047 2355/723/1047
f 2353/721/1047 2355/723/1047 2356/724/1047
f 2357/725/1048 2358/726/1048 2359/727/1048
f 2357/725/1048 2359/727/1048 2360/728/1048
f 2354/722/1049 2338/706/1049 2337/705/1049
f 2354/722/1049 2337/705/1049 2355/723/1049
f 2361/729/366 2362/730/366 2363/731/366
f 2361/729/366 2363/731/366 2364/732/366
f 2365/733/576 2366/734/576 2367/735/576
f 2365/733/576 2367/735/576 2368/736/576
f 2369/737/325 2370/738/325 2357/739/325
f 2357/739/325 2360/740/325 2341/741/325
f 2341/741/325 2344/742/325 2353/743/325
f 2353/743/325 2356/744/325 2369/737/325
f 2369/737/325 2357/739/325 2341/741/325
f 2341/741/325 2353/743/325 2369/737/325
f 2351/719/457 2350/718/457 2346/714/457
f 2351/719/457 2346/714/457 2345/713/457
f 2358/726/1050 2366/734/1050 2365/733/1050
f 2358/726/1050 2365/733/1050 2359/727/1050
f 2342/710/366 2362/730/366 2361/729/366
f 2342/710/366 2361/729/366 2343/711/366
f 2348/745/239 2347/746/239 2371/747/239
f 2371/747/239 2372/748/239 2373/749/239
f 2373/749/239 2374/750/239 2375/751/239
f 2375/751/239 2376/752/239 2348/745/239
f 2348/745/239 2371/747/239 2373/749/239
f 2373/749/239 2375/751/239 2348/745/239
f 2340/708/1051 2339/707/1051 2372/753/1051
f 2340/708/1051 2372/753/1051 2371/754/1051
f 2368/736/1052 2367/735/1052 2376/755/1052
f 2368/736/1052 2376/755/1052 2375/756/1052
f 2364/732/1007 2363/731/1007 2374/757/1007
f 2364/732/1007 2374/757/1007 2373/758/1007
f 2355/759/1053 2337/760/1053 2350/718/1053
f 2355/759/1053 2350/718/1053 2349/717/1053
f 2358/761/1054 2357/762/1054 2370/763/1054
f 2358/761/1054 2370/763/1054 2352/720/1054
f 2342/710/1055 2341/709/1055 2360/764/1055
f 2342/710/1055 2360/764/1055 2359/765/1055
f 2354/766/1056 2353/767/1056 2344/712/1056
f 2354/766/1056 2344/712/1056 2343/711/1056
f 2356/768/1057 2355/759/1057 2349/717/1057
f 2356/768/1057 2349/717/1057 2369/769/1057
f 2366/770/1058 2358/761/1058 2352/720/1058
f 2366/770/1058 2352/720/1058 2351/719/1058
f 2362/730/1059 2342/710/1059 2359/765/1059
f 2362/730/1059 2359/765/1059 2365/771/1059
f 2338/772/1060 2354/766/1060 2343/711/1060
f 2338/772/1060 2343/711/1060 2361/729/1060
f 2367/773/1061 2366/770/1061 2351/719/1061
f 2367/773/1061 2351/719/1061 2345/713/1061
f 2337/760/1062 2340/774/1062 2346/714/1062
f 2337/760/1062 2346/714/1062 2350/718/1062
f 2361/729/1063 2364/732/1063 2339/775/1063
f 2361/729/1063 2339/775/1063 2338/772/1063
f 2363/731/1064 2362/730/1064 2365/771/1064
f 2363/731/1064 2365/771/1064 2368/776/1064
f 2372/777/1065 2339/775/1065 2364/732/1065
f 2372/777/1065 2364/732/1065 2373/758/1065
f 2368/776/1066 2375/778/1066 2374/757/1066
f 2368/776/1066 2374/757/1066 2363/731/1066
f 2376/779/1067 2367/773/1067 2345/713/1067
f 2376/779/1067 2345/713/1067 2348/716/1067
f 2340/774/1068 2371/780/1068 2347/715/1068
f 2340/774/1068 2347/715/1068 2346/714/1068
f 2369/769/1024 2349/717/1024 2352/720/1024
f 2369/769/1024 2352/720/1024 2370/763/1024
f 2377/629/577 2378/630/577 2379/631/577
f 2377/629/577 2379/631/577 2380/632/577
f 2381/633/999 2382/634/999 2383/635/999
f 2381/633/999 2383/635/999 2384/636/999
f 2385/637/1000 2386/638/1000 2387/639/1000
f 2385/637/1000 2387/639/1000 2388/640/1000
f 2389/641/457 2390/642/457 2391/643/457
f 2389/641/457 2391/643/457 2392/644/457
f 2393/645/1047 2394/646/1047 2395/647/1047
f 2393/645/1047 2395/647/1047 2396/648/1047
f 2397/649/1048 2398/650/1048 2399/651/1048
f 2397/649/1048 2399/651/1048 2400/652/1048
f 2394/646/1049 2378/630/1049 2377/629/1049
f 2394/646/1049 2377/629/1049 2395/647/1049
f 2401/653/366 2402/654/366 2403/655/366
f 2401/653/366 2403/655/366 2404/656/366
f 2405/657/576 2406/658/576 2407/659/576
f 2405/657/576 2407/659/576 2408/660/576
f 2409/661/325 2410/662/325 2397/663/325
f 2397/663/325 2400/664/325 2381/665/325
f 2381/665/325 2384/666/325 2393/667/325
f 2393/667/325 2396/668/325 2409/661/325
f 2409/661/325 2397/663/325 2381/665/325
f 2381/665/325 2393/667/325 2409/661/325
f 2391/643/457 2390/642/457 2386/638/457
f 2391/643/457 2386/638/457 2385/637/457
f 2398/650/1050 2406/658/1050 2405/657/1050
f 2398/650/1050 2405/657/1050 2399/651/1050
f 2382/634/366 2402/654/366 2401/653/366
f 2382/634/366 2401/653/366 2383/635/366
f 2388/669/239 2387/670/239 2411/671/239
f 2411/671/239 2412/672/239 2413/673/239
f 2413/673/239 2414/674/239 2415/675/239
f 2415/675/239 2416/676/239 2388/669/239
f 2388/669/239 2411/671/239 2413/673/239
f 2413/673/239 2415/675/239 2388/669/239
f 2380/632/1051 2379/631/1051 2412/677/1051
f 2380/632/1051 2412/677/1051 2411/678/1051
f 2408/660/1052 2407/659/1052 2416/679/1052
f 2408/660/1052 2416/679/1052 2415/680/1052
f 2404/656/1007 2403/655/1007 2414/681/1007
f 2404/656/1007 2414/681/1007 2413/682/1007
f 2395/683/1053 2377/684/1053 2390/642/1053
f 2395/683/1053 2390/642/1053 2389/641/1053
f 2398/685/1054 2397/686/1054 2410/687/1054
f 2398/685/1054 2410/687/1054 2392/644/1054
f 2382/634/1055 2381/633/1055 2400/688/1055
f 2382/634/1055 2400/688/1055 2399/689/1055
f 2394/690/1056 2393/691/1056 2384/636/1056
f 2394/690/1056 2384/636/1056 2383/635/1056
f 2396/692/1057 2395/683/1057 2389/641/1057
f 2396/692/1057 2389/641/1057 2409/693/1057
f 2406/694/1142 2398/685/1142 2392/644/1142
f 2406/694/1142 2392/644/1142 2391/643/1142
f 2402/654/1059 2382/634/1059 2399/689/1059
f 2402/654/1059 2399/689/1059 2405/695/1059
f 2378/696/1060 2394/690/1060 2383/635/1060
f 2378/696/1060 2383/635/1060 2401/653/1060
f 2407/697/1061 2406/694/1061 2391/643/1061
f 2407/697/1061 2391/643/1061 2385/637/1061
f 2377/684/1062 2380/698/1062 2386/638/1062
f 2377/684/1062 2386/638/1062 2390/642/1062
f 2401/653/1063 2404/656/1063 2379/699/1063
f 2401/653/1063 2379/699/1063 2378/696/1063
f 2403/655/1064 2402/654/1064 2405/695/1064
f 2403/655/1064 2405/695/1064 2408/700/1064
f 2412/701/1065 2379/699/1065 2404/656/1065
f 2412/701/1065 2404/656/1065 2413/682/1065
f 2408/700/1066 2415/702/1066 2414/681/1066
f 2408/700/1066 2414/681/1066 2403/655/1066
f 2416/703/1067 2407/697/1067 2385/637/1067
f 2416/703/1067 2385/637/1067 2388/640/1067
f 2380/698/1068 2411/704/1068 2387/639/1068
f 2380/698/1068 2387/639/1068 2386/638/1068
f 2409/693/1024 2389/641/1024 2392/644/1024
f 2409/693/1024 2392/644/1024 2410/687/1024
f 2417/553/577 2418/554/577 2419/555/577
f 2417/553/577 2419/555/577 2420/556/577
f 2421/557/999 2422/558/999 2423/559/999
f 2421/557/999 2423/559/999 2424/560/999
f 2425/561/1000 2426/562/1000 2427/563/1000
f 2425/561/1000 2427/563/1000 2428/564/1000
f 2429/565/457 2430/566/457 2431/567/457
f 2429/565/457 2431/567/457 2432/568/457
f 2433/569/1025 2434/570/1025 2435/571/1025
f 2433/569/1025 2435/571/1025 2436/572/1025
f 2437/573/1026 2438/574/1026 2439/575/1026
f 2437/573/1026 2439/575/1026 2440/576/1026
f 2434/570/1027 2418/554/1027 2417/553/1027
f 2434/570/1027 2417/553/1027 2435/571/1027
f 2441/577/366 2442/578/366 2443/579/366
f 2441/577/366 2443/579/366 2444/580/366
f 2445/581/576 2446/582/576 2447/583/576
f 2445/581/576 2447/583/576 2448/584/576
f 2449/585/325 2450/586/325 2437/587/325
f 2437/587/325 2440/588/325 2421/589/325
f 2421/589/325 2424/590/325 2433/591/325
f 2433/591/325 2436/592/325 2449/585/325
f 2449/585/325 2437/587/325 2421/589/325
f 2421/589/325 2433/591/325 2449/585/325
f 2431/567/457 2430/566/457 2426/562/457
f 2431/567/457 2426/562/457 2425/561/457
f 2438/574/1028 2446/582/1028 2445/581/1028
f 2438/574/1028 2445/581/1028 2439/575/1028
f 2422/558/366 2442/578/366 2441/577/366
f 2422/558/366 2441/577/366 2423/559/366
f 2428/593/239 2427/594/239 2451/595/239
f 2451/595/239 2452/596/239 2453/597/239
f 2453/597/239 2454/598/239 2455/599/239
f 2455/599/239 2456/600/239 2428/593/239
f 2428/593/239 2451/595/239 2453/597/239
f 2453/597/239 2455/599/239 2428/593/239
f 2420/556/1029 2419/555/1029 2452/601/1029
f 2420/556/1029 2452/601/1029 2451/602/1029
f 2448/584/1030 2447/583/1030 2456/603/1030
f 2448/584/1030 2456/603/1030 2455/604/1030
f 2444/580/1007 2443/579/1007 2454/605/1007
f 2444/580/1007 2454/605/1007 2453/606/1007
f 2435/607/1031 2417/608/1031 2430/566/1031
f 2435/607/1031 2430/566/1031 2429/565/1031
f 2438/609/1032 2437/610/1032 2450/611/1032
f 2438/609/1032 2450/611/1032 2432/568/1032
f 2422/558/1033 2421/557/1033 2440/612/1033
f 2422/558/1033 2440/612/1033 2439/613/1033
f 2434/614/1034 2433/615/1034 2424/560/1034
f 2434/614/1034 2424/560/1034 2423/559/1034
f 2436/616/1035 2435/607/1035 2429/565/1035
f 2436/616/1035 2429/565/1035 2449/617/1035
f 2446/618/1036 2438/609/1036 2432/568/1036
f 2446/618/1036 2432/568/1036 2431/567/1036
f 2442/578/1037 2422/558/1037 2439/613/1037
f 2442/578/1037 2439/613/1037 2445/619/1037
f 2418/620/1038 2434/614/1038 2423/559/1038
f 2418/620/1038 2423/559/1038 2441/577/1038
f 2447/621/1039 2446/618/1039 2431/567/1039
f 2447/621/1039 2431/567/1039 2425/561/1039
f 2417/608/1040 2420/622/1040 2426/562/1040
f 2417/608/1040 2426/562/1040 2430/566/1040
f 2441/577/1041 2444/580/1041 2419/623/1041
f 2441/577/1041 2419/623/1041 2418/620/1041
f 2443/579/1042 2442/578/1042 2445/619/1042
f 2443/579/1042 2445/619/1042 2448/624/1042
f 2452/625/1043 2419/623/1043 2444/580/1043
f 2452/625/1043 2444/580/1043 2453/606/1043
f 2448/624/1044 2455/626/1044 2454/605/1044
f 2448/624/1044 2454/605/1044 2443/579/1044
f 2456/627/1045 2447/621/1045 2425/561/1045
f 2456/627/1045 2425/561/1045 2428/564/1045
f 2420/622/1046 2451/628/1046 2427/563/1046
f 2420/622/1046 2427/563/1046 2426/562/1046
f 2449/617/1024 2429/565/1024 2432/568/1024
f 2449/617/1024 2432/568/1024 2450/611/1024
f 2497/933/577 2498/934/577 2499/935/577
f 2497/933/577 2499/935/577 2500/936/577
f 2501/937/1069 2502/938/1069 2503/939/1069
f 2501/937/1069 2503/939/1069 2504/940/1069
f 2505/941/1070 2506/942/1070 2507/943/1070
f 2505/941/1070 2507/943/1070 2508/944/1070
f 2509/945/325 2510/946/325 2511/947/325
f 2509/945/325 2511/947/325 2512/948/325
f 2513/949/1117 2514/950/1117 2515/951/1117
f 2513/949/1117 2515/951/1117 2516/952/1117
f 2517/953/1118 2518/954/1118 2519/955/1118
f 2517/953/1118 2519/955/1118 2520/956/1118
f 2514/950/1119 2498/934/1119 2497/933/1119
f 2514/950/1119 2497/933/1119 2515/951/1119
f 2521/957/239 2522/958/239 2523/959/239
f 2521/957/239 2523/959/239 2524/960/239
f 2525/961/576 2526/962/576 2527/963/576
f 2525/961/576 2527/963/576 2528/964/576
f 2529/965/366 2530/966/366 2517/967/366
f 2517/967/366 2520/968/366 2501/969/366
f 2501/969/366 2504/970/366 2513/971/366
f 2513/971/366 2516/972/366 2529/965/366
f 2529/965/366 2517/967/366 2501/969/366
f 2501/969/366 2513/971/366 2529/965/366
f 2511/947/325 2510/946/325 2506/942/325
f 2511/947/325 2506/942/325 2505/941/325
f 2518/954/1120 2526/962/1120 2525/961/1120
f 2518/954/1120 2525/961/1120 2519/955/1120
f 2502/938/239 2522/958/239 2521/957/239
f 2502/938/239 2521/957/239 2503/939/239
f 2508/973/457 2507/974/457 2531/975/457
f 2531/975/457 2532/976/457 2533/977/457
f 2533/977/457 2534/978/457 2535/979/457
f 2535/979/457 2536/980/457 2508/973/457
f 2508/973/457 2531/975/457 2533/977/457
f 2533/977/457 2535/979/457 2508/973/457
f 2500/936/1121 2499/935/1121 2532/981/1121
f 2500/936/1121 2532/981/1121 2531/982/1121
f 2528/964/1122 2527/963/1122 2536/983/1122
f 2528/964/1122 2536/983/1122 2535/984/1122
f 2524/960/1077 2523/959/1077 2534/985/1077
f 2524/960/1077 2534/985/1077 2533/986/1077
f 2515/987/1123 2497/988/1123 2510/946/1123
f 2515/987/1123 2510/946/1123 2509/945/1123
f 2518/989/1124 2517/990/1124 2530/991/1124
f 2518/989/1124 2530/991/1124 2512/948/1124
f 2502/938/1125 2501/937/1125 2520/992/1125
f 2502/938/1125 2520/992/1125 2519/993/1125
f 2514/994/1126 2513/995/1126 2504/940/1126
f 2514/994/1126 2504/940/1126 2503/939/1126
f 2516/996/1127 2515/987/1127 2509/945/1127
f 2516/996/1127 2509/945/1127 2529/997/1127
f 2526/998/1128 2518/989/1128 2512/948/1128
f 2526/998/1128 2512/948/1128 2511/947/1128
f 2522/958/1129 2502/938/1129 2519/993/1129
f 2522/958/1129 2519/993/1129 2525/999/1129
f 2498/1000/1130 2514/994/1130 2503/939/1130
f 2498/1000/1130 2503/939/1130 2521/957/1130
f 2527/1001/1131 2526/998/1131 2511/947/1131
f 2527/1001/1131 2511/947/1131 2505/941/1131
f 2497/988/1132 2500/1002/1132 2506/942/1132
f 2497/988/1132 2506/942/1132 2510/946/1132
f 2521/957/1133 2524/960/1133 2499/1003/1133
f 2521/957/1133 2499/1003/1133 2498/1000/1133
f 2523/959/1134 2522/958/1134 2525/999/1134
f 2523/959/1134 2525/999/1134 2528/1004/1134
f 2532/1005/1135 2499/1003/1135 2524/960/1135
f 2532/1005/1135 2524/960/1135 2533/986/1135
f 2528/1004/1136 2535/1006/1136 2534/985/1136
f 2528/1004/1136 2534/985/1136 2523/959/1136
f 2536/1007/1137 2527/1001/1137 2505/941/1137
f 2536/1007/1137 2505/941/1137 2508/944/1137
f 2500/1002/1138 2531/1008/1138 2507/943/1138
f 2500/1002/1138 2507/943/1138 2506/942/1138
f 2529/997/1094 2509/945/1094 2512/948/1094
f 2529/997/1094 2512/948/1094 2530/991/1094
f 2537/857/577 2538/858/577 2539/859/577
f 2537/857/577 2539/859/577 2540/860/577
f 2541/861/1069 2542/862/1069 2543/863/1069
f 2541/861/1069 2543/863/1069 2544/864/1069
f 2545/865/1070 2546/866/1070 2547/867/1070
f 2545/865/1070 2547/867/1070 2548/868/1070
f 2549/869/325 2550/870/325 2551/871/325
f 2549/869/325 2551/871/325 2552/872/325
f 2553/873/1117 2554/874/1117 2555/875/1117
f 2553/873/1117 2555/875/1117 2556/876/1117
f 2557/877/1118 2558/878/1118 2559/879/1118
f 2557/877/1118 2559/879/1118 2560/880/1118
f 2554/874/1119 2538/858/1119 2537/857/1119
f 2554/874/1119 2537/857/1119 2555/875/1119
f 2561/881/239 2562/882/239 2563/883/239
f 2561/881/239 2563/883/239 2564/884/239
f 2565/885/576 2566/886/576 2567/887/576
f 2565/885/576 2567/887/576 2568/888/576
f 2569/889/366 2570/890/366 2557/891/366
f 2557/891/366 2560/892/366 2541/893/366
f 2541/893/366 2544/894/366 2553/895/366
f 2553/895/366 2556/896/366 2569/889/366
f 2569/889/366 2557/891/366 2541/893/366
f 2541/893/366 2553/895/366 2569/889/366
f 2551/871/325 2550/870/325 2546/866/325
f 2551/871/325 2546/866/325 2545/865/325
f 2558/878/1120 2566/886/1120 2565/885/1120
f 2558/878/1120 2565/885/1120 2559/879/1120
f 2542/862/239 2562/882/239 2561/881/239
f 2542/862/239 2561/881/239 2543/863/239
f 2548/897/457 2547/898/457 2571/899/457
f 2571/899/457 2572/900/457 2573/901/457
f 2573/901/457 2574/902/457 2575/903/457
f 2575/903/457 2576/904/457 2548/897/457
f 2548/897/457 2571/899/457 2573/901/457
f 2573/901/457 2575/903/457 2548/897/457
f 2540/860/1121 2539/859/1121 2572/905/1121
f 2540/860/1121 2572/905/1121 2571/906/1121
f 2568/888/1122 2567/887/1122 2576/907/1122
f 2568/888/1122 2576/907/1122 2575/908/1122
f 2564/884/1077 2563/883/1077 2574/909/1077
f 2564/884/1077 2574/909/1077 2573/910/1077
f 2555/911/1123 2537/912/1123 2550/870/1123
f 2555/911/1123 2550/870/1123 2549/869/1123
f 2558/913/1124 2557/914/1124 2570/915/1124
f 2558/913/1124 2570/915/1124 2552/872/1124
f 2542/862/1125 2541/861/1125 2560/916/1125
f 2542/862/1125 2560/916/1125 2559/917/1125
f 2554/918/1126 2553/919/1126 2544/864/1126
f 2554/918/1126 2544/864/1126 2543/863/1126
f 2556/920/1127 2555/911/1127 2549/869/1127
f 2556/920/1127 2549/869/1127 2569/921/1127
f 2566/922/1128 2558/913/1128 2552/872/1128
f 2566/922/1128 2552/872/1128 2551/871/1128
f 2562/882/1129 2542/862/1129 2559/917/1129
f 2562/882/1129 2559/917/1129 2565/923/1129
f 2538/924/1130 2554/918/1130 2543/863/1130
f 2538/924/1130 2543/863/1130 2561/881/1130
f 2567/925/1131 2566/922/1131 2551/871/1131
f 2567/925/1131 2551/871/1131 2545/865/1131
f 2537/912/1132 2540/926/1132 2546/866/1132
f 2537/912/1132 2546/866/1132 2550/870/1132
f 2561/881/1133 2564/884/1133 2539/927/1133
f 2561/881/1133 2539/927/1133 2538/924/1133
f 2563/883/1134 2562/882/1134 2565/923/1134
f 2563/883/1134 2565/923/1134 2568/928/1134
f 2572/929/1135 2539/927/1135 2564/884/1135
f 2572/929/1135 2564/884/1135 2573/910/1135
f 2568/928/1136 2575/930/1136 2574/909/1136
f 2568/928/1136 2574/909/1136 2563/883/1136
f 2576/931/1137 2567/925/1137 2545/865/1137
f 2576/931/1137 2545/865/1137 2548/868/1137
f 2540/926/1138 2571/932/1138 2547/867/1138
f 2540/926/1138 2547/867/1138 2546/866/1138
f 2569/921/1094 2549/869/1094 2552/872/1094
f 2569/921/1094 2552/872/1094 2570/915/1094
f 2577/781/577 2578/782/577 2579/783/577
f 2577/781/577 2579/783/577 2580/784/577
f 2581/785/1069 2582/786/1069 2583/787/1069
f 2581/785/1069 2583/787/1069 2584/788/1069
f 2585/789/1070 2586/790/1070 2587/791/1070
f 2585/789/1070 2587/791/1070 2588/792/1070
f 2589/793/325 2590/794/325 2591/795/325
f 2589/793/325 2591/795/325 2592/796/325
f 2593/797/1095 2594/798/1095 2595/799/1095
f 2593/797/1095 2595/799/1095 2596/800/1095
f 2597/801/1096 2598/802/1096 2599/803/1096
f 2597/801/1096 2599/803/1096 2600/804/1096
f 2594/798/1097 2578/782/1097 2577/781/1097
f 2594/798/1097 2577/781/1097 2595/799/1097
f 2601/805/239 2602/806/239 2603/807/239
f 2601/805/239 2603/807/239 2604/808/239
f 2605/809/576 2606/810/576 2607/811/576
f 2605/809/576 2607/811/576 2608/812/576
f 2609/813/366 2610/814/366 2597/815/366
f 2597/815/366 2600/816/366 2581/817/366
f 2581/817/366 2584/818/366 2593/819/366
f 2593/819/366 2596/820/366 2609/813/366
f 2609/813/366 2597/815/366 2581/817/366
f 2581/817/366 2593/819/366 2609/813/366
f 2591/795/325 2590/794/325 2586/790/325
f 2591/795/325 2586/790/325 2585/789/325
f 2598/802/1098 2606/810/1098 2605/809/1098
f 2598/802/1098 2605/809/1098 2599/803/1098
f 2582/786/239 2602/806/239 2601/805/239
f 2582/786/239 2601/805/239 2583/787/239
f 2588/821/457 2587/822/457 2611/823/457
f 2611/823/457 2612/824/457 2613/825/457
f 2613/825/457 2614/826/457 2615/827/457
f 2615/827/457 2616/828/457 2588/821/457
f 2588/821/457 2611/823/457 2613/825/457
f 2613/825/457 2615/827/457 2588/821/457
f 2580/784/1099 2579/783/1099 2612/829/1099
f 2580/784/1099 2612/829/1099 2611/830/1099
f 2608/812/1100 2607/811/1100 2616/831/1100
f 2608/812/1100 2616/831/1100 2615/832/1100
f 2604/808/1077 2603/807/1077 2614/833/1077
f 2604/808/1077 2614/833/1077 2613/834/1077
f 2595/835/1101 2577/836/1101 2590/794/1101
f 2595/835/1101 2590/794/1101 2589/793/1101
f 2598/837/1102 2597/838/1102 2610/839/1102
f 2598/837/1102 2610/839/1102 2592/796/1102
f 2582/786/1103 2581/785/1103 2600/840/1103
f 2582/786/1103 2600/840/1103 2599/841/1103
f 2594/842/1104 2593/843/1104 2584/788/1104
f 2594/842/1104 2584/788/1104 2583/787/1104
f 2596/844/1105 2595/835/1105 2589/793/1105
f 2596/844/1105 2589/793/1105 2609/845/1105
f 2606/846/1106 2598/837/1106 2592/796/1106
f 2606/846/1106 2592/796/1106 2591/795/1106
f 2602/806/1107 2582/786/1107 2599/841/1107
f 2602/806/1107 2599/841/1107 2605/847/1107
f 2578/848/1108 2594/842/1108 2583/787/1108
f 2578/848/1108 2583/787/1108 2601/805/1108
f 2607/849/1109 2606/846/1109 2591/795/1109
f 2607/849/1109 2591/795/1109 2585/789/1109
f 2577/836/1110 2580/850/1110 2586/790/1110
f 2577/836/1110 2586/790/1110 2590/794/1110
f 2601/805/1111 2604/808/1111 2579/851/1111
f 2601/805/1111 2579/851/1111 2578/848/1111
f 2603/807/1112 2602/806/1112 2605/847/1112
f 2603/807/1112 2605/847/1112 2608/852/1112
f 2612/853/1113 2579/851/1113 2604/808/1113
f 2612/853/1113 2604/808/1113 2613/834/1113
f 2608/852/1114 2615/854/1114 2614/833/1114
f 2608/852/1114 2614/833/1114 2603/807/1114
f 2616/855/1115 2607/849/1115 2585/789/1115
f 2616/855/1115 2585/789/1115 2588/792/1115
f 2580/850/1116 2611/856/1116 2587/791/1116
f 2580/850/1116 2587/791/1116 2586/790/1116
f 2609/845/1094 2589/793/1094 2592/796/1094
f 2609/845/1094 2592/796/1094 2610/839/1094
f 2617/325/577 2618/326/577 2619/327/577
f 2617/325/577 2619/327/577 2620/328/577
f 2621/329/1069 2622/330/1069 2623/331/1069
f 2621/329/1069 2623/331/1069 2624/332/1069
f 2625/333/1070 2626/334/1070 2627/335/1070
f 2625/333/1070 2627/335/1070 2628/336/1070
f 2629/337/325 2630/338/325 2631/339/325
f 2629/337/325 2631/339/325 2632/340/325
f 2633/341/1071 2634/342/1071 2635/343/1071
f 2633/341/1071 2635/343/1071 2636/344/1071
f 2637/345/1072 2638/346/1072 2639/347/1072
f 2637/345/1072 2639/347/1072 2640/348/1072
f 2634/342/1073 2618/326/1073 2617/325/1073
f 2634/342/1073 2617/325/1073 2635/343/1073
f 2641/349/239 2642/350/239 2643/351/239
f 2641/349/239 2643/351/239 2644/352/239
f 2645/353/576 2646/354/576 2647/355/576
f 2645/353/576 2647/355/576 2648/356/576
f 2649/357/366 2650/358/366 2637/359/366
f 2637/359/366 2640/360/366 2621/361/366
f 2621/361/366 2624/362/366 2633/363/366
f 2633/363/366 2636/364/366 2649/357/366
f 2649/357/366 2637/359/366 2621/361/366
f 2621/361/366 2633/363/366 2649/357/366
f 2631/339/325 2630/338/325 2626/334/325
f 2631/339/325 2626/334/325 2625/333/325
f 2638/346/1074 2646/354/1074 2645/353/1074
f 2638/346/1074 2645/353/1074 2639/347/1074
f 2622/330/239 2642/350/239 2641/349/239
f 2622/330/239 2641/349/239 2623/331/239
f 2628/365/457 2627/366/457 2651/367/457
f 2651/367/457 2652/368/457 2653/369/457
f 2653/369/457 2654/370/457 2655/371/457
f 2655/371/457 2656/372/457 2628/365/457
f 2628/365/457 2651/367/457 2653/369/457
f 2653/369/457 2655/371/457 2628/365/457
f 2620/328/1075 2619/327/1075 2652/373/1075
f 2620/328/1075 2652/373/1075 2651/374/1075
f 2648/356/1076 2647/355/1076 2656/375/1076
f 2648/356/1076 2656/375/1076 2655/376/1076
f 2644/352/1077 2643/351/1077 2654/377/1077
f 2644/352/1077 2654/377/1077 2653/378/1077
f 2635/379/1078 2617/380/1078 2630/338/1078
f 2635/379/1078 2630/338/1078 2629/337/1078
f 2638/381/1079 2637/382/1079 2650/383/1079
f 2638/381/1079 2650/383/1079 2632/340/1079
f 2622/330/1080 2621/329/1080 2640/384/1080
f 2622/330/1080 2640/384/1080 2639/385/1080
f 2634/386/1081 2633/387/1081 2624/332/1081
f 2634/386/1081 2624/332/1081 2623/331/1081
f 2636/388/1082 2635/379/1082 2629/337/1082
f 2636/388/1082 2629/337/1082 2649/389/1082
f 2646/390/1083 2638/381/1083 2632/340/1083
f 2646/390/1083 2632/340/1083 2631/339/1083
f 2642/350/1084 2622/330/1084 2639/385/1084
f 2642/350/1084 2639/385/1084 2645/391/1084
f 2618/392/1085 2634/386/1085 2623/331/1085
f 2618/392/1085 2623/331/1085 2641/349/1085
f 2647/393/1086 2646/390/1086 2631/339/1086
f 2647/393/1086 2631/339/1086 2625/333/1086
f 2617/380/1087 2620/394/1087 2626/334/1087
f 2617/380/1087 2626/334/1087 2630/338/1087
f 2641/349/1088 2644/352/1088 2619/395/1088
f 2641/349/1088 2619/395/1088 2618/392/1088
f 2643/351/1089 2642/350/1089 2645/391/1089
f 2643/351/1089 2645/391/1089 2648/396/1089
f 2652/397/1090 2619/395/1090 2644/352/1090
f 2652/397/1090 2644/352/1090 2653/378/1090
f 2648/396/1091 2655/398/1091 2654/377/1091
f 2648/396/1091 2654/377/1091 2643/351/1091
f 2656/399/1092 2647/393/1092 2625/333/1092
f 2656/399/1092 2625/333/1092 2628/336/1092
f 2620/394/1093 2651/400/1093 2627/335/1093
f 2620/394/1093 2627/335/1093 2626/334/1093
f 2649/389/1094 2629/337/1094 2632/340/1094
f 2649/389/1094 2632/340/1094 2650/383/1094
f 2457/477/577 2458/478/577 2459/479/577
f 2457/477/577 2459/479/577 2460/480/577
f 2461/481/999 2462/482/999 2463/483/999
f 2461/481/999 2463/483/999 2464/484/999
f 2465/485/1000 2466/486/1000 2467/487/1000
f 2465/485/1000 2467/487/1000 2468/488/1000
f 2469/489/457 2470/490/457 2471/491/457
f 2469/489/457 2471/491/457 2472/492/457
f 2473/493/1001 2474/494/1001 2475/495/1001
f 2473/493/1001 2475/495/1001 2476/496/1001
f 2477/497/1002 2478/498/1002 2479/499/1002
f 2477/497/1002 2479/499/1002 2480/500/1002
f 2474/494/1003 2458/478/1003 2457/477/1003
f 2474/494/1003 2457/477/1003 2475/495/1003
f 2481/501/366 2482/502/366 2483/503/366
f 2481/501/366 2483/503/366 2484/504/366
f 2485/505/576 2486/506/576 2487/507/576
f 2485/505/576 2487/507/576 2488/508/576
f 2489/509/325 2490/510/325 2477/511/325
f 2477/511/325 2480/512/325 2461/513/325
f 2461/513/325 2464/514/325 2473/515/325
f 2473/515/325 2476/516/325 2489/509/325
f 2489/509/325 2477/511/325 2461/513/325
f 2461/513/325 2473/515/325 2489/509/325
f 2471/491/457 2470/490/457 2466/486/457
f 2471/491/457 2466/486/457 2465/485/457
f 2478/498/1004 2486/506/1004 2485/505/1004
f 2478/498/1004 2485/505/1004 2479/499/1004
f 2462/482/366 2482/502/366 2481/501/366
f 2462/482/366 2481/501/366 2463/483/366
f 2468/517/239 2467/518/239 2491/519/239
f 2491/519/239 2492/520/239 2493/521/239
f 2493/521/239 2494/522/239 2495/523/239
f 2495/523/239 2496/524/239 2468/517/239
f 2468/517/239 2491/519/239 2493/521/239
f 2493/521/239 2495/523/239 2468/517/239
f 2460/480/1005 2459/479/1005 2492/525/1005
f 2460/480/1005 2492/525/1005 2491/526/1005
f 2488/508/1006 2487/507/1006 2496/527/1006
f 2488/508/1006 2496/527/1006 2495/528/1006
f 2484/504/1007 2483/503/1007 2494/529/1007
f 2484/504/1007 2494/529/1007 2493/530/1007
f 2475/531/1008 2457/532/1008 2470/490/1008
f 2475/531/1008 2470/490/1008 2469/489/1008
f 2478/533/1009 2477/534/1009 2490/535/1009
f 2478/533/1009 2490/535/1009 2472/492/1009
f 2462/482/1010 2461/481/1010 2480/536/1010
f 2462/482/1010 2480/536/1010 2479/537/1010
f 2474/538/1011 2473/539/1011 2464/484/1011
f 2474/538/1011 2464/484/1011 2463/483/1011
f 2476/540/1143 2475/531/1143 2469/489/1143
f 2476/540/1143 2469/489/1143 2489/541/1143
f 2486/542/1013 2478/533/1013 2472/492/1013
f 2486/542/1013 2472/492/1013 2471/491/1013
f 2482/502/1014 2462/482/1014 2479/537/1014
f 2482/502/1014 2479/537/1014 2485/543/1014
f 2458/544/1015 2474/538/1015 2463/483/1015
f 2458/544/1015 2463/483/1015 2481/501/1015
f 2487/545/1016 2486/542/1016 2471/491/1016
f 2487/545/1016 2471/491/1016 2465/485/1016
f 2457/532/1017 2460/546/1017 2466/486/1017
f 2457/532/1017 2466/486/1017 2470/490/1017
f 2481/501/1018 2484/504/1018 2459/547/1018
f 2481/501/1018 2459/547/1018 2458/544/1018
f 2483/503/1019 2482/502/1019 2485/543/1019
f 2483/503/1019 2485/543/1019 2488/548/1019
f 2492/549/1020 2459/547/1020 2484/504/1020
f 2492/549/1020 2484/504/1020 2493/530/1020
f 2488/548/1021 2495/550/1021 2494/529/1021
f 2488/548/1021 2494/529/1021 2483/503/1021
f 2496/551/1022 2487/545/1022 2465/485/1022
f 2496/551/1022 2465/485/1022 2468/488/1022
f 2460/546/1023 2491/552/1023 2467/487/1023
f 2460/546/1023 2467/487/1023 2466/486/1023
f 2489/541/1024 2469/489/1024 2472/492/1024
f 2489/541/1024 2472/492/1024 2490/535/1024
f 2657/401/457 2658/402/457 2659/403/457
f 2657/401/457 2659/403/457 2660/404/457
f 2661/405/973 2662/406/973 2663/407/973
f 2661/405/973 2663/407/973 2664/408/973
f 2665/409/974 2666/410/974 2667/411/974
f 2665/409/974 2667/411/974 2668/412/974
f 2669/413/325 2670/414/325 2671/415/325
f 2669/413/325 2671/415/325 2672/416/325
f 2673/417/975 2674/418/975 2675/419/975
f 2673/417/975 2675/419/975 2676/420/975
f 2677/421/976 2678/422/976 2679/423/976
f 2677/421/976 2679/423/976 2680/424/976
f 2674/418/977 2658/402/977 2657/401/977
f 2674/418/977 2657/401/977 2675/419/977
f 2681/425/239 2682/426/239 2683/427/239
f 2681/425/239 2683/427/239 2684/428/239
f 2685/429/366 2686/430/366 2687/431/366
f 2685/429/366 2687/431/366 2688/432/366
f 2689/433/577 2690/434/577 2677/435/577
f 2677/435/577 2680/436/577 2661/437/577
f 2661/437/577 2664/438/577 2673/439/577
f 2673/439/577 2676/440/577 2689/433/577
f 2689/433/577 2677/435/577 2661/437/577
f 2661/437/577 2673/439/577 2689/433/577
f 2671/415/325 2670/414/325 2666/410/325
f 2671/415/325 2666/410/325 2665/409/325
f 2678/422/978 2686/430/978 2685/429/978
f 2678/422/978 2685/429/978 2679/423/978
f 2662/406/239 2682/426/239 2681/425/239
f 2662/406/239 2681/425/239 2663/407/239
f 2668/441/576 2667/442/576 2691/443/576
f 2691/443/576 2692/444/576 2693/445/576
f 2693/445/576 2694/446/576 2695/447/576
f 2695/447/576 2696/448/576 2668/441/576
f 2668/441/576 2691/443/576 2693/445/576
f 2693/445/576 2695/447/576 2668/441/576
f 2660/404/979 2659/403/979 2692/449/979
f 2660/404/979 2692/449/979 2691/450/979
f 2688/432/980 2687/431/980 2696/451/980
f 2688/432/980 2696/451/980 2695/452/980
f 2684/428/981 2683/427/981 2694/453/981
f 2684/428/981 2694/453/981 2693/454/981
f 2675/455/1140 2657/456/1140 2670/414/1140
f 2675/455/1140 2670/414/1140 2669/413/1140
f 2678/457/983 2677/458/983 2690/459/983
f 2678/457/983 2690/459/983 2672/416/983
f 2662/406/984 2661/405/984 2680/460/984
f 2662/406/984 2680/460/984 2679/461/984
f 2674/462/1141 2673/463/1141 2664/408/1141
f 2674/462/1141 2664/408/1141 2663/407/1141
f 2676/464/986 2675/455/986 2669/413/986
f 2676/464/986 2669/413/986 2689/465/986
f 2686/466/987 2678/457/987 2672/416/987
f 2686/466/987 2672/416/987 2671/415/987
f 2682/426/988 2662/406/988 2679/461/988
f 2682/426/988 2679/461/988 2685/467/988
f 2658/468/989 2674/462/989 2663/407/989
f 2658/468/989 2663/407/989 2681/425/989
f 2687/469/990 2686/466/990 2671/415/990
f 2687/469/990 2671/415/990 2665/409/990
f 2657/456/991 2660/470/991 2666/410/991
f 2657/456/991 2666/410/991 2670/414/991
f 2681/425/992 2684/428/992 2659/471/992
f 2681/425/992 2659/471/992 2658/468/992
f 2683/427/993 2682/426/993 2685/467/993
f 2683/427/993 2685/467/993 2688/472/993
f 2692/473/994 2659/471/994 2684/428/994
f 2692/473/994 2684/428/994 2693/454/994
f 2688/472/995 2695/474/995 2694/453/995
f 2688/472/995 2694/453/995 2683/427/995
f 2696/475/996 2687/469/996 2665/409/996
f 2696/475/996 2665/409/996 2668/412/996
f 2660/470/997 2691/476/997 2667/411/997
f 2660/470/997 2667/411/997 2666/410/997
f 2689/465/998 2669/413/998 2672/416/998
f 2689/465/998 2672/416/998 2690/459/998
f 2697/1085/457 2698/1086/457 2699/1087/457
f 2697/1085/457 2699/1087/457 2700/1088/457
f 2701/1089/1144 2702/1090/1144 2703/1091/1144
f 2701/1089/1144 2703/1091/1144 2704/1092/1144
f 2705/1093/1145 2706/1094/1145 2707/1095/1145
f 2705/1093/1145 2707/1095/1145 2708/1096/1145
f 2709/1097/325 2710/1098/325 2711/1099/325
f 2709/1097/325 2711/1099/325 2712/1100/325
f 2713/1101/1146 2714/1102/1146 2715/1103/1146
f 2713/1101/1146 2715/1103/1146 2716/1104/1146
f 2717/1105/1147 2718/1106/1147 2719/1107/1147
f 2717/1105/1147 2719/1107/1147 2720/1108/1147
f 2714/1102/977 2698/1086/977 2697/1085/977
f 2714/1102/977 2697/1085/977 2715/1103/977
f 2721/1109/239 2722/1110/239 2723/1111/239
f 2721/1109/239 2723/1111/239 2724/1112/239
f 2725/1113/366 2726/1114/366 2727/1115/366
f 2725/1113/366 2727/1115/366 2728/1116/366
f 2729/1117/577 2730/1118/577 2717/1119/577
f 2717/1119/577 2720/1120/577 2701/1121/577
f 2701/1121/577 2704/1122/577 2713/1123/577
f 2713/1123/577 2716/1124/577 2729/1117/577
f 2729/1117/577 2717/1119/577 2701/1121/577
f 2701/1121/577 2713/1123/577 2729/1117/577
f 2711/1099/325 2710/1098/325 2706/1094/325
f 2711/1099/325 2706/1094/325 2705/1093/325
f 2718/1106/978 2726/1114/978 2725/1113/978
f 2718/1106/978 2725/1113/978 2719/1107/978
f 2702/1090/239 2722/1110/239 2721/1109/239
f 2702/1090/239 2721/1109/239 2703/1091/239
f 2708/1125/576 2707/1126/576 2731/1127/576
f 2731/1127/576 2732/1128/576 2733/1129/576
f 2733/1129/576 2734/1130/576 2735/1131/576
f 2735/1131/576 2736/1132/576 2708/1125/576
f 2708/1125/576 2731/1127/576 2733/1129/576
f 2733/1129/576 2735/1131/576 2708/1125/576
f 2700/1088/1148 2699/1087/1148 2732/1133/1148
f 2700/1088/1148 2732/1133/1148 2731/1134/1148
f 2728/1116/1149 2727/1115/1149 2736/1135/1149
f 2728/1116/1149 2736/1135/1149 2735/1136/1149
f 2724/1112/1150 2723/1111/1150 2734/1137/1150
f 2724/1112/1150 2734/1137/1150 2733/1138/1150
f 2715/1139/1151 2697/1140/1151 2710/1098/1151
f 2715/1139/1151 2710/1098/1151 2709/1097/1151
f 2718/1106/1152 2717/1105/1152 2730/1141/1152
f 2718/1106/1152 2730/1141/1152 2712/1142/1152
f 2702/1143/1153 2701/1144/1153 2720/1108/1153
f 2702/1143/1153 2720/1108/1153 2719/1107/1153
f 2714/1145/1154 2713/1146/1154 2704/1092/1154
f 2714/1145/1154 2704/1092/1154 2703/1091/1154
f 2716/1147/1155 2715/1139/1155 2709/1097/1155
f 2716/1147/1155 2709/1097/1155 2729/1148/1155
f 2726/1114/1156 2718/1106/1156 2712/1142/1156
f 2726/1114/1156 2712/1142/1156 2711/1149/1156
f 2722/1150/1157 2702/1143/1157 2719/1107/1157
f 2722/1150/1157 2719/1107/1157 2725/1113/1157
f 2698/1151/1158 2714/1145/1158 2703/1091/1158
f 2698/1151/1158 2703/1091/1158 2721/1109/1158
f 2727/1115/1159 2726/1114/1159 2711/1149/1159
f 2727/1115/1159 2711/1149/1159 2705/1152/1159
f 2697/1140/1160 2700/1153/1160 2706/1094/1160
f 2697/1140/1160 2706/1094/1160 2710/1098/1160
f 2721/1109/1161 2724/1112/1161 2699/1154/1161
f 2721/1109/1161 2699/1154/1161 2698/1151/1161
f 2723/1155/1162 2722/1150/1162 2725/1113/1162
f 2723/1155/1162 2725/1113/1162 2728/1116/1162
f 2732/1156/1163 2699/1154/1163 2724/1112/1163
f 2732/1156/1163 2724/1112/1163 2733/1138/1163
f 2728/1116/1164 2735/1136/1164 2734/1157/1164
f 2728/1116/1164 2734/1157/1164 2723/1155/1164
f 2736/1135/1165 2727/1115/1165 2705/1152/1165
f 2736/1135/1165 2705/1152/1165 2708/1158/1165
f 2700/1153/1166 2731/1159/1166 2707/1095/1166
f 2700/1153/1166 2707/1095/1166 2706/1094/1166
f 2729/1148/1167 2709/1097/1167 2712/1100/1167
f 2729/1148/1167 2712/1100/1167 2730/1160/1167
