# File produced by Open Asset Import Library (http://www.assimp.sf.net)
# (assimp v3.1.118612264)

mtllib rope.mtl

# vertex positions
v 0.913383 -0.229839 1.322185
v 0.913337 -0.236238 1.317531
v 0.921590 -0.236097 1.315688
v 0.898172 -0.232370 1.302622
v 0.913156 -0.223480 1.299104
v 0.913213 -0.227923 1.304894
v 0.897391 -0.231417 1.309815
v 0.867895 -0.231811 1.298801
v 0.883757 -0.225373 1.298407
v 0.883523 -0.227870 1.299415
v 0.867044 -0.232845 1.301149
v 0.850149 -0.232882 1.299849
v 0.849022 -0.231847 1.302078
v 0.832450 -0.227959 1.296967
v 0.831876 -0.225462 1.297828
v 0.818086 -0.219926 1.287465
v 0.818758 -0.217429 1.286678
v 0.809258 -0.213489 1.272179
v 0.811093 -0.212454 1.270486
v 0.805183 -0.212417 1.254590
v 0.807207 -0.213452 1.253126
v 0.802333 -0.217340 1.238228
v 0.803237 -0.219837 1.237726
v 0.796801 -0.225373 1.224371
v 0.795843 -0.227870 1.224761
v 0.787200 -0.231811 1.211653
v 0.784791 -0.232845 1.212310
v 0.776168 -0.232882 1.197709
v 0.773697 -0.231847 1.198074
v 0.768414 -0.227959 1.181567
v 0.767380 -0.225462 1.181596
v 0.767945 -0.219926 1.164358
v 0.768975 -0.217429 1.164451
v 0.775350 -0.213489 1.148324
v 0.777793 -0.212454 1.148842
v 0.787382 -0.212417 1.134856
v 0.789746 -0.213452 1.135664
v 0.799128 -0.217340 1.123120
v 0.800059 -0.219837 1.123569
v 0.807292 -0.225373 1.110643
v 0.806420 -0.227870 1.110085
v 0.812179 -0.231811 1.095508
v 0.810250 -0.232845 1.093922
v 0.817074 -0.232882 1.078371
v 0.815347 -0.231847 1.076567
v 0.825649 -0.227959 1.062579
v 0.825027 -0.225462 1.061752
v 0.839370 -0.219926 1.052116
v 0.839889 -0.217429 1.053011
v 0.856765 -0.213489 1.048883
v 0.857751 -0.212454 1.051178
v 0.874761 -0.212417 1.051011
v 0.875463 -0.213452 1.053408
v 0.891158 -0.217340 1.053925
v 0.891328 -0.219837 1.054946
v 0.906086 -0.225373 1.053485
v 0.906038 -0.227870 1.052452
v 0.921264 -0.231811 1.048786
v 0.921442 -0.232845 1.046295
v 0.938053 -0.232882 1.042889
v 0.938525 -0.231847 1.040437
v 0.955874 -0.227959 1.040780
v 0.956190 -0.225462 1.039795
v 0.972311 -0.219926 1.045974
v 0.971879 -0.217429 1.046914
v 0.984991 -0.213489 1.058263
v 0.983685 -0.212454 1.060392
v 0.993713 -0.212417 1.074076
v 0.992163 -0.213452 1.076034
v 1.000929 -0.217340 1.089052
v 1.000195 -0.219837 1.089781
v 1.009981 -0.225373 1.100956
v 1.010796 -0.227870 1.100319
v 1.022567 -0.231811 1.110660
v 1.024703 -0.232845 1.109367
v 1.037013 -0.232882 1.121021
v 1.039289 -0.231847 1.119993
v 1.048938 -0.227959 1.134406
v 1.049925 -0.225462 1.134096
v 1.054087 -0.219926 1.150846
v 1.053070 -0.217429 1.151035
v 1.051286 -0.213489 1.168283
v 1.048794 -0.212454 1.168445
v 1.043379 -0.212417 1.184517
v 1.040885 -0.213452 1.184385
v 1.035334 -0.217340 1.199039
v 1.034314 -0.219837 1.198863
v 1.030942 -0.225373 1.213288
v 1.031933 -0.227870 1.213586
v 1.030411 -0.231811 1.229195
v 1.032699 -0.232845 1.230195
v 1.030386 -0.232882 1.247040
v 1.032538 -0.231847 1.248307
v 1.026331 -0.227959 1.264524
v 1.027154 -0.225462 1.265151
v 1.015866 -0.219926 1.278226
v 1.015123 -0.217429 1.277506
v 0.999993 -0.213489 1.286027
v 0.998419 -0.212454 1.284088
v 0.982133 -0.212417 1.288922
v 0.980801 -0.213452 1.286810
v 0.965592 -0.217340 1.290650
v 0.965149 -0.219837 1.289715
v 0.951395 -0.225373 1.295191
v 0.951723 -0.227870 1.296172
v 0.938092 -0.231811 1.303846
v 0.938595 -0.232845 1.306292
v 0.923523 -0.232882 1.314055
v 0.923731 -0.231847 1.316544
v 0.906947 -0.227959 1.320946
v 0.906911 -0.225462 1.321980
v 0.889717 -0.219926 1.320500
v 0.889875 -0.217429 1.319477
v 0.874128 -0.213489 1.312203
v 0.874801 -0.212454 1.309798
v 0.861429 -0.212417 1.299302
v 0.862386 -0.213452 1.296995
v 0.850482 -0.217340 1.286735
v 0.850990 -0.219837 1.285834
v 0.838578 -0.225373 1.277715
v 0.837966 -0.227870 1.278550
v 0.823827 -0.231811 1.271818
v 0.822122 -0.232845 1.273643
v 0.807092 -0.232882 1.265806
v 0.805183 -0.231847 1.267416
v 0.791944 -0.227959 1.256217
v 0.791080 -0.225462 1.256785
v 0.782459 -0.219926 1.241841
v 0.783385 -0.217429 1.241380
v 0.780346 -0.213489 1.224310
v 0.782699 -0.212454 1.223474
v 0.783532 -0.212417 1.206542
v 0.785969 -0.213452 1.205993
v 0.787360 -0.217340 1.190389
v 0.788389 -0.219837 1.190284
v 0.787690 -0.225373 1.175452
v 0.786655 -0.227870 1.175435
v 0.783797 -0.231811 1.159963
v 0.781322 -0.232845 1.159630
v 0.779112 -0.232882 1.142831
v 0.776695 -0.231847 1.142203
v 0.778256 -0.227959 1.124927
v 0.777293 -0.225462 1.124549
v 0.784574 -0.219926 1.108894
v 0.785485 -0.217429 1.109385
v 0.797709 -0.213489 1.097072
v 0.799751 -0.212454 1.098510
v 0.814090 -0.212417 1.089429
v 0.815946 -0.213452 1.091100
v 0.829522 -0.217340 1.083247
v 0.830203 -0.219837 1.084025
v 0.841934 -0.225373 1.074971
v 0.841350 -0.227870 1.074118
v 0.852351 -0.231811 1.062975
v 0.851196 -0.232845 1.060760
v 0.863559 -0.232882 1.049145
v 0.862679 -0.231847 1.046808
v 0.877645 -0.227959 1.038000
v 0.877399 -0.225462 1.036995
v 0.894368 -0.219926 1.033776
v 0.894492 -0.217429 1.034803
v 0.911617 -0.213489 1.037543
v 0.911623 -0.212454 1.040041
v 0.927349 -0.212417 1.046597
v 0.927061 -0.213452 1.049078
v 0.941312 -0.217340 1.055679
v 0.941070 -0.219837 1.056685
v 0.955211 -0.225373 1.061075
v 0.955572 -0.227870 1.060105
v 0.970998 -0.231811 1.062699
v 0.972142 -0.232845 1.060479
v 0.988739 -0.232882 1.063913
v 0.990139 -0.231847 1.061845
v 1.005931 -0.227959 1.069009
v 1.006609 -0.225462 1.068228
v 1.018982 -0.219926 1.080245
v 1.018217 -0.217429 1.080941
v 1.025816 -0.213489 1.096520
v 1.023782 -0.212454 1.097968
v 1.026029 -0.213261 1.106230
v 1.032196 -0.230588 1.102372
v 1.025414 -0.230236 1.096807
v 1.031378 -0.225772 1.102883
v 0.898239 -0.217340 1.302010
v 0.898351 -0.219837 1.300982
v 1.016431 -0.222123 1.112233
v 1.014348 -0.221340 1.104684
v 1.020679 -0.225772 1.109576
v 0.913235 -0.230259 1.307149
v 0.897041 -0.231475 1.313042
v 0.913369 -0.224609 1.320789
v 0.921803 -0.230588 1.318781
v 0.867727 -0.215063 1.299265
v 0.881004 -0.213880 1.310284
v 0.881751 -0.213793 1.307063
v 0.868545 -0.217339 1.297010
v 0.855334 -0.220691 1.289593
v 0.855373 -0.223996 1.289515
v 0.841735 -0.227465 1.283030
v 0.840473 -0.229864 1.284924
v 0.826004 -0.231419 1.278194
v 0.823857 -0.231506 1.280708
v 0.809621 -0.230236 1.271845
v 0.807857 -0.227960 1.273471
v 0.795870 -0.224609 1.261325
v 0.795800 -0.221303 1.261376
v 0.787690 -0.217834 1.246357
v 0.789680 -0.215435 1.245252
v 0.785510 -0.213880 1.228969
v 0.788572 -0.213793 1.227722
v 0.786724 -0.215063 1.211783
v 0.789038 -0.217339 1.211151
v 0.787538 -0.220691 1.196033
v 0.787624 -0.223996 1.196020
v 0.785155 -0.227465 1.181094
v 0.782880 -0.229864 1.181158
v 0.780087 -0.231419 1.165451
v 0.776795 -0.231506 1.165155
v 0.775833 -0.230236 1.148427
v 0.773486 -0.227960 1.147929
v 0.776506 -0.224609 1.131141
v 0.776424 -0.221303 1.131113
v 0.784043 -0.217834 1.115845
v 0.786093 -0.215435 1.116834
v 0.797022 -0.213880 1.104073
v 0.799807 -0.213793 1.105855
v 0.811798 -0.215063 1.095194
v 0.813651 -0.217339 1.096718
v 0.825022 -0.220691 1.086673
v 0.825082 -0.223996 1.086735
v 0.835715 -0.227465 1.075964
v 0.834346 -0.229864 1.074144
v 0.845486 -0.231419 1.062662
v 0.843827 -0.231506 1.059803
v 0.856960 -0.230236 1.049336
v 0.856014 -0.227960 1.047132
v 0.871527 -0.224609 1.039983
v 0.871502 -0.221303 1.039899
v 0.888404 -0.217834 1.037406
v 0.888779 -0.215435 1.039651
v 0.905518 -0.213880 1.041307
v 0.905672 -0.213793 1.044609
v 0.921299 -0.215063 1.048294
v 0.921128 -0.217339 1.050687
v 0.935879 -0.220691 1.054175
v 0.935863 -0.223996 1.054260
v 0.950759 -0.227465 1.056727
v 0.951454 -0.229864 1.054560
v 0.967221 -0.231419 1.057052
v 0.968601 -0.231506 1.054048
v 0.984733 -0.230236 1.058684
v 0.985988 -0.227960 1.056640
v 1.000848 -0.224609 1.065066
v 1.000901 -0.221303 1.064998
v 1.012808 -0.217834 1.077247
v 1.011194 -0.215435 1.078851
v 1.019586 -0.213880 1.093449
v 1.016982 -0.213793 1.095484
v 1.022989 -0.215063 1.110405
v 1.020936 -0.217339 1.111646
v 1.026539 -0.220691 1.125752
v 1.026460 -0.223996 1.125788
v 1.032959 -0.227465 1.139419
v 1.035130 -0.229864 1.138738
v 1.042102 -0.231419 1.153075
v 1.045352 -0.231506 1.152471
v 1.050793 -0.230236 1.168315
v 1.053187 -0.227960 1.168159
v 1.054856 -0.224609 1.185125
v 1.054943 -0.221303 1.185129
v 1.051835 -0.217834 1.201897
v 1.049593 -0.215435 1.201509
v 1.042618 -0.213880 1.216793
v 1.039452 -0.213793 1.215843
v 1.030863 -0.215063 1.229392
v 1.028665 -0.217339 1.228432
v 1.020480 -0.220691 1.241212
v 1.020405 -0.223996 1.241168
v 1.013010 -0.227465 1.254374
v 1.014820 -0.229864 1.255753
v 1.007114 -0.231419 1.269739
v 1.009487 -0.231506 1.272040
v 0.999682 -0.230236 1.285644
v 1.001194 -0.227960 1.287506
v 0.988265 -0.224609 1.298643
v 0.988311 -0.221303 1.298716
v 0.972771 -0.217834 1.305781
v 0.971795 -0.215435 1.303724
v 0.955262 -0.213880 1.306753
v 0.954214 -0.213793 1.303618
v 0.938191 -0.215063 1.304330
v 0.937709 -0.217339 1.301980
v 0.922564 -0.220691 1.302602
v 0.922557 -0.223996 1.302516
v 0.907524 -0.227465 1.304209
v 0.907446 -0.229864 1.306484
v 0.891573 -0.231419 1.308450
v 0.891070 -0.231506 1.311718
v 0.874261 -0.230236 1.311728
v 0.873614 -0.227960 1.314038
v 0.857026 -0.224609 1.309918
v 0.856992 -0.221303 1.309998
v 0.842260 -0.217834 1.301325
v 0.843378 -0.215435 1.299342
v 0.831371 -0.213880 1.287548
v 0.833325 -0.213793 1.284882
v 0.823490 -0.215063 1.272179
v 0.825127 -0.217339 1.270426
v 0.815879 -0.220691 1.258397
v 0.815945 -0.223996 1.258341
v 0.805940 -0.227465 1.247020
v 0.804038 -0.229864 1.248270
v 0.793373 -0.231419 1.236410
v 0.790414 -0.231506 1.237882
v 0.780811 -0.230236 1.224145
v 0.778551 -0.227960 1.224948
v 0.772319 -0.224609 1.209065
v 0.772235 -0.221303 1.209084
v 0.770699 -0.217834 1.192093
v 0.772964 -0.215435 1.191861
v 0.775500 -0.213880 1.175256
v 0.778805 -0.213793 1.175309
v 0.783308 -0.215063 1.159898
v 0.785686 -0.217339 1.160218
v 0.790236 -0.220691 1.145720
v 0.790320 -0.223996 1.145741
v 0.793844 -0.227465 1.131052
v 0.791725 -0.229864 1.130219
v 0.795306 -0.231419 1.114679
v 0.792396 -0.231506 1.113110
v 0.798113 -0.230236 1.097356
v 0.796152 -0.227960 1.095974
v 0.805548 -0.224609 1.081740
v 0.805483 -0.221303 1.081682
v 0.818491 -0.217834 1.070646
v 0.819990 -0.215435 1.072358
v 0.835050 -0.213880 1.064910
v 0.836917 -0.213793 1.067638
v 0.852122 -0.215063 1.062537
v 0.853231 -0.217339 1.064664
v 0.867612 -0.220691 1.059899
v 0.867643 -0.223996 1.059981
v 0.881627 -0.227465 1.054267
v 0.881086 -0.229864 1.052056
v 0.895831 -0.231419 1.045879
v 0.895435 -0.231506 1.042597
v 0.911618 -0.230236 1.038037
v 0.911613 -0.227960 1.035638
v 0.928675 -0.224609 1.035181
v 0.928685 -0.221303 1.035095
v 0.945216 -0.217834 1.039393
v 0.944686 -0.215435 1.041606
v 0.959456 -0.213880 1.049647
v 0.958305 -0.213793 1.052746
v 0.971224 -0.215063 1.062261
v 0.970126 -0.217339 1.064393
v 0.982294 -0.220691 1.073429
v 0.982246 -0.223996 1.073501
v 0.994960 -0.227465 1.081662
v 0.996451 -0.229864 1.079943
v 1.009960 -0.231419 1.088444
v 1.012406 -0.231506 1.086221
v 1.027368 -0.227960 1.095415
v 0.913256 -0.212417 1.309297
v 0.913232 -0.213452 1.306799
v 0.913261 -0.235004 1.309716
v 0.920781 -0.230588 1.303954
v 0.913323 -0.209624 1.316039
v 0.921647 -0.211176 1.316512
v 0.913370 -0.221303 1.320876
v 0.921737 -0.225772 1.317818
v 0.897937 -0.210597 1.304787
v 0.896431 -0.217834 1.318660
v 0.896677 -0.215435 1.316397
v 0.897156 -0.209645 1.311980
v 0.883384 -0.212840 1.300014
v 0.863075 -0.220713 1.312089
v 0.879729 -0.227521 1.315788
v 0.878657 -0.224954 1.320411
v 0.862550 -0.215543 1.313537
v 0.849179 -0.215040 1.301766
v 0.850338 -0.210295 1.299475
v 0.838603 -0.213824 1.287732
v 0.841470 -0.212284 1.283429
v 0.829673 -0.217778 1.273897
v 0.832755 -0.220346 1.270289
v 0.819647 -0.224586 1.262595
v 0.820779 -0.229757 1.261551
v 0.806923 -0.230259 1.253331
v 0.804843 -0.235004 1.254836
v 0.792630 -0.231475 1.243614
v 0.788110 -0.233015 1.246124
v 0.780277 -0.227521 1.231101
v 0.775883 -0.224954 1.232891
v 0.773564 -0.220713 1.215374
v 0.772078 -0.215543 1.215780
v 0.774043 -0.215040 1.198023
v 0.776583 -0.210295 1.197648
v 0.779507 -0.213824 1.181254
v 0.784676 -0.212284 1.181108
v 0.785715 -0.217778 1.165957
v 0.790441 -0.220346 1.166382
v 0.789177 -0.224586 1.151257
v 0.790684 -0.229757 1.151577
v 0.789415 -0.230259 1.135550
v 0.786985 -0.235004 1.134721
v 0.789132 -0.231475 1.118300
v 0.784475 -0.233015 1.116053
v 0.792262 -0.227521 1.101029
v 0.788265 -0.224954 1.098472
v 0.801262 -0.220713 1.086530
v 0.800073 -0.215543 1.085551
v 0.815588 -0.215040 1.076820
v 0.817364 -0.210295 1.078674
v 0.832318 -0.213824 1.071448
v 0.835426 -0.212284 1.075580
v 0.848320 -0.217778 1.067550
v 0.850701 -0.220346 1.071656
v 0.862342 -0.224586 1.061871
v 0.862950 -0.229757 1.063286
v 0.875365 -0.230259 1.053073
v 0.874643 -0.235004 1.050609
v 0.889333 -0.231475 1.042979
v 0.888483 -0.233015 1.037879
v 0.905254 -0.227521 1.035663
v 0.905033 -0.224954 1.030923
v 0.922271 -0.220713 1.034687
v 0.922381 -0.215543 1.033151
v 0.938459 -0.215040 1.040780
v 0.937973 -0.210295 1.043301
v 0.952485 -0.213824 1.051347
v 0.950906 -0.212284 1.056271
v 0.964862 -0.217778 1.062186
v 0.962881 -0.220346 1.066499
v 0.977598 -0.224586 1.070310
v 0.976792 -0.229757 1.071623
v 0.992380 -0.230259 1.075760
v 0.993974 -0.235004 1.073748
v 1.008800 -0.231475 1.081230
v 1.012468 -0.233015 1.077585
v 1.024038 -0.227521 1.089969
v 1.027777 -0.224954 1.087047
v 1.034660 -0.220713 1.103343
v 1.035978 -0.215543 1.102545
v 1.038971 -0.215040 1.120137
v 1.036631 -0.210295 1.121194
v 1.038350 -0.213824 1.137728
v 1.033416 -0.212284 1.139276
v 1.036546 -0.217778 1.154108
v 1.031881 -0.220346 1.154976
v 1.037181 -0.224586 1.169202
v 1.035644 -0.229757 1.169302
v 1.041234 -0.230259 1.184403
v 1.043798 -0.235004 1.184539
v 1.046268 -0.231475 1.200933
v 1.051363 -0.233015 1.201816
v 1.048030 -0.227521 1.218418
v 1.052575 -0.224954 1.219782
v 1.043363 -0.220713 1.234854
v 1.044774 -0.215543 1.235471
v 1.032237 -0.215040 1.248130
v 1.030024 -0.210295 1.246828
v 1.017504 -0.213824 1.257798
v 1.013391 -0.212284 1.254664
v 1.003057 -0.217778 1.265806
v 0.999651 -0.220346 1.262502
v 0.991084 -0.224586 1.275054
v 0.990113 -0.229757 1.273858
v 0.980987 -0.230259 1.287105
v 0.982357 -0.235004 1.289277
v 0.970349 -0.231475 1.300676
v 0.972566 -0.233015 1.305347
v 0.957055 -0.227521 1.312111
v 0.958560 -0.224954 1.316612
v 0.940937 -0.220713 1.317692
v 0.941247 -0.215543 1.319200
v 0.923702 -0.215040 1.316196
v 0.923488 -0.210295 1.313637
v 0.907329 -0.213824 1.309856
v 0.907508 -0.212284 1.304688
v 0.892432 -0.217778 1.302866
v 0.893155 -0.220346 1.298176
v 0.877936 -0.224586 1.298591
v 0.878351 -0.229757 1.297108
v 0.862252 -0.230259 1.297318
v 0.861268 -0.235004 1.299689
v 0.845034 -0.231475 1.296403
v 0.842496 -0.233015 1.300908
v 0.828030 -0.227521 1.292106
v 0.825225 -0.224954 1.295933
v 0.814177 -0.220713 1.282147
v 0.813126 -0.215543 1.283272
v 0.805450 -0.215040 1.267190
v 0.807413 -0.210295 1.265535
v 0.801218 -0.213824 1.250123
v 0.805540 -0.212284 1.247283
v 0.798432 -0.217778 1.233892
v 0.802680 -0.220346 1.231778
v 0.793664 -0.224586 1.219575
v 0.795115 -0.229757 1.219059
v 0.785628 -0.230259 1.206070
v 0.783123 -0.235004 1.206634
v 0.776320 -0.231475 1.191518
v 0.771176 -0.233015 1.192044
v 0.769850 -0.227521 1.175165
v 0.765106 -0.224954 1.175089
v 0.769789 -0.220713 1.158075
v 0.768263 -0.215543 1.157869
v 0.777033 -0.215040 1.142291
v 0.779518 -0.210295 1.142936
v 0.788585 -0.213824 1.128985
v 0.793397 -0.212284 1.130876
v 0.800279 -0.217778 1.117360
v 0.804456 -0.220346 1.119612
v 0.809264 -0.224586 1.105214
v 0.810522 -0.229757 1.106101
v 0.815687 -0.230259 1.090867
v 0.813778 -0.235004 1.089149
v 0.822212 -0.231475 1.074897
v 0.818807 -0.233015 1.071006
v 0.831859 -0.227521 1.060246
v 0.829180 -0.224954 1.056330
v 0.845818 -0.220713 1.050440
v 0.845106 -0.215543 1.049075
v 0.862802 -0.215040 1.047135
v 0.863707 -0.210295 1.049537
v 0.880284 -0.213824 1.048779
v 0.881513 -0.212284 1.053801
v 0.896510 -0.217778 1.051489
v 0.897079 -0.220346 1.056200
v 0.911650 -0.224586 1.051678
v 0.911654 -0.229757 1.053218
v 0.927101 -0.230259 1.048731
v 0.927397 -0.235004 1.046181
v 0.943899 -0.231475 1.044887
v 0.945105 -0.233015 1.039859
v 0.961423 -0.227521 1.044350
v 0.963075 -0.224954 1.039901
v 0.977471 -0.220713 1.050134
v 0.978176 -0.215543 1.048765
v 0.989943 -0.215040 1.062135
v 0.988504 -0.210295 1.064260
v 0.998662 -0.213824 1.077394
v 0.995274 -0.212284 1.081300
v 1.005778 -0.217778 1.092244
v 1.002266 -0.220346 1.095436
v 1.014301 -0.224586 1.104717
v 1.013046 -0.229757 1.105610
v 1.019596 -0.230588 1.110253
v 0.884387 -0.218630 1.295686
v 0.913379 -0.214067 1.321828
v 0.920869 -0.225772 1.305228
v 0.870520 -0.221782 1.291567
v 0.870195 -0.229018 1.292463
v 0.855803 -0.231232 1.288665
v 0.853191 -0.235675 1.293832
v 0.838010 -0.235654 1.288622
v 0.833998 -0.234702 1.294643
v 0.819158 -0.232459 1.286210
v 0.816273 -0.226669 1.289588
v 0.803602 -0.223517 1.277397
v 0.804302 -0.216281 1.276751
v 0.795028 -0.214067 1.261935
v 0.799720 -0.209624 1.258541
v 0.793565 -0.209645 1.243096
v 0.799891 -0.210597 1.239584
v 0.795273 -0.212840 1.224993
v 0.799388 -0.218630 1.223317
v 0.794624 -0.221782 1.209627
v 0.793705 -0.229018 1.209877
v 0.788566 -0.231232 1.195881
v 0.782838 -0.235675 1.196726
v 0.778439 -0.235654 1.181284
v 0.771206 -0.234702 1.181488
v 0.769588 -0.232459 1.164506
v 0.765163 -0.226669 1.164108
v 0.767822 -0.223517 1.146728
v 0.768754 -0.216281 1.146925
v 0.775523 -0.214067 1.130805
v 0.781002 -0.209624 1.132676
v 0.790095 -0.209645 1.118764
v 0.796612 -0.210597 1.121907
v 0.805902 -0.212840 1.109754
v 0.809644 -0.218630 1.112148
v 0.818123 -0.221782 1.100396
v 0.817387 -0.229018 1.099791
v 0.825741 -0.231232 1.087423
v 0.821737 -0.235675 1.083241
v 0.831676 -0.235654 1.070594
v 0.827327 -0.234702 1.064811
v 0.840198 -0.232459 1.053543
v 0.837969 -0.226669 1.049700
v 0.853729 -0.223517 1.041812
v 0.854105 -0.216281 1.042687
v 0.871234 -0.214067 1.038985
v 0.872863 -0.209624 1.044541
v 0.889509 -0.209645 1.044033
v 0.890699 -0.210597 1.051170
v 0.906009 -0.212840 1.051837
v 0.906217 -0.218630 1.056275
v 0.920715 -0.221782 1.056462
v 0.920783 -0.229018 1.055512
v 0.935683 -0.231232 1.055196
v 0.936778 -0.235675 1.049510
v 0.952811 -0.235654 1.050329
v 0.955021 -0.234702 1.043439
v 0.971622 -0.232459 1.047473
v 0.973477 -0.226669 1.043436
v 0.989017 -0.223517 1.051705
v 0.988518 -0.216281 1.052517
v 1.001493 -0.214067 1.064251
v 0.997899 -0.209624 1.068790
v 1.008042 -0.209645 1.081983
v 1.002910 -0.210597 1.087083
v 1.011281 -0.212840 1.099940
v 1.007780 -0.218630 1.102676
v 1.015983 -0.221782 1.114644
v 1.016798 -0.229018 1.114151
v 1.025592 -0.231232 1.126180
v 1.030869 -0.235675 1.123797
v 1.039369 -0.235654 1.137408
v 1.046273 -0.234702 1.135242
v 1.052465 -0.232459 1.151148
v 1.056833 -0.226669 1.150335
v 1.058965 -0.223517 1.167782
v 1.058014 -0.216281 1.167844
v 1.055894 -0.214067 1.185180
v 1.050112 -0.209624 1.184873
v 1.045215 -0.209645 1.200751
v 1.038086 -0.210597 1.199516
v 1.032522 -0.212840 1.213763
v 1.028267 -0.218630 1.212485
v 1.023359 -0.221782 1.226114
v 1.024232 -0.229018 1.226495
v 1.019584 -0.231232 1.240685
v 1.024574 -0.235675 1.243621
v 1.018354 -0.235654 1.258446
v 1.024109 -0.234702 1.262831
v 1.014682 -0.232459 1.277077
v 1.017871 -0.226669 1.280170
v 1.004843 -0.223517 1.292001
v 1.004243 -0.216281 1.291262
v 0.988820 -0.214067 1.299522
v 0.985731 -0.209624 1.294625
v 0.969891 -0.209645 1.299710
v 0.966789 -0.210597 1.293173
v 0.951918 -0.212840 1.296756
v 0.950509 -0.218630 1.292542
v 0.936543 -0.221782 1.296308
v 0.936735 -0.229018 1.297241
v 0.922478 -0.231232 1.301566
v 0.922960 -0.235675 1.307336
v 0.907293 -0.235654 1.310924
v 0.907043 -0.234702 1.318155
v 0.889968 -0.232459 1.318869
v 0.889292 -0.226669 1.323260
v 0.872054 -0.223517 1.319614
v 0.872311 -0.216281 1.318696
v 0.856628 -0.214067 1.310878
v 0.858846 -0.209624 1.305530
v 0.845559 -0.209645 1.295472
v 0.849111 -0.210597 1.289168
v 0.837602 -0.212840 1.279046
v 0.840229 -0.218630 1.275463
v 0.829080 -0.221782 1.266195
v 0.828430 -0.229018 1.266891
v 0.816673 -0.231232 1.257727
v 0.812247 -0.235675 1.261459
v 0.800325 -0.235654 1.250710
v 0.794278 -0.234702 1.254683
v 0.783936 -0.232459 1.241106
v 0.779958 -0.226669 1.243085
v 0.773095 -0.223517 1.226888
v 0.773993 -0.216281 1.226569
v 0.771306 -0.214067 1.209293
v 0.776954 -0.209624 1.208022
v 0.777383 -0.209645 1.191409
v 0.784581 -0.210597 1.190673
v 0.786040 -0.212840 1.175426
v 0.790482 -0.218630 1.175497
v 0.791423 -0.221782 1.160992
v 0.790479 -0.229018 1.160865
v 0.791242 -0.231232 1.145981
v 0.785638 -0.235675 1.144526
v 0.787590 -0.235654 1.128595
v 0.780856 -0.234702 1.125949
v 0.786027 -0.232459 1.109677
v 0.782116 -0.226669 1.107569
v 0.791419 -0.223517 1.092639
v 0.792198 -0.216281 1.093188
v 0.804775 -0.214067 1.081045
v 0.809079 -0.209624 1.084919
v 0.822916 -0.209645 1.075701
v 0.827682 -0.210597 1.081145
v 0.841002 -0.212840 1.073610
v 0.843511 -0.218630 1.077276
v 0.855907 -0.221782 1.069799
v 0.855467 -0.229018 1.068954
v 0.867979 -0.231232 1.060872
v 0.865937 -0.235675 1.055454
v 0.880030 -0.235654 1.047740
v 0.878309 -0.234702 1.040712
v 0.894566 -0.232459 1.035414
v 0.894033 -0.226669 1.031003
v 0.911599 -0.223517 1.029848
v 0.911601 -0.216281 1.030801
v 0.928795 -0.214067 1.034148
v 0.928127 -0.209624 1.039900
v 0.943650 -0.209645 1.045927
v 0.941963 -0.210597 1.052963
v 0.955786 -0.212841 1.059529
v 0.954239 -0.218630 1.063693
v 0.967474 -0.221782 1.069540
v 0.967910 -0.229018 1.068693
v 0.981712 -0.231232 1.074290
v 0.984958 -0.235675 1.069496
v 0.999362 -0.235654 1.076586
v 1.004102 -0.234702 1.071119
v 1.017761 -0.232459 1.081355
v 1.021049 -0.226669 1.078367
v 1.032085 -0.223517 1.092058
v 1.031309 -0.216281 1.092610
v 1.035627 -0.214825 1.100226
v 1.030268 -0.211176 1.103578
v 0.913166 -0.216245 1.300057
v 0.920525 -0.214825 1.300229
v 0.896483 -0.233015 1.318183
v 0.895792 -0.228361 1.324544
v 0.878379 -0.217138 1.321613
v 0.895925 -0.220545 1.323318
v 0.879824 -0.212484 1.315379
v 0.864745 -0.235638 1.307487
v 0.845980 -0.229055 1.308095
v 0.830328 -0.218719 1.300153
v 0.820572 -0.210686 1.284554
v 0.816049 -0.209661 1.265914
v 0.812670 -0.216245 1.249175
v 0.805679 -0.226580 1.236371
v 0.793257 -0.234613 1.225814
v 0.778286 -0.235638 1.214086
v 0.767027 -0.229055 1.199057
v 0.764589 -0.218719 1.181675
v 0.771757 -0.210686 1.164701
v 0.784389 -0.209661 1.150241
v 0.796126 -0.216245 1.137843
v 0.802575 -0.226580 1.124783
v 0.804068 -0.234613 1.108580
v 0.805043 -0.235638 1.089639
v 0.810683 -0.229055 1.071697
v 0.823348 -0.218719 1.059520
v 0.841290 -0.210686 1.055427
v 0.860411 -0.209661 1.057373
v 0.877360 -0.216245 1.059878
v 0.891787 -0.226580 1.057701
v 0.905908 -0.234613 1.049662
v 0.921922 -0.235638 1.039570
v 0.939800 -0.229054 1.033816
v 0.957043 -0.218719 1.037136
v 0.970713 -0.210686 1.049452
v 0.980158 -0.209661 1.066138
v 0.987978 -0.216245 1.081321
v 0.998214 -0.226580 1.091750
v 1.012996 -0.234613 1.098599
v 1.030472 -0.235638 1.105877
v 1.045434 -0.229054 1.117217
v 1.052590 -0.218719 1.133260
v 1.050325 -0.210686 1.151546
v 1.042065 -0.209661 1.168884
v 1.034152 -0.216245 1.184028
v 1.031563 -0.226580 1.198386
v 1.034608 -0.234613 1.214389
v 1.038878 -0.235638 1.232894
v 1.038349 -0.229054 1.251726
v 1.029375 -0.218719 1.266844
v 1.013118 -0.210686 1.275561
v 0.994169 -0.209661 1.278854
v 0.977203 -0.216245 1.281107
v 0.963952 -0.226580 1.287192
v 0.952609 -0.234613 1.298821
v 0.939952 -0.235638 1.312897
v 0.924293 -0.229054 1.323263
v 0.906815 -0.218719 1.324771
v 0.890300 -0.210686 1.316717
v 0.876617 -0.209661 1.303305
v 0.864969 -0.216245 1.290767
v 0.852361 -0.226580 1.283401
v 0.836315 -0.234613 1.280802
v 0.817519 -0.235638 1.278570
v 0.800028 -0.229054 1.271762
v 0.788746 -0.218719 1.258319
v 0.785885 -0.210686 1.240136
v 0.789052 -0.209661 1.221215
v 0.792547 -0.216245 1.204513
v 0.791167 -0.226580 1.189999
v 0.783863 -0.234613 1.175390
v 0.774640 -0.235638 1.158729
v 0.770169 -0.229054 1.140509
v 0.774694 -0.218719 1.123528
v 0.787943 -0.210686 1.110710
v 0.805262 -0.209661 1.102394
v 0.820958 -0.216245 1.095611
v 0.832043 -0.226580 1.086126
v 0.839773 -0.234613 1.071813
v 0.848080 -0.235638 1.054781
v 0.860301 -0.229054 1.040498
v 0.876735 -0.218719 1.034282
v 0.894827 -0.210686 1.037576
v 0.911639 -0.209661 1.046783
v 0.926283 -0.216245 1.055776
v 0.940419 -0.226580 1.059400
v 0.956544 -0.234613 1.057487
v 0.975230 -0.235638 1.054485
v 0.993920 -0.229054 1.056262
v 1.008439 -0.218719 1.066118
v 1.016150 -0.210686 1.082819
v 1.018289 -0.209661 1.101879
v 1.021789 -0.211176 1.108882
v 1.016431 -0.214825 1.112234
v 1.013572 -0.214104 1.105236
v 0.898652 -0.226580 1.298205
v 0.882893 -0.234613 1.302136
v 0.864137 -0.209144 1.309162
v 0.853864 -0.209061 1.292500
v 0.845017 -0.216938 1.278104
v 0.833556 -0.228161 1.269351
v 0.817358 -0.236155 1.264706
v 0.798511 -0.236238 1.259416
v 0.782515 -0.228361 1.249230
v 0.774740 -0.217138 1.233356
v 0.776568 -0.209144 1.214555
v 0.784315 -0.209061 1.196508
v 0.791072 -0.216938 1.180927
v 0.791670 -0.228161 1.166493
v 0.786131 -0.236155 1.150611
v 0.779590 -0.236238 1.132194
v 0.778711 -0.228361 1.113274
v 0.787225 -0.217138 1.097807
v 0.803667 -0.209144 1.088508
v 0.822769 -0.209061 1.084319
v 0.839272 -0.216938 1.080695
v 0.851320 -0.228161 1.072723
v 0.861114 -0.236155 1.059010
v 0.872443 -0.236238 1.043109
v 0.887431 -0.228361 1.031567
v 0.904976 -0.217138 1.029690
v 0.922049 -0.209144 1.037793
v 0.936495 -0.209061 1.050976
v 0.948951 -0.216938 1.062364
v 0.962366 -0.228161 1.067620
v 0.979227 -0.236155 1.067656
v 0.998825 -0.236238 1.067620
v 1.017007 -0.228361 1.073075
v 1.028749 -0.217138 1.086287
v 1.031996 -0.209144 1.104955
v 1.029508 -0.209061 1.124411
v 1.027311 -0.216938 1.141191
v 1.030668 -0.228161 1.155202
v 1.040288 -0.236155 1.168999
v 1.051603 -0.236238 1.184952
v 1.057668 -0.228361 1.202908
v 1.053757 -0.217138 1.220137
v 1.040509 -0.209144 1.233607
v 1.023288 -0.209061 1.242864
v 1.008302 -0.216938 1.250786
v 0.998765 -0.228161 1.261644
v 0.993046 -0.236155 1.277471
v 0.986527 -0.236238 1.295887
v 0.975309 -0.228361 1.311128
v 0.958951 -0.217138 1.317781
v 0.940310 -0.209144 1.314641
v 0.922836 -0.209061 1.305849
v 0.907728 -0.216938 1.298293
v 0.893342 -0.228161 1.296957
v 0.877097 -0.236155 1.301590
v 0.858274 -0.236238 1.306908
v 0.839355 -0.228361 1.306482
v 0.824496 -0.217138 1.296928
v 0.816303 -0.209144 1.279871
v 0.813388 -0.209061 1.260497
v 0.810887 -0.216938 1.243769
v 0.803785 -0.228161 1.231229
v 0.790730 -0.236155 1.220618
v 0.775498 -0.236238 1.208350
v 0.764811 -0.228361 1.192695
v 0.763872 -0.217138 1.175069
v 0.772875 -0.209144 1.158491
v 0.787083 -0.209061 1.144901
v 0.799353 -0.216938 1.133217
v 0.805542 -0.228161 1.120197
v 0.806718 -0.236155 1.103420
v 0.807969 -0.236238 1.083920
v 0.814592 -0.228361 1.066192
v 0.828483 -0.217138 1.055311
v 0.847257 -0.209144 1.053202
v 0.866463 -0.209061 1.056850
v 0.883035 -0.216938 1.060016
v 0.897227 -0.228161 1.057425
v 0.911643 -0.236155 1.048564
v 0.928299 -0.236238 1.038417
v 0.946597 -0.228361 1.033637
v 0.963505 -0.217138 1.038745
v 0.976045 -0.209144 1.052902
v 0.984121 -0.209061 1.070732
v 0.991082 -0.216938 1.086135
v 1.001353 -0.228161 1.096265
v 1.016838 -0.236155 1.102911
v 1.022225 -0.236097 1.108609
v 0.921303 -0.213261 1.311523
v 0.920525 -0.222123 1.300229
v 0.881259 -0.235565 1.309184
v 0.862770 -0.231195 1.312930
v 0.880256 -0.229776 1.313512
v 0.863095 -0.223959 1.312035
v 0.845550 -0.221819 1.308946
v 0.848162 -0.217376 1.303778
v 0.832791 -0.212929 1.296455
v 0.836803 -0.213882 1.290434
v 0.825271 -0.209734 1.279052
v 0.828156 -0.215524 1.275674
v 0.820305 -0.214104 1.261988
v 0.819605 -0.221340 1.262634
v 0.813442 -0.223480 1.248616
v 0.808750 -0.227923 1.252010
v 0.801795 -0.232370 1.238527
v 0.795469 -0.231417 1.242039
v 0.786555 -0.235565 1.228544
v 0.782441 -0.229776 1.230220
v 0.772701 -0.231195 1.215610
v 0.773619 -0.223959 1.215359
v 0.766085 -0.221819 1.199196
v 0.771813 -0.217376 1.198352
v 0.769030 -0.212929 1.181549
v 0.776262 -0.213882 1.181345
v 0.778963 -0.209734 1.165350
v 0.783388 -0.215524 1.165748
v 0.790053 -0.214104 1.151443
v 0.789121 -0.221340 1.151245
v 0.797027 -0.223480 1.138151
v 0.791548 -0.227923 1.136279
v 0.798573 -0.232370 1.122853
v 0.792056 -0.231417 1.119710
v 0.797972 -0.235565 1.104681
v 0.794230 -0.229776 1.102287
v 0.800571 -0.231195 1.085961
v 0.801307 -0.223959 1.086566
v 0.810025 -0.221819 1.071009
v 0.814029 -0.217376 1.075191
v 0.826019 -0.212929 1.063071
v 0.830368 -0.213882 1.068854
v 0.844920 -0.209734 1.061686
v 0.847148 -0.215524 1.065530
v 0.862695 -0.214104 1.062693
v 0.862319 -0.221340 1.061818
v 0.877628 -0.223480 1.060792
v 0.875999 -0.227923 1.055236
v 0.891057 -0.232370 1.053318
v 0.889867 -0.231417 1.046181
v 0.905571 -0.235565 1.042434
v 0.905363 -0.229776 1.037996
v 0.922335 -0.231195 1.033795
v 0.922267 -0.223959 1.034745
v 0.939980 -0.221819 1.032881
v 0.938885 -0.217376 1.038566
v 0.955686 -0.212929 1.041366
v 0.953476 -0.213882 1.048256
v 0.967692 -0.209734 1.056027
v 0.965838 -0.215524 1.060064
v 0.977130 -0.214104 1.071073
v 0.977628 -0.221340 1.070261
v 0.987386 -0.223480 1.082067
v 0.990980 -0.227923 1.077528
v 1.001365 -0.232370 1.088618
v 1.006498 -0.231417 1.083518
v 1.018697 -0.235565 1.094144
v 1.022198 -0.229776 1.091408
v 1.035426 -0.231195 1.102879
v 1.034611 -0.223959 1.103373
v 1.046302 -0.221819 1.116825
v 1.041025 -0.217376 1.119208
v 1.048351 -0.212929 1.134590
v 1.041447 -0.213882 1.136756
v 1.043211 -0.209734 1.152869
v 1.038843 -0.215524 1.153681
v 1.036288 -0.214104 1.169260
v 1.037238 -0.221340 1.169198
v 1.033201 -0.223480 1.183978
v 1.038983 -0.227923 1.184284
v 1.035940 -0.232370 1.199144
v 1.043070 -0.231417 1.200379
v 1.041538 -0.235565 1.216469
v 1.045793 -0.229776 1.217746
v 1.044183 -0.231195 1.235212
v 1.043310 -0.223959 1.234831
v 1.039170 -0.221819 1.252209
v 1.034180 -0.217376 1.249273
v 1.025841 -0.212929 1.264151
v 1.020086 -0.213882 1.259766
v 1.007924 -0.209734 1.270525
v 1.004734 -0.215524 1.267432
v 0.990520 -0.214104 1.274359
v 0.991120 -0.221340 1.275098
v 0.976695 -0.223480 1.280301
v 0.979784 -0.227923 1.285198
v 0.965856 -0.232370 1.291206
v 0.968958 -0.231417 1.297743
v 0.954904 -0.235565 1.305683
v 0.956314 -0.229776 1.309896
v 0.941117 -0.231195 1.318568
v 0.940925 -0.223959 1.317635
v 0.924373 -0.221819 1.324212
v 0.923890 -0.217376 1.318442
v 0.906968 -0.212929 1.320331
v 0.907218 -0.213882 1.313100
v 0.891401 -0.209734 1.309566
v 0.892077 -0.215524 1.305175
v 0.878177 -0.214104 1.297729
v 0.877921 -0.221340 1.298646
v 0.865334 -0.223480 1.289887
v 0.863116 -0.227923 1.295235
v 0.850180 -0.232370 1.287271
v 0.846628 -0.231417 1.293575
v 0.832038 -0.235565 1.286638
v 0.829411 -0.229776 1.290221
v 0.813566 -0.231195 1.282801
v 0.814216 -0.223959 1.282105
v 0.799300 -0.221819 1.272376
v 0.803726 -0.217376 1.268644
v 0.792459 -0.212929 1.255879
v 0.798506 -0.213882 1.251905
v 0.792363 -0.209734 1.236912
v 0.796341 -0.215524 1.234933
v 0.794508 -0.214104 1.219275
v 0.793610 -0.221340 1.219594
v 0.793476 -0.223480 1.204304
v 0.787827 -0.227923 1.205575
v 0.786747 -0.232370 1.190451
v 0.779549 -0.231417 1.191188
v 0.776628 -0.235565 1.175274
v 0.772186 -0.229776 1.175203
v 0.768902 -0.231195 1.157955
v 0.769846 -0.223959 1.158082
v 0.769247 -0.221819 1.140269
v 0.774851 -0.217376 1.141724
v 0.778829 -0.212929 1.125152
v 0.785563 -0.213882 1.127798
v 0.794312 -0.209734 1.114143
v 0.798223 -0.215524 1.116251
v 0.809995 -0.214104 1.105729
v 0.809216 -0.221340 1.105181
v 0.821666 -0.223480 1.096249
v 0.817362 -0.227923 1.092375
v 0.829117 -0.232370 1.082784
v 0.824351 -0.231417 1.077339
v 0.835687 -0.235565 1.065841
v 0.833178 -0.229776 1.062174
v 0.845404 -0.231195 1.049646
v 0.845844 -0.223959 1.050491
v 0.859965 -0.221819 1.039607
v 0.862007 -0.217376 1.045025
v 0.877791 -0.212929 1.038598
v 0.879512 -0.213882 1.045626
v 0.895696 -0.209734 1.044759
v 0.896229 -0.215524 1.049170
v 0.911653 -0.214104 1.052573
v 0.911650 -0.221340 1.051621
v 0.926173 -0.223480 1.056722
v 0.926841 -0.227923 1.050970
v 0.941455 -0.232370 1.055080
v 0.943142 -0.231417 1.048044
v 0.959063 -0.235565 1.050704
v 0.960610 -0.229776 1.046540
v 0.977881 -0.231195 1.049338
v 0.977445 -0.223959 1.050185
v 0.994454 -0.221819 1.055474
v 0.991207 -0.217376 1.060268
v 1.005528 -0.212929 1.069474
v 1.000788 -0.213882 1.074941
v 1.010795 -0.209734 1.087685
v 1.007507 -0.215524 1.090673
v 1.035627 -0.222123 1.100226
v 1.029568 -0.236097 1.104016
v 0.922081 -0.214825 1.322817
v 1.023205 -0.234922 1.098379
v 0.922081 -0.222123 1.322817
v 0.920994 -0.236097 1.307046
v 0.866802 -0.210378 1.301814
v 0.855964 -0.215460 1.288347
v 0.844333 -0.224754 1.279131
v 0.829400 -0.232815 1.274216
v 0.811614 -0.234922 1.270006
v 0.794739 -0.229839 1.262143
v 0.783594 -0.220545 1.248631
v 0.780666 -0.212484 1.230943
v 0.784108 -0.210378 1.212497
v 0.788919 -0.215460 1.195829
v 0.789839 -0.224754 1.180962
v 0.785297 -0.232815 1.165920
v 0.778486 -0.234922 1.148989
v 0.775185 -0.229839 1.130690
v 0.779822 -0.220545 1.113810
v 0.792616 -0.212484 1.101255
v 0.809703 -0.210378 1.093472
v 0.825988 -0.215460 1.087681
v 0.838531 -0.224754 1.079708
v 0.848110 -0.232815 1.067187
v 0.858030 -0.234922 1.051828
v 0.871134 -0.229839 1.038643
v 0.887634 -0.220545 1.032784
v 0.905274 -0.212484 1.036082
v 0.921492 -0.210378 1.045589
v 0.935615 -0.215460 1.055546
v 0.949328 -0.224754 1.061189
v 0.965038 -0.232815 1.061805
v 0.983315 -0.234922 1.060995
v 1.001714 -0.229839 1.063971
v 1.016132 -0.220545 1.073944
v 1.023708 -0.212484 1.090228
v 1.025309 -0.210378 1.109001
v 1.025267 -0.215460 1.126327
v 1.028488 -0.224754 1.140822
v 1.036959 -0.232815 1.154032
v 1.048087 -0.234922 1.168491
v 1.056250 -0.229839 1.185198
v 1.056452 -0.220545 1.202697
v 1.047628 -0.212484 1.218297
v 1.033348 -0.210378 1.230478
v 1.019277 -0.215460 1.240504
v 1.009283 -0.224754 1.251534
v 1.003359 -0.232815 1.266098
v 0.997973 -0.234922 1.283539
v 0.989010 -0.229839 1.299823
v 0.974780 -0.220545 1.310014
v 0.956922 -0.212484 1.311713
v 0.938737 -0.210378 1.306986
v 0.922448 -0.215460 1.301211
v 0.907686 -0.224754 1.299526
v 0.892369 -0.232815 1.303281
v 0.874991 -0.234922 1.309116
v 0.856491 -0.229839 1.311207
v 0.839960 -0.220545 1.305408
v 0.828278 -0.212484 1.291767
v 0.821638 -0.210378 1.274160
v 0.816946 -0.215460 1.257497
v 0.809856 -0.224754 1.244447
v 0.798056 -0.232815 1.234079
v 0.783366 -0.234922 1.223236
v 0.770958 -0.229839 1.209372
v 0.766038 -0.220545 1.192569
v 0.770270 -0.212484 1.175172
v 0.780621 -0.210378 1.159535
v 0.791587 -0.215460 1.146070
v 0.798204 -0.224754 1.132765
v 0.799910 -0.232815 1.117161
v 0.800330 -0.234922 1.098918
v 0.804510 -0.229839 1.080807
v 0.815404 -0.220545 1.067120
v 0.832096 -0.212484 1.060593
v 0.850869 -0.210378 1.060132
v 0.868105 -0.215460 1.061205
v 0.882742 -0.224754 1.058818
v 0.896459 -0.232815 1.051072
v 0.911625 -0.234922 1.040749
v 0.928836 -0.229839 1.033794
v 0.946309 -0.220545 1.034836
v 0.961277 -0.212484 1.044743
v 0.972466 -0.210378 1.059850
v 0.981512 -0.215460 1.074585
v 0.991891 -0.224754 1.085203
v 1.006089 -0.232815 1.091962
v 0.920959 -0.211176 1.306534
v 0.913891 -0.249466 1.339919
v 0.913838 -0.256979 1.334455
v 0.923527 -0.256813 1.332292
v 0.896034 -0.252437 1.316952
v 0.913625 -0.242001 1.312822
v 0.913692 -0.247217 1.319619
v 0.895117 -0.251319 1.325397
v 0.860488 -0.251781 1.312466
v 0.879109 -0.244223 1.312003
v 0.878835 -0.247155 1.313187
v 0.859488 -0.252995 1.315222
v 0.839652 -0.253038 1.313697
v 0.838329 -0.251824 1.316314
v 0.818873 -0.247259 1.310313
v 0.818200 -0.244327 1.311324
v 0.802010 -0.237828 1.299157
v 0.802799 -0.234896 1.298233
v 0.791645 -0.230270 1.281211
v 0.793800 -0.229055 1.279223
v 0.786861 -0.229012 1.260561
v 0.789237 -0.230227 1.258842
v 0.783515 -0.234792 1.241352
v 0.784577 -0.237724 1.240762
v 0.777020 -0.244223 1.225082
v 0.775896 -0.247155 1.225540
v 0.765748 -0.251781 1.210151
v 0.762920 -0.252995 1.210923
v 0.752796 -0.253038 1.193781
v 0.749896 -0.251824 1.194209
v 0.743693 -0.247259 1.174829
v 0.742480 -0.244327 1.174863
v 0.743142 -0.237828 1.154626
v 0.744352 -0.234896 1.154735
v 0.751836 -0.230270 1.135801
v 0.754704 -0.229055 1.136410
v 0.765962 -0.229012 1.119989
v 0.768737 -0.230227 1.120937
v 0.779752 -0.234792 1.106211
v 0.780846 -0.237724 1.106738
v 0.789337 -0.244223 1.091562
v 0.788314 -0.247155 1.090907
v 0.795075 -0.251781 1.073793
v 0.792810 -0.252995 1.071931
v 0.800821 -0.253038 1.053674
v 0.798793 -0.251824 1.051556
v 0.810888 -0.247259 1.035133
v 0.810158 -0.244327 1.034163
v 0.826998 -0.237828 1.022850
v 0.827607 -0.234896 1.023900
v 0.847420 -0.230270 1.019054
v 0.848577 -0.229055 1.021748
v 0.868547 -0.229012 1.021553
v 0.869372 -0.230227 1.024366
v 0.887798 -0.234792 1.024974
v 0.887998 -0.237724 1.026172
v 0.905325 -0.244223 1.024457
v 0.905268 -0.247155 1.023244
v 0.923144 -0.251781 1.018940
v 0.923352 -0.252995 1.016016
v 0.942854 -0.253038 1.012017
v 0.943409 -0.251824 1.009138
v 0.963778 -0.247259 1.009541
v 0.964149 -0.244327 1.008384
v 0.983074 -0.237828 1.015638
v 0.982567 -0.234896 1.016742
v 0.997962 -0.230270 1.030067
v 0.996428 -0.229055 1.032566
v 1.008202 -0.229012 1.048632
v 1.006382 -0.230227 1.050930
v 1.016673 -0.234792 1.066213
v 1.015811 -0.237724 1.067069
v 1.027300 -0.244223 1.080189
v 1.028257 -0.247155 1.079442
v 1.042076 -0.251781 1.091582
v 1.044585 -0.252995 1.090064
v 1.059037 -0.253038 1.103746
v 1.061709 -0.251824 1.102539
v 1.073037 -0.247259 1.119460
v 1.074196 -0.244327 1.119097
v 1.079083 -0.237828 1.138762
v 1.077889 -0.234896 1.138984
v 1.075794 -0.230270 1.159233
v 1.072868 -0.229055 1.159424
v 1.066512 -0.229012 1.178292
v 1.063584 -0.230227 1.178137
v 1.057066 -0.234792 1.195342
v 1.055869 -0.237724 1.195135
v 1.051909 -0.244223 1.212071
v 1.053073 -0.247155 1.212420
v 1.051286 -0.251781 1.230746
v 1.053972 -0.252995 1.231920
v 1.051257 -0.253038 1.251697
v 1.053784 -0.251824 1.253184
v 1.046496 -0.247259 1.272223
v 1.047462 -0.244327 1.272959
v 1.034210 -0.237828 1.288310
v 1.033338 -0.234896 1.287464
v 1.015575 -0.230270 1.297469
v 1.013727 -0.229055 1.295193
v 0.994607 -0.229012 1.300867
v 0.993042 -0.230227 1.298388
v 0.975187 -0.234792 1.302896
v 0.974666 -0.237724 1.301799
v 0.958519 -0.244223 1.308228
v 0.958904 -0.247155 1.309380
v 0.942901 -0.251781 1.318389
v 0.943491 -0.252995 1.321261
v 0.925796 -0.253038 1.330375
v 0.926040 -0.251824 1.333297
v 0.906335 -0.247259 1.338465
v 0.906294 -0.244327 1.339679
v 0.886107 -0.237828 1.337941
v 0.886292 -0.234896 1.336741
v 0.867805 -0.230270 1.328201
v 0.868595 -0.229055 1.325377
v 0.852896 -0.229012 1.313054
v 0.854019 -0.230227 1.310346
v 0.840043 -0.234792 1.298300
v 0.840640 -0.237724 1.297242
v 0.826068 -0.244223 1.287711
v 0.825350 -0.247155 1.288690
v 0.808749 -0.251781 1.280787
v 0.806748 -0.252995 1.282930
v 0.789102 -0.253038 1.273729
v 0.786861 -0.251824 1.275619
v 0.771319 -0.247259 1.262471
v 0.770304 -0.244327 1.263138
v 0.760182 -0.237828 1.245593
v 0.761270 -0.234896 1.245052
v 0.757702 -0.230270 1.225011
v 0.760464 -0.229055 1.224029
v 0.761442 -0.229012 1.204151
v 0.764303 -0.230227 1.203507
v 0.765936 -0.234792 1.185187
v 0.767144 -0.237724 1.185063
v 0.766323 -0.244223 1.167650
v 0.765109 -0.247155 1.167631
v 0.761753 -0.251781 1.149466
v 0.758848 -0.252995 1.149075
v 0.756253 -0.253038 1.129352
v 0.753415 -0.251824 1.128615
v 0.755248 -0.247259 1.108333
v 0.754117 -0.244327 1.107888
v 0.762666 -0.237828 1.089509
v 0.763735 -0.234896 1.090085
v 0.778087 -0.230270 1.075629
v 0.780483 -0.229055 1.077318
v 0.797318 -0.229012 1.066657
v 0.799497 -0.230227 1.068619
v 0.815436 -0.234792 1.059398
v 0.816236 -0.237724 1.060312
v 0.830007 -0.244223 1.049683
v 0.829322 -0.247155 1.048680
v 0.842237 -0.251781 1.035598
v 0.840882 -0.252995 1.032998
v 0.855397 -0.253038 1.019361
v 0.854363 -0.251824 1.016617
v 0.871933 -0.247259 1.006276
v 0.871645 -0.244327 1.005097
v 0.891567 -0.237828 1.001318
v 0.891713 -0.234896 1.002524
v 0.911818 -0.230270 1.005741
v 0.911825 -0.229055 1.008673
v 0.930288 -0.229012 1.016370
v 0.929949 -0.230227 1.019283
v 0.946680 -0.234792 1.027032
v 0.946397 -0.237724 1.028213
v 0.962999 -0.244223 1.033368
v 0.963422 -0.247155 1.032229
v 0.981533 -0.251781 1.035275
v 0.982876 -0.252995 1.032668
v 1.002361 -0.253038 1.036699
v 1.004005 -0.251824 1.034272
v 1.022546 -0.247259 1.042682
v 1.023342 -0.244327 1.041765
v 1.037868 -0.237828 1.055874
v 1.036969 -0.234896 1.056691
v 1.045892 -0.230270 1.074981
v 1.043503 -0.229055 1.076682
v 1.046141 -0.230003 1.086381
v 1.053382 -0.250346 1.081851
v 1.045419 -0.249932 1.075317
v 1.052422 -0.244692 1.082452
v 0.896112 -0.234792 1.316234
v 0.896243 -0.237724 1.315026
v 1.034873 -0.240408 1.093429
v 1.032427 -0.239487 1.084566
v 1.039861 -0.244692 1.090309
v 0.913718 -0.249959 1.322266
v 0.894705 -0.251386 1.329186
v 0.913875 -0.243325 1.338281
v 0.923777 -0.250346 1.335923
v 0.860290 -0.232119 1.313011
v 0.875878 -0.230729 1.325947
v 0.876754 -0.230627 1.322166
v 0.861250 -0.234791 1.310363
v 0.845740 -0.238725 1.301655
v 0.845786 -0.242606 1.301564
v 0.829775 -0.246679 1.293950
v 0.828293 -0.249496 1.296174
v 0.811305 -0.251321 1.288273
v 0.808785 -0.251423 1.291224
v 0.792071 -0.249932 1.280818
v 0.790001 -0.247260 1.282728
v 0.775928 -0.243325 1.268468
v 0.775845 -0.239444 1.268528
v 0.766324 -0.235371 1.250895
v 0.768660 -0.232555 1.249598
v 0.763765 -0.230729 1.230481
v 0.767359 -0.230627 1.229017
v 0.765189 -0.232119 1.210304
v 0.767906 -0.234791 1.209562
v 0.766145 -0.238725 1.191813
v 0.766246 -0.242606 1.191798
v 0.763348 -0.246679 1.174274
v 0.760677 -0.249496 1.174349
v 0.757398 -0.251321 1.155908
v 0.753532 -0.251423 1.155561
v 0.752403 -0.249932 1.135922
v 0.749648 -0.247260 1.135337
v 0.753193 -0.243325 1.115627
v 0.753097 -0.239444 1.115594
v 0.762042 -0.235371 1.097670
v 0.764449 -0.232555 1.098830
v 0.777279 -0.230729 1.083849
v 0.780549 -0.230627 1.085941
v 0.794627 -0.232119 1.073425
v 0.796802 -0.234791 1.075214
v 0.810153 -0.238725 1.063420
v 0.810223 -0.242606 1.063494
v 0.822706 -0.246679 1.050848
v 0.821100 -0.249496 1.048712
v 0.834178 -0.251321 1.035231
v 0.832231 -0.251423 1.031874
v 0.847649 -0.249932 1.019586
v 0.846538 -0.247260 1.016998
v 0.864751 -0.243325 1.008605
v 0.864722 -0.239444 1.008507
v 0.884566 -0.235371 1.005579
v 0.885005 -0.232555 1.008215
v 0.904657 -0.230729 1.010159
v 0.904838 -0.230627 1.014036
v 0.923185 -0.232119 1.018362
v 0.922984 -0.234791 1.021171
v 0.940302 -0.238725 1.025267
v 0.940283 -0.242606 1.025367
v 0.957772 -0.246679 1.028263
v 0.958588 -0.249496 1.025718
v 0.977099 -0.251321 1.028644
v 0.978719 -0.251423 1.025118
v 0.997659 -0.249932 1.030561
v 0.999132 -0.247260 1.028160
v 1.016578 -0.243325 1.038053
v 1.016641 -0.239444 1.037973
v 1.030620 -0.235371 1.052354
v 1.028724 -0.232555 1.054238
v 1.038577 -0.230729 1.071375
v 1.035519 -0.230627 1.073766
v 1.042572 -0.232119 1.091282
v 1.040163 -0.234791 1.092740
v 1.046740 -0.238725 1.109301
v 1.046648 -0.242606 1.109343
v 1.054277 -0.246679 1.125346
v 1.056827 -0.249496 1.124546
v 1.065011 -0.251321 1.141379
v 1.068827 -0.251423 1.140669
v 1.075215 -0.249932 1.159271
v 1.078026 -0.247260 1.159088
v 1.079986 -0.243325 1.179006
v 1.080088 -0.239444 1.179011
v 1.076439 -0.235371 1.198698
v 1.073806 -0.232555 1.198242
v 1.065618 -0.230729 1.216186
v 1.061901 -0.230627 1.215070
v 1.051817 -0.232119 1.230978
v 1.049236 -0.234791 1.229850
v 1.039627 -0.238725 1.244854
v 1.039539 -0.242606 1.244802
v 1.030857 -0.246679 1.260307
v 1.032982 -0.249496 1.261926
v 1.023935 -0.251321 1.278346
v 1.026721 -0.251423 1.281048
v 1.015209 -0.249932 1.297019
v 1.016985 -0.247260 1.299206
v 1.001806 -0.243325 1.312280
v 1.001860 -0.239444 1.312366
v 0.983615 -0.235371 1.320660
v 0.982470 -0.232555 1.318246
v 0.963059 -0.230729 1.321801
v 0.961828 -0.230627 1.318121
v 0.943017 -0.232119 1.318957
v 0.942451 -0.234791 1.316198
v 0.924671 -0.238725 1.316929
v 0.924662 -0.242606 1.316827
v 0.907013 -0.246679 1.318815
v 0.906921 -0.249496 1.321486
v 0.888286 -0.251321 1.323795
v 0.887695 -0.251423 1.327631
v 0.867961 -0.249932 1.327642
v 0.867202 -0.247260 1.330355
v 0.847726 -0.243325 1.325518
v 0.847687 -0.239444 1.325612
v 0.830391 -0.235371 1.315430
v 0.831703 -0.232555 1.313102
v 0.817606 -0.230729 1.299255
v 0.819901 -0.230627 1.296125
v 0.808354 -0.232119 1.281211
v 0.810277 -0.234791 1.279153
v 0.799418 -0.238725 1.265031
v 0.799496 -0.242606 1.264965
v 0.787750 -0.246679 1.251673
v 0.785517 -0.249496 1.253141
v 0.772996 -0.251321 1.239216
v 0.769522 -0.251423 1.240946
v 0.758248 -0.249932 1.224817
v 0.755594 -0.247260 1.225761
v 0.748278 -0.243325 1.207113
v 0.748179 -0.239444 1.207136
v 0.746376 -0.235371 1.187187
v 0.749034 -0.232555 1.186915
v 0.752012 -0.230729 1.167421
v 0.755893 -0.230627 1.167483
v 0.761179 -0.232119 1.149389
v 0.763970 -0.234791 1.149765
v 0.769313 -0.238725 1.132743
v 0.769412 -0.242606 1.132769
v 0.773548 -0.246679 1.115523
v 0.771061 -0.249496 1.114546
v 0.775265 -0.251321 1.096300
v 0.771848 -0.251423 1.094459
v 0.778560 -0.249932 1.075963
v 0.776258 -0.247260 1.074341
v 0.787289 -0.243325 1.057630
v 0.787213 -0.239444 1.057562
v 0.802485 -0.235371 1.044604
v 0.804245 -0.232555 1.046615
v 0.821926 -0.230729 1.037870
v 0.824117 -0.230627 1.041073
v 0.841969 -0.232119 1.035084
v 0.843271 -0.234791 1.037582
v 0.860155 -0.238725 1.031987
v 0.860191 -0.242606 1.032083
v 0.876609 -0.246679 1.025374
v 0.875974 -0.249496 1.022779
v 0.893285 -0.251321 1.015527
v 0.892819 -0.251423 1.011674
v 0.911819 -0.249932 1.006320
v 0.911813 -0.247260 1.003504
v 0.931844 -0.243325 1.002967
v 0.931856 -0.239444 1.002866
v 0.951265 -0.235371 1.007912
v 0.950642 -0.232555 1.010511
v 0.967982 -0.230729 1.019950
v 0.966631 -0.230627 1.023589
v 0.981799 -0.232119 1.034759
v 0.980509 -0.234791 1.037263
v 0.994795 -0.238725 1.047872
v 0.994738 -0.242606 1.047956
v 1.009665 -0.246679 1.057538
v 1.011416 -0.249496 1.055519
v 1.027276 -0.251321 1.065500
v 1.030148 -0.251423 1.062890
v 1.047714 -0.247260 1.073684
v 0.913743 -0.229012 1.324788
v 0.913714 -0.230227 1.321856
v 0.913748 -0.255530 1.325280
v 0.922577 -0.250346 1.318516
v 0.913821 -0.225733 1.332704
v 0.923593 -0.227555 1.333259
v 0.913876 -0.239444 1.338383
v 0.923699 -0.244692 1.334793
v 0.895758 -0.226876 1.319493
v 0.893989 -0.235371 1.335781
v 0.894278 -0.232555 1.333124
v 0.894841 -0.225757 1.327939
v 0.878672 -0.229509 1.313890
v 0.854829 -0.238752 1.328066
v 0.874380 -0.246744 1.332409
v 0.873123 -0.243730 1.337837
v 0.854212 -0.232681 1.329766
v 0.838514 -0.232092 1.315947
v 0.839874 -0.226520 1.313258
v 0.826097 -0.230664 1.299471
v 0.829463 -0.228856 1.294419
v 0.815613 -0.235306 1.283228
v 0.819231 -0.238320 1.278991
v 0.803842 -0.243298 1.269959
v 0.805171 -0.249369 1.268733
v 0.788904 -0.249959 1.259083
v 0.786462 -0.255530 1.260849
v 0.772124 -0.251386 1.247675
v 0.766816 -0.253195 1.250622
v 0.757621 -0.246744 1.232984
v 0.752462 -0.243730 1.235085
v 0.749739 -0.238752 1.214520
v 0.747995 -0.232681 1.214997
v 0.750302 -0.232092 1.194149
v 0.753284 -0.226520 1.193709
v 0.756717 -0.230664 1.174461
v 0.762785 -0.228856 1.174290
v 0.764005 -0.235306 1.156503
v 0.769553 -0.238320 1.157002
v 0.768070 -0.243298 1.139244
v 0.769838 -0.249369 1.139619
v 0.768349 -0.249959 1.120804
v 0.765496 -0.255530 1.119830
v 0.768017 -0.251386 1.100551
v 0.762549 -0.253195 1.097914
v 0.771691 -0.246744 1.080275
v 0.766998 -0.243730 1.077272
v 0.782258 -0.238752 1.063252
v 0.780861 -0.232681 1.062104
v 0.799077 -0.232092 1.051853
v 0.801162 -0.226520 1.054030
v 0.818719 -0.230664 1.045546
v 0.822368 -0.228856 1.050398
v 0.837505 -0.235306 1.040970
v 0.840300 -0.238320 1.045790
v 0.853968 -0.243298 1.034302
v 0.854681 -0.249369 1.035964
v 0.869257 -0.249959 1.023973
v 0.868409 -0.255530 1.021080
v 0.885656 -0.251386 1.012123
v 0.884658 -0.253195 1.006135
v 0.904348 -0.246744 1.003533
v 0.904088 -0.243730 0.997968
v 0.924326 -0.238752 1.002388
v 0.924455 -0.232681 1.000584
v 0.943331 -0.232092 1.009541
v 0.942761 -0.226520 1.012500
v 0.959798 -0.230664 1.021946
v 0.957944 -0.228856 1.027727
v 0.974330 -0.235306 1.034672
v 0.972004 -0.238320 1.039735
v 0.989282 -0.243298 1.044210
v 0.988336 -0.249369 1.045751
v 1.006636 -0.249959 1.050609
v 1.008507 -0.255530 1.048246
v 1.025914 -0.251386 1.057030
v 1.030221 -0.253195 1.052751
v 1.043804 -0.246744 1.067290
v 1.048194 -0.243730 1.063860
v 1.056274 -0.238752 1.082991
v 1.057821 -0.232681 1.082055
v 1.061335 -0.232092 1.102708
v 1.058589 -0.226520 1.103949
v 1.060606 -0.230664 1.123360
v 1.054814 -0.228856 1.125178
v 1.058489 -0.235306 1.142592
v 1.053012 -0.238320 1.143610
v 1.059234 -0.243298 1.160312
v 1.057430 -0.249369 1.160430
v 1.063993 -0.249959 1.178159
v 1.067003 -0.255530 1.178318
v 1.069903 -0.251386 1.197566
v 1.075885 -0.253194 1.198602
v 1.071972 -0.246744 1.218093
v 1.077308 -0.243730 1.219695
v 1.066492 -0.238752 1.237390
v 1.068149 -0.232681 1.238114
v 1.053430 -0.232092 1.252976
v 1.050832 -0.226520 1.251447
v 1.036133 -0.230664 1.264327
v 1.031305 -0.228856 1.260648
v 1.019172 -0.235306 1.273728
v 1.015172 -0.238320 1.269850
v 1.005115 -0.243298 1.284586
v 1.003975 -0.249369 1.283182
v 0.993261 -0.249959 1.298735
v 0.994869 -0.255530 1.301284
v 0.980772 -0.251386 1.314667
v 0.983374 -0.253195 1.320152
v 0.965164 -0.246744 1.328093
v 0.966931 -0.243730 1.333376
v 0.946240 -0.238752 1.334644
v 0.946604 -0.232681 1.336415
v 0.926006 -0.232092 1.332888
v 0.925755 -0.226520 1.329884
v 0.906785 -0.230664 1.325445
v 0.906994 -0.228856 1.319377
v 0.889295 -0.235306 1.317238
v 0.890143 -0.238320 1.311732
v 0.872276 -0.243298 1.312220
v 0.872763 -0.249369 1.310478
v 0.853862 -0.249959 1.310724
v 0.852707 -0.255530 1.313509
v 0.833648 -0.251386 1.309651
v 0.830668 -0.253194 1.314939
v 0.813685 -0.246744 1.304605
v 0.810391 -0.243730 1.309099
v 0.797420 -0.238752 1.292913
v 0.796186 -0.232681 1.294235
v 0.787174 -0.232092 1.275354
v 0.789479 -0.226520 1.273411
v 0.782206 -0.230664 1.255316
v 0.787280 -0.228856 1.251982
v 0.778935 -0.235306 1.236261
v 0.783923 -0.238320 1.233779
v 0.773337 -0.243298 1.219452
v 0.775041 -0.249369 1.218847
v 0.763902 -0.249959 1.203597
v 0.760962 -0.255530 1.204259
v 0.752975 -0.251386 1.186512
v 0.746936 -0.253194 1.187130
v 0.745379 -0.246744 1.167314
v 0.739809 -0.243730 1.167224
v 0.745308 -0.238752 1.147249
v 0.743516 -0.232681 1.147007
v 0.753812 -0.232092 1.128718
v 0.756729 -0.226520 1.129476
v 0.767374 -0.230664 1.113097
v 0.773024 -0.228856 1.115317
v 0.781104 -0.235306 1.099448
v 0.786008 -0.238320 1.102092
v 0.791652 -0.243298 1.085188
v 0.793129 -0.249369 1.086230
v 0.799192 -0.249959 1.068344
v 0.796952 -0.255530 1.066328
v 0.806854 -0.251386 1.049595
v 0.802855 -0.253194 1.045027
v 0.818180 -0.246744 1.032395
v 0.815034 -0.243730 1.027797
v 0.834567 -0.238752 1.020882
v 0.833732 -0.232681 1.019279
v 0.854508 -0.232092 1.017001
v 0.855570 -0.226520 1.019822
v 0.875032 -0.230664 1.018931
v 0.876475 -0.228856 1.024828
v 0.894081 -0.235306 1.022113
v 0.894750 -0.238320 1.027644
v 0.911857 -0.243298 1.022336
v 0.911861 -0.249369 1.024144
v 0.929997 -0.249959 1.018875
v 0.930344 -0.255530 1.015881
v 0.949718 -0.251386 1.014363
v 0.951133 -0.253194 1.008459
v 0.970292 -0.246744 1.013731
v 0.972231 -0.243730 1.008509
v 0.989133 -0.238752 1.020522
v 0.989961 -0.232681 1.018915
v 1.003775 -0.232092 1.034611
v 1.002085 -0.226520 1.037107
v 1.014011 -0.230664 1.052526
v 1.010034 -0.228856 1.057113
v 1.022366 -0.235306 1.069961
v 1.018243 -0.238320 1.073708
v 1.032372 -0.243298 1.084605
v 1.030899 -0.249369 1.085653
v 1.038589 -0.250346 1.091105
v 0.879850 -0.236307 1.308809
v 0.913887 -0.230949 1.339501
v 0.922680 -0.244692 1.320012
v 0.863568 -0.240007 1.303973
v 0.863187 -0.248502 1.305025
v 0.846291 -0.251101 1.300566
v 0.843224 -0.256317 1.306632
v 0.825401 -0.256293 1.300515
v 0.820691 -0.255175 1.307585
v 0.803268 -0.252542 1.297684
v 0.799881 -0.245744 1.301650
v 0.785005 -0.242044 1.287337
v 0.785827 -0.233549 1.286579
v 0.774939 -0.230949 1.269184
v 0.780447 -0.225733 1.265200
v 0.773221 -0.225757 1.247066
v 0.780648 -0.226876 1.242943
v 0.775226 -0.229509 1.225813
v 0.780057 -0.236307 1.223845
v 0.774464 -0.240007 1.207772
v 0.773385 -0.248502 1.208067
v 0.767353 -0.251101 1.191635
v 0.760628 -0.256317 1.192626
v 0.755463 -0.256293 1.174497
v 0.746971 -0.255175 1.174736
v 0.745071 -0.252542 1.154799
v 0.739877 -0.245744 1.154332
v 0.742998 -0.242044 1.133927
v 0.744092 -0.233549 1.134159
v 0.752039 -0.230949 1.115233
v 0.758471 -0.225733 1.117430
v 0.769147 -0.225757 1.101096
v 0.776798 -0.226876 1.104786
v 0.787705 -0.229509 1.090518
v 0.792099 -0.236307 1.093329
v 0.802052 -0.240007 1.079532
v 0.801189 -0.248502 1.078821
v 0.810997 -0.251101 1.064301
v 0.806296 -0.256317 1.059392
v 0.817965 -0.256293 1.044543
v 0.812859 -0.255175 1.037754
v 0.827969 -0.252542 1.024525
v 0.825353 -0.245744 1.020013
v 0.843856 -0.242044 1.010752
v 0.844297 -0.233549 1.011780
v 0.864407 -0.230949 1.007434
v 0.866320 -0.225733 1.013957
v 0.885863 -0.225757 1.013360
v 0.887259 -0.226876 1.021739
v 0.905235 -0.229509 1.022522
v 0.905478 -0.236307 1.027732
v 0.922500 -0.240007 1.027952
v 0.922579 -0.248502 1.026836
v 0.940072 -0.251101 1.026465
v 0.941357 -0.256317 1.019790
v 0.960181 -0.256293 1.020752
v 0.962776 -0.255175 1.012663
v 0.982266 -0.252542 1.017398
v 0.984443 -0.245744 1.012659
v 1.002688 -0.242044 1.022367
v 1.002103 -0.233549 1.023320
v 1.017335 -0.230949 1.037096
v 1.013116 -0.225733 1.042425
v 1.025024 -0.225757 1.057914
v 1.018999 -0.226876 1.063902
v 1.028826 -0.229509 1.078997
v 1.024717 -0.236307 1.082209
v 1.034347 -0.240007 1.096259
v 1.035304 -0.248502 1.095680
v 1.045628 -0.251101 1.109803
v 1.051823 -0.256317 1.107005
v 1.061804 -0.256293 1.122985
v 1.069909 -0.255175 1.120442
v 1.077179 -0.252542 1.139116
v 1.082307 -0.245744 1.138162
v 1.084809 -0.242044 1.158646
v 1.083693 -0.233549 1.158718
v 1.081205 -0.230949 1.179070
v 1.074417 -0.225733 1.178711
v 1.068667 -0.225757 1.197351
v 1.060296 -0.226876 1.195902
v 1.053765 -0.229509 1.212628
v 1.048769 -0.236307 1.211128
v 1.043007 -0.240007 1.227129
v 1.044032 -0.248502 1.227576
v 1.038575 -0.251101 1.244235
v 1.044434 -0.256317 1.247683
v 1.037131 -0.256293 1.265087
v 1.043888 -0.255175 1.270236
v 1.032820 -0.252542 1.286961
v 1.036564 -0.245744 1.290592
v 1.021269 -0.242044 1.304483
v 1.020564 -0.233549 1.303614
v 1.002457 -0.230949 1.313312
v 0.998830 -0.225733 1.307563
v 0.980234 -0.225757 1.313533
v 0.976592 -0.226876 1.305859
v 0.959133 -0.229509 1.310065
v 0.957478 -0.236307 1.305118
v 0.941083 -0.240007 1.309539
v 0.941308 -0.248502 1.310635
v 0.924569 -0.251101 1.315712
v 0.925136 -0.256317 1.322486
v 0.906741 -0.256293 1.326699
v 0.906448 -0.255175 1.335188
v 0.886402 -0.252542 1.336027
v 0.885608 -0.245744 1.341182
v 0.865370 -0.242044 1.336901
v 0.865672 -0.233549 1.335824
v 0.847259 -0.230949 1.326645
v 0.849863 -0.225733 1.320366
v 0.834264 -0.225757 1.308557
v 0.838434 -0.226876 1.301157
v 0.824923 -0.229509 1.289273
v 0.828006 -0.236307 1.285066
v 0.814917 -0.240007 1.274186
v 0.814154 -0.248502 1.275003
v 0.800351 -0.251101 1.264244
v 0.795154 -0.256317 1.268626
v 0.781158 -0.256293 1.256005
v 0.774059 -0.255175 1.260670
v 0.761916 -0.252541 1.244730
v 0.757247 -0.245744 1.247054
v 0.749189 -0.242044 1.228038
v 0.750243 -0.233549 1.227663
v 0.747088 -0.230949 1.207381
v 0.753719 -0.225733 1.205889
v 0.754223 -0.225757 1.186384
v 0.762674 -0.226876 1.185520
v 0.764387 -0.229509 1.167619
v 0.769602 -0.236307 1.167703
v 0.770707 -0.240007 1.150674
v 0.769598 -0.248502 1.150524
v 0.770494 -0.251101 1.133050
v 0.763915 -0.256317 1.131341
v 0.766206 -0.256293 1.112638
v 0.758300 -0.255175 1.109532
v 0.764371 -0.252542 1.090428
v 0.759779 -0.245744 1.087953
v 0.770702 -0.242044 1.070425
v 0.771616 -0.233549 1.071069
v 0.786382 -0.230949 1.056813
v 0.791434 -0.225733 1.061361
v 0.807680 -0.225757 1.050539
v 0.813276 -0.226876 1.056931
v 0.828914 -0.229509 1.048084
v 0.831859 -0.236307 1.052389
v 0.846413 -0.240007 1.043609
v 0.845896 -0.248502 1.042618
v 0.860585 -0.251101 1.033129
v 0.858188 -0.256317 1.026768
v 0.874733 -0.256293 1.017712
v 0.872713 -0.255175 1.009461
v 0.891800 -0.252541 1.003241
v 0.891173 -0.245744 0.998063
v 0.911797 -0.242044 0.996706
v 0.911799 -0.233549 0.997825
v 0.931985 -0.230949 1.001755
v 0.931201 -0.225733 1.008507
v 0.949425 -0.225757 1.015583
v 0.947445 -0.226876 1.023844
v 0.963673 -0.229509 1.031552
v 0.961857 -0.236307 1.036442
v 0.977396 -0.240007 1.043306
v 0.977908 -0.248502 1.042312
v 0.994111 -0.251101 1.048882
v 0.997923 -0.256317 1.043254
v 1.014833 -0.256293 1.051578
v 1.020398 -0.255175 1.045160
v 1.036435 -0.252541 1.057177
v 1.040295 -0.245744 1.053669
v 1.053252 -0.242044 1.069742
v 1.052341 -0.233549 1.070391
v 1.057409 -0.231839 1.079332
v 1.051119 -0.227555 1.083267
v 0.913636 -0.233506 1.313941
v 0.922276 -0.231839 1.314142
v 0.894050 -0.253195 1.335221
v 0.893239 -0.247731 1.342690
v 0.872795 -0.234555 1.339248
v 0.893395 -0.238555 1.341250
v 0.874492 -0.229091 1.331929
v 0.856788 -0.256274 1.322664
v 0.834758 -0.248545 1.323378
v 0.816382 -0.236411 1.314053
v 0.804928 -0.226980 1.295740
v 0.799618 -0.225777 1.273856
v 0.795651 -0.233506 1.254203
v 0.787443 -0.245640 1.239171
v 0.772859 -0.255071 1.226777
v 0.755283 -0.256274 1.213007
v 0.742064 -0.248545 1.195364
v 0.739202 -0.236411 1.174956
v 0.747618 -0.226980 1.155028
v 0.762448 -0.225777 1.138052
v 0.776228 -0.233506 1.123496
v 0.783799 -0.245640 1.108163
v 0.785551 -0.255071 1.089141
v 0.786696 -0.256274 1.066903
v 0.793319 -0.248545 1.045839
v 0.808188 -0.236411 1.031542
v 0.829252 -0.226980 1.026737
v 0.851700 -0.225777 1.029022
v 0.871600 -0.233506 1.031963
v 0.888537 -0.245640 1.029406
v 0.905115 -0.255071 1.019968
v 0.923917 -0.256274 1.008120
v 0.944906 -0.248545 1.001365
v 0.965150 -0.236411 1.005262
v 0.981199 -0.226980 1.019722
v 0.992288 -0.225777 1.039312
v 1.001468 -0.233506 1.057137
v 1.013486 -0.245640 1.069381
v 1.030841 -0.255071 1.077422
v 1.051358 -0.256274 1.085966
v 1.068923 -0.248545 1.099280
v 1.077325 -0.236411 1.118115
v 1.074665 -0.226980 1.139583
v 1.064969 -0.225777 1.159938
v 1.055679 -0.233506 1.177719
v 1.052638 -0.245640 1.194575
v 1.056213 -0.255071 1.213363
v 1.061226 -0.256274 1.235089
v 1.060606 -0.248545 1.257198
v 1.050070 -0.236411 1.274947
v 1.030984 -0.226980 1.285182
v 1.008737 -0.225777 1.289047
v 0.988819 -0.233506 1.291692
v 0.973261 -0.245640 1.298837
v 0.959944 -0.255071 1.312489
v 0.945084 -0.256274 1.329015
v 0.926700 -0.248545 1.341185
v 0.906181 -0.236411 1.342956
v 0.886791 -0.226980 1.333500
v 0.870728 -0.225777 1.317754
v 0.857052 -0.233506 1.303034
v 0.842249 -0.245640 1.294385
v 0.823411 -0.255071 1.291335
v 0.801344 -0.256274 1.288714
v 0.780809 -0.248545 1.280721
v 0.767563 -0.236411 1.264939
v 0.764205 -0.226980 1.243591
v 0.767923 -0.225777 1.221377
v 0.772026 -0.233506 1.201769
v 0.770406 -0.245640 1.184730
v 0.761830 -0.255071 1.167578
v 0.751003 -0.256274 1.148017
v 0.745753 -0.248545 1.126625
v 0.751066 -0.236411 1.106689
v 0.766621 -0.226980 1.091641
v 0.786954 -0.225777 1.081878
v 0.805381 -0.233506 1.073914
v 0.818395 -0.245640 1.062779
v 0.827470 -0.255071 1.045974
v 0.837223 -0.256274 1.025978
v 0.851571 -0.248545 1.009210
v 0.870865 -0.236411 1.001912
v 0.892106 -0.226980 1.005779
v 0.911844 -0.225777 1.016589
v 0.929036 -0.233506 1.027146
v 0.945633 -0.245640 1.031402
v 0.964563 -0.255071 1.029155
v 0.986501 -0.256274 1.025631
v 1.008444 -0.248545 1.027717
v 1.025490 -0.236411 1.039288
v 1.034543 -0.226980 1.058896
v 1.037054 -0.225777 1.081272
v 1.041164 -0.227555 1.089494
v 1.034873 -0.231839 1.093429
v 1.031516 -0.230993 1.085214
v 0.896597 -0.245640 1.311767
v 0.878095 -0.255071 1.316381
v 0.856075 -0.225169 1.324630
v 0.844014 -0.225072 1.305069
v 0.833628 -0.234320 1.288167
v 0.820172 -0.247496 1.277890
v 0.801155 -0.256881 1.272438
v 0.779027 -0.256979 1.266226
v 0.760248 -0.247731 1.254268
v 0.751120 -0.234555 1.235632
v 0.753266 -0.225169 1.213558
v 0.762361 -0.225072 1.192371
v 0.770294 -0.234320 1.174078
v 0.770996 -0.247496 1.157132
v 0.764493 -0.256881 1.138486
v 0.756813 -0.256979 1.116864
v 0.755782 -0.247731 1.094651
v 0.765778 -0.234555 1.076492
v 0.785081 -0.225169 1.065575
v 0.807507 -0.225072 1.060657
v 0.826883 -0.234320 1.056402
v 0.841027 -0.247496 1.047043
v 0.852525 -0.256881 1.030943
v 0.865827 -0.256979 1.012275
v 0.883423 -0.247731 0.998724
v 0.904021 -0.234555 0.996521
v 0.924066 -0.225169 1.006034
v 0.941026 -0.225072 1.021511
v 0.955649 -0.234320 1.034880
v 0.971400 -0.247496 1.041051
v 0.991194 -0.256881 1.041094
v 1.014203 -0.256979 1.041052
v 1.035549 -0.247731 1.047456
v 1.049335 -0.234555 1.062968
v 1.053147 -0.225169 1.084884
v 1.050226 -0.225072 1.107726
v 1.047646 -0.234320 1.127427
v 1.051588 -0.247496 1.143875
v 1.062882 -0.256881 1.160074
v 1.076166 -0.256979 1.178804
v 1.083287 -0.247731 1.199884
v 1.078695 -0.234555 1.220111
v 1.063142 -0.225169 1.235926
v 1.042924 -0.225072 1.246794
v 1.025329 -0.234320 1.256095
v 1.014133 -0.247496 1.268842
v 1.007419 -0.256881 1.287424
v 0.999765 -0.256979 1.309044
v 0.986594 -0.247731 1.326939
v 0.967390 -0.234555 1.334749
v 0.945505 -0.225169 1.331063
v 0.924990 -0.225072 1.320740
v 0.907253 -0.234320 1.311870
v 0.890363 -0.247496 1.310301
v 0.871291 -0.256881 1.315740
v 0.849192 -0.256979 1.321984
v 0.826980 -0.247730 1.321484
v 0.809535 -0.234555 1.310267
v 0.799916 -0.225169 1.290242
v 0.796494 -0.225072 1.267496
v 0.793558 -0.234320 1.247857
v 0.785220 -0.247496 1.233134
v 0.769893 -0.256881 1.220677
v 0.752010 -0.256979 1.206273
v 0.739462 -0.247731 1.187894
v 0.738361 -0.234555 1.167201
v 0.748931 -0.225169 1.147737
v 0.765611 -0.225072 1.131782
v 0.780016 -0.234320 1.118064
v 0.787283 -0.247496 1.102779
v 0.788663 -0.256881 1.083082
v 0.790132 -0.256979 1.060189
v 0.797907 -0.247730 1.039375
v 0.814216 -0.234555 1.026601
v 0.836257 -0.225169 1.024124
v 0.858806 -0.225072 1.028408
v 0.878262 -0.234320 1.032125
v 0.894924 -0.247496 1.029082
v 0.911848 -0.256881 1.018680
v 0.931403 -0.256979 1.006767
v 0.952885 -0.247730 1.001154
v 0.972735 -0.234555 1.007151
v 0.987458 -0.225169 1.023772
v 0.996940 -0.225072 1.044705
v 1.005113 -0.234320 1.062788
v 1.017171 -0.247496 1.074682
v 1.035351 -0.256881 1.082485
v 1.041675 -0.256813 1.089174
v 0.923190 -0.230003 1.327402
v 0.922276 -0.240407 1.314142
v 0.876177 -0.256189 1.324656
v 0.854470 -0.251058 1.329054
v 0.874999 -0.249391 1.329738
v 0.854852 -0.242563 1.328003
v 0.834253 -0.240050 1.324376
v 0.837320 -0.234834 1.318310
v 0.819274 -0.229613 1.309712
v 0.823984 -0.230732 1.302642
v 0.810445 -0.225862 1.289280
v 0.813832 -0.232659 1.285314
v 0.804614 -0.230993 1.269246
v 0.803792 -0.239487 1.270005
v 0.796557 -0.242001 1.253548
v 0.791049 -0.247217 1.257531
v 0.782883 -0.252437 1.241702
v 0.775456 -0.251319 1.245825
v 0.764992 -0.256189 1.229982
v 0.760161 -0.249391 1.231949
v 0.748725 -0.251058 1.214797
v 0.749804 -0.242563 1.214503
v 0.740958 -0.240050 1.195527
v 0.747683 -0.234834 1.194535
v 0.744416 -0.229613 1.174809
v 0.752907 -0.230732 1.174569
v 0.756078 -0.225862 1.155790
v 0.761273 -0.232659 1.156257
v 0.769098 -0.230993 1.139462
v 0.768003 -0.239487 1.139230
v 0.777286 -0.242001 1.123858
v 0.770853 -0.247217 1.121660
v 0.779101 -0.252437 1.105897
v 0.771449 -0.251319 1.102207
v 0.778395 -0.256189 1.084563
v 0.774002 -0.249391 1.081752
v 0.781446 -0.251058 1.062585
v 0.782310 -0.242563 1.063295
v 0.792545 -0.240050 1.045031
v 0.797246 -0.234834 1.049941
v 0.811323 -0.229613 1.035711
v 0.816428 -0.230732 1.042500
v 0.833513 -0.225862 1.034086
v 0.836130 -0.232659 1.038598
v 0.854382 -0.230993 1.035268
v 0.853941 -0.239487 1.034240
v 0.871914 -0.242001 1.033036
v 0.870002 -0.247217 1.026513
v 0.887679 -0.252437 1.024261
v 0.886283 -0.251319 1.015882
v 0.904719 -0.256189 1.011483
v 0.904476 -0.249391 1.006272
v 0.924401 -0.251058 1.001340
v 0.924321 -0.242563 1.002455
v 0.945117 -0.240050 1.000267
v 0.943832 -0.234834 1.006942
v 0.963557 -0.229613 1.010229
v 0.960962 -0.230732 1.018318
v 0.977652 -0.225862 1.027441
v 0.975475 -0.232659 1.032180
v 0.988732 -0.230993 1.045106
v 0.989317 -0.239487 1.044152
v 1.000774 -0.242001 1.058013
v 1.004993 -0.247217 1.052684
v 1.017185 -0.252437 1.065704
v 1.023211 -0.251319 1.059716
v 1.037534 -0.256189 1.072191
v 1.041643 -0.249391 1.068979
v 1.057173 -0.251058 1.082447
v 1.056217 -0.242563 1.083026
v 1.069942 -0.240050 1.098820
v 1.063748 -0.234834 1.101618
v 1.072348 -0.229613 1.119677
v 1.064243 -0.230732 1.122220
v 1.066314 -0.225862 1.141137
v 1.061186 -0.232659 1.142090
v 1.058186 -0.230993 1.160380
v 1.059302 -0.239487 1.160308
v 1.054562 -0.242001 1.177660
v 1.061350 -0.247217 1.178019
v 1.057778 -0.252437 1.195465
v 1.066148 -0.251319 1.196915
v 1.064349 -0.256189 1.215805
v 1.069345 -0.249391 1.217305
v 1.067455 -0.251058 1.237811
v 1.066430 -0.242563 1.237363
v 1.061570 -0.240050 1.257765
v 1.055711 -0.234834 1.254318
v 1.045921 -0.229613 1.271785
v 1.039165 -0.230732 1.266637
v 1.024886 -0.225862 1.279268
v 1.021141 -0.232659 1.275637
v 1.004452 -0.230993 1.283770
v 1.005157 -0.239487 1.284638
v 0.988222 -0.242001 1.290746
v 0.991849 -0.247217 1.296496
v 0.975497 -0.252437 1.303549
v 0.979138 -0.251319 1.311224
v 0.962639 -0.256189 1.320545
v 0.964294 -0.249391 1.325492
v 0.946452 -0.251058 1.335673
v 0.946227 -0.242563 1.334578
v 0.926794 -0.240050 1.342299
v 0.926227 -0.234834 1.335526
v 0.906360 -0.229613 1.337743
v 0.906653 -0.230732 1.329253
v 0.888084 -0.225862 1.325104
v 0.888878 -0.232659 1.319949
v 0.872559 -0.230993 1.311208
v 0.872258 -0.239487 1.312285
v 0.857481 -0.242001 1.302001
v 0.854876 -0.247217 1.308280
v 0.839689 -0.252437 1.298930
v 0.835519 -0.251319 1.306330
v 0.818389 -0.256189 1.298186
v 0.815306 -0.249391 1.302393
v 0.796703 -0.251058 1.293681
v 0.797467 -0.242563 1.292864
v 0.779954 -0.240050 1.281442
v 0.785151 -0.234834 1.277060
v 0.771922 -0.229613 1.262074
v 0.779022 -0.230732 1.257409
v 0.771810 -0.225862 1.239807
v 0.776480 -0.232659 1.237483
v 0.774328 -0.230993 1.219100
v 0.773274 -0.239487 1.219475
v 0.773117 -0.242001 1.201523
v 0.766485 -0.247217 1.203016
v 0.765217 -0.252437 1.185260
v 0.756766 -0.251319 1.186124
v 0.753337 -0.256189 1.167442
v 0.748121 -0.249391 1.167358
v 0.744266 -0.251058 1.147108
v 0.745375 -0.242563 1.147258
v 0.744671 -0.240050 1.126344
v 0.751250 -0.234834 1.128053
v 0.755921 -0.229613 1.108597
v 0.763827 -0.230732 1.111703
v 0.774099 -0.225862 1.095672
v 0.778690 -0.232659 1.098147
v 0.792511 -0.230993 1.085794
v 0.791596 -0.239487 1.085149
v 0.806212 -0.242001 1.074663
v 0.801160 -0.247217 1.070115
v 0.814960 -0.252437 1.058854
v 0.809364 -0.251319 1.052463
v 0.822674 -0.256189 1.038963
v 0.819728 -0.249391 1.034658
v 0.834082 -0.251058 1.019950
v 0.834598 -0.242563 1.020942
v 0.851177 -0.240050 1.008163
v 0.853574 -0.234834 1.014524
v 0.872105 -0.229613 1.006978
v 0.874125 -0.230732 1.015230
v 0.893126 -0.225862 1.014212
v 0.893752 -0.232659 1.019390
v 0.911860 -0.230993 1.023386
v 0.911857 -0.239487 1.022268
v 0.928907 -0.242001 1.028257
v 0.929691 -0.247217 1.021504
v 0.946849 -0.252437 1.026329
v 0.948829 -0.251319 1.018069
v 0.967521 -0.256189 1.021192
v 0.969337 -0.249391 1.016302
v 0.989614 -0.251058 1.019588
v 0.989102 -0.242563 1.020582
v 1.009071 -0.240050 1.026791
v 1.005260 -0.234834 1.032420
v 1.022073 -0.229613 1.043229
v 1.016508 -0.230732 1.049647
v 1.028256 -0.225862 1.064609
v 1.024396 -0.232659 1.068117
v 1.057409 -0.240407 1.079332
v 1.050297 -0.256813 1.083781
v 0.924103 -0.231839 1.340662
v 1.042826 -0.255433 1.077164
v 0.924103 -0.240407 1.340662
v 0.922827 -0.256813 1.322146
v 0.859204 -0.226618 1.316004
v 0.846479 -0.232584 1.300193
v 0.832825 -0.243496 1.289372
v 0.815293 -0.252960 1.283603
v 0.794411 -0.255433 1.278660
v 0.774600 -0.249466 1.269429
v 0.761514 -0.238555 1.253565
v 0.758078 -0.229091 1.232798
v 0.762118 -0.226618 1.211142
v 0.767766 -0.232584 1.191574
v 0.768846 -0.243496 1.174119
v 0.763514 -0.252960 1.156459
v 0.755517 -0.255433 1.136582
v 0.751643 -0.249466 1.115097
v 0.757087 -0.238555 1.095280
v 0.772106 -0.229091 1.080540
v 0.792168 -0.226618 1.071403
v 0.811286 -0.232584 1.064604
v 0.826012 -0.243496 1.055244
v 0.837258 -0.252960 1.040544
v 0.848905 -0.255433 1.022512
v 0.864290 -0.249466 1.007032
v 0.883661 -0.238555 1.000153
v 0.904371 -0.229091 1.004025
v 0.923412 -0.226618 1.015187
v 0.939993 -0.232584 1.026876
v 0.956092 -0.243496 1.033501
v 0.974536 -0.252960 1.034225
v 0.995994 -0.255433 1.033274
v 1.017595 -0.249466 1.036768
v 1.034522 -0.238555 1.048476
v 1.043416 -0.229091 1.067594
v 1.045296 -0.226618 1.089634
v 1.045247 -0.232584 1.109975
v 1.049028 -0.243496 1.126993
v 1.058974 -0.252960 1.142502
v 1.072039 -0.255433 1.159478
v 1.081622 -0.249466 1.179093
v 1.081859 -0.238555 1.199637
v 1.071500 -0.229091 1.217951
v 1.054734 -0.226618 1.232252
v 1.038215 -0.232584 1.244023
v 1.026481 -0.243496 1.256973
v 1.019526 -0.252960 1.274071
v 1.013203 -0.255433 1.294547
v 1.002680 -0.249466 1.313666
v 0.985973 -0.238555 1.325630
v 0.965007 -0.229091 1.327625
v 0.943658 -0.226618 1.322075
v 0.924534 -0.232584 1.315296
v 0.907203 -0.243496 1.313317
v 0.889220 -0.252960 1.317725
v 0.868819 -0.255433 1.324576
v 0.847098 -0.249466 1.327031
v 0.827691 -0.238555 1.320222
v 0.813976 -0.229091 1.304208
v 0.806180 -0.226618 1.283537
v 0.800671 -0.232584 1.263974
v 0.792347 -0.243496 1.248652
v 0.778494 -0.252960 1.236481
v 0.761247 -0.255433 1.223751
v 0.746680 -0.249466 1.207473
v 0.740903 -0.238555 1.187747
v 0.745872 -0.229091 1.167322
v 0.758024 -0.226618 1.148963
v 0.770899 -0.232584 1.133155
v 0.778668 -0.243496 1.117535
v 0.780670 -0.252960 1.099214
v 0.781163 -0.255433 1.077797
v 0.786071 -0.249466 1.056533
v 0.798861 -0.238555 1.040465
v 0.818458 -0.229091 1.032801
v 0.840498 -0.226618 1.032261
v 0.860733 -0.232584 1.033521
v 0.877917 -0.243496 1.030718
v 0.894022 -0.252960 1.021624
v 0.911827 -0.255433 1.009504
v 0.932033 -0.249466 1.001339
v 0.952547 -0.238555 1.002563
v 0.970120 -0.229091 1.014194
v 0.983256 -0.226618 1.031929
v 0.993877 -0.232584 1.049229
v 1.006062 -0.243496 1.061694
v 1.022731 -0.252960 1.069630
v 0.922786 -0.227555 1.321545
v 0.924112 -0.262221 1.386224
v 0.923741 -0.270860 1.379952
v 0.934797 -0.270670 1.377462
v 0.902335 -0.265638 1.361008
v 0.922273 -0.253636 1.355116
v 0.922734 -0.259634 1.362920
v 0.901760 -0.264352 1.370759
v 0.861197 -0.264883 1.358149
v 0.882594 -0.256191 1.356432
v 0.882348 -0.259563 1.357807
v 0.860207 -0.266279 1.361373
v 0.837283 -0.266329 1.360849
v 0.835914 -0.264932 1.363930
v 0.813152 -0.259683 1.358215
v 0.812437 -0.256311 1.359414
v 0.793075 -0.248838 1.346390
v 0.793928 -0.245466 1.345284
v 0.780201 -0.240146 1.326248
v 0.782563 -0.238749 1.323841
v 0.773606 -0.238700 1.302701
v 0.776237 -0.240096 1.300591
v 0.768768 -0.245346 1.280746
v 0.769954 -0.248718 1.280008
v 0.760510 -0.256191 1.262372
v 0.759245 -0.259563 1.262962
v 0.746881 -0.264883 1.245840
v 0.743677 -0.266279 1.246890
v 0.730999 -0.266329 1.227851
v 0.727692 -0.264932 1.228509
v 0.719324 -0.259683 1.206650
v 0.717932 -0.256311 1.206758
v 0.717395 -0.248838 1.183488
v 0.718790 -0.245466 1.183544
v 0.726164 -0.240146 1.161347
v 0.729493 -0.238749 1.161881
v 0.741370 -0.238700 1.142315
v 0.744611 -0.240096 1.143243
v 0.756346 -0.245346 1.125625
v 0.757633 -0.248718 1.126168
v 0.766666 -0.256191 1.108285
v 0.765454 -0.259563 1.107592
v 0.772363 -0.264883 1.087608
v 0.769655 -0.266279 1.085598
v 0.777914 -0.266329 1.064252
v 0.775464 -0.264932 1.061935
v 0.788496 -0.259683 1.042485
v 0.787602 -0.256311 1.041412
v 0.806350 -0.248837 1.027585
v 0.807109 -0.245466 1.028757
v 0.829556 -0.240146 1.022087
v 0.831039 -0.238749 1.025115
v 0.853892 -0.238700 1.023664
v 0.855002 -0.240096 1.026848
v 0.876143 -0.245346 1.026378
v 0.876441 -0.248718 1.027742
v 0.896201 -0.256191 1.024645
v 0.896068 -0.259563 1.023255
v 0.916367 -0.264883 1.017147
v 0.916442 -0.266279 1.013776
v 0.938667 -0.266329 1.007931
v 0.939139 -0.264932 1.004592
v 0.962584 -0.259683 1.003964
v 0.962944 -0.256311 1.002614
v 0.985067 -0.248837 1.010029
v 0.984548 -0.245466 1.011326
v 1.002935 -0.240146 1.025879
v 1.001317 -0.238749 1.028837
v 1.015673 -0.238700 1.046718
v 1.013714 -0.240096 1.049462
v 1.026299 -0.245346 1.066503
v 1.025359 -0.248718 1.067536
v 1.039274 -0.256191 1.081918
v 1.040331 -0.259563 1.081004
v 1.056939 -0.264883 1.094084
v 1.059733 -0.266279 1.092197
v 1.077179 -0.266329 1.107016
v 1.080179 -0.264932 1.105476
v 1.094250 -0.259683 1.124205
v 1.095559 -0.256311 1.123720
v 1.102419 -0.248837 1.145993
v 1.101060 -0.245466 1.146317
v 1.099956 -0.240146 1.169694
v 1.096606 -0.238749 1.170078
v 1.090527 -0.238700 1.192145
v 1.087155 -0.240096 1.192132
v 1.080467 -0.245346 1.212304
v 1.079081 -0.248718 1.212135
v 1.075296 -0.256191 1.231792
v 1.076653 -0.259563 1.232126
v 1.075500 -0.264883 1.253212
v 1.078654 -0.266279 1.254405
v 1.076559 -0.266329 1.277183
v 1.079547 -0.264932 1.278746
v 1.072320 -0.259683 1.301012
v 1.073472 -0.256311 1.301802
v 1.059211 -0.248837 1.320213
v 1.058161 -0.245466 1.319291
v 1.038401 -0.240146 1.331833
v 1.036149 -0.238749 1.329323
v 1.014572 -0.238700 1.336988
v 1.012634 -0.240096 1.334229
v 0.992429 -0.245346 1.340507
v 0.991768 -0.248718 1.339277
v 0.973621 -0.256191 1.347687
v 0.974130 -0.259563 1.348988
v 0.956282 -0.264883 1.360377
v 0.957125 -0.266279 1.363641
v 0.937307 -0.266329 1.375267
v 0.937753 -0.264932 1.378609
v 0.915356 -0.259683 1.385443
v 0.915376 -0.256311 1.386840
v 0.892103 -0.248837 1.385721
v 0.892247 -0.245466 1.384332
v 0.870591 -0.240146 1.375390
v 0.871335 -0.238749 1.372101
v 0.852638 -0.238700 1.358864
v 0.853772 -0.240096 1.355689
v 0.837024 -0.245346 1.342765
v 0.837648 -0.248718 1.341516
v 0.820346 -0.256191 1.331494
v 0.819577 -0.259563 1.332660
v 0.800023 -0.264883 1.324604
v 0.797846 -0.266279 1.327179
v 0.777000 -0.266329 1.317674
v 0.774533 -0.264932 1.319973
v 0.755864 -0.259683 1.305804
v 0.754736 -0.256311 1.306628
v 0.742021 -0.248837 1.287088
v 0.743239 -0.245466 1.286404
v 0.737883 -0.240146 1.263605
v 0.740999 -0.238749 1.262317
v 0.740931 -0.238700 1.239396
v 0.744179 -0.240096 1.238492
v 0.745196 -0.245346 1.217289
v 0.746577 -0.248718 1.217079
v 0.744913 -0.256191 1.197107
v 0.743517 -0.259563 1.197153
v 0.738889 -0.264883 1.176526
v 0.735529 -0.266279 1.176240
v 0.731276 -0.266329 1.153759
v 0.727974 -0.264932 1.153075
v 0.728789 -0.259683 1.129672
v 0.727466 -0.256311 1.129227
v 0.736128 -0.248837 1.107598
v 0.737389 -0.245466 1.108198
v 0.752968 -0.240146 1.090728
v 0.755818 -0.238749 1.092530
v 0.774486 -0.238700 1.079268
v 0.777100 -0.240096 1.081397
v 0.794839 -0.245346 1.069829
v 0.795810 -0.248718 1.070833
v 0.810996 -0.256191 1.057754
v 0.810151 -0.259563 1.056642
v 0.824238 -0.264883 1.040794
v 0.822532 -0.266279 1.037885
v 0.838518 -0.266329 1.021495
v 0.837173 -0.264932 1.018403
v 0.856833 -0.259683 1.005665
v 0.856433 -0.256311 1.004326
v 0.879141 -0.248837 0.999047
v 0.879377 -0.245466 1.000423
v 0.902638 -0.240146 1.003188
v 0.902812 -0.238749 1.006556
v 0.924410 -0.238700 1.014200
v 0.924186 -0.240096 1.017564
v 0.943853 -0.245346 1.025367
v 0.943596 -0.248718 1.026739
v 0.962989 -0.256191 1.031589
v 0.963409 -0.259563 1.030257
v 0.984430 -0.264883 1.032621
v 0.985823 -0.266279 1.029550
v 1.008495 -0.266329 1.032997
v 1.010244 -0.264932 1.030114
v 1.032095 -0.259683 1.038671
v 1.032957 -0.256311 1.037572
v 1.050500 -0.248837 1.052952
v 1.049514 -0.245466 1.053941
v 1.060737 -0.240146 1.074550
v 1.058090 -0.238749 1.076640
v 1.061422 -0.239839 1.087798
v 1.069479 -0.263232 1.082181
v 1.060213 -0.262757 1.074963
v 1.068411 -0.256730 1.082926
v 0.902384 -0.245346 1.360178
v 0.902467 -0.248718 1.358784
v 1.048883 -0.251804 1.096538
v 1.045820 -0.250746 1.086328
v 1.054433 -0.256731 1.092669
v 0.922914 -0.262788 1.365958
v 0.901502 -0.264429 1.375134
v 0.924001 -0.255159 1.384343
v 0.935290 -0.263233 1.381618
v 0.861001 -0.242272 1.358786
v 0.879686 -0.240674 1.372633
v 0.880474 -0.240557 1.368240
v 0.861951 -0.245345 1.355690
v 0.843583 -0.249869 1.346668
v 0.843630 -0.254333 1.346561
v 0.824737 -0.259016 1.338798
v 0.823163 -0.262255 1.341437
v 0.803130 -0.264354 1.333359
v 0.800404 -0.264472 1.336892
v 0.780668 -0.262757 1.325772
v 0.778399 -0.259684 1.328083
v 0.761501 -0.255159 1.312408
v 0.761409 -0.250696 1.312481
v 0.749571 -0.246012 1.292693
v 0.752180 -0.242773 1.291069
v 0.745596 -0.240674 1.269336
v 0.749640 -0.240557 1.267447
v 0.746247 -0.242272 1.246048
v 0.749325 -0.245345 1.245039
v 0.746217 -0.249869 1.224822
v 0.746332 -0.254333 1.224799
v 0.741867 -0.259016 1.204901
v 0.738804 -0.262255 1.205139
v 0.733841 -0.264354 1.184154
v 0.729381 -0.264472 1.183973
v 0.726822 -0.262757 1.161453
v 0.723624 -0.259684 1.160940
v 0.726453 -0.255159 1.138042
v 0.726340 -0.250696 1.138010
v 0.735514 -0.246012 1.116834
v 0.738346 -0.242773 1.118029
v 0.752376 -0.240674 1.100117
v 0.756251 -0.240557 1.102332
v 0.771828 -0.242272 1.087210
v 0.774428 -0.245345 1.089141
v 0.789187 -0.249869 1.074914
v 0.789273 -0.254333 1.074995
v 0.802966 -0.259016 1.059860
v 0.800999 -0.262255 1.057499
v 0.815305 -0.264354 1.041395
v 0.812877 -0.264472 1.037651
v 0.829849 -0.262757 1.022686
v 0.828424 -0.259684 1.019778
v 0.848784 -0.255159 1.009012
v 0.848745 -0.250696 1.008901
v 0.871314 -0.246012 1.004289
v 0.871970 -0.242773 1.007291
v 0.894626 -0.240674 1.008261
v 0.895053 -0.240557 1.012703
v 0.916382 -0.242272 1.016480
v 0.916310 -0.245345 1.019718
v 0.936499 -0.249869 1.023296
v 0.936483 -0.254333 1.023412
v 0.956767 -0.259016 1.025814
v 0.957558 -0.262255 1.022844
v 0.978954 -0.264354 1.025311
v 0.980611 -0.264472 1.021167
v 1.002615 -0.262757 1.026464
v 1.004169 -0.259684 1.023623
v 1.024689 -0.255159 1.034089
v 1.024757 -0.250696 1.033993
v 1.041529 -0.246012 1.049790
v 1.039459 -0.242773 1.052061
v 1.051725 -0.240674 1.071152
v 1.048349 -0.240557 1.074071
v 1.057491 -0.242272 1.093711
v 1.054807 -0.245345 1.095523
v 1.063375 -0.249869 1.114103
v 1.063271 -0.254333 1.114157
v 1.073043 -0.259016 1.132048
v 1.075925 -0.262255 1.130982
v 1.086408 -0.264354 1.149809
v 1.090749 -0.264472 1.148774
v 1.099293 -0.262757 1.169770
v 1.102511 -0.259684 1.169400
v 1.106044 -0.255159 1.192202
v 1.106161 -0.250696 1.192202
v 1.102911 -0.246012 1.215048
v 1.099861 -0.242773 1.214675
v 1.091279 -0.240674 1.235728
v 1.086945 -0.240557 1.234661
v 1.076124 -0.242272 1.253448
v 1.073095 -0.245345 1.252301
v 1.062809 -0.249869 1.269993
v 1.062705 -0.254333 1.269938
v 1.053676 -0.259016 1.288220
v 1.056210 -0.262255 1.289958
v 1.046841 -0.264354 1.309354
v 1.050195 -0.264472 1.312299
v 1.037956 -0.262757 1.331336
v 1.040119 -0.259684 1.333747
v 1.023494 -0.255159 1.349684
v 1.023561 -0.250696 1.349780
v 1.003131 -0.246012 1.360425
v 1.001677 -0.242773 1.357718
v 0.979620 -0.240674 1.363015
v 0.977993 -0.240557 1.358859
v 0.956449 -0.242272 1.361022
v 0.955639 -0.245345 1.357886
v 0.935254 -0.249869 1.359886
v 0.935238 -0.254333 1.359770
v 0.915022 -0.259016 1.362835
v 0.915068 -0.262255 1.365908
v 0.893799 -0.264354 1.369349
v 0.893339 -0.264472 1.373789
v 0.870738 -0.262757 1.374740
v 0.870022 -0.259684 1.377898
v 0.847420 -0.255159 1.373478
v 0.847381 -0.250696 1.373588
v 0.826923 -0.246012 1.362995
v 0.828296 -0.242773 1.360245
v 0.811288 -0.240674 1.345237
v 0.813744 -0.240557 1.341511
v 0.799592 -0.242272 1.325113
v 0.801683 -0.245345 1.322640
v 0.788353 -0.249869 1.307096
v 0.788439 -0.254333 1.307016
v 0.774119 -0.259016 1.292462
v 0.771638 -0.262255 1.294275
v 0.756372 -0.264354 1.279027
v 0.752481 -0.264472 1.281213
v 0.738499 -0.262757 1.263350
v 0.735505 -0.259684 1.264587
v 0.725982 -0.255159 1.243557
v 0.725869 -0.250696 1.243588
v 0.722844 -0.246012 1.220700
v 0.725882 -0.242773 1.220236
v 0.728463 -0.240674 1.197652
v 0.732924 -0.240557 1.197504
v 0.738225 -0.242272 1.176469
v 0.741452 -0.245345 1.176744
v 0.746471 -0.249869 1.156902
v 0.746586 -0.254333 1.156926
v 0.750223 -0.259016 1.136874
v 0.747310 -0.262255 1.135895
v 0.750989 -0.264354 1.114674
v 0.746959 -0.264472 1.112755
v 0.753532 -0.262757 1.091084
v 0.750795 -0.259684 1.089352
v 0.762452 -0.255159 1.069471
v 0.762361 -0.250696 1.069397
v 0.779120 -0.246012 1.053575
v 0.781257 -0.242773 1.055784
v 0.801038 -0.240674 1.044648
v 0.803738 -0.240557 1.048202
v 0.823901 -0.242272 1.040219
v 0.825540 -0.245345 1.043012
v 0.844712 -0.249869 1.035722
v 0.844759 -0.254333 1.035830
v 0.863304 -0.259016 1.027330
v 0.862425 -0.262255 1.024385
v 0.881928 -0.264354 1.015269
v 0.881172 -0.264472 1.010870
v 0.902673 -0.262757 1.003854
v 0.902506 -0.259684 1.000620
v 0.925440 -0.255159 0.998717
v 0.925448 -0.250696 0.998600
v 0.948018 -0.246012 1.003142
v 0.947452 -0.242773 1.006163
v 0.967938 -0.240674 1.015890
v 0.966596 -0.240557 1.020147
v 0.984706 -0.242272 1.032014
v 0.983368 -0.245345 1.034964
v 1.000444 -0.249869 1.046262
v 1.000383 -0.254333 1.046362
v 1.018147 -0.259016 1.056467
v 1.020043 -0.262255 1.054049
v 1.038882 -0.264355 1.064612
v 1.042033 -0.264472 1.061450
v 1.062755 -0.259684 1.072956
v 0.923085 -0.238700 1.368853
v 0.922886 -0.240096 1.365487
v 0.923118 -0.269195 1.369419
v 0.932927 -0.263233 1.361692
v 0.923622 -0.234929 1.377941
v 0.934928 -0.237024 1.378569
v 0.924007 -0.250696 1.384460
v 0.935136 -0.256730 1.380324
v 0.902162 -0.236242 1.363942
v 0.901052 -0.246012 1.382750
v 0.901233 -0.242773 1.379682
v 0.901587 -0.234956 1.373694
v 0.882201 -0.239271 1.358625
v 0.855598 -0.249900 1.376393
v 0.878337 -0.259091 1.380141
v 0.877205 -0.255625 1.386447
v 0.854988 -0.242919 1.378381
v 0.836106 -0.242241 1.363499
v 0.837513 -0.235834 1.360331
v 0.820829 -0.240599 1.345349
v 0.824406 -0.238520 1.339354
v 0.807791 -0.245937 1.327319
v 0.811705 -0.249404 1.322247
v 0.793569 -0.255128 1.312628
v 0.795025 -0.262110 1.311144
v 0.775869 -0.262788 1.300886
v 0.773165 -0.269195 1.303055
v 0.756048 -0.264429 1.288662
v 0.750120 -0.266509 1.292351
v 0.738684 -0.259091 1.272564
v 0.732879 -0.255625 1.275275
v 0.728746 -0.249900 1.251783
v 0.726770 -0.242919 1.252430
v 0.728155 -0.242241 1.228417
v 0.731554 -0.235834 1.227741
v 0.734262 -0.240599 1.205491
v 0.741222 -0.238520 1.204951
v 0.741463 -0.245937 1.184463
v 0.747865 -0.249404 1.184723
v 0.745007 -0.255128 1.164367
v 0.747060 -0.262110 1.164696
v 0.744158 -0.262788 1.143113
v 0.740826 -0.269195 1.142159
v 0.742543 -0.264429 1.119800
v 0.736111 -0.266509 1.117086
v 0.745753 -0.259091 1.096331
v 0.740191 -0.255625 1.093152
v 0.757040 -0.249900 1.076233
v 0.755370 -0.242919 1.074993
v 0.775807 -0.242241 1.062260
v 0.778325 -0.235834 1.064641
v 0.798084 -0.240599 1.053998
v 0.802551 -0.238520 1.059363
v 0.819455 -0.245937 1.047796
v 0.822941 -0.249404 1.053172
v 0.837952 -0.255128 1.039225
v 0.838867 -0.262110 1.041092
v 0.854847 -0.262788 1.026403
v 0.853706 -0.269195 1.023130
v 0.872943 -0.264429 1.011741
v 0.871452 -0.266509 1.004921
v 0.893896 -0.259091 1.000667
v 0.893282 -0.255625 0.994290
v 0.916789 -0.249900 0.998068
v 0.916835 -0.242919 0.995989
v 0.939073 -0.242241 1.005059
v 0.938588 -0.235834 1.008492
v 0.958730 -0.240599 1.018442
v 0.956933 -0.238520 1.025188
v 0.976120 -0.245937 1.032394
v 0.973740 -0.249404 1.038343
v 0.993777 -0.255128 1.042622
v 0.992779 -0.262110 1.044446
v 1.013988 -0.262788 1.049078
v 1.016002 -0.269195 1.046257
v 1.036391 -0.264429 1.055429
v 1.041093 -0.266509 1.050268
v 1.057495 -0.259091 1.066162
v 1.062341 -0.255625 1.061971
v 1.072755 -0.249900 1.083404
v 1.074478 -0.242919 1.082241
v 1.079759 -0.242241 1.105692
v 1.076676 -0.235834 1.107275
v 1.080197 -0.240599 1.129402
v 1.073650 -0.238520 1.131823
v 1.078987 -0.245937 1.151578
v 1.072755 -0.249404 1.153063
v 1.080996 -0.255128 1.171870
v 1.078931 -0.262110 1.172107
v 1.087627 -0.262788 1.192134
v 1.091093 -0.269195 1.192147
v 1.095339 -0.264429 1.214122
v 1.102269 -0.266509 1.214970
v 1.098686 -0.259091 1.237553
v 1.104907 -0.255625 1.239085
v 1.093349 -0.249900 1.259966
v 1.095294 -0.242919 1.260702
v 1.079129 -0.242241 1.278527
v 1.076057 -0.235834 1.276921
v 1.059966 -0.240599 1.292536
v 1.054209 -0.238520 1.288586
v 1.041107 -0.245937 1.304322
v 1.036292 -0.249404 1.300095
v 1.025653 -0.255128 1.317631
v 1.024264 -0.262110 1.316084
v 1.012905 -0.262788 1.334615
v 1.014898 -0.269195 1.337451
v 0.999521 -0.264429 1.353705
v 1.002825 -0.266509 1.359855
v 0.982400 -0.259091 1.370119
v 0.984735 -0.255625 1.376085
v 0.961053 -0.249900 1.378854
v 0.961573 -0.242919 1.380867
v 0.937691 -0.242241 1.378141
v 0.937232 -0.235834 1.374706
v 0.915135 -0.240599 1.370463
v 0.915032 -0.238520 1.363482
v 0.894586 -0.245937 1.361761
v 0.895246 -0.249404 1.355389
v 0.874806 -0.255128 1.356777
v 0.875265 -0.262110 1.354749
v 0.853613 -0.262788 1.356133
v 0.852448 -0.269195 1.359397
v 0.830331 -0.264429 1.356170
v 0.827213 -0.266509 1.362416
v 0.807090 -0.259091 1.351607
v 0.803564 -0.255625 1.356956
v 0.787701 -0.249900 1.339177
v 0.786359 -0.242919 1.340765
v 0.774879 -0.242241 1.319651
v 0.777415 -0.235834 1.317288
v 0.767960 -0.240599 1.296963
v 0.773596 -0.238520 1.292844
v 0.763023 -0.245937 1.275291
v 0.768609 -0.249404 1.272154
v 0.755520 -0.255128 1.256317
v 0.757442 -0.262110 1.255523
v 0.743725 -0.262788 1.238619
v 0.740386 -0.269195 1.239548
v 0.730385 -0.264429 1.219549
v 0.723484 -0.266509 1.220602
v 0.720838 -0.259091 1.197905
v 0.714435 -0.255625 1.198117
v 0.719874 -0.249900 1.174909
v 0.717802 -0.242919 1.174733
v 0.728436 -0.242241 1.153171
v 0.731830 -0.235834 1.153873
v 0.742992 -0.240599 1.134444
v 0.749609 -0.238520 1.136668
v 0.757877 -0.245937 1.117953
v 0.763662 -0.249404 1.120707
v 0.769095 -0.255128 1.100931
v 0.770852 -0.262110 1.102043
v 0.776735 -0.262788 1.081099
v 0.774046 -0.269195 1.078911
v 0.784423 -0.264429 1.059059
v 0.779570 -0.266509 1.054040
v 0.796423 -0.259091 1.038574
v 0.792547 -0.255625 1.033473
v 0.814583 -0.249900 1.024333
v 0.813531 -0.242919 1.022539
v 0.837361 -0.242241 1.018836
v 0.838744 -0.235834 1.022014
v 0.861121 -0.240599 1.020020
v 0.863119 -0.238520 1.026710
v 0.883220 -0.245937 1.022787
v 0.884305 -0.249404 1.029102
v 0.903622 -0.255128 1.022247
v 0.903729 -0.262110 1.024323
v 0.924218 -0.262788 1.017094
v 0.924448 -0.269195 1.013635
v 0.946613 -0.264429 1.010641
v 0.947899 -0.266509 1.003779
v 0.970232 -0.259091 1.008615
v 0.972158 -0.255625 1.002504
v 0.992310 -0.249900 1.015240
v 0.993169 -0.242919 1.013347
v 1.010000 -0.242241 1.030518
v 1.008201 -0.235834 1.033481
v 1.022853 -0.240599 1.050463
v 1.018547 -0.238520 1.055958
v 1.033498 -0.245937 1.070016
v 1.028976 -0.249404 1.074554
v 1.045759 -0.255128 1.086376
v 1.044127 -0.262110 1.087665
v 1.053018 -0.263233 1.093655
v 0.883261 -0.247088 1.352721
v 0.924083 -0.240927 1.385744
v 0.933130 -0.256730 1.363405
v 0.864245 -0.251343 1.348217
v 0.863867 -0.261112 1.349446
v 0.844153 -0.264101 1.345386
v 0.840979 -0.270100 1.352530
v 0.820090 -0.270072 1.346588
v 0.815084 -0.268786 1.354977
v 0.794436 -0.265758 1.344626
v 0.790771 -0.257941 1.349375
v 0.772923 -0.253686 1.333662
v 0.773824 -0.243917 1.332744
v 0.760406 -0.240927 1.313286
v 0.766504 -0.234929 1.308395
v 0.757272 -0.234956 1.287900
v 0.765567 -0.236243 1.282739
v 0.758492 -0.239271 1.263314
v 0.763927 -0.247088 1.260776
v 0.756754 -0.251343 1.242605
v 0.755532 -0.261112 1.243006
v 0.747594 -0.264102 1.224548
v 0.739927 -0.270100 1.226074
v 0.732823 -0.270072 1.205603
v 0.723084 -0.268786 1.206359
v 0.719620 -0.265758 1.183578
v 0.713627 -0.257941 1.183335
v 0.715905 -0.253686 1.159703
v 0.717175 -0.243917 1.159907
v 0.725104 -0.240927 1.137655
v 0.732619 -0.234929 1.139808
v 0.743872 -0.234956 1.120361
v 0.752872 -0.236243 1.124159
v 0.764732 -0.239271 1.107180
v 0.769940 -0.247088 1.110156
v 0.780705 -0.251343 1.093801
v 0.779672 -0.261112 1.093034
v 0.790207 -0.264102 1.075879
v 0.784528 -0.270100 1.070507
v 0.797160 -0.270072 1.052889
v 0.790909 -0.268786 1.045383
v 0.807562 -0.265758 1.029454
v 0.804298 -0.257941 1.024421
v 0.824984 -0.253685 1.012758
v 0.825550 -0.243917 1.013913
v 0.848322 -0.240927 1.007687
v 0.850895 -0.234929 1.015069
v 0.873251 -0.234956 1.013151
v 0.875338 -0.236243 1.022694
v 0.895988 -0.239271 1.022427
v 0.896562 -0.247088 1.028398
v 0.916138 -0.251343 1.027534
v 0.916166 -0.261112 1.026248
v 0.936303 -0.264102 1.024685
v 0.937396 -0.270100 1.016945
v 0.959101 -0.270072 1.017048
v 0.961614 -0.268786 1.007608
v 0.984240 -0.265758 1.012097
v 0.986468 -0.257941 1.006528
v 1.007921 -0.253685 1.016764
v 1.007304 -0.243917 1.017893
v 1.025504 -0.240927 1.032947
v 1.020962 -0.234929 1.039309
v 1.035419 -0.234956 1.056495
v 1.028839 -0.236243 1.063716
v 1.040959 -0.239271 1.080461
v 1.036422 -0.247088 1.084384
v 1.048328 -0.251343 1.099898
v 1.049394 -0.261112 1.099178
v 1.062127 -0.264102 1.114744
v 1.069081 -0.270100 1.111174
v 1.081551 -0.270072 1.128901
v 1.090713 -0.268786 1.125513
v 1.100252 -0.265758 1.146509
v 1.106087 -0.257941 1.145119
v 1.110277 -0.253685 1.168509
v 1.108999 -0.243917 1.168656
v 1.107447 -0.240927 1.192207
v 1.099630 -0.234929 1.192178
v 1.093907 -0.234956 1.213947
v 1.084210 -0.236243 1.212762
v 1.077459 -0.239271 1.232325
v 1.071635 -0.247088 1.230891
v 1.065784 -0.251343 1.249535
v 1.066986 -0.261112 1.249990
v 1.061565 -0.264102 1.269343
v 1.068492 -0.270100 1.272965
v 1.061156 -0.270072 1.293352
v 1.069211 -0.268786 1.298879
v 1.057537 -0.265758 1.318743
v 1.062045 -0.257941 1.322700
v 1.045341 -0.253685 1.339564
v 1.044482 -0.243917 1.338607
v 1.024301 -0.240927 1.350832
v 1.019806 -0.234929 1.344436
v 0.998838 -0.234956 1.352434
v 0.994214 -0.236243 1.343829
v 0.974433 -0.239271 1.349761
v 0.972247 -0.247088 1.344176
v 0.953684 -0.251343 1.350317
v 0.954006 -0.261112 1.351563
v 0.935068 -0.264102 1.358495
v 0.936103 -0.270100 1.366244
v 0.915156 -0.270072 1.371905
v 0.915300 -0.268786 1.381673
v 0.892333 -0.265758 1.383506
v 0.891715 -0.257941 1.389472
v 0.868296 -0.253685 1.385522
v 0.868580 -0.243916 1.384268
v 0.846948 -0.240927 1.374799
v 0.849577 -0.234929 1.367437
v 0.830976 -0.234956 1.354879
v 0.835340 -0.236243 1.346139
v 0.819120 -0.239271 1.333354
v 0.822421 -0.247088 1.328346
v 0.806730 -0.251343 1.316670
v 0.805900 -0.261112 1.317653
v 0.789380 -0.264102 1.306139
v 0.783660 -0.270100 1.311468
v 0.766795 -0.270072 1.297814
v 0.758908 -0.268786 1.303579
v 0.743963 -0.265758 1.285997
v 0.738734 -0.257941 1.288935
v 0.728281 -0.253685 1.267572
v 0.729469 -0.243917 1.267081
v 0.724630 -0.240927 1.243933
v 0.732161 -0.234929 1.241837
v 0.731811 -0.234956 1.219332
v 0.741469 -0.236243 1.217858
v 0.742687 -0.239271 1.197181
v 0.748682 -0.247088 1.196982
v 0.749241 -0.251343 1.177406
v 0.747959 -0.261112 1.177297
v 0.747845 -0.264102 1.157186
v 0.740190 -0.270100 1.155603
v 0.741624 -0.270072 1.133985
v 0.732364 -0.268786 1.130873
v 0.738139 -0.265758 1.108555
v 0.732724 -0.257941 1.105977
v 0.744189 -0.253685 1.085173
v 0.745275 -0.243916 1.085860
v 0.761364 -0.240927 1.068586
v 0.767426 -0.234929 1.073521
v 0.785426 -0.234956 1.060096
v 0.792217 -0.236243 1.067119
v 0.809649 -0.239271 1.055980
v 0.813278 -0.247088 1.060756
v 0.829495 -0.251343 1.049755
v 0.828844 -0.261112 1.048646
v 0.845272 -0.264102 1.037009
v 0.842152 -0.270100 1.029841
v 0.860708 -0.270072 1.018638
v 0.857912 -0.268786 1.009278
v 0.879518 -0.265758 1.001242
v 0.878502 -0.257941 0.995331
v 0.902103 -0.253685 0.992813
v 0.902169 -0.243916 0.994097
v 0.925533 -0.240927 0.997317
v 0.925014 -0.234929 1.005117
v 0.946347 -0.234956 1.012059
v 0.944548 -0.236243 1.021660
v 0.963659 -0.239271 1.029464
v 0.961856 -0.247088 1.035185
v 0.980140 -0.251343 1.042083
v 0.980672 -0.261112 1.040912
v 0.999716 -0.264102 1.047462
v 1.003772 -0.270100 1.040779
v 1.023743 -0.270072 1.049328
v 1.029769 -0.268786 1.041639
v 1.048928 -0.265758 1.054530
v 1.053162 -0.257941 1.050281
v 1.068891 -0.253685 1.068112
v 1.067881 -0.243917 1.068909
v 1.073961 -0.241951 1.079057
v 1.066960 -0.237024 1.083937
v 0.922349 -0.243867 1.356400
v 0.932334 -0.241951 1.356686
v 0.901091 -0.266509 1.382104
v 0.900582 -0.260225 1.390728
v 0.876911 -0.245073 1.388087
v 0.900680 -0.249673 1.389065
v 0.878438 -0.238790 1.379584
v 0.857537 -0.270050 1.370075
v 0.832218 -0.261162 1.372249
v 0.810505 -0.247208 1.362653
v 0.796232 -0.236362 1.342299
v 0.788940 -0.234979 1.317345
v 0.783339 -0.243867 1.294896
v 0.773155 -0.257821 1.278016
v 0.755828 -0.268666 1.264558
v 0.735026 -0.270050 1.249725
v 0.718764 -0.261162 1.230287
v 0.714172 -0.247208 1.207050
v 0.722558 -0.236362 1.183697
v 0.738481 -0.234979 1.163321
v 0.753363 -0.243867 1.145750
v 0.761107 -0.257821 1.127634
v 0.762180 -0.268666 1.105721
v 0.762346 -0.270050 1.080172
v 0.768850 -0.261162 1.055680
v 0.785189 -0.247208 1.038515
v 0.809161 -0.236362 1.031921
v 0.835045 -0.234979 1.033290
v 0.857998 -0.243867 1.035444
v 0.877246 -0.257821 1.031426
v 0.895707 -0.268666 1.019501
v 0.916643 -0.270050 1.004675
v 0.940410 -0.261162 0.995578
v 0.963914 -0.247208 0.998971
v 0.983148 -0.236362 1.014827
v 0.996948 -0.234979 1.036824
v 1.008425 -0.243867 1.056871
v 1.022819 -0.257821 1.070323
v 1.043183 -0.268666 1.078538
v 1.067278 -0.270050 1.087103
v 1.088277 -0.261162 1.101318
v 1.099096 -0.247208 1.122412
v 1.097392 -0.236362 1.147191
v 1.087562 -0.234979 1.171116
v 1.078052 -0.243867 1.192099
v 1.075338 -0.257821 1.211677
v 1.080314 -0.268666 1.233028
v 1.087168 -0.270050 1.257627
v 1.087614 -0.261162 1.282964
v 1.076581 -0.247208 1.303936
v 1.055327 -0.236362 1.316804
v 1.030068 -0.234979 1.322549
v 1.007400 -0.243867 1.326781
v 0.989983 -0.257821 1.335955
v 0.975504 -0.268666 1.352499
v 0.959401 -0.270050 1.372455
v 0.938958 -0.261162 1.387632
v 0.915432 -0.247208 1.390610
v 0.892636 -0.236362 1.380582
v 0.873346 -0.234979 1.363223
v 0.856833 -0.243867 1.347116
v 0.839333 -0.257821 1.338142
v 0.817502 -0.268666 1.335809
v 0.791968 -0.270050 1.334131
v 0.767873 -0.261162 1.326178
v 0.751692 -0.247208 1.308853
v 0.746526 -0.236362 1.284557
v 0.749412 -0.234979 1.258841
v 0.752949 -0.243867 1.236051
v 0.750304 -0.257821 1.216510
v 0.739749 -0.268666 1.197278
v 0.726459 -0.270050 1.175469
v 0.719059 -0.261162 1.151231
v 0.723891 -0.247208 1.128026
v 0.740794 -0.236362 1.109819
v 0.763511 -0.234979 1.097398
v 0.784160 -0.243867 1.087144
v 0.798431 -0.257821 1.073544
v 0.807870 -0.268666 1.053639
v 0.817926 -0.270050 1.030033
v 0.833539 -0.261162 1.010056
v 0.855354 -0.247208 1.000714
v 0.880016 -0.236362 1.004140
v 0.903282 -0.234979 1.015647
v 0.923582 -0.243867 1.026648
v 0.942902 -0.257821 1.030445
v 0.964543 -0.268666 1.026660
v 0.989582 -0.270050 1.021259
v 1.014967 -0.261162 1.022332
v 1.035283 -0.247208 1.034604
v 1.046853 -0.236362 1.056612
v 1.050946 -0.234979 1.082281
v 1.055883 -0.237024 1.091658
v 1.048883 -0.241951 1.096538
v 1.044810 -0.240977 1.087125
v 0.902689 -0.257821 1.355020
v 0.881681 -0.268666 1.361518
v 0.856831 -0.234280 1.372374
v 0.841797 -0.234168 1.350688
v 0.828832 -0.244803 1.331935
v 0.812722 -0.259955 1.320928
v 0.790624 -0.270749 1.315629
v 0.764933 -0.270860 1.309656
v 0.742786 -0.260225 1.296915
v 0.731370 -0.245073 1.275979
v 0.732741 -0.234280 1.250474
v 0.741903 -0.234168 1.225681
v 0.749835 -0.244803 1.204282
v 0.749529 -0.259955 1.184790
v 0.740856 -0.270749 1.163702
v 0.730682 -0.270860 1.139253
v 0.728151 -0.260225 1.113727
v 0.738745 -0.245073 1.092326
v 0.760415 -0.234280 1.078738
v 0.785991 -0.234168 1.071892
v 0.808080 -0.244803 1.066001
v 0.823847 -0.259955 1.054569
v 0.836103 -0.270749 1.035449
v 0.850232 -0.270860 1.013166
v 0.869607 -0.260225 0.996481
v 0.893123 -0.245073 0.992632
v 0.916696 -0.234280 1.002271
v 0.937114 -0.234168 1.018940
v 0.954711 -0.244803 1.033537
v 0.973122 -0.259955 1.039889
v 0.995794 -0.270749 1.038933
v 1.022133 -0.270860 1.037669
v 1.046911 -0.260225 1.043883
v 1.063601 -0.245073 1.060882
v 1.069270 -0.234280 1.085757
v 1.067289 -0.234168 1.112094
v 1.065547 -0.244803 1.134820
v 1.071134 -0.259955 1.153449
v 1.085173 -0.270749 1.171391
v 1.101645 -0.270860 1.192186
v 1.110844 -0.260225 1.216018
v 1.106524 -0.245073 1.239483
v 1.089417 -0.234280 1.258478
v 1.066707 -0.234168 1.272031
v 1.047086 -0.244803 1.283698
v 1.035041 -0.259955 1.298996
v 1.028461 -0.270749 1.320760
v 1.020965 -0.270860 1.346085
v 1.006914 -0.260225 1.367465
v 0.985342 -0.245073 1.377636
v 0.960002 -0.234280 1.374784
v 0.935836 -0.234168 1.364247
v 0.914905 -0.244803 1.354844
v 0.895417 -0.259955 1.353732
v 0.873877 -0.270749 1.360878
v 0.848900 -0.270860 1.369335
v 0.823353 -0.260225 1.370145
v 0.802647 -0.245073 1.358347
v 0.790416 -0.234280 1.335967
v 0.785135 -0.234168 1.310095
v 0.780571 -0.244803 1.287746
v 0.770061 -0.259955 1.271338
v 0.751635 -0.270749 1.257923
v 0.730220 -0.270860 1.242378
v 0.714943 -0.260225 1.221905
v 0.712770 -0.245073 1.198173
v 0.724063 -0.234280 1.175265
v 0.742163 -0.234168 1.156011
v 0.757798 -0.244803 1.139420
v 0.765165 -0.259955 1.121423
v 0.765542 -0.270749 1.098683
v 0.765864 -0.270860 1.072249
v 0.773565 -0.260225 1.047830
v 0.791539 -0.245073 1.032147
v 0.816710 -0.234280 1.027959
v 0.842956 -0.234168 1.031689
v 0.865591 -0.244803 1.034987
v 0.884587 -0.259956 1.030743
v 0.903405 -0.270749 1.018048
v 0.925148 -0.270860 1.003106
v 0.949490 -0.260225 0.995287
v 0.972659 -0.245073 1.000916
v 0.990574 -0.234280 1.019069
v 1.002726 -0.234168 1.042501
v 1.013217 -0.244803 1.062758
v 1.027800 -0.259956 1.075734
v 1.049059 -0.270749 1.083771
v 1.056452 -0.270670 1.091262
v 0.934133 -0.239839 1.371865
v 0.932334 -0.251804 1.356686
v 0.879955 -0.269952 1.371133
v 0.855243 -0.264052 1.377548
v 0.878895 -0.262135 1.377037
v 0.855621 -0.254283 1.376319
v 0.831696 -0.251393 1.373425
v 0.834870 -0.245395 1.366281
v 0.813578 -0.239391 1.357502
v 0.818583 -0.240677 1.349112
v 0.802200 -0.235076 1.334565
v 0.805864 -0.242893 1.329816
v 0.794415 -0.240977 1.311766
v 0.793514 -0.250746 1.312684
v 0.784342 -0.253636 1.294092
v 0.778244 -0.259634 1.298982
v 0.768062 -0.265638 1.281185
v 0.759768 -0.264352 1.286347
v 0.746977 -0.269952 1.268691
v 0.741542 -0.262135 1.271229
v 0.727598 -0.264052 1.252159
v 0.728820 -0.254283 1.251759
v 0.717503 -0.251393 1.230538
v 0.725169 -0.245394 1.229012
v 0.720153 -0.239391 1.206586
v 0.729892 -0.240677 1.205830
v 0.732319 -0.235076 1.184093
v 0.738312 -0.242893 1.184335
v 0.746200 -0.240977 1.164558
v 0.744930 -0.250746 1.164355
v 0.754599 -0.253636 1.146104
v 0.747084 -0.259634 1.143952
v 0.755581 -0.265638 1.125302
v 0.746580 -0.264352 1.121504
v 0.753699 -0.269952 1.100873
v 0.748491 -0.262135 1.097896
v 0.756070 -0.264052 1.075512
v 0.757102 -0.254283 1.076279
v 0.767916 -0.251393 1.054797
v 0.773595 -0.245394 1.060168
v 0.789028 -0.239391 1.043124
v 0.795279 -0.240677 1.050631
v 0.814476 -0.235076 1.040117
v 0.817739 -0.242893 1.045150
v 0.838484 -0.240977 1.040310
v 0.837918 -0.250746 1.039155
v 0.858422 -0.253636 1.036659
v 0.855849 -0.259634 1.029277
v 0.875965 -0.265638 1.025566
v 0.873879 -0.264352 1.016023
v 0.894772 -0.269952 1.009777
v 0.894198 -0.262135 1.003806
v 0.916816 -0.264052 0.996860
v 0.916787 -0.254283 0.998145
v 0.940590 -0.251393 0.994305
v 0.939498 -0.245394 1.002045
v 0.962370 -0.239391 1.004767
v 0.959857 -0.240677 1.014207
v 0.979519 -0.235076 1.023897
v 0.977292 -0.242893 1.029466
v 0.993197 -0.240977 1.043682
v 0.993814 -0.250746 1.042554
v 1.007678 -0.253636 1.057918
v 1.012220 -0.259634 1.051556
v 1.026859 -0.265638 1.065889
v 1.033439 -0.264352 1.058668
v 1.050572 -0.269952 1.072148
v 1.055110 -0.262135 1.068225
v 1.073756 -0.264052 1.082728
v 1.072690 -0.254283 1.083448
v 1.089421 -0.251393 1.100731
v 1.082467 -0.245394 1.104301
v 1.093470 -0.239391 1.124493
v 1.084308 -0.240677 1.127882
v 1.087890 -0.235076 1.149456
v 1.082055 -0.242893 1.150846
v 1.079796 -0.240977 1.172008
v 1.081074 -0.250746 1.171861
v 1.076766 -0.253636 1.192094
v 1.084583 -0.259634 1.192123
v 1.081292 -0.265638 1.212405
v 1.090989 -0.264352 1.213591
v 1.089799 -0.269952 1.235364
v 1.095624 -0.262135 1.236798
v 1.094479 -0.264052 1.260393
v 1.093276 -0.254283 1.259938
v 1.088754 -0.251393 1.283560
v 1.081826 -0.245394 1.279938
v 1.071635 -0.239391 1.300542
v 1.063579 -0.240677 1.295015
v 1.047985 -0.235076 1.310359
v 1.043478 -0.242893 1.306402
v 1.024846 -0.240977 1.316732
v 1.025705 -0.250746 1.317689
v 1.006661 -0.253636 1.325729
v 1.011155 -0.259634 1.332125
v 0.992822 -0.265638 1.341239
v 0.997446 -0.264352 1.349845
v 0.979065 -0.269952 1.361596
v 0.981251 -0.262135 1.367182
v 0.961356 -0.264052 1.380024
v 0.961034 -0.254283 1.378779
v 0.939128 -0.251393 1.388907
v 0.938094 -0.245394 1.381159
v 0.915343 -0.239391 1.384613
v 0.915199 -0.240677 1.374845
v 0.893642 -0.235076 1.370865
v 0.894261 -0.242893 1.364898
v 0.875073 -0.240977 1.355599
v 0.874789 -0.250746 1.356853
v 0.857266 -0.253636 1.345905
v 0.854637 -0.259634 1.353266
v 0.836653 -0.265638 1.343509
v 0.832289 -0.264352 1.352249
v 0.812126 -0.269952 1.343965
v 0.808825 -0.262135 1.348974
v 0.786921 -0.264052 1.340100
v 0.787752 -0.254283 1.339118
v 0.766932 -0.251393 1.327055
v 0.772652 -0.245394 1.321726
v 0.756535 -0.239391 1.305313
v 0.764422 -0.240677 1.299549
v 0.755044 -0.235076 1.279773
v 0.760274 -0.242893 1.276836
v 0.756637 -0.240977 1.255856
v 0.755448 -0.250746 1.256347
v 0.754188 -0.253636 1.235707
v 0.746657 -0.259634 1.237803
v 0.744375 -0.265638 1.217415
v 0.734717 -0.264352 1.218888
v 0.729985 -0.269952 1.197602
v 0.723990 -0.262135 1.197801
v 0.718670 -0.264052 1.174807
v 0.719951 -0.254283 1.174916
v 0.717800 -0.251393 1.150971
v 0.725455 -0.245394 1.152555
v 0.729577 -0.239391 1.129937
v 0.738837 -0.240677 1.133048
v 0.749614 -0.235076 1.114019
v 0.755029 -0.242893 1.116597
v 0.770117 -0.240977 1.101577
v 0.769030 -0.250746 1.100889
v 0.785157 -0.253636 1.087956
v 0.779095 -0.259634 1.083021
v 0.794261 -0.265638 1.069232
v 0.787470 -0.264352 1.062209
v 0.801960 -0.269952 1.045861
v 0.798331 -0.262135 1.041085
v 0.813971 -0.264052 1.023290
v 0.814622 -0.254283 1.024400
v 0.833026 -0.251393 1.008877
v 0.836146 -0.245394 1.016045
v 0.857071 -0.239391 1.006461
v 0.859867 -0.240677 1.015821
v 0.881670 -0.235076 1.013768
v 0.882686 -0.242893 1.019679
v 0.903684 -0.240977 1.023454
v 0.903618 -0.250746 1.022169
v 0.923497 -0.253636 1.027931
v 0.924016 -0.259634 1.020131
v 0.944007 -0.265638 1.024550
v 0.945806 -0.264352 1.014948
v 0.967480 -0.269952 1.017343
v 0.969283 -0.262135 1.011623
v 0.992809 -0.264052 1.014140
v 0.992278 -0.254283 1.015311
v 1.015635 -0.251393 1.021233
v 1.011579 -0.245394 1.027915
v 1.031582 -0.239391 1.039325
v 1.025556 -0.240677 1.047014
v 1.039958 -0.235076 1.063533
v 1.035724 -0.242894 1.067782
v 1.073961 -0.251804 1.079057
v 1.066046 -0.270670 1.084574
v 0.935933 -0.241951 1.387043
v 1.057340 -0.269083 1.077232
v 0.935933 -0.251804 1.387043
v 0.933420 -0.270670 1.365848
v 0.859927 -0.235946 1.362286
v 0.844348 -0.242807 1.344946
v 0.827979 -0.255355 1.333365
v 0.807445 -0.266239 1.327768
v 0.783232 -0.269083 1.323159
v 0.760031 -0.262221 1.313586
v 0.744200 -0.249673 1.296035
v 0.739197 -0.238790 1.272324
v 0.742768 -0.235946 1.247188
v 0.748066 -0.242807 1.224454
v 0.748174 -0.255355 1.204411
v 0.740897 -0.266239 1.184440
v 0.730437 -0.269083 1.162032
v 0.724641 -0.262221 1.137523
v 0.729686 -0.249673 1.114374
v 0.746245 -0.238790 1.096613
v 0.768888 -0.235946 1.085028
v 0.790557 -0.242807 1.076209
v 0.807014 -0.255355 1.064721
v 0.819147 -0.266239 1.047321
v 0.831460 -0.269083 1.025974
v 0.848164 -0.262221 1.007233
v 0.869963 -0.249673 0.998109
v 0.893950 -0.238790 1.001231
v 0.916463 -0.235946 1.012820
v 0.936236 -0.242807 1.025162
v 0.955139 -0.255355 1.031927
v 0.976331 -0.266239 1.031868
v 1.000858 -0.269083 1.029676
v 1.025784 -0.262221 1.032555
v 1.045789 -0.249673 1.045114
v 1.057066 -0.238790 1.066532
v 1.060525 -0.235946 1.091662
v 1.061699 -0.242807 1.114964
v 1.067109 -0.255355 1.134242
v 1.079538 -0.266239 1.151446
v 1.095656 -0.269083 1.170187
v 1.107928 -0.262221 1.192209
v 1.109190 -0.249673 1.215816
v 1.098136 -0.238790 1.237417
v 1.079548 -0.235946 1.254743
v 1.061139 -0.242807 1.269120
v 1.048459 -0.255355 1.284641
v 1.041533 -0.266239 1.304696
v 1.035510 -0.269083 1.328612
v 1.024577 -0.262221 1.351226
v 1.006125 -0.249673 1.365998
v 0.982193 -0.238790 1.369591
v 0.957364 -0.235946 1.364567
v 0.935005 -0.242807 1.358018
v 0.914929 -0.255355 1.356510
v 0.894527 -0.266239 1.362325
v 0.871546 -0.269083 1.371169
v 0.846787 -0.262221 1.375252
v 0.824097 -0.249673 1.368655
v 0.807402 -0.238790 1.351134
v 0.797229 -0.235946 1.327909
v 0.789732 -0.242807 1.305811
v 0.779226 -0.255355 1.288729
v 0.762529 -0.266239 1.275569
v 0.741882 -0.269083 1.261952
v 0.724167 -0.262221 1.244062
v 0.716590 -0.249673 1.221654
v 0.721405 -0.238790 1.197886
v 0.734577 -0.235946 1.176159
v 0.748316 -0.242807 1.157284
v 0.756219 -0.255355 1.138889
v 0.757365 -0.266239 1.117710
v 0.756625 -0.269083 1.093041
v 0.760991 -0.262221 1.068282
v 0.774723 -0.249673 1.049028
v 0.796766 -0.238790 1.039025
v 0.822049 -0.235946 1.037061
v 0.845464 -0.242807 1.037450
v 0.865114 -0.255355 1.033391
v 0.883124 -0.266239 1.022229
v 0.902862 -0.269083 1.007510
v 0.925565 -0.262221 0.996837
v 0.949183 -0.249673 0.996925
v 0.970061 -0.238790 1.009155
v 0.986217 -0.235946 1.028680
v 0.999466 -0.242807 1.047873
v 1.014245 -0.255355 1.061447
v 1.033898 -0.266239 1.069614
v 0.933338 -0.237024 1.365160
v 0.964199 -0.258675 1.055376
v 0.962831 -0.264379 1.050723
v 0.966604 -0.264253 1.037370
v 0.949566 -0.260931 1.055586
v 0.957411 -0.253007 1.032301
v 0.959114 -0.256967 1.038089
v 0.951469 -0.260081 1.063308
v 0.930136 -0.260432 1.088949
v 0.939622 -0.254694 1.070942
v 0.939857 -0.256920 1.072109
v 0.930605 -0.261354 1.091890
v 0.920309 -0.261387 1.109071
v 0.920672 -0.260465 1.112103
v 0.909021 -0.256999 1.122050
v 0.909132 -0.254773 1.123326
v 0.896718 -0.249839 1.127098
v 0.896646 -0.247612 1.125812
v 0.883885 -0.244100 1.119688
v 0.883779 -0.243178 1.116583
v 0.871235 -0.243145 1.107898
v 0.871194 -0.244067 1.104806
v 0.858811 -0.247533 1.094909
v 0.858810 -0.249759 1.093633
v 0.846487 -0.254694 1.088250
v 0.846472 -0.256920 1.089519
v 0.833974 -0.260432 1.087464
v 0.833918 -0.261354 1.090517
v 0.821288 -0.261387 1.089978
v 0.821217 -0.260465 1.093023
v 0.808579 -0.256999 1.090280
v 0.808546 -0.254773 1.091540
v 0.796042 -0.249839 1.083772
v 0.796075 -0.247612 1.082512
v 0.783693 -0.244100 1.069966
v 0.783771 -0.243178 1.066925
v 0.771393 -0.243145 1.052922
v 0.771460 -0.244067 1.049875
v 0.758984 -0.247533 1.037816
v 0.759007 -0.249759 1.036551
v 0.746403 -0.254694 1.029649
v 0.746385 -0.256920 1.030917
v 0.733702 -0.260432 1.029907
v 0.733677 -0.261354 1.032976
v 0.721065 -0.261387 1.034032
v 0.721059 -0.260465 1.037109
v 0.708544 -0.256999 1.037086
v 0.708550 -0.254773 1.038364
v 0.696061 -0.249839 1.034868
v 0.696046 -0.247612 1.033587
v 0.683454 -0.244100 1.025219
v 0.683395 -0.243178 1.022122
v 0.670674 -0.243145 1.012463
v 0.670591 -0.244067 1.009362
v 0.657854 -0.247533 1.003609
v 0.657810 -0.249759 1.002323
v 0.645191 -0.254694 1.001426
v 0.645245 -0.256920 1.002713
v 0.632879 -0.260432 1.006706
v 0.633034 -0.261354 1.009812
v 0.620903 -0.261387 1.015853
v 0.621059 -0.260465 1.018958
v 0.608833 -0.256999 1.023015
v 0.608897 -0.254773 1.024302
v 0.596427 -0.249839 1.023504
v 0.596362 -0.247612 1.022218
v 0.583646 -0.244100 1.016540
v 0.583490 -0.243178 1.013435
v 0.577174 -0.243139 1.011418
v 0.577530 -0.249481 1.018506
v 0.577519 -0.245133 1.018279
v 0.949404 -0.247533 1.054929
v 0.949132 -0.249759 1.053825
v 0.576523 -0.256004 0.998476
v 0.576813 -0.261993 1.004251
v 0.577093 -0.256639 1.009817
v 0.576391 -0.249454 0.995862
v 0.959777 -0.259049 1.040343
v 0.952323 -0.260133 1.066772
v 0.963789 -0.254012 1.053980
v 0.967554 -0.259343 1.040372
v 0.930229 -0.245504 1.089531
v 0.942391 -0.244449 1.084690
v 0.941640 -0.244372 1.080962
v 0.929779 -0.247533 1.086706
v 0.918638 -0.250520 1.095120
v 0.918626 -0.253467 1.095014
v 0.907225 -0.256559 1.101383
v 0.907469 -0.258697 1.104192
v 0.895869 -0.260083 1.111944
v 0.896099 -0.260161 1.116053
v 0.883864 -0.259028 1.119074
v 0.883966 -0.257000 1.122056
v 0.871422 -0.254012 1.122130
v 0.871423 -0.251066 1.122238
v 0.858817 -0.247973 1.115560
v 0.858816 -0.245835 1.112753
v 0.846311 -0.244449 1.103205
v 0.846359 -0.244372 1.099150
v 0.833963 -0.245504 1.088068
v 0.834017 -0.247533 1.085135
v 0.821616 -0.250520 1.075966
v 0.821618 -0.253467 1.075860
v 0.809110 -0.256559 1.069894
v 0.809038 -0.258697 1.072665
v 0.796426 -0.260083 1.068930
v 0.796322 -0.260161 1.072954
v 0.783708 -0.259028 1.069365
v 0.783633 -0.257000 1.072285
v 0.771083 -0.254012 1.066945
v 0.771081 -0.251066 1.067051
v 0.758608 -0.247973 1.058291
v 0.758659 -0.245835 1.055508
v 0.746194 -0.244449 1.044588
v 0.746250 -0.244372 1.040537
v 0.733697 -0.245504 1.030514
v 0.733720 -0.247533 1.027565
v 0.721093 -0.250520 1.019873
v 0.721093 -0.253467 1.019766
v 0.708450 -0.256559 1.016403
v 0.708462 -0.258697 1.019214
v 0.695881 -0.260083 1.019777
v 0.695930 -0.260161 1.023869
v 0.683443 -0.259028 1.024607
v 0.683500 -0.257000 1.027582
v 0.671054 -0.254012 1.026737
v 0.671057 -0.251066 1.026845
v 0.658569 -0.247973 1.024428
v 0.658472 -0.245835 1.021598
v 0.645829 -0.244449 1.016588
v 0.645656 -0.244372 1.012477
v 0.632910 -0.245504 1.007321
v 0.632762 -0.247533 1.004337
v 0.620184 -0.250520 1.001561
v 0.620179 -0.253467 1.001453
v 0.607785 -0.256559 1.002190
v 0.607928 -0.258697 1.005020
v 0.595665 -0.260083 1.008345
v 0.595871 -0.260161 1.012455
v 0.583616 -0.259028 1.015926
v 0.583766 -0.257000 1.018909
v 0.577263 -0.250994 1.013186
v 0.960409 -0.243145 1.042490
v 0.959674 -0.244067 1.039994
v 0.960532 -0.263279 1.042910
v 0.962999 -0.259343 1.025981
v 0.584128 -0.253039 1.026109
v 0.962392 -0.240656 1.049231
v 0.966857 -0.242039 1.038170
v 0.963814 -0.251066 1.054067
v 0.967258 -0.255050 1.039437
v 0.950139 -0.241523 1.057910
v 0.953808 -0.247973 1.072803
v 0.953210 -0.245835 1.070374
v 0.952042 -0.240674 1.065632
v 0.939996 -0.243522 1.072803
v 0.932788 -0.250540 1.105592
v 0.943674 -0.256608 1.091063
v 0.944752 -0.254320 1.096414
v 0.933077 -0.245931 1.107405
v 0.920621 -0.245483 1.111679
v 0.920248 -0.241253 1.108562
v 0.907831 -0.244399 1.108356
v 0.907277 -0.243027 1.101975
v 0.895475 -0.247924 1.104921
v 0.895145 -0.250212 1.099023
v 0.883285 -0.253992 1.102117
v 0.883219 -0.258601 1.100203
v 0.871200 -0.259049 1.105238
v 0.871242 -0.263279 1.108418
v 0.858815 -0.260133 1.108593
v 0.858817 -0.261506 1.114969
v 0.846230 -0.256608 1.110136
v 0.846161 -0.254320 1.115957
v 0.833656 -0.250540 1.104744
v 0.833621 -0.245931 1.106627
v 0.821227 -0.245483 1.092597
v 0.821300 -0.241253 1.089467
v 0.808931 -0.244399 1.076772
v 0.809095 -0.243027 1.070478
v 0.796604 -0.247924 1.062051
v 0.796753 -0.250212 1.056274
v 0.784135 -0.253992 1.052756
v 0.784183 -0.258601 1.050880
v 0.771451 -0.259049 1.050302
v 0.771381 -0.263279 1.053434
v 0.758735 -0.260133 1.051383
v 0.758619 -0.261506 1.057705
v 0.746097 -0.256608 1.051512
v 0.746016 -0.254320 1.057326
v 0.733563 -0.250540 1.047276
v 0.733548 -0.245931 1.049169
v 0.721060 -0.245483 1.036679
v 0.721066 -0.241253 1.033516
v 0.708481 -0.244399 1.023381
v 0.708452 -0.243027 1.016995
v 0.695798 -0.247924 1.012782
v 0.695728 -0.250212 1.006908
v 0.683118 -0.253992 1.007689
v 0.683081 -0.258601 1.005779
v 0.670603 -0.259049 1.009796
v 0.670688 -0.263279 1.012984
v 0.658328 -0.260133 1.017404
v 0.658549 -0.261506 1.023832
v 0.646125 -0.256608 1.023615
v 0.646373 -0.254320 1.029516
v 0.633754 -0.250540 1.024284
v 0.633850 -0.245931 1.026199
v 0.621037 -0.245483 1.018524
v 0.620877 -0.241253 1.015332
v 0.608139 -0.244399 1.009216
v 0.607815 -0.243027 1.002786
v 0.595311 -0.247924 1.001318
v 0.595014 -0.250212 0.995418
v 0.582762 -0.253992 0.998964
v 0.582666 -0.258601 0.997049
v 0.938987 -0.248683 1.067792
v 0.964095 -0.244616 1.055019
v 0.928692 -0.251493 1.079889
v 0.928871 -0.257943 1.081011
v 0.918487 -0.259916 1.093858
v 0.919329 -0.263876 1.100887
v 0.907946 -0.263858 1.109675
v 0.908722 -0.263009 1.118603
v 0.896603 -0.261010 1.125047
v 0.896913 -0.255849 1.130569
v 0.884211 -0.253039 1.129254
v 0.884171 -0.246590 1.128069
v 0.871439 -0.244616 1.123417
v 0.871345 -0.240656 1.116248
v 0.858814 -0.240674 1.107275
v 0.858812 -0.241523 1.098353
v 0.846463 -0.243522 1.090274
v 0.846528 -0.248683 1.084824
v 0.834147 -0.251493 1.078056
v 0.834126 -0.257943 1.079221
v 0.821645 -0.259916 1.074699
v 0.821480 -0.263876 1.081758
v 0.808897 -0.263858 1.078073
v 0.808668 -0.263009 1.086881
v 0.796094 -0.261010 1.081763
v 0.795954 -0.255849 1.087172
v 0.783453 -0.253039 1.079335
v 0.783482 -0.246590 1.078175
v 0.771055 -0.244616 1.068213
v 0.771211 -0.240656 1.061149
v 0.758759 -0.240674 1.050076
v 0.758921 -0.241523 1.041230
v 0.746374 -0.243522 1.031671
v 0.746451 -0.248683 1.026227
v 0.733777 -0.251493 1.020450
v 0.733768 -0.257943 1.021621
v 0.721096 -0.259916 1.018592
v 0.721082 -0.263876 1.025725
v 0.708488 -0.263858 1.024701
v 0.708528 -0.263009 1.033637
v 0.696036 -0.261010 1.032826
v 0.696102 -0.255849 1.038325
v 0.683638 -0.253039 1.034762
v 0.683615 -0.246590 1.033581
v 0.671088 -0.244616 1.028028
v 0.670897 -0.240656 1.020837
v 0.658282 -0.240674 1.016075
v 0.657973 -0.241523 1.007081
v 0.645278 -0.243522 1.003478
v 0.645045 -0.248683 0.997953
v 0.632403 -0.251493 0.997137
v 0.632462 -0.257943 0.998322
v 0.620119 -0.259916 1.000269
v 0.620481 -0.263876 1.007469
v 0.608206 -0.263858 1.010545
v 0.608658 -0.263009 1.019542
v 0.596324 -0.261010 1.021453
v 0.596602 -0.255849 1.026977
v 0.584068 -0.246590 1.024925
v 0.953682 -0.261506 1.072291
v 0.955365 -0.257357 1.079120
v 0.945032 -0.247353 1.097806
v 0.955041 -0.250391 1.077803
v 0.943579 -0.243205 1.090589
v 0.931870 -0.263844 1.099828
v 0.921652 -0.257975 1.120288
v 0.909432 -0.248763 1.126772
v 0.896452 -0.241602 1.122340
v 0.883493 -0.240689 1.108202
v 0.871085 -0.246557 1.096456
v 0.858809 -0.255770 1.090190
v 0.846432 -0.262930 1.092945
v 0.833766 -0.263844 1.098760
v 0.821025 -0.257975 1.101243
v 0.808458 -0.248763 1.094939
v 0.796163 -0.241602 1.079112
v 0.783982 -0.240689 1.058715
v 0.771642 -0.246557 1.041649
v 0.759070 -0.255770 1.033136
v 0.746337 -0.262930 1.034339
v 0.733611 -0.263844 1.041261
v 0.721043 -0.257975 1.045416
v 0.708565 -0.248763 1.041813
v 0.696004 -0.241602 1.030130
v 0.683234 -0.240689 1.013760
v 0.670368 -0.246557 1.000988
v 0.657691 -0.255770 0.998851
v 0.645392 -0.262930 1.006186
v 0.633452 -0.263844 1.018197
v 0.621481 -0.257975 1.027343
v 0.609072 -0.248763 1.027774
v 0.596188 -0.241602 1.018745
v 0.583069 -0.240689 1.005050
v 0.576668 -0.243286 1.001364
v 0.932204 -0.240227 1.101925
v 0.919112 -0.240154 1.099075
v 0.906590 -0.247175 1.094079
v 0.895059 -0.257179 1.097489
v 0.883417 -0.264305 1.105988
v 0.871369 -0.264379 1.118095
v 0.858819 -0.257357 1.122859
v 0.846144 -0.247353 1.117471
v 0.833726 -0.240227 1.100937
v 0.821523 -0.240154 1.079938
v 0.809297 -0.247175 1.062688
v 0.796792 -0.257179 1.054772
v 0.784037 -0.264305 1.056547
v 0.771171 -0.264379 1.062969
v 0.758476 -0.257357 1.065528
v 0.745994 -0.247353 1.058838
v 0.733594 -0.240227 1.043450
v 0.721085 -0.240154 1.023887
v 0.708416 -0.247175 1.009092
v 0.695710 -0.257179 1.005381
v 0.683192 -0.264305 1.011551
v 0.670946 -0.264379 1.022690
v 0.658822 -0.257357 1.031786
v 0.646438 -0.247353 1.031051
v 0.633562 -0.240227 1.020411
v 0.620388 -0.240154 1.005613
v 0.607415 -0.247175 0.994829
v 0.594937 -0.257179 0.993883
v 0.582957 -0.264305 1.002836
v 0.965325 -0.243897 1.033328
v 0.961855 -0.251797 1.022366
v 0.940491 -0.262930 1.075258
v 0.942134 -0.263779 1.083418
v 0.932956 -0.259883 1.106645
v 0.948398 -0.255770 1.050845
v 0.943144 -0.258618 1.088428
v 0.932777 -0.253434 1.105524
v 0.921790 -0.251526 1.121444
v 0.920949 -0.247565 1.114416
v 0.908955 -0.243602 1.121290
v 0.908179 -0.244451 1.112361
v 0.895948 -0.240753 1.113347
v 0.895638 -0.245914 1.107825
v 0.883247 -0.244649 1.101004
v 0.883287 -0.251098 1.102189
v 0.871069 -0.253007 1.095277
v 0.871163 -0.256967 1.102447
v 0.858811 -0.260931 1.095668
v 0.858814 -0.260081 1.104590
v 0.846328 -0.263779 1.101821
v 0.846264 -0.258618 1.107271
v 0.833636 -0.259883 1.105839
v 0.833657 -0.253434 1.104674
v 0.820998 -0.251526 1.102405
v 0.821163 -0.247565 1.095346
v 0.808599 -0.243602 1.089531
v 0.808828 -0.244451 1.080723
v 0.796390 -0.240753 1.070304
v 0.796530 -0.245914 1.064895
v 0.784162 -0.244649 1.051666
v 0.784133 -0.251098 1.052826
v 0.771667 -0.253007 1.040486
v 0.771511 -0.256967 1.047551
v 0.758970 -0.260931 1.038568
v 0.758808 -0.260081 1.047414
v 0.746213 -0.263779 1.043205
v 0.746137 -0.258618 1.048649
v 0.733555 -0.259883 1.048376
v 0.733564 -0.253434 1.047206
v 0.721041 -0.251526 1.046590
v 0.721055 -0.247565 1.039456
v 0.708540 -0.243602 1.036326
v 0.708500 -0.244451 1.027390
v 0.695898 -0.240753 1.021173
v 0.695832 -0.245914 1.015674
v 0.683096 -0.244649 1.006579
v 0.683119 -0.251098 1.007761
v 0.670337 -0.253007 0.999805
v 0.670528 -0.256967 1.006996
v 0.657880 -0.260931 1.004374
v 0.658189 -0.260081 1.013369
v 0.645770 -0.263779 1.015185
v 0.646003 -0.258618 1.020710
v 0.633810 -0.259883 1.025397
v 0.633751 -0.253434 1.024212
v 0.621540 -0.251526 1.028527
v 0.621178 -0.247565 1.021327
v 0.608794 -0.243602 1.022250
v 0.608342 -0.244451 1.013252
v 0.595735 -0.240753 1.009748
v 0.595457 -0.245914 1.004223
v 0.582707 -0.244649 0.997851
v 0.582766 -0.251098 0.999035
v 0.957691 -0.246557 1.033253
v 0.963792 -0.242039 1.028486
v 0.968794 -0.251797 1.044289
v 0.968794 -0.245292 1.044289
v 0.963949 -0.264253 1.028983
v 0.930737 -0.241327 1.092723
v 0.918435 -0.245857 1.093426
v 0.906723 -0.254142 1.095601
v 0.895505 -0.261327 1.105443
v 0.883749 -0.263205 1.115703
v 0.871445 -0.258675 1.123858
v 0.858819 -0.250390 1.121338
v 0.846236 -0.243205 1.109621
v 0.833902 -0.241327 1.091383
v 0.821655 -0.245857 1.074264
v 0.809258 -0.254142 1.064190
v 0.796590 -0.261327 1.062562
v 0.783793 -0.263205 1.066063
v 0.771046 -0.258675 1.068648
v 0.758503 -0.250390 1.064019
v 0.746104 -0.243205 1.050997
v 0.733670 -0.241327 1.033846
v 0.721096 -0.245857 1.018153
v 0.708423 -0.254142 1.010616
v 0.695804 -0.261327 1.013302
v 0.683378 -0.263205 1.021244
v 0.671100 -0.258675 1.028470
v 0.658769 -0.250390 1.030252
v 0.646103 -0.243205 1.023093
v 0.633078 -0.241327 1.010693
v 0.620097 -0.245857 0.999826
v 0.607492 -0.254142 0.996363
v 0.595337 -0.261327 1.001840
v 0.583446 -0.263205 1.012554
v 0.961855 -0.245292 1.022366
v 0.963391 -0.255050 1.027218
v 0.927501 -0.281043 1.392396
v 0.927078 -0.289962 1.385923
v 0.938445 -0.289765 1.383356
v 0.904712 -0.284570 1.366711
v 0.925404 -0.272180 1.360293
v 0.925930 -0.278372 1.368346
v 0.904304 -0.283243 1.376788
v 0.861849 -0.283791 1.365138
v 0.884005 -0.274818 1.362677
v 0.883795 -0.278299 1.364104
v 0.860975 -0.285233 1.368508
v 0.837397 -0.285284 1.368883
v 0.836167 -0.283842 1.372139
v 0.812554 -0.278423 1.367640
v 0.811903 -0.274942 1.368926
v 0.791177 -0.267226 1.357086
v 0.791962 -0.263745 1.355877
v 0.776124 -0.258253 1.337810
v 0.778320 -0.256811 1.335109
v 0.766743 -0.256760 1.314531
v 0.769213 -0.258202 1.312078
v 0.759220 -0.263621 1.292410
v 0.760346 -0.267102 1.291508
v 0.748370 -0.274818 1.274440
v 0.747155 -0.278299 1.275217
v 0.732027 -0.283791 1.259345
v 0.728911 -0.285233 1.260895
v 0.712943 -0.285284 1.243462
v 0.709677 -0.283842 1.244669
v 0.697348 -0.278423 1.223953
v 0.695949 -0.274942 1.224305
v 0.691118 -0.267226 1.200879
v 0.692546 -0.263745 1.200679
v 0.696226 -0.258253 1.176819
v 0.699705 -0.256811 1.176703
v 0.707972 -0.256760 1.154501
v 0.711444 -0.258202 1.154753
v 0.719486 -0.263621 1.134321
v 0.720905 -0.267102 1.134578
v 0.725569 -0.274818 1.114275
v 0.724186 -0.278299 1.113868
v 0.726067 -0.283791 1.091939
v 0.722853 -0.285233 1.090602
v 0.725811 -0.285284 1.067204
v 0.722758 -0.283842 1.065530
v 0.730545 -0.278423 1.042794
v 0.729362 -0.274942 1.041970
v 0.744000 -0.267226 1.023123
v 0.745089 -0.263745 1.024068
v 0.765204 -0.258253 1.010925
v 0.767575 -0.256811 1.013474
v 0.789574 -0.256760 1.004899
v 0.791661 -0.258202 1.007685
v 0.812376 -0.263621 1.000301
v 0.813112 -0.267102 1.001540
v 0.831707 -0.274818 0.992102
v 0.831108 -0.278299 0.990790
v 0.848954 -0.283791 0.978078
v 0.847855 -0.285233 0.974775
v 0.867359 -0.285284 0.961448
v 0.866621 -0.283842 0.958046
v 0.888847 -0.278423 0.948757
v 0.888694 -0.274942 0.947324
v 0.912539 -0.267226 0.945681
v 0.912541 -0.263745 0.947123
v 0.935674 -0.258253 0.954064
v 0.935311 -0.256811 0.957526
v 0.956157 -0.256760 0.968779
v 0.955426 -0.258202 0.972183
v 0.974510 -0.263621 0.983033
v 0.974058 -0.267102 0.984402
v 0.993476 -0.274818 0.991913
v 0.994073 -0.278299 0.990601
v 1.015565 -0.283791 0.995443
v 1.017337 -0.285233 0.992446
v 1.040156 -0.285284 0.998568
v 1.042237 -0.283842 0.995777
v 1.063652 -0.278423 1.006681
v 1.064632 -0.274942 1.005623
v 1.081239 -0.267226 1.022764
v 1.080153 -0.263745 1.023712
v 1.090346 -0.258253 1.045478
v 1.087494 -0.256811 1.047474
v 1.092891 -0.256760 1.070460
v 1.089842 -0.258202 1.072140
v 1.094396 -0.263621 1.093603
v 1.093066 -0.267102 1.094159
v 1.099848 -0.274818 1.113882
v 1.101230 -0.278299 1.113471
v 1.111265 -0.283791 1.132943
v 1.114689 -0.285233 1.132316
v 1.125125 -0.285284 1.153497
v 1.128596 -0.283842 1.153237
v 1.134726 -0.278423 1.176522
v 1.136167 -0.274942 1.176567
v 1.134532 -0.267226 1.200409
v 1.133104 -0.263745 1.200213
v 1.123095 -0.258253 1.222190
v 1.119717 -0.256811 1.221349
v 1.105636 -0.256760 1.240415
v 1.102368 -0.258202 1.239216
v 1.088910 -0.263621 1.256579
v 1.087618 -0.267102 1.255940
v 1.077420 -0.274818 1.274095
v 1.078637 -0.278299 1.274869
v 1.070812 -0.283791 1.295442
v 1.073533 -0.285233 1.297612
v 1.064502 -0.285284 1.319537
v 1.066978 -0.283842 1.321984
v 1.053175 -0.278423 1.341661
v 1.054087 -0.274942 1.342778
v 1.034775 -0.267226 1.356819
v 1.033987 -0.263745 1.355611
v 1.010990 -0.258253 1.362643
v 1.009410 -0.256811 1.359541
v 0.985890 -0.256760 1.361638
v 0.984652 -0.258202 1.358384
v 0.962772 -0.263621 1.359859
v 0.962408 -0.267102 1.358464
v 0.941959 -0.274818 1.362591
v 0.942172 -0.278299 1.364017
v 0.921458 -0.283791 1.371188
v 0.921606 -0.285233 1.374666
v 0.899186 -0.285284 1.382076
v 0.898966 -0.283842 1.385550
v 0.875060 -0.278423 1.388404
v 0.874817 -0.274942 1.389826
v 0.851441 -0.267226 1.384825
v 0.851835 -0.263745 1.383438
v 0.831414 -0.258253 1.370616
v 0.832720 -0.256811 1.367390
v 0.823998 -0.257936 1.359173
v 0.819695 -0.282087 1.368354
v 0.831673 -0.281596 1.369978
v 0.820265 -0.275375 1.367137
v 0.904746 -0.263621 1.365854
v 0.904804 -0.267102 1.364413
v 0.830694 -0.270289 1.344885
v 0.838775 -0.269196 1.352428
v 0.827730 -0.275375 1.351209
v 0.926135 -0.281628 1.371482
v 0.904122 -0.283323 1.381309
v 0.927374 -0.273753 1.390455
v 0.938954 -0.282087 1.387647
v 0.861676 -0.260448 1.365804
v 0.881530 -0.258798 1.379488
v 0.882201 -0.258677 1.374930
v 0.862515 -0.263620 1.362567
v 0.843061 -0.268291 1.353898
v 0.843104 -0.272899 1.353785
v 0.823102 -0.277734 1.346816
v 0.821669 -0.281078 1.349646
v 0.800432 -0.283245 1.342835
v 0.797922 -0.283366 1.346699
v 0.776558 -0.281596 1.337276
v 0.774449 -0.278424 1.339870
v 0.755374 -0.273753 1.325817
v 0.755288 -0.269145 1.325902
v 0.741001 -0.264309 1.307003
v 0.743478 -0.260966 1.305020
v 0.734052 -0.258798 1.283591
v 0.737934 -0.258677 1.281110
v 0.731411 -0.260448 1.259651
v 0.734405 -0.263620 1.258163
v 0.727969 -0.268291 1.237910
v 0.728082 -0.272899 1.237868
v 0.719987 -0.277734 1.218263
v 0.716910 -0.281078 1.219036
v 0.707947 -0.283245 1.198527
v 0.703384 -0.283366 1.199165
v 0.696914 -0.281596 1.176796
v 0.693572 -0.278424 1.176907
v 0.691994 -0.273753 1.153341
v 0.691874 -0.269145 1.153333
v 0.696515 -0.264309 1.130168
v 0.699637 -0.260966 1.130733
v 0.709268 -0.258798 1.109475
v 0.713688 -0.258677 1.110777
v 0.725431 -0.260448 1.091675
v 0.728519 -0.263620 1.092959
v 0.739858 -0.268291 1.074904
v 0.739964 -0.272899 1.074963
v 0.749699 -0.277734 1.056136
v 0.747096 -0.281078 1.054323
v 0.756832 -0.283245 1.034263
v 0.753352 -0.283366 1.031243
v 0.765673 -0.281596 1.011429
v 0.763395 -0.278424 1.008981
v 0.779969 -0.273753 0.992078
v 0.779896 -0.269145 0.991981
v 0.800451 -0.264309 0.980234
v 0.802071 -0.260966 0.982961
v 0.824641 -0.258798 0.976648
v 0.826557 -0.258677 0.980838
v 0.848737 -0.260448 0.977425
v 0.849792 -0.263620 0.980597
v 0.870755 -0.268291 0.977103
v 0.870781 -0.272899 0.977221
v 0.891333 -0.277734 0.971968
v 0.890995 -0.281078 0.968813
v 0.912557 -0.283245 0.962673
v 0.912552 -0.283366 0.958066
v 0.935602 -0.281596 0.954748
v 0.935951 -0.278424 0.951423
v 0.959519 -0.273753 0.953117
v 0.959545 -0.269145 0.952998
v 0.981833 -0.264309 0.960868
v 0.980837 -0.260966 0.963880
v 1.000509 -0.258798 0.976444
v 0.998602 -0.258677 0.980639
v 1.015915 -0.260448 0.994850
v 1.014213 -0.263620 0.997728
v 1.030578 -0.268291 1.011409
v 1.030506 -0.272899 1.011506
v 1.047787 -0.277734 1.023804
v 1.049943 -0.281078 1.021477
v 1.068432 -0.283245 1.033932
v 1.071905 -0.283366 1.030903
v 1.089782 -0.281596 1.045873
v 1.092522 -0.278424 1.043956
v 1.106922 -0.273753 1.062729
v 1.107028 -0.269145 1.062670
v 1.115931 -0.264309 1.084593
v 1.113004 -0.260966 1.085817
v 1.116138 -0.258798 1.109047
v 1.111721 -0.258677 1.110358
v 1.111942 -0.260448 1.132819
v 1.108653 -0.263620 1.133421
v 1.109150 -0.268291 1.154690
v 1.109029 -0.272899 1.154699
v 1.111394 -0.277734 1.175798
v 1.114565 -0.281078 1.175897
v 1.117698 -0.283245 1.198094
v 1.122263 -0.283366 1.198722
v 1.122427 -0.281596 1.222024
v 1.125672 -0.278424 1.222832
v 1.120674 -0.273753 1.245936
v 1.120788 -0.269145 1.245977
v 1.109834 -0.264309 1.266928
v 1.106990 -0.260966 1.265522
v 1.091758 -0.258798 1.283215
v 1.087870 -0.258677 1.280742
v 1.071350 -0.260448 1.295871
v 1.068735 -0.263620 1.293786
v 1.053109 -0.268291 1.308275
v 1.053023 -0.272899 1.308190
v 1.038410 -0.277734 1.323581
v 1.040417 -0.281078 1.326038
v 1.025490 -0.283245 1.342587
v 1.028008 -0.283366 1.346446
v 1.010678 -0.281596 1.362029
v 1.012195 -0.278424 1.365009
v 0.991586 -0.273753 1.376610
v 0.991629 -0.269145 1.376723
v 0.968679 -0.264309 1.382443
v 0.967876 -0.260966 1.379373
v 0.944470 -0.258798 1.379397
v 0.943789 -0.258677 1.374840
v 0.921487 -0.260448 1.371876
v 0.921345 -0.263620 1.368535
v 0.900196 -0.268291 1.366088
v 0.900204 -0.272899 1.365967
v 0.878993 -0.277734 1.365395
v 0.878459 -0.281078 1.368522
v 0.856085 -0.283245 1.368480
v 0.854825 -0.283366 1.372912
v 0.830418 -0.278424 1.373078
v 0.926330 -0.256760 1.374469
v 0.926103 -0.258202 1.370996
v 0.926368 -0.288242 1.375052
v 0.936515 -0.282087 1.367076
v 0.926943 -0.252867 1.383847
v 0.938581 -0.255030 1.384499
v 0.927382 -0.269145 1.390575
v 0.938795 -0.275375 1.386311
v 0.904589 -0.254223 1.369743
v 0.903804 -0.264309 1.389178
v 0.903932 -0.260966 1.386008
v 0.904182 -0.252896 1.379820
v 0.883670 -0.257350 1.364952
v 0.856905 -0.268323 1.384209
v 0.880382 -0.277812 1.387280
v 0.879419 -0.274233 1.393824
v 0.856366 -0.261116 1.386287
v 0.836339 -0.260416 1.371684
v 0.837604 -0.253801 1.368336
v 0.819544 -0.258721 1.353841
v 0.822800 -0.256574 1.347412
v 0.804721 -0.264232 1.336230
v 0.808324 -0.267810 1.330683
v 0.788553 -0.273721 1.322523
v 0.789907 -0.280928 1.320858
v 0.768868 -0.281628 1.312421
v 0.766328 -0.288242 1.314942
v 0.747148 -0.283323 1.302079
v 0.741523 -0.285469 1.306585
v 0.727415 -0.277812 1.287832
v 0.721842 -0.274233 1.291393
v 0.714387 -0.268323 1.268118
v 0.712465 -0.261116 1.269074
v 0.710134 -0.260416 1.244500
v 0.713491 -0.253801 1.243260
v 0.712349 -0.258721 1.220183
v 0.719338 -0.256574 1.218426
v 0.715747 -0.264232 1.197437
v 0.722297 -0.267810 1.196522
v 0.715917 -0.273721 1.176166
v 0.718063 -0.280928 1.176095
v 0.710958 -0.281628 1.154718
v 0.707389 -0.288242 1.154459
v 0.704265 -0.283323 1.131569
v 0.697173 -0.285469 1.130287
v 0.701713 -0.277812 1.107251
v 0.695368 -0.274233 1.105383
v 0.707875 -0.268323 1.084374
v 0.705893 -0.261116 1.083550
v 0.723185 -0.260416 1.065764
v 0.726323 -0.253801 1.067484
v 0.743237 -0.258721 1.051635
v 0.749151 -0.256574 1.055754
v 0.762779 -0.264232 1.039427
v 0.767773 -0.267810 1.043763
v 0.778625 -0.273721 1.025348
v 0.780087 -0.280928 1.026920
v 0.791369 -0.281628 1.007295
v 0.789223 -0.288242 1.004431
v 0.804474 -0.283323 0.987004
v 0.800792 -0.285469 0.980808
v 0.821366 -0.277812 0.969486
v 0.818615 -0.274233 0.963470
v 0.842733 -0.268323 0.959384
v 0.842056 -0.261116 0.957347
v 0.866724 -0.260416 0.958522
v 0.867483 -0.253801 0.962019
v 0.890494 -0.258721 0.964137
v 0.891261 -0.256574 0.971303
v 0.912566 -0.264232 0.970549
v 0.912573 -0.267811 0.977163
v 0.933618 -0.273721 0.973658
v 0.933394 -0.280928 0.975792
v 0.955528 -0.281628 0.971707
v 0.956279 -0.288242 0.968208
v 0.979362 -0.283323 0.968346
v 0.981623 -0.285469 0.961503
v 1.003769 -0.277812 0.969275
v 1.006507 -0.274233 0.963254
v 1.025594 -0.268323 0.978485
v 1.026687 -0.261116 0.976637
v 1.041946 -0.260416 0.996168
v 1.039806 -0.253801 0.999036
v 1.053140 -0.258721 1.018027
v 1.048241 -0.256574 1.023314
v 1.062496 -0.264232 1.039108
v 1.057511 -0.267810 1.043454
v 1.074204 -0.273721 1.056774
v 1.072445 -0.280928 1.058004
v 1.090269 -0.281628 1.071905
v 1.093403 -0.288242 1.070178
v 1.108665 -0.283323 1.087633
v 1.115314 -0.285469 1.084851
v 1.123688 -0.277812 1.106806
v 1.130029 -0.274233 1.104924
v 1.130645 -0.268323 1.129397
v 1.132756 -0.261116 1.129010
v 1.128111 -0.260416 1.153273
v 1.124542 -0.253801 1.153540
v 1.119266 -0.258721 1.176043
v 1.112062 -0.256574 1.175819
v 1.109896 -0.264232 1.197021
v 1.103343 -0.267810 1.196120
v 1.103977 -0.273721 1.217428
v 1.101894 -0.280928 1.216910
v 1.102825 -0.281628 1.239384
v 1.106185 -0.288242 1.240617
v 1.102775 -0.283323 1.263436
v 1.109235 -0.285469 1.266632
v 1.098403 -0.277812 1.287441
v 1.103984 -0.274233 1.290991
v 1.086215 -0.268323 1.307726
v 1.087893 -0.261116 1.309065
v 1.066631 -0.260416 1.321641
v 1.064086 -0.253801 1.319126
v 1.043392 -0.258721 1.329681
v 1.038833 -0.256574 1.324098
v 1.021186 -0.264232 1.335992
v 1.017572 -0.267810 1.330452
v 1.002050 -0.273721 1.345086
v 1.001076 -0.280928 1.343173
v 0.984825 -0.281628 1.358839
v 0.986097 -0.288242 1.362184
v 0.966686 -0.283323 1.374823
v 0.968510 -0.285469 1.381796
v 0.945634 -0.277812 1.387186
v 0.946612 -0.274233 1.393728
v 0.922295 -0.268323 1.390872
v 0.922386 -0.261116 1.393016
v 0.898997 -0.260416 1.385064
v 0.899223 -0.253801 1.381492
v 0.877666 -0.258721 1.373158
v 0.878881 -0.256574 1.366054
v 0.858237 -0.264232 1.360904
v 0.860044 -0.267811 1.354541
v 0.838805 -0.273721 1.352353
v 0.839610 -0.280928 1.350364
v 0.828485 -0.282087 1.349597
v 0.884573 -0.265420 1.358826
v 0.927469 -0.259060 1.391900
v 0.936724 -0.275375 1.368844
v 0.864540 -0.269813 1.354755
v 0.864207 -0.279898 1.356041
v 0.843573 -0.282984 1.352543
v 0.840720 -0.289177 1.360092
v 0.818871 -0.289148 1.355170
v 0.814313 -0.287821 1.364167
v 0.792429 -0.284694 1.355157
v 0.789057 -0.276624 1.360351
v 0.769358 -0.272231 1.346132
v 0.770195 -0.262146 1.345101
v 0.754346 -0.259060 1.326837
v 0.760073 -0.252867 1.321152
v 0.748311 -0.252896 1.301148
v 0.756182 -0.254223 1.294843
v 0.746433 -0.257350 1.275679
v 0.751651 -0.265420 1.272344
v 0.741631 -0.269813 1.254569
v 0.740442 -0.279898 1.255160
v 0.729328 -0.282984 1.237408
v 0.721758 -0.289177 1.240205
v 0.710904 -0.289148 1.220546
v 0.701123 -0.287821 1.223004
v 0.693395 -0.284694 1.200560
v 0.687263 -0.276624 1.201417
v 0.685507 -0.272231 1.177174
v 0.686834 -0.262146 1.177130
v 0.690550 -0.259060 1.153236
v 0.698599 -0.252867 1.153821
v 0.705731 -0.252896 1.131834
v 0.715655 -0.254223 1.133628
v 0.723363 -0.257350 1.113625
v 0.729303 -0.265420 1.115374
v 0.735970 -0.269813 1.096057
v 0.734744 -0.279898 1.095548
v 0.741128 -0.282984 1.075601
v 0.734052 -0.289177 1.071721
v 0.742015 -0.289148 1.050784
v 0.733739 -0.287821 1.045019
v 0.745737 -0.284694 1.024631
v 0.741061 -0.276624 1.020571
v 0.757897 -0.272231 1.003073
v 0.758802 -0.262146 1.004045
v 0.779100 -0.259060 0.990919
v 0.783939 -0.252867 0.997377
v 0.805235 -0.252896 0.988284
v 0.810387 -0.254223 0.996954
v 0.830751 -0.257350 0.990010
v 0.833326 -0.265420 0.995642
v 0.852340 -0.269813 0.988255
v 0.851921 -0.279898 0.986995
v 0.871062 -0.282984 0.978519
v 0.869351 -0.289177 0.970632
v 0.890335 -0.289148 0.962656
v 0.889262 -0.287821 0.952628
v 0.912542 -0.284694 0.947980
v 0.912535 -0.276624 0.941788
v 0.936794 -0.272231 0.943396
v 0.936655 -0.262146 0.944717
v 0.959823 -0.259060 0.951700
v 0.958129 -0.252867 0.959591
v 0.978895 -0.252896 0.969760
v 0.975731 -0.254223 0.979337
v 0.994428 -0.257350 0.989820
v 0.991865 -0.265420 0.995457
v 1.010105 -0.269813 1.004675
v 1.010781 -0.279898 1.003532
v 1.029712 -0.282984 1.012570
v 1.034537 -0.289177 1.006101
v 1.054152 -0.289148 1.016934
v 1.061007 -0.287821 1.009537
v 1.079506 -0.284694 1.024275
v 1.084173 -0.276624 1.020206
v 1.099134 -0.272231 1.039329
v 1.098046 -0.262146 1.040090
v 1.108191 -0.259060 1.062030
v 1.101122 -0.252867 1.065924
v 1.107291 -0.252896 1.088207
v 1.097988 -0.254223 1.092100
v 1.102053 -0.257350 1.113227
v 1.096116 -0.265420 1.114989
v 1.100715 -0.269813 1.134874
v 1.102021 -0.279898 1.134635
v 1.107705 -0.282984 1.154798
v 1.115753 -0.289177 1.154197
v 1.120754 -0.289148 1.176089
v 1.130835 -0.287821 1.176402
v 1.132254 -0.284694 1.200096
v 1.138389 -0.276624 1.200940
v 1.133502 -0.272231 1.224783
v 1.132214 -0.262146 1.224462
v 1.122034 -0.259060 1.246435
v 1.114458 -0.252867 1.243654
v 1.101440 -0.252896 1.262776
v 1.092400 -0.254223 1.258305
v 1.079360 -0.257350 1.275329
v 1.074135 -0.265420 1.272006
v 1.062426 -0.269813 1.288754
v 1.063464 -0.279898 1.289582
v 1.052079 -0.282984 1.307256
v 1.057818 -0.289177 1.312930
v 1.044334 -0.289148 1.330835
v 1.050713 -0.287821 1.338646
v 1.033519 -0.284694 1.354893
v 1.036902 -0.276624 1.360079
v 1.015857 -0.272231 1.372200
v 1.015255 -0.262146 1.371017
v 0.992101 -0.259060 1.377964
v 0.989231 -0.252867 1.370422
v 0.966309 -0.252896 1.373382
v 0.963757 -0.254223 1.363625
v 0.942299 -0.257350 1.364866
v 0.941383 -0.265420 1.358741
v 0.921002 -0.269813 1.360472
v 0.921058 -0.279898 1.361799
v 0.900287 -0.282984 1.364642
v 0.899778 -0.289177 1.372696
v 0.877415 -0.289148 1.374626
v 0.875716 -0.287821 1.384567
v 0.852069 -0.284694 1.382613
v 0.850377 -0.276624 1.388570
v 0.827391 -0.272231 1.380559
v 0.827889 -0.262146 1.379328
v 0.817301 -0.260116 1.373461
v 0.821040 -0.255030 1.365484
v 0.925491 -0.262095 1.361618
v 0.935902 -0.260116 1.361908
v 0.903831 -0.285469 1.388510
v 0.903470 -0.278983 1.397422
v 0.879168 -0.263340 1.395525
v 0.903540 -0.268089 1.395703
v 0.880468 -0.256853 1.386701
v 0.858617 -0.289125 1.377605
v 0.832844 -0.279949 1.380930
v 0.810144 -0.265544 1.372398
v 0.794082 -0.254347 1.352612
v 0.784249 -0.252918 1.327817
v 0.775883 -0.262095 1.305457
v 0.763384 -0.276500 1.289075
v 0.743875 -0.287697 1.277313
v 0.720496 -0.289125 1.265080
v 0.700862 -0.279949 1.247926
v 0.692174 -0.265544 1.225254
v 0.696401 -0.254347 1.200140
v 0.709098 -0.252918 1.176392
v 0.720817 -0.262095 1.155434
v 0.724735 -0.276500 1.135270
v 0.720452 -0.287697 1.112768
v 0.714175 -0.289125 1.086994
v 0.714518 -0.279949 1.061013
v 0.726168 -0.265544 1.039745
v 0.748029 -0.254347 1.026620
v 0.773977 -0.252918 1.020354
v 0.797296 -0.262095 1.015206
v 0.815101 -0.276500 1.004887
v 0.829489 -0.287697 0.987250
v 0.844887 -0.289125 0.965858
v 0.864628 -0.279949 0.948862
v 0.888279 -0.265544 0.943453
v 0.912545 -0.254347 0.951015
v 0.934330 -0.252918 0.966872
v 0.953453 -0.262095 0.981371
v 0.972837 -0.276500 0.988098
v 0.995684 -0.287697 0.987057
v 1.022121 -0.289125 0.984357
v 1.047856 -0.279949 0.988244
v 1.067278 -0.265544 1.002768
v 1.077219 -0.254347 1.026270
v 1.079794 -0.252918 1.052862
v 1.081611 -0.262095 1.076675
v 1.089475 -0.276500 1.095662
v 1.104962 -0.287697 1.112364
v 1.123934 -0.289125 1.130625
v 1.137968 -0.279949 1.152537
v 1.140058 -0.265544 1.176688
v 1.129247 -0.254347 1.199683
v 1.110598 -0.252918 1.219077
v 1.093546 -0.262095 1.235977
v 1.084129 -0.276500 1.254214
v 1.081921 -0.287697 1.276958
v 1.080881 -0.289125 1.303472
v 1.073661 -0.279949 1.328591
v 1.056549 -0.265544 1.345793
v 1.031860 -0.254347 1.352351
v 1.005146 -0.252918 1.351166
v 0.981310 -0.262095 1.349600
v 0.961423 -0.276500 1.354698
v 0.942747 -0.287697 1.367867
v 0.922005 -0.289125 1.384055
v 0.898374 -0.279949 1.394929
v 0.874161 -0.265544 1.393663
v 0.852899 -0.254347 1.379694
v 0.836246 -0.252918 1.358678
v 0.826955 -0.255030 1.352862
v 0.830694 -0.260116 1.344885
v 0.839273 -0.259111 1.351197
v 0.904962 -0.276500 1.360524
v 0.883228 -0.287697 1.367955
v 0.857994 -0.252197 1.380008
v 0.841455 -0.252082 1.358146
v 0.826831 -0.263061 1.339455
v 0.809260 -0.278704 1.329241
v 0.785815 -0.289847 1.325891
v 0.758597 -0.289962 1.322617
v 0.734562 -0.278983 1.312161
v 0.720393 -0.263340 1.292319
v 0.718273 -0.252197 1.266185
v 0.723709 -0.252082 1.239484
v 0.727988 -0.263061 1.216251
v 0.724001 -0.278704 1.196284
v 0.711579 -0.289847 1.176310
v 0.696524 -0.289962 1.153670
v 0.688396 -0.278983 1.128701
v 0.693719 -0.263340 1.104897
v 0.711883 -0.252197 1.086041
v 0.735875 -0.252082 1.072721
v 0.756469 -0.263061 1.060852
v 0.769071 -0.278704 1.044890
v 0.775668 -0.289847 1.022171
v 0.782692 -0.289962 0.995713
v 0.796236 -0.278983 0.973141
v 0.817900 -0.263340 0.961907
v 0.844104 -0.252197 0.963502
v 0.869792 -0.252082 0.972665
v 0.892211 -0.263061 0.980171
v 0.912574 -0.278704 0.978883
v 0.934071 -0.289847 0.969341
v 0.958566 -0.289962 0.957557
v 0.984421 -0.278983 0.953034
v 1.007218 -0.263340 0.961689
v 1.023385 -0.252197 0.982221
v 1.033294 -0.252082 1.007768
v 1.042179 -0.263061 1.029856
v 1.056215 -0.278704 1.044585
v 1.077760 -0.289847 1.054285
v 1.102944 -0.289962 1.064921
v 1.123542 -0.278983 1.081409
v 1.131678 -0.263340 1.104435
v 1.126375 -0.252197 1.130178
v 1.113679 -0.252082 1.154352
v 1.103147 -0.263061 1.175543
v 1.101640 -0.278704 1.195886
v 1.108189 -0.289847 1.218477
v 1.116411 -0.289962 1.244371
v 1.117229 -0.278983 1.270586
v 1.105435 -0.263340 1.291914
v 1.082821 -0.252197 1.305020
v 1.056339 -0.252082 1.311468
v 1.033192 -0.263061 1.317190
v 1.016632 -0.278704 1.329012
v 1.004019 -0.289847 1.348954
v 0.989971 -0.289962 1.372366
v 0.970766 -0.278983 1.390425
v 0.946866 -0.263340 1.395429
v 0.922110 -0.252197 1.386535
v 0.899910 -0.252082 1.370620
v 0.880384 -0.263061 1.357263
v 0.860514 -0.278704 1.352887
v 0.837177 -0.289847 1.356377
v 0.826652 -0.289765 1.353510
v 0.937760 -0.257936 1.377577
v 0.935902 -0.270288 1.361908
v 0.881759 -0.289025 1.377932
v 0.856591 -0.282933 1.385417
v 0.880857 -0.280954 1.384059
v 0.856925 -0.272848 1.384131
v 0.832375 -0.269864 1.382172
v 0.835228 -0.263672 1.374623
v 0.812942 -0.257473 1.366874
v 0.817499 -0.258801 1.357877
v 0.799575 -0.253019 1.344154
v 0.802948 -0.261090 1.338961
v 0.789340 -0.259111 1.321555
v 0.788503 -0.269196 1.322585
v 0.776825 -0.272180 1.304522
v 0.771098 -0.278372 1.310207
v 0.758551 -0.284570 1.292946
v 0.750679 -0.283243 1.299251
v 0.735377 -0.289025 1.282744
v 0.730159 -0.280954 1.286078
v 0.713270 -0.282933 1.268673
v 0.714459 -0.272848 1.268082
v 0.699617 -0.269864 1.248387
v 0.707187 -0.263672 1.245589
v 0.698180 -0.257473 1.223744
v 0.707961 -0.258801 1.221286
v 0.706389 -0.253019 1.198745
v 0.712522 -0.261090 1.197888
v 0.717164 -0.259111 1.176125
v 0.715837 -0.269196 1.176169
v 0.722141 -0.272180 1.155530
v 0.714092 -0.278372 1.154946
v 0.718642 -0.284570 1.134168
v 0.708717 -0.283243 1.132374
v 0.710777 -0.289025 1.109920
v 0.704837 -0.280954 1.108171
v 0.706723 -0.282933 1.083895
v 0.707949 -0.272848 1.084405
v 0.713353 -0.269864 1.060374
v 0.720430 -0.263672 1.064254
v 0.731249 -0.257473 1.043285
v 0.739524 -0.258801 1.049049
v 0.755644 -0.253019 1.033232
v 0.760320 -0.261090 1.037292
v 0.779475 -0.259111 1.026262
v 0.778570 -0.269196 1.025290
v 0.798092 -0.272180 1.016269
v 0.793253 -0.278372 1.009810
v 0.811938 -0.284570 0.999563
v 0.806785 -0.283243 0.990893
v 0.825295 -0.289025 0.978078
v 0.822720 -0.280954 0.972447
v 0.842339 -0.282933 0.958200
v 0.842759 -0.272848 0.959460
v 0.864347 -0.269864 0.947564
v 0.866058 -0.263672 0.955451
v 0.888939 -0.257473 0.949610
v 0.890012 -0.258801 0.959638
v 0.912556 -0.253019 0.961101
v 0.912562 -0.261090 0.967293
v 0.933488 -0.259111 0.974898
v 0.933627 -0.269196 0.973578
v 0.953174 -0.272180 0.982669
v 0.954868 -0.278372 0.974779
v 0.974779 -0.284570 0.982218
v 0.977943 -0.283243 0.972642
v 0.999858 -0.289025 0.977876
v 1.002421 -0.280954 0.972239
v 1.026229 -0.282933 0.977411
v 1.025553 -0.272848 0.978554
v 1.048650 -0.269864 0.987180
v 1.043825 -0.263672 0.993649
v 1.063069 -0.257473 1.007310
v 1.056215 -0.258801 1.014708
v 1.069617 -0.253019 1.032898
v 1.064950 -0.261090 1.036968
v 1.073182 -0.259111 1.057489
v 1.074270 -0.269196 1.056728
v 1.080448 -0.272180 1.077316
v 1.087517 -0.278372 1.073421
v 1.095188 -0.284570 1.093271
v 1.104491 -0.283243 1.089379
v 1.114630 -0.289025 1.109494
v 1.120567 -0.280954 1.107733
v 1.131872 -0.282933 1.129172
v 1.130566 -0.272848 1.129411
v 1.139292 -0.269864 1.152438
v 1.131244 -0.263672 1.153039
v 1.133868 -0.257473 1.176496
v 1.123788 -0.258801 1.176183
v 1.119256 -0.253019 1.198309
v 1.113122 -0.261090 1.197465
v 1.102767 -0.259111 1.217127
v 1.104055 -0.269196 1.217448
v 1.092299 -0.272180 1.235520
v 1.099875 -0.278372 1.238301
v 1.089679 -0.284570 1.256959
v 1.098719 -0.283243 1.261431
v 1.090431 -0.289025 1.282371
v 1.095656 -0.280954 1.285694
v 1.087190 -0.282933 1.308504
v 1.086152 -0.272848 1.307676
v 1.074605 -0.269864 1.329524
v 1.068866 -0.263672 1.323851
v 1.052632 -0.257473 1.340997
v 1.046253 -0.258801 1.333185
v 1.026349 -0.253019 1.343904
v 1.022966 -0.261090 1.338718
v 1.001484 -0.259111 1.343975
v 1.002086 -0.269196 1.345158
v 0.980838 -0.272180 1.348359
v 0.983708 -0.278372 1.355902
v 0.962989 -0.284570 1.360689
v 0.965541 -0.283243 1.370446
v 0.944238 -0.289025 1.377842
v 0.945153 -0.280954 1.383966
v 0.922348 -0.282933 1.392118
v 0.922291 -0.272848 1.390792
v 0.898290 -0.269864 1.396254
v 0.898799 -0.263672 1.388200
v 0.875205 -0.257473 1.387559
v 0.876904 -0.258801 1.377618
v 0.855655 -0.253019 1.369992
v 0.857347 -0.261090 1.364036
v 0.817301 -0.270288 1.373461
v 0.821528 -0.289765 1.364442
v 0.939618 -0.260116 1.393247
v 0.833090 -0.288127 1.366475
v 0.939618 -0.270288 1.393247
v 0.937023 -0.289765 1.371366
v 0.860727 -0.253917 1.369463
v 0.843749 -0.261001 1.352079
v 0.826054 -0.273955 1.340990
v 0.804403 -0.285191 1.336721
v 0.778943 -0.288127 1.334343
v 0.753994 -0.281043 1.327187
v 0.735904 -0.268089 1.311086
v 0.727908 -0.256853 1.287516
v 0.728027 -0.253917 1.261335
v 0.729794 -0.261001 1.237236
v 0.726320 -0.273955 1.216671
v 0.715168 -0.285191 1.197518
v 0.700692 -0.288127 1.176671
v 0.690054 -0.281043 1.153201
v 0.690089 -0.268089 1.129007
v 0.702274 -0.256853 1.107416
v 0.721941 -0.253917 1.090223
v 0.741564 -0.261001 1.075840
v 0.755058 -0.273955 1.059869
v 0.762337 -0.285191 1.039043
v 0.768248 -0.288127 1.014196
v 0.778802 -0.281043 0.990521
v 0.797114 -0.268089 0.974619
v 0.821609 -0.256853 0.970018
v 0.847543 -0.253917 0.973838
v 0.871167 -0.261001 0.979004
v 0.892028 -0.273955 0.978461
v 0.912565 -0.285191 0.969964
v 0.935208 -0.288127 0.958507
v 0.959928 -0.281043 0.951215
v 0.983881 -0.268089 0.954667
v 1.003527 -0.256853 0.969807
v 1.017839 -0.253917 0.991597
v 1.029415 -0.261001 1.012968
v 1.043348 -0.273955 1.028594
v 1.062937 -0.285191 1.038723
v 1.086686 -0.288127 1.048040
v 1.108625 -0.281043 1.061790
v 1.121956 -0.268089 1.082072
v 1.123128 -0.256853 1.106973
v 1.115660 -0.253917 1.132139
v 1.107210 -0.261001 1.154835
v 1.104866 -0.273955 1.175596
v 1.110475 -0.285191 1.197101
v 1.118759 -0.288127 1.221110
v 1.122500 -0.281043 1.246606
v 1.115688 -0.268089 1.269824
v 1.097910 -0.256853 1.287127
v 1.074305 -0.253917 1.298228
v 1.051726 -0.261001 1.306907
v 1.034279 -0.273955 1.318522
v 1.021506 -0.285191 1.336481
v 1.008963 -0.288127 1.358661
v 0.992277 -0.281043 1.378428
v 0.970331 -0.268089 1.388761
v 0.945548 -0.256853 1.386608
v 0.921647 -0.253917 1.375652
v 0.900319 -0.261001 1.364146
v 0.880094 -0.273955 1.358958
v 0.858077 -0.285191 1.361466
v 0.936939 -0.255030 1.370656

# UV coordinates
vt 0.286160 0.473004
vt 0.286180 0.467538
vt 0.285937 0.467914
vt 0.286560 0.445653
vt 0.285541 0.455775
vt 0.285858 0.458700
vt 0.286931 0.454238
vt 0.289331 0.403600
vt 0.286861 0.414942
vt 0.287133 0.418708
vt 0.289584 0.408799
vt 0.292231 0.395356
vt 0.292477 0.401415
vt 0.295515 0.387953
vt 0.295760 0.394753
vt 0.299139 0.382280
vt 0.299378 0.389880
vt 0.302996 0.380541
vt 0.303223 0.388916
vt 0.306911 0.383829
vt 0.307125 0.392716
vt 0.310729 0.390541
vt 0.310937 0.399462
vt 0.314405 0.397124
vt 0.314622 0.405623
vt 0.317999 0.400481
vt 0.318230 0.408399
vt 0.321588 0.399209
vt 0.321829 0.406788
vt 0.325286 0.395149
vt 0.325531 0.402792
vt 0.329154 0.391169
vt 0.329397 0.399227
vt 0.333151 0.390198
vt 0.333382 0.398814
vt 0.337142 0.393789
vt 0.337359 0.402799
vt 0.341000 0.400529
vt 0.341212 0.409509
vt 0.344699 0.406902
vt 0.344920 0.415426
vt 0.348305 0.409837
vt 0.348540 0.417769
vt 0.351917 0.408431
vt 0.352164 0.415998
vt 0.355635 0.404057
vt 0.355885 0.411681
vt 0.359515 0.399594
vt 0.359760 0.407648
vt 0.363525 0.398244
vt 0.363760 0.406861
vt 0.367542 0.401587
vt 0.367765 0.410594
vt 0.371424 0.408023
vt 0.371641 0.416997
vt 0.375138 0.414058
vt 0.375360 0.422586
vt 0.378748 0.416751
vt 0.378984 0.424697
vt 0.382362 0.415224
vt 0.382609 0.422799
vt 0.386080 0.410684
vt 0.386332 0.418305
vt 0.389960 0.406061
vt 0.390206 0.414107
vt 0.393963 0.404524
vt 0.394198 0.413138
vt 0.397964 0.407525
vt 0.398186 0.416527
vt 0.401839 0.413563
vt 0.402057 0.422522
vt 0.405558 0.419266
vt 0.405784 0.427770
vt 0.409169 0.421530
vt 0.409407 0.429449
vt 0.412776 0.419538
vt 0.413025 0.427092
vt 0.416488 0.414602
vt 0.416741 0.422203
vt 0.420365 0.409630
vt 0.420615 0.417648
vt 0.424370 0.407768
vt 0.424609 0.416346
vt 0.428371 0.410374
vt 0.428597 0.419341
vt 0.432241 0.416045
vt 0.432462 0.424978
vt 0.435952 0.421456
vt 0.436181 0.429930
vt 0.439568 0.423460
vt 0.439811 0.431329
vt 0.443185 0.421116
vt 0.443438 0.428616
vt 0.446893 0.415659
vt 0.447150 0.423221
vt 0.450770 0.410206
vt 0.451024 0.418192
vt 0.454782 0.407779
vt 0.455026 0.416327
vt 0.458797 0.409888
vt 0.459029 0.418830
vt 0.462682 0.415185
vt 0.462908 0.424101
vt 0.466399 0.420222
vt 0.466631 0.428688
vt 0.470013 0.421875
vt 0.470258 0.429746
vt 0.473628 0.419164
vt 0.473885 0.426665
vt 0.477348 0.413498
vt 0.477610 0.421051
vt 0.481230 0.407675
vt 0.481487 0.415658
vt 0.485242 0.404768
vt 0.485487 0.413327
vt 0.489270 0.406644
vt 0.489504 0.415595
vt 0.493174 0.411734
vt 0.493402 0.420652
vt 0.496904 0.416463
vt 0.497138 0.424925
vt 0.500525 0.417839
vt 0.500772 0.425712
vt 0.504141 0.414921
vt 0.504399 0.422423
vt 0.507858 0.409016
vt 0.508120 0.416562
vt 0.511739 0.402988
vt 0.511997 0.410954
vt 0.515750 0.399990
vt 0.515998 0.408525
vt 0.519763 0.401590
vt 0.519997 0.410521
vt 0.523646 0.406353
vt 0.523876 0.415245
vt 0.527373 0.410783
vt 0.527611 0.419200
vt 0.531003 0.411959
vt 0.531253 0.419771
vt 0.534604 0.408365
vt 0.534864 0.415823
vt 0.538312 0.401952
vt 0.538577 0.409459
vt 0.542188 0.395443
vt 0.542451 0.403369
vt 0.546200 0.391959
vt 0.546453 0.400453
vt 0.550218 0.393035
vt 0.550458 0.401926
vt 0.554111 0.397297
vt 0.554345 0.406159
vt 0.557839 0.401319
vt 0.558080 0.409726
vt 0.561461 0.402023
vt 0.561715 0.409831
vt 0.565079 0.398386
vt 0.565343 0.405818
vt 0.568797 0.391708
vt 0.569065 0.399193
vt 0.572678 0.384907
vt 0.572941 0.392835
vt 0.576690 0.381126
vt 0.576942 0.389636
vt 0.580730 0.382520
vt 0.580969 0.391425
vt 0.584625 0.387344
vt 0.584852 0.396239
vt 0.588332 0.392696
vt 0.588553 0.401178
vt 0.591910 0.396183
vt 0.592124 0.404150
vt 0.595454 0.398376
vt 0.595638 0.406116
vt 0.599004 0.403986
vt 0.599105 0.411868
vt 0.602287 0.422308
vt 0.602206 0.429477
vt 0.604018 0.455724
vt 0.603804 0.459058
vt 0.603970 0.470281
vt 0.604221 0.482503
vt 0.604439 0.488267
vt 0.604303 0.479389
vt 0.285020 0.434632
vt 0.285305 0.435821
vt 0.603627 0.477192
vt 0.603330 0.479207
vt 0.603755 0.479986
vt 0.285954 0.460582
vt 0.287043 0.457785
vt 0.286015 0.477539
vt 0.285863 0.470135
vt 0.292708 0.526101
vt 0.289641 0.512961
vt 0.289673 0.522114
vt 0.292823 0.536645
vt 0.296164 0.537502
vt 0.296327 0.548962
vt 0.299893 0.547453
vt 0.300095 0.559169
vt 0.303790 0.554142
vt 0.304025 0.565406
vt 0.307715 0.556257
vt 0.307970 0.566739
vt 0.311543 0.554684
vt 0.311804 0.564533
vt 0.315241 0.551888
vt 0.315497 0.561566
vt 0.318863 0.550432
vt 0.319110 0.560498
vt 0.322505 0.551917
vt 0.322744 0.562747
vt 0.326262 0.556820
vt 0.326496 0.568369
vt 0.330142 0.562899
vt 0.330381 0.574622
vt 0.334104 0.567313
vt 0.334358 0.578563
vt 0.338055 0.568135
vt 0.338321 0.578597
vt 0.341896 0.565724
vt 0.342165 0.575551
vt 0.345603 0.562359
vt 0.345865 0.572023
vt 0.349235 0.560542
vt 0.349487 0.570603
vt 0.352891 0.561871
vt 0.353132 0.572710
vt 0.356651 0.566369
vt 0.356889 0.577922
vt 0.360548 0.572155
vt 0.360795 0.583879
vt 0.364542 0.576298
vt 0.364804 0.587540
vt 0.368514 0.576609
vt 0.368785 0.587059
vt 0.372363 0.573690
vt 0.372636 0.583497
vt 0.376078 0.569928
vt 0.376346 0.579567
vt 0.379722 0.567802
vt 0.379980 0.577836
vt 0.383387 0.568783
vt 0.383634 0.579599
vt 0.387149 0.572932
vt 0.387392 0.584467
vt 0.391042 0.578413
vt 0.391293 0.590113
vt 0.395027 0.582110
vt 0.395294 0.593312
vt 0.398996 0.582044
vt 0.399274 0.592451
vt 0.402847 0.578808
vt 0.403124 0.588579
vt 0.406554 0.574642
vt 0.406824 0.584243
vt 0.410190 0.572075
vt 0.410451 0.582060
vt 0.413856 0.572704
vt 0.414108 0.583480
vt 0.417625 0.576528
vt 0.417871 0.588040
vt 0.421519 0.581662
vt 0.421772 0.593351
vt 0.425498 0.585014
vt 0.425765 0.596212
vt 0.429459 0.584631
vt 0.429738 0.595035
vt 0.433307 0.581157
vt 0.433586 0.590929
vt 0.437016 0.576765
vt 0.437289 0.586373
vt 0.440651 0.573894
vt 0.440913 0.583898
vt 0.444311 0.574161
vt 0.444564 0.584952
vt 0.448084 0.577592
vt 0.448336 0.589098
vt 0.451995 0.582261
vt 0.452253 0.593936
vt 0.455984 0.585134
vt 0.456255 0.596317
vt 0.459950 0.584375
vt 0.460232 0.594760
vt 0.463798 0.580487
vt 0.464081 0.590229
vt 0.467510 0.575712
vt 0.467788 0.585283
vt 0.471150 0.572523
vt 0.471419 0.582494
vt 0.474816 0.572531
vt 0.475074 0.583290
vt 0.478586 0.575689
vt 0.478841 0.587161
vt 0.482494 0.580029
vt 0.482759 0.591662
vt 0.486498 0.582675
vt 0.486778 0.593819
vt 0.490485 0.581648
vt 0.490772 0.592000
vt 0.494339 0.577301
vt 0.494626 0.587016
vt 0.498056 0.572155
vt 0.498338 0.581702
vt 0.501704 0.568615
vt 0.501977 0.578559
vt 0.505378 0.568233
vt 0.505642 0.578966
vt 0.509158 0.571021
vt 0.509417 0.582481
vt 0.513067 0.575077
vt 0.513333 0.586709
vt 0.517060 0.577377
vt 0.517340 0.588515
vt 0.521032 0.575952
vt 0.521322 0.586288
vt 0.524884 0.571366
vt 0.525174 0.581072
vt 0.528598 0.565948
vt 0.528881 0.575499
vt 0.532234 0.562035
vt 0.532507 0.571979
vt 0.535897 0.561022
vt 0.536165 0.571719
vt 0.539683 0.563498
vt 0.539945 0.574932
vt 0.543590 0.567170
vt 0.543859 0.578777
vt 0.547581 0.569078
vt 0.547863 0.580195
vt 0.551550 0.567283
vt 0.551843 0.577598
vt 0.555399 0.562369
vt 0.555692 0.572047
vt 0.559110 0.556616
vt 0.559398 0.566128
vt 0.562751 0.552440
vt 0.563029 0.562349
vt 0.566419 0.551400
vt 0.566688 0.562093
vt 0.570194 0.553504
vt 0.570461 0.564905
vt 0.574100 0.556783
vt 0.574378 0.568316
vt 0.578094 0.558221
vt 0.578386 0.569212
vt 0.582052 0.555978
vt 0.582347 0.566125
vt 0.585837 0.550353
vt 0.586132 0.559738
vt 0.589433 0.543836
vt 0.589723 0.552819
vt 0.592857 0.538509
vt 0.593137 0.547417
vt 0.596119 0.535156
vt 0.596395 0.543925
vt 0.599162 0.532066
vt 0.599450 0.539932
vt 0.601818 0.524849
vt 0.602130 0.530478
vt 0.603740 0.509106
vt 0.604047 0.511258
vt 0.604651 0.487071
vt 0.284496 0.462952
vt 0.284698 0.460568
vt 0.286065 0.463600
vt 0.285722 0.463827
vt 0.283711 0.491340
vt 0.285046 0.472482
vt 0.285900 0.480331
vt 0.285700 0.471749
vt 0.284032 0.433070
vt 0.287253 0.495877
vt 0.287165 0.502528
vt 0.286770 0.520435
vt 0.289714 0.544554
vt 0.291378 0.459149
vt 0.288876 0.458050
vt 0.289029 0.467694
vt 0.291591 0.471500
vt 0.294400 0.460101
vt 0.294669 0.474952
vt 0.297822 0.462008
vt 0.298132 0.479262
vt 0.301534 0.466005
vt 0.301871 0.484933
vt 0.305399 0.471550
vt 0.305754 0.490633
vt 0.309274 0.476523
vt 0.309637 0.494352
vt 0.313055 0.479085
vt 0.313415 0.495301
vt 0.316719 0.478993
vt 0.317072 0.494242
vt 0.320319 0.477303
vt 0.320668 0.492661
vt 0.323967 0.475597
vt 0.324325 0.492117
vt 0.327751 0.475690
vt 0.328123 0.493833
vt 0.331666 0.478413
vt 0.332044 0.497781
vt 0.335636 0.483078
vt 0.336015 0.502388
vt 0.339563 0.487457
vt 0.339940 0.505398
vt 0.343372 0.489530
vt 0.343740 0.505806
vt 0.347052 0.489013
vt 0.347411 0.504327
vt 0.350671 0.486973
vt 0.351028 0.502416
vt 0.354333 0.484992
vt 0.354696 0.501568
vt 0.358121 0.484700
vt 0.358493 0.502936
vt 0.362050 0.487015
vt 0.362432 0.506522
vt 0.366053 0.491390
vt 0.366441 0.510781
vt 0.370003 0.495400
vt 0.370385 0.513374
vt 0.373821 0.497110
vt 0.374191 0.513425
vt 0.377506 0.496279
vt 0.377867 0.511642
vt 0.381132 0.493999
vt 0.381494 0.509459
vt 0.384798 0.491745
vt 0.385167 0.508301
vt 0.388587 0.491182
vt 0.388964 0.509386
vt 0.392509 0.493321
vt 0.392895 0.512754
vt 0.396499 0.497343
vt 0.396890 0.516648
vt 0.400449 0.500950
vt 0.400840 0.518839
vt 0.404275 0.502328
vt 0.404654 0.518528
vt 0.407957 0.501089
vt 0.408323 0.516337
vt 0.411574 0.498356
vt 0.411940 0.513732
vt 0.415239 0.495688
vt 0.415615 0.512174
vt 0.419032 0.494736
vt 0.419420 0.512861
vt 0.422957 0.496509
vt 0.423354 0.515853
vt 0.426943 0.500166
vt 0.427342 0.519392
vt 0.430885 0.503416
vt 0.431281 0.521269
vt 0.434707 0.504470
vt 0.435093 0.520654
vt 0.438394 0.502959
vt 0.438771 0.518162
vt 0.442014 0.499894
vt 0.442388 0.515213
vt 0.445673 0.496816
vt 0.446053 0.513271
vt 0.449470 0.495485
vt 0.449866 0.513585
vt 0.453408 0.496793
vt 0.453815 0.516104
vt 0.457406 0.499982
vt 0.457814 0.519200
vt 0.461356 0.502874
vt 0.461757 0.520724
vt 0.465176 0.503554
vt 0.465565 0.519747
vt 0.468862 0.501706
vt 0.469241 0.516932
vt 0.472486 0.498345
vt 0.472864 0.513694
vt 0.476154 0.495067
vt 0.476540 0.511544
vt 0.479948 0.493445
vt 0.480344 0.511566
vt 0.483883 0.494365
vt 0.484288 0.513748
vt 0.487895 0.497238
vt 0.488309 0.516538
vt 0.491865 0.499829
vt 0.492274 0.517686
vt 0.495695 0.500093
vt 0.496088 0.516288
vt 0.499388 0.497915
vt 0.499770 0.513145
vt 0.503016 0.494259
vt 0.503399 0.509592
vt 0.506688 0.490637
vt 0.507081 0.507070
vt 0.510487 0.488673
vt 0.510893 0.506738
vt 0.514423 0.489365
vt 0.514838 0.508660
vt 0.518422 0.491981
vt 0.518841 0.511165
vt 0.522376 0.494225
vt 0.522792 0.511996
vt 0.526205 0.494170
vt 0.526611 0.510262
vt 0.529899 0.491650
vt 0.530293 0.506748
vt 0.533516 0.487627
vt 0.533903 0.502817
vt 0.537180 0.483548
vt 0.537580 0.499890
vt 0.540978 0.481142
vt 0.541394 0.499119
vt 0.544915 0.481386
vt 0.545340 0.500601
vt 0.548916 0.483545
vt 0.549343 0.502668
vt 0.552871 0.485377
vt 0.553292 0.503124
vt 0.556699 0.485011
vt 0.557105 0.501106
vt 0.560389 0.482174
vt 0.560785 0.497304
vt 0.564013 0.477847
vt 0.564407 0.493089
vt 0.567678 0.473555
vt 0.568080 0.489919
vt 0.571470 0.470948
vt 0.571882 0.488961
vt 0.575400 0.470961
vt 0.575821 0.490203
vt 0.579405 0.472888
vt 0.579833 0.491971
vt 0.583338 0.474694
vt 0.583750 0.492254
vt 0.587093 0.474711
vt 0.587479 0.490464
vt 0.590646 0.472914
vt 0.591003 0.487393
vt 0.594010 0.470817
vt 0.594330 0.484778
vt 0.597169 0.470700
vt 0.597435 0.484331
vt 0.599964 0.474225
vt 0.600160 0.486367
vt 0.602088 0.479512
vt 0.602241 0.487990
vt 0.603377 0.481712
vt 0.603502 0.485910
vt 0.603770 0.483097
vt 0.286607 0.543463
vt 0.290040 0.567528
vt 0.285358 0.485954
vt 0.285624 0.462150
vt 0.293070 0.560896
vt 0.293563 0.584023
vt 0.296682 0.574249
vt 0.297258 0.597514
vt 0.300537 0.584263
vt 0.301179 0.606986
vt 0.304543 0.589243
vt 0.305245 0.610775
vt 0.308537 0.589072
vt 0.309283 0.609254
vt 0.312386 0.585909
vt 0.313153 0.605197
vt 0.316067 0.582971
vt 0.316827 0.602287
vt 0.319650 0.582939
vt 0.320384 0.603183
vt 0.323260 0.586739
vt 0.323967 0.608314
vt 0.326999 0.593359
vt 0.327682 0.615760
vt 0.330898 0.599494
vt 0.331593 0.621717
vt 0.334913 0.602271
vt 0.335645 0.623507
vt 0.338909 0.600834
vt 0.339675 0.620817
vt 0.342761 0.596853
vt 0.343542 0.615997
vt 0.346446 0.593386
vt 0.347218 0.612610
vt 0.350038 0.593030
vt 0.350781 0.613248
vt 0.353652 0.596675
vt 0.354364 0.618196
vt 0.357400 0.602944
vt 0.358100 0.625260
vt 0.361329 0.608756
vt 0.362044 0.630907
vt 0.365375 0.611194
vt 0.366119 0.632367
vt 0.369381 0.609251
vt 0.370156 0.629148
vt 0.373241 0.604765
vt 0.374033 0.623794
vt 0.376938 0.600876
vt 0.377722 0.619995
vt 0.380545 0.600193
vt 0.381297 0.620335
vt 0.384166 0.603498
vt 0.384884 0.624964
vt 0.387912 0.609453
vt 0.388618 0.631722
vt 0.391836 0.614935
vt 0.392558 0.637016
vt 0.395876 0.616891
vt 0.396630 0.637974
vt 0.399884 0.614556
vt 0.400666 0.634401
vt 0.403738 0.609760
vt 0.404532 0.628779
vt 0.407421 0.605470
vt 0.408208 0.624533
vt 0.411024 0.604341
vt 0.411784 0.624402
vt 0.414651 0.607311
vt 0.415376 0.628734
vt 0.418400 0.612972
vt 0.419108 0.635225
vt 0.422318 0.618146
vt 0.423041 0.640209
vt 0.426349 0.619784
vt 0.427106 0.640827
vt 0.430352 0.617145
vt 0.431141 0.636940
vt 0.434207 0.612107
vt 0.435009 0.631083
vt 0.437893 0.607602
vt 0.438684 0.626648
vt 0.441487 0.606203
vt 0.442251 0.626236
vt 0.445109 0.608816
vt 0.445845 0.630154
vt 0.448876 0.614032
vt 0.449600 0.636199
vt 0.452810 0.618679
vt 0.453542 0.640671
vt 0.456846 0.619856
vt 0.457610 0.640842
vt 0.460851 0.616824
vt 0.461648 0.636538
vt 0.464709 0.611344
vt 0.465521 0.630196
vt 0.468402 0.606441
vt 0.469205 0.625369
vt 0.472005 0.604725
vt 0.472780 0.624681
vt 0.475631 0.607082
vt 0.476373 0.628380
vt 0.479387 0.612007
vt 0.480119 0.634090
vt 0.483328 0.616355
vt 0.484076 0.638257
vt 0.487386 0.617281
vt 0.488163 0.638214
vt 0.491403 0.613965
vt 0.492205 0.633629
vt 0.495261 0.608078
vt 0.496080 0.626851
vt 0.498962 0.602814
vt 0.499774 0.621662
vt 0.502574 0.600729
vt 0.503357 0.620613
vt 0.506209 0.602698
vt 0.506959 0.623943
vt 0.509972 0.607301
vt 0.510706 0.629370
vt 0.513906 0.611386
vt 0.514655 0.633270
vt 0.517951 0.611956
vt 0.518731 0.632824
vt 0.521961 0.608239
vt 0.522771 0.627842
vt 0.525818 0.602100
vt 0.526639 0.620877
vt 0.529507 0.596602
vt 0.530318 0.615471
vt 0.533103 0.594134
vt 0.533890 0.613943
vt 0.536743 0.595436
vt 0.537506 0.616607
vt 0.540510 0.599656
vt 0.541247 0.621682
vt 0.544438 0.603401
vt 0.545191 0.625236
vt 0.548479 0.603594
vt 0.549265 0.624398
vt 0.552486 0.599510
vt 0.553304 0.619033
vt 0.556343 0.593019
vt 0.557173 0.611690
vt 0.560034 0.587152
vt 0.560856 0.605898
vt 0.563638 0.584441
vt 0.564433 0.604196
vt 0.567269 0.585742
vt 0.568035 0.606822
vt 0.571034 0.589597
vt 0.571790 0.611452
vt 0.574975 0.592779
vt 0.575748 0.614384
vt 0.579021 0.592333
vt 0.579823 0.612863
vt 0.583000 0.587621
vt 0.583825 0.606705
vt 0.586794 0.580080
vt 0.587642 0.597957
vt 0.590377 0.572633
vt 0.591223 0.589998
vt 0.593778 0.567225
vt 0.594616 0.584455
vt 0.597042 0.563245
vt 0.597890 0.579681
vt 0.600150 0.556894
vt 0.601050 0.570670
vt 0.602928 0.542278
vt 0.603925 0.550734
vt 0.604922 0.514732
vt 0.606016 0.513333
vt 0.605254 0.478826
vt 0.605735 0.450089
vt 0.604445 0.470502
vt 0.604149 0.468428
vt 0.285166 0.456561
vt 0.285290 0.461682
vt 0.287161 0.464019
vt 0.287310 0.473830
vt 0.289320 0.482398
vt 0.287360 0.486066
vt 0.289593 0.499355
vt 0.290205 0.422569
vt 0.293098 0.417397
vt 0.296395 0.412965
vt 0.300020 0.410623
vt 0.303855 0.411988
vt 0.307740 0.416998
vt 0.311551 0.423239
vt 0.315248 0.427612
vt 0.318866 0.428559
vt 0.322470 0.426310
vt 0.326184 0.423016
vt 0.330056 0.421075
vt 0.334030 0.422472
vt 0.337989 0.427382
vt 0.341839 0.433417
vt 0.345557 0.437467
vt 0.349188 0.437995
vt 0.352821 0.435501
vt 0.356551 0.431845
vt 0.360426 0.429493
vt 0.364418 0.430563
vt 0.368411 0.435177
vt 0.372280 0.440884
vt 0.376002 0.444634
vt 0.379634 0.444967
vt 0.383270 0.442313
vt 0.387001 0.438451
vt 0.390876 0.435929
vt 0.394855 0.436796
vt 0.398828 0.441078
vt 0.402700 0.446388
vt 0.406435 0.449738
vt 0.410062 0.449624
vt 0.413688 0.446544
vt 0.417416 0.442293
vt 0.421294 0.439394
vt 0.425278 0.439893
vt 0.429249 0.443775
vt 0.433111 0.448752
vt 0.436841 0.451822
vt 0.440481 0.451368
vt 0.444112 0.447902
vt 0.447832 0.443222
vt 0.451714 0.439857
vt 0.455710 0.439799
vt 0.459698 0.443212
vt 0.463571 0.447818
vt 0.467299 0.450552
vt 0.470934 0.449796
vt 0.474570 0.445994
vt 0.478305 0.441028
vt 0.482184 0.437305
vt 0.486175 0.436863
vt 0.490183 0.440035
vt 0.494075 0.444352
vt 0.497812 0.446774
vt 0.501450 0.445764
vt 0.505085 0.441741
vt 0.508818 0.436510
vt 0.512700 0.432554
vt 0.516691 0.431961
vt 0.520674 0.434865
vt 0.524548 0.438874
vt 0.528292 0.440934
vt 0.531939 0.439620
vt 0.535554 0.435029
vt 0.539281 0.429308
vt 0.543164 0.424864
vt 0.547159 0.423771
vt 0.551151 0.426154
vt 0.555032 0.429712
vt 0.558770 0.431424
vt 0.562411 0.429705
vt 0.566047 0.424949
vt 0.569779 0.418984
vt 0.573657 0.414332
vt 0.577648 0.413028
vt 0.581658 0.415652
vt 0.585513 0.419825
vt 0.589186 0.422993
vt 0.592710 0.424282
vt 0.596123 0.425681
vt 0.599365 0.431765
vt 0.602026 0.447340
vt 0.603393 0.467064
vt 0.603702 0.471492
vt 0.603572 0.474241
vt 0.603297 0.473520
vt 0.285997 0.440100
vt 0.287793 0.429149
vt 0.292052 0.489731
vt 0.295280 0.496247
vt 0.298862 0.503161
vt 0.302674 0.510022
vt 0.306574 0.514961
vt 0.310425 0.516774
vt 0.314154 0.516036
vt 0.317782 0.514372
vt 0.321387 0.513419
vt 0.325101 0.514632
vt 0.328957 0.518255
vt 0.332906 0.523076
vt 0.336868 0.526817
vt 0.340747 0.527854
vt 0.344492 0.526552
vt 0.348132 0.524475
vt 0.351760 0.523265
vt 0.355474 0.524159
vt 0.359329 0.527476
vt 0.363309 0.531962
vt 0.367308 0.535267
vt 0.371198 0.535860
vt 0.374946 0.534193
vt 0.378596 0.531802
vt 0.382236 0.530273
vt 0.385956 0.530818
vt 0.389811 0.533844
vt 0.393778 0.538033
vt 0.397768 0.540948
vt 0.401668 0.541141
vt 0.405419 0.539110
vt 0.409055 0.536330
vt 0.412689 0.534405
vt 0.416416 0.534553
vt 0.420280 0.537177
vt 0.424246 0.541010
vt 0.428223 0.543604
vt 0.432115 0.543527
vt 0.435869 0.541208
vt 0.439512 0.538105
vt 0.443140 0.535853
vt 0.446859 0.535631
vt 0.450737 0.537847
vt 0.454718 0.541188
vt 0.458704 0.543389
vt 0.462594 0.542962
vt 0.466344 0.540283
vt 0.469990 0.536853
vt 0.473627 0.534303
vt 0.477352 0.533879
vt 0.481214 0.535816
vt 0.485198 0.538849
vt 0.489215 0.540731
vt 0.493121 0.539878
vt 0.496874 0.536804
vt 0.500526 0.533036
vt 0.504171 0.530133
vt 0.507905 0.529300
vt 0.511778 0.530880
vt 0.515757 0.533638
vt 0.519750 0.535197
vt 0.523651 0.534040
vt 0.527411 0.530622
vt 0.531059 0.526514
vt 0.534678 0.523160
vt 0.538415 0.521958
vt 0.542290 0.523110
vt 0.546269 0.525456
vt 0.550259 0.526620
vt 0.554155 0.525135
vt 0.557908 0.521442
vt 0.561555 0.517037
vt 0.565191 0.513493
vt 0.568914 0.512030
vt 0.572775 0.512973
vt 0.576752 0.514984
vt 0.580753 0.515804
vt 0.584598 0.513989
vt 0.588253 0.510252
vt 0.591717 0.506067
vt 0.595003 0.503074
vt 0.598060 0.502026
vt 0.600719 0.501474
vt 0.602723 0.497635
vt 0.603807 0.488916
vt 0.603888 0.484876
vt 0.285092 0.469127
vt 0.285492 0.460568
vt 0.288368 0.439666
vt 0.290796 0.436228
vt 0.288567 0.389870
vt 0.286010 0.405329
vt 0.291502 0.379294
vt 0.294803 0.370088
vt 0.298456 0.362584
vt 0.302361 0.359056
vt 0.306325 0.361048
vt 0.310163 0.367440
vt 0.313814 0.374770
vt 0.317359 0.379392
vt 0.320912 0.379012
vt 0.324593 0.375000
vt 0.328475 0.370245
vt 0.332513 0.368073
vt 0.336550 0.370684
vt 0.340426 0.377281
vt 0.344100 0.384496
vt 0.347656 0.388739
vt 0.351227 0.388283
vt 0.354932 0.383969
vt 0.358830 0.378694
vt 0.362878 0.376135
vt 0.366938 0.378500
vt 0.370840 0.384789
vt 0.374533 0.391646
vt 0.378097 0.395625
vt 0.381669 0.395057
vt 0.385373 0.390601
vt 0.389270 0.385175
vt 0.393318 0.382413
vt 0.397363 0.384449
vt 0.401249 0.390374
vt 0.404945 0.396916
vt 0.408512 0.400465
vt 0.412079 0.399422
vt 0.415774 0.394574
vt 0.419666 0.388818
vt 0.423712 0.385742
vt 0.427758 0.387378
vt 0.431644 0.392918
vt 0.435328 0.399184
vt 0.438895 0.402525
vt 0.442476 0.401137
vt 0.446171 0.395737
vt 0.450060 0.389490
vt 0.454110 0.385849
vt 0.458169 0.386970
vt 0.462073 0.392109
vt 0.465769 0.397978
vt 0.469335 0.400951
vt 0.472909 0.399212
vt 0.476616 0.393616
vt 0.480516 0.386977
vt 0.484568 0.382830
vt 0.488635 0.383716
vt 0.492557 0.388659
vt 0.496268 0.394231
vt 0.499845 0.396913
vt 0.503422 0.394960
vt 0.507123 0.389147
vt 0.511018 0.382329
vt 0.515070 0.378096
vt 0.519128 0.378697
vt 0.523028 0.383331
vt 0.526728 0.388650
vt 0.530312 0.391170
vt 0.533877 0.388517
vt 0.537568 0.382188
vt 0.541458 0.374893
vt 0.545507 0.370178
vt 0.549569 0.370255
vt 0.553479 0.374364
vt 0.557185 0.379234
vt 0.560762 0.381270
vt 0.564340 0.378617
vt 0.568045 0.372009
vt 0.571945 0.364360
vt 0.575997 0.359304
vt 0.580082 0.359672
vt 0.584012 0.364258
vt 0.587724 0.370278
vt 0.591304 0.374727
vt 0.594903 0.377186
vt 0.598655 0.381796
vt 0.602507 0.398903
vt 0.288741 0.452414
vt 0.291211 0.451939
vt 0.293730 0.433371
vt 0.294201 0.451541
vt 0.297080 0.431212
vt 0.297599 0.452089
vt 0.300753 0.431255
vt 0.301299 0.454931
vt 0.304613 0.434543
vt 0.305159 0.460021
vt 0.308496 0.440107
vt 0.309033 0.465425
vt 0.312288 0.445300
vt 0.312815 0.468872
vt 0.315960 0.447911
vt 0.316480 0.469507
vt 0.319557 0.447564
vt 0.320081 0.468015
vt 0.323169 0.445198
vt 0.323719 0.465915
vt 0.326918 0.442860
vt 0.327494 0.465159
vt 0.330825 0.442553
vt 0.331408 0.467014
vt 0.334813 0.445465
vt 0.335383 0.471377
vt 0.338762 0.450714
vt 0.339314 0.476270
vt 0.342588 0.455581
vt 0.343126 0.479271
vt 0.346279 0.457822
vt 0.346810 0.479486
vt 0.349892 0.457070
vt 0.350427 0.477641
vt 0.353531 0.454416
vt 0.354083 0.475257
vt 0.357289 0.451724
vt 0.357864 0.474113
vt 0.361199 0.451016
vt 0.361789 0.475558
vt 0.365214 0.453606
vt 0.365794 0.479640
vt 0.369195 0.458530
vt 0.369751 0.484177
vt 0.373034 0.463077
vt 0.373574 0.486823
vt 0.376726 0.465027
vt 0.377262 0.486729
vt 0.380343 0.464071
vt 0.380885 0.484661
vt 0.383984 0.461210
vt 0.384545 0.482022
vt 0.387744 0.458278
vt 0.388326 0.480619
vt 0.391653 0.457412
vt 0.392247 0.481900
vt 0.395649 0.459769
vt 0.396237 0.485653
vt 0.399616 0.464324
vt 0.400190 0.489799
vt 0.403467 0.468480
vt 0.404022 0.492111
vt 0.407167 0.470019
vt 0.407709 0.491602
vt 0.410775 0.468621
vt 0.411325 0.489077
vt 0.414409 0.465340
vt 0.414981 0.486022
vt 0.418168 0.462007
vt 0.418765 0.484229
vt 0.422083 0.460748
vt 0.422689 0.485139
vt 0.426083 0.462728
vt 0.426678 0.488518
vt 0.430044 0.466904
vt 0.430624 0.492295
vt 0.433885 0.470725
vt 0.434449 0.494276
vt 0.437587 0.471981
vt 0.438141 0.493503
vt 0.441205 0.470236
vt 0.441761 0.490645
vt 0.444838 0.466568
vt 0.445412 0.487173
vt 0.448593 0.462848
vt 0.449198 0.485005
vt 0.452515 0.461117
vt 0.453133 0.485447
vt 0.456529 0.462557
vt 0.457136 0.488341
vt 0.460506 0.466311
vt 0.461092 0.491745
vt 0.464350 0.469778
vt 0.464918 0.493350
vt 0.468048 0.470714
vt 0.468607 0.492241
vt 0.471664 0.468667
vt 0.472229 0.489082
vt 0.475308 0.464706
vt 0.475891 0.485401
vt 0.479071 0.460690
vt 0.479677 0.482931
vt 0.482985 0.458614
vt 0.483608 0.482981
vt 0.487001 0.459699
vt 0.487620 0.485563
vt 0.491002 0.463180
vt 0.491597 0.488682
vt 0.494860 0.466304
vt 0.495434 0.489885
vt 0.498565 0.466929
vt 0.499130 0.488452
vt 0.502184 0.464624
vt 0.502756 0.485011
vt 0.505827 0.460399
vt 0.506420 0.481007
vt 0.509591 0.456077
vt 0.510210 0.478206
vt 0.513511 0.453750
vt 0.514143 0.478035
vt 0.517521 0.454654
vt 0.518144 0.480368
vt 0.521495 0.457852
vt 0.522102 0.483152
vt 0.525345 0.460644
vt 0.525936 0.484040
vt 0.529058 0.460888
vt 0.529635 0.482269
vt 0.532678 0.458262
vt 0.533254 0.478453
vt 0.536303 0.453555
vt 0.536907 0.473996
vt 0.540064 0.448737
vt 0.540695 0.470735
vt 0.543986 0.445927
vt 0.544629 0.470106
vt 0.548000 0.446335
vt 0.548634 0.471969
vt 0.551982 0.449047
vt 0.552595 0.474318
vt 0.555835 0.451460
vt 0.556429 0.474876
vt 0.559541 0.451387
vt 0.560124 0.472775
vt 0.563162 0.448384
vt 0.563747 0.468654
vt 0.566803 0.443451
vt 0.567405 0.463967
vt 0.570563 0.438442
vt 0.571189 0.460511
vt 0.574475 0.435462
vt 0.575116 0.459661
vt 0.578490 0.435668
vt 0.579123 0.461340
vt 0.582476 0.438522
vt 0.583070 0.463710
vt 0.586281 0.441572
vt 0.586839 0.464753
vt 0.589892 0.442936
vt 0.590409 0.463851
vt 0.593337 0.442898
vt 0.593798 0.462273
vt 0.596636 0.443896
vt 0.596997 0.462491
vt 0.599665 0.449645
vt 0.599850 0.466903
vt 0.602017 0.461753
vt 0.602023 0.474514
vt 0.604496 0.476241
vt 0.604058 0.484606
vt 0.285346 0.475287
vt 0.604130 0.489092
vt 0.285596 0.474442
vt 0.285861 0.465603
vt 0.292539 0.509885
vt 0.295922 0.519211
vt 0.299601 0.528129
vt 0.303456 0.535237
vt 0.307352 0.538742
vt 0.311171 0.538584
vt 0.314873 0.536477
vt 0.318501 0.534655
vt 0.322145 0.534825
vt 0.325910 0.538112
vt 0.329791 0.543411
vt 0.333738 0.548356
vt 0.337673 0.550613
vt 0.341511 0.549642
vt 0.345224 0.546964
vt 0.348864 0.544750
vt 0.352526 0.544745
vt 0.356288 0.547673
vt 0.360179 0.552654
vt 0.364163 0.557301
vt 0.368125 0.559084
vt 0.371969 0.557638
vt 0.375689 0.554569
vt 0.379341 0.552035
vt 0.383014 0.551683
vt 0.386781 0.554256
vt 0.390668 0.558945
vt 0.394639 0.563197
vt 0.398599 0.564587
vt 0.402451 0.562788
vt 0.406164 0.559348
vt 0.409804 0.556402
vt 0.413476 0.555668
vt 0.417252 0.557878
vt 0.421145 0.562205
vt 0.425109 0.566120
vt 0.429057 0.567193
vt 0.432904 0.565141
vt 0.436622 0.561445
vt 0.440265 0.558192
vt 0.443928 0.557127
vt 0.447702 0.558948
vt 0.451612 0.562819
vt 0.455590 0.566253
vt 0.459543 0.566957
vt 0.463389 0.564525
vt 0.467106 0.560452
vt 0.470754 0.556864
vt 0.474426 0.555517
vt 0.478198 0.557113
vt 0.482098 0.560675
vt 0.486090 0.563830
vt 0.490070 0.564249
vt 0.493924 0.561382
vt 0.497645 0.556930
vt 0.501300 0.552989
vt 0.504981 0.551257
vt 0.508764 0.552450
vt 0.512670 0.555705
vt 0.516650 0.558556
vt 0.520611 0.558598
vt 0.524465 0.555449
vt 0.528188 0.550697
vt 0.531832 0.546425
vt 0.535493 0.544119
vt 0.539285 0.544963
vt 0.543190 0.547834
vt 0.547167 0.550294
vt 0.551124 0.549963
vt 0.554973 0.546495
vt 0.558692 0.541434
vt 0.562339 0.536868
vt 0.566011 0.534493
vt 0.569786 0.535033
vt 0.573685 0.537567
vt 0.577666 0.539601
vt 0.581622 0.538897
vt 0.585407 0.534916
vt 0.589016 0.529422
vt 0.592454 0.524370
vt 0.595725 0.521060
vt 0.598761 0.518970
vt 0.601384 0.514897
vt 0.603307 0.504574
vt 0.285120 0.464950
vt 0.255072 0.475603
vt 0.255594 0.467186
vt 0.255265 0.465422
vt 0.257603 0.440373
vt 0.255803 0.447237
vt 0.255921 0.452885
vt 0.257514 0.453138
vt 0.263409 0.394973
vt 0.259738 0.403299
vt 0.259865 0.408618
vt 0.263461 0.401910
vt 0.267498 0.389424
vt 0.267522 0.397150
vt 0.272025 0.383484
vt 0.272034 0.391837
vt 0.276929 0.377781
vt 0.276917 0.386942
vt 0.282060 0.374925
vt 0.282014 0.385069
vt 0.287196 0.377157
vt 0.287111 0.388147
vt 0.292151 0.384055
vt 0.292048 0.395319
vt 0.296915 0.392163
vt 0.296827 0.402972
vt 0.301620 0.397523
vt 0.301567 0.407499
vt 0.306398 0.397753
vt 0.306373 0.407091
vt 0.311346 0.394165
vt 0.311335 0.403372
vt 0.316503 0.389458
vt 0.316484 0.399067
vt 0.321784 0.386913
vt 0.321738 0.397282
vt 0.327005 0.389160
vt 0.326923 0.400260
vt 0.332010 0.395932
vt 0.331910 0.407245
vt 0.336806 0.403775
vt 0.336722 0.414598
vt 0.341532 0.408675
vt 0.341484 0.418650
vt 0.346336 0.408775
vt 0.346319 0.418089
vt 0.351315 0.404903
vt 0.351309 0.414076
vt 0.356491 0.399733
vt 0.356475 0.409316
vt 0.361792 0.396768
vt 0.361749 0.407115
vt 0.367046 0.398711
vt 0.366971 0.409789
vt 0.372086 0.405135
vt 0.371991 0.416425
vt 0.376905 0.412608
vt 0.376822 0.423419
vt 0.381636 0.417249
vt 0.381588 0.427224
vt 0.386437 0.417239
vt 0.386420 0.426547
vt 0.391413 0.413199
vt 0.391409 0.422354
vt 0.396588 0.407844
vt 0.396574 0.417408
vt 0.401881 0.404697
vt 0.401838 0.415031
vt 0.407120 0.406283
vt 0.407043 0.417343
vt 0.412160 0.412237
vt 0.412068 0.423502
vt 0.416996 0.419346
vt 0.416918 0.430127
vt 0.421740 0.423563
vt 0.421695 0.433502
vt 0.426542 0.423100
vt 0.426527 0.432375
vt 0.431515 0.418684
vt 0.431514 0.427804
vt 0.436691 0.413005
vt 0.436681 0.422525
vt 0.441986 0.409567
vt 0.441950 0.419846
vt 0.447226 0.410791
vt 0.447155 0.421788
vt 0.452258 0.416384
vt 0.452170 0.427588
vt 0.457079 0.423156
vt 0.457007 0.433870
vt 0.461828 0.427053
vt 0.461793 0.436911
vt 0.466648 0.426188
vt 0.466641 0.435382
vt 0.471628 0.421192
vt 0.471632 0.430251
vt 0.476812 0.415004
vt 0.476808 0.424471
vt 0.482127 0.410965
vt 0.482098 0.421189
vt 0.487396 0.411631
vt 0.487333 0.422581
vt 0.492454 0.416804
vt 0.492373 0.427977
vt 0.497292 0.423168
vt 0.497223 0.433866
vt 0.502046 0.426693
vt 0.502012 0.436550
vt 0.506873 0.425441
vt 0.506870 0.434637
vt 0.511874 0.420277
vt 0.511883 0.429332
vt 0.517073 0.413785
vt 0.517072 0.423249
vt 0.522397 0.409301
vt 0.522368 0.419530
vt 0.527683 0.409740
vt 0.527623 0.420693
vt 0.532767 0.414720
vt 0.532689 0.425884
vt 0.537627 0.420762
vt 0.537561 0.431445
vt 0.542394 0.424008
vt 0.542361 0.433854
vt 0.547222 0.422576
vt 0.547219 0.431761
vt 0.552216 0.417203
vt 0.552226 0.426233
vt 0.557410 0.410510
vt 0.557411 0.419937
vt 0.562728 0.405953
vt 0.562702 0.416140
vt 0.567992 0.406152
vt 0.567932 0.417062
vt 0.573046 0.410793
vt 0.572970 0.421897
vt 0.577902 0.416432
vt 0.577843 0.427038
vt 0.582686 0.419389
vt 0.582660 0.429155
vt 0.587516 0.417219
vt 0.587516 0.426343
vt 0.592509 0.411326
vt 0.592523 0.420300
vt 0.597708 0.404143
vt 0.597715 0.413513
vt 0.603036 0.399086
vt 0.603017 0.409213
vt 0.608319 0.398719
vt 0.608268 0.409569
vt 0.613399 0.402804
vt 0.613330 0.413868
vt 0.618266 0.408066
vt 0.618210 0.418654
vt 0.623045 0.410581
vt 0.623023 0.420329
vt 0.627888 0.408399
vt 0.627896 0.417483
vt 0.632899 0.402248
vt 0.632917 0.411191
vt 0.638105 0.394836
vt 0.638112 0.404196
vt 0.643427 0.389576
vt 0.643406 0.399694
vt 0.648704 0.389654
vt 0.648650 0.400485
vt 0.653736 0.394528
vt 0.653653 0.405577
vt 0.658469 0.401592
vt 0.658381 0.412169
vt 0.662983 0.407758
vt 0.662900 0.417499
vt 0.667317 0.412946
vt 0.667210 0.422002
vt 0.671288 0.421635
vt 0.671095 0.430175
vt 0.674195 0.441323
vt 0.673893 0.448215
vt 0.675050 0.469076
vt 0.674824 0.472187
vt 0.674963 0.479602
vt 0.675462 0.488590
vt 0.675881 0.494127
vt 0.675593 0.484132
vt 0.256553 0.420815
vt 0.256785 0.423169
vt 0.674541 0.488391
vt 0.674120 0.492444
vt 0.674718 0.490326
vt 0.255890 0.455923
vt 0.257429 0.458438
vt 0.254380 0.482522
vt 0.254966 0.467821
vt 0.262071 0.554528
vt 0.258204 0.539900
vt 0.257845 0.552328
vt 0.261791 0.567713
vt 0.266280 0.567073
vt 0.266014 0.580996
vt 0.270758 0.579191
vt 0.270511 0.593479
vt 0.275576 0.588690
vt 0.275377 0.602724
vt 0.280719 0.592852
vt 0.280585 0.606166
vt 0.286010 0.591464
vt 0.285929 0.604003
vt 0.291227 0.587173
vt 0.291165 0.599300
vt 0.296240 0.583643
vt 0.296158 0.595948
vt 0.301048 0.583664
vt 0.300919 0.596629
vt 0.305741 0.588700
vt 0.305559 0.602466
vt 0.310480 0.596553
vt 0.310275 0.610731
vt 0.315423 0.603580
vt 0.315247 0.617535
vt 0.320623 0.606357
vt 0.320503 0.619608
vt 0.325944 0.604081
vt 0.325873 0.616565
vt 0.331180 0.599200
vt 0.331125 0.611285
vt 0.336207 0.595337
vt 0.336130 0.607615
vt 0.341026 0.595283
vt 0.340899 0.608250
vt 0.345733 0.599863
vt 0.345556 0.613611
vt 0.350494 0.607369
vt 0.350301 0.621518
vt 0.355477 0.614135
vt 0.355311 0.628059
vt 0.360715 0.616359
vt 0.360601 0.629579
vt 0.366058 0.613494
vt 0.365993 0.625932
vt 0.371310 0.608172
vt 0.371263 0.620204
vt 0.376353 0.604000
vt 0.376285 0.616226
vt 0.381189 0.603593
vt 0.381070 0.616516
vt 0.385906 0.607796
vt 0.385735 0.621508
vt 0.390665 0.614973
vt 0.390477 0.629076
vt 0.395646 0.621236
vt 0.395488 0.635097
vt 0.400888 0.623053
vt 0.400783 0.636206
vt 0.406238 0.619887
vt 0.406178 0.632273
vt 0.411489 0.614158
vt 0.411445 0.626139
vt 0.416533 0.609503
vt 0.416471 0.621659
vt 0.421377 0.608724
vt 0.421264 0.621582
vt 0.426104 0.612602
vt 0.425938 0.626270
vt 0.430870 0.619422
vt 0.430684 0.633494
vt 0.435848 0.625305
vt 0.435690 0.639138
vt 0.441081 0.626759
vt 0.440978 0.639880
vt 0.446423 0.623349
vt 0.446367 0.635709
vt 0.451673 0.617407
vt 0.451632 0.629371
vt 0.456715 0.612440
vt 0.456652 0.624594
vt 0.461553 0.611257
vt 0.461442 0.624104
vt 0.466289 0.614692
vt 0.466129 0.628317
vt 0.471078 0.621051
vt 0.470898 0.635083
vt 0.476076 0.626475
vt 0.475922 0.640277
vt 0.481320 0.627589
vt 0.481220 0.640680
vt 0.486671 0.623770
vt 0.486620 0.636086
vt 0.491931 0.617439
vt 0.491898 0.629346
vt 0.496985 0.612181
vt 0.496930 0.624286
vt 0.501831 0.610807
vt 0.501726 0.623614
vt 0.506567 0.614051
vt 0.506412 0.627643
vt 0.511364 0.620077
vt 0.511194 0.634058
vt 0.516385 0.625281
vt 0.516243 0.639029
vt 0.521660 0.626156
vt 0.521568 0.639204
vt 0.527036 0.621803
vt 0.526990 0.634075
vt 0.532312 0.615023
vt 0.532285 0.626881
vt 0.537381 0.609368
vt 0.537333 0.621420
vt 0.542246 0.607563
vt 0.542147 0.620319
vt 0.546999 0.610393
vt 0.546849 0.623950
vt 0.551798 0.616112
vt 0.551630 0.630070
vt 0.556809 0.620924
vt 0.556669 0.634642
vt 0.562072 0.621320
vt 0.561985 0.634321
vt 0.567441 0.616734
vt 0.567400 0.628973
vt 0.572713 0.609700
vt 0.572686 0.621549
vt 0.577773 0.603640
vt 0.577724 0.615675
vt 0.582637 0.601092
vt 0.582545 0.613775
vt 0.587395 0.603667
vt 0.587249 0.617176
vt 0.592198 0.609053
vt 0.592032 0.622973
vt 0.597213 0.613482
vt 0.597075 0.627164
vt 0.602478 0.613507
vt 0.602394 0.626472
vt 0.607847 0.608609
vt 0.607810 0.620804
vt 0.613120 0.601265
vt 0.613100 0.613057
vt 0.618187 0.594990
vt 0.618145 0.606974
vt 0.623051 0.592519
vt 0.622961 0.605195
vt 0.627808 0.594641
vt 0.627669 0.608092
vt 0.632618 0.599530
vt 0.632467 0.613336
vt 0.637649 0.603375
vt 0.637529 0.616883
vt 0.642914 0.602771
vt 0.642845 0.615502
vt 0.648232 0.596682
vt 0.648216 0.608453
vt 0.653387 0.587902
vt 0.653402 0.598946
vt 0.658231 0.579359
vt 0.658253 0.589989
vt 0.662715 0.572458
vt 0.662749 0.582641
vt 0.666872 0.565280
vt 0.666970 0.574286
vt 0.670750 0.552242
vt 0.670994 0.558619
vt 0.674115 0.527017
vt 0.674550 0.528827
vt 0.676364 0.489942
vt 0.254538 0.447508
vt 0.254807 0.446604
vt 0.255783 0.460716
vt 0.255395 0.458084
vt 0.253380 0.456790
vt 0.254159 0.460910
vt 0.253848 0.487289
vt 0.254604 0.468224
vt 0.255595 0.415806
vt 0.255228 0.516468
vt 0.254693 0.526978
vt 0.253220 0.555830
vt 0.257038 0.581402
vt 0.263271 0.468628
vt 0.259897 0.464073
vt 0.259575 0.477458
vt 0.262964 0.484785
vt 0.267297 0.471415
vt 0.266986 0.490038
vt 0.271747 0.474533
vt 0.271402 0.495750
vt 0.276477 0.479745
vt 0.276099 0.503016
vt 0.281385 0.486633
vt 0.281022 0.510349
vt 0.286395 0.492726
vt 0.286099 0.515117
vt 0.291427 0.495723
vt 0.291202 0.516119
vt 0.296401 0.495358
vt 0.296214 0.514361
vt 0.301298 0.493109
vt 0.301101 0.511959
vt 0.306180 0.491017
vt 0.305944 0.511034
vt 0.311115 0.491182
vt 0.310827 0.513090
vt 0.316119 0.494496
vt 0.315782 0.518075
vt 0.321173 0.500160
vt 0.320835 0.524022
vt 0.326257 0.505487
vt 0.325975 0.527938
vt 0.331328 0.507910
vt 0.331111 0.528331
vt 0.336329 0.507087
vt 0.336146 0.526134
vt 0.341252 0.504490
vt 0.341062 0.523415
vt 0.346152 0.502135
vt 0.345920 0.522189
vt 0.351098 0.501897
vt 0.350804 0.523879
vt 0.356124 0.504771
vt 0.355786 0.528473
vt 0.361221 0.510121
vt 0.360892 0.534041
vt 0.366339 0.515030
vt 0.366063 0.537485
vt 0.371427 0.517048
vt 0.371210 0.537485
vt 0.376438 0.515891
vt 0.376254 0.534968
vt 0.381369 0.513054
vt 0.381183 0.531972
vt 0.386278 0.510414
vt 0.386054 0.530418
vt 0.391226 0.509888
vt 0.390942 0.531803
vt 0.396244 0.512585
vt 0.395913 0.536170
vt 0.401329 0.517551
vt 0.401007 0.541341
vt 0.406457 0.522022
vt 0.406194 0.544353
vt 0.411563 0.523697
vt 0.411362 0.543977
vt 0.416578 0.522112
vt 0.416404 0.541035
vt 0.421510 0.518801
vt 0.421332 0.537600
vt 0.426424 0.515745
vt 0.426211 0.535640
vt 0.431383 0.514829
vt 0.431116 0.536621
vt 0.436409 0.517155
vt 0.436096 0.540599
vt 0.441493 0.521740
vt 0.441183 0.545390
vt 0.446611 0.525830
vt 0.446356 0.548069
vt 0.451710 0.527159
vt 0.451519 0.547375
vt 0.456730 0.525289
vt 0.456572 0.544115
vt 0.461667 0.521621
vt 0.461501 0.540310
vt 0.466577 0.518118
vt 0.466371 0.537935
vt 0.471545 0.516809
vt 0.471287 0.538531
vt 0.476594 0.518650
vt 0.476294 0.542018
vt 0.481702 0.522745
vt 0.481403 0.546358
vt 0.486834 0.526474
vt 0.486584 0.548690
vt 0.491938 0.527421
vt 0.491748 0.547632
vt 0.496963 0.525218
vt 0.496805 0.544061
vt 0.501910 0.521277
vt 0.501747 0.539997
vt 0.506835 0.517629
vt 0.506633 0.537471
vt 0.511805 0.516067
vt 0.511544 0.537812
vt 0.516859 0.517532
vt 0.516551 0.540977
vt 0.521990 0.521325
vt 0.521693 0.545024
vt 0.527154 0.524747
vt 0.526914 0.546955
vt 0.532281 0.525229
vt 0.532096 0.545422
vt 0.537321 0.522668
vt 0.537167 0.541492
vt 0.542277 0.518420
vt 0.542120 0.537092
vt 0.547211 0.514409
vt 0.547020 0.534167
vt 0.552192 0.512484
vt 0.551946 0.534124
vt 0.557245 0.513712
vt 0.556955 0.537011
vt 0.562358 0.517225
vt 0.562073 0.540739
vt 0.567504 0.520260
vt 0.567277 0.542321
vt 0.572632 0.520390
vt 0.572468 0.540421
vt 0.577678 0.517447
vt 0.577545 0.536082
vt 0.582625 0.512798
vt 0.582480 0.531271
vt 0.587557 0.508313
vt 0.587377 0.527935
vt 0.592544 0.505948
vt 0.592313 0.527459
vt 0.597607 0.506727
vt 0.597331 0.529907
vt 0.602732 0.509771
vt 0.602458 0.533190
vt 0.607888 0.512388
vt 0.607665 0.534401
vt 0.613017 0.512231
vt 0.612852 0.532249
vt 0.618061 0.509002
vt 0.617927 0.527658
vt 0.623021 0.504075
vt 0.622880 0.522594
vt 0.627956 0.499396
vt 0.627777 0.519024
vt 0.632933 0.496836
vt 0.632696 0.518358
vt 0.637986 0.497376
vt 0.637703 0.520536
vt 0.643112 0.500144
vt 0.642844 0.523440
vt 0.648223 0.502648
vt 0.648002 0.524319
vt 0.653217 0.502774
vt 0.653048 0.522197
vt 0.658002 0.500444
vt 0.657860 0.518019
vt 0.662476 0.497449
vt 0.662327 0.513920
vt 0.666515 0.496095
vt 0.666343 0.511599
vt 0.669909 0.497350
vt 0.669763 0.510628
vt 0.672462 0.498380
vt 0.672451 0.507270
vt 0.674150 0.494885
vt 0.674271 0.498857
vt 0.674713 0.493634
vt 0.258371 0.378007
vt 0.254154 0.415629
vt 0.259225 0.389284
vt 0.251230 0.492968
vt 0.255432 0.455203
vt 0.262622 0.359787
vt 0.263160 0.376269
vt 0.266955 0.349580
vt 0.267357 0.368564
vt 0.271597 0.340672
vt 0.271930 0.361213
vt 0.276638 0.331476
vt 0.276891 0.353794
vt 0.281976 0.324244
vt 0.282113 0.348737
vt 0.287344 0.322265
vt 0.287356 0.348803
vt 0.292453 0.326864
vt 0.292382 0.354558
vt 0.297186 0.335845
vt 0.297125 0.363259
vt 0.301696 0.344527
vt 0.301744 0.370377
vt 0.306280 0.348339
vt 0.306436 0.372410
vt 0.311123 0.346244
vt 0.311334 0.369535
vt 0.316304 0.340479
vt 0.316498 0.364242
vt 0.321733 0.334907
vt 0.321846 0.360115
vt 0.327158 0.333643
vt 0.327164 0.360513
vt 0.332299 0.338490
vt 0.332234 0.366304
vt 0.337058 0.347402
vt 0.337010 0.374810
vt 0.341592 0.355785
vt 0.341646 0.381588
vt 0.346184 0.359505
vt 0.346356 0.383501
vt 0.351055 0.357248
vt 0.351289 0.380353
vt 0.356271 0.350995
vt 0.356480 0.374602
vt 0.361720 0.344908
vt 0.361842 0.370052
vt 0.367166 0.343329
vt 0.367187 0.370132
vt 0.372341 0.347842
vt 0.372296 0.375557
vt 0.377136 0.356381
vt 0.377104 0.383683
vt 0.381689 0.364418
vt 0.381749 0.390173
vt 0.386281 0.368000
vt 0.386455 0.391977
vt 0.391144 0.365641
vt 0.391382 0.388707
vt 0.396354 0.359212
vt 0.396571 0.382759
vt 0.401804 0.352937
vt 0.401934 0.377996
vt 0.407244 0.351024
vt 0.407265 0.377755
vt 0.412406 0.355090
vt 0.412362 0.382746
vt 0.417204 0.363273
vt 0.417183 0.390490
vt 0.421774 0.370935
vt 0.421846 0.396566
vt 0.426375 0.374042
vt 0.426556 0.397925
vt 0.431237 0.371271
vt 0.431477 0.394286
vt 0.436439 0.364551
vt 0.436660 0.388040
vt 0.441882 0.358040
vt 0.442022 0.382998
vt 0.447322 0.355811
vt 0.447356 0.382407
vt 0.452485 0.359514
vt 0.452449 0.387049
vt 0.457268 0.367338
vt 0.457248 0.394480
vt 0.461825 0.374757
vt 0.461908 0.400271
vt 0.466440 0.377542
vt 0.466640 0.401221
vt 0.471321 0.374121
vt 0.471575 0.396962
vt 0.476531 0.366833
vt 0.476765 0.390181
vt 0.481987 0.359747
vt 0.482142 0.384558
vt 0.487448 0.356933
vt 0.487503 0.383386
vt 0.492641 0.360169
vt 0.492628 0.387559
vt 0.497452 0.367547
vt 0.497452 0.394545
vt 0.502024 0.374529
vt 0.502120 0.399938
vt 0.506644 0.376896
vt 0.506854 0.400508
vt 0.511536 0.373352
vt 0.511809 0.396068
vt 0.516771 0.365777
vt 0.517024 0.388970
vt 0.522250 0.358185
vt 0.522413 0.382916
vt 0.527724 0.355065
vt 0.527784 0.381500
vt 0.532936 0.358149
vt 0.532933 0.385495
vt 0.537771 0.365247
vt 0.537782 0.392180
vt 0.542365 0.371913
vt 0.542467 0.397274
vt 0.546993 0.374064
vt 0.547203 0.397660
vt 0.551878 0.370342
vt 0.552148 0.393056
vt 0.557099 0.362618
vt 0.557351 0.385799
vt 0.562565 0.354977
vt 0.562735 0.379645
vt 0.568031 0.351648
vt 0.568093 0.377999
vt 0.573220 0.354419
vt 0.573209 0.381714
vt 0.578030 0.361214
vt 0.578036 0.388088
vt 0.582620 0.367576
vt 0.582738 0.392807
vt 0.587264 0.369052
vt 0.587486 0.392467
vt 0.592148 0.364758
vt 0.592428 0.387334
vt 0.597370 0.356540
vt 0.597633 0.379587
vt 0.602839 0.348424
vt 0.603023 0.372942
vt 0.608315 0.344565
vt 0.608398 0.370738
vt 0.613526 0.346734
vt 0.613541 0.373843
vt 0.618363 0.353026
vt 0.618392 0.379741
vt 0.622963 0.358990
vt 0.623087 0.384113
vt 0.627601 0.360450
vt 0.627840 0.383756
vt 0.632506 0.355942
vt 0.632806 0.378341
vt 0.637754 0.347367
vt 0.638032 0.370278
vt 0.643240 0.338951
vt 0.643420 0.363465
vt 0.648716 0.335405
vt 0.648791 0.361660
vt 0.653926 0.338197
vt 0.653915 0.365481
vt 0.658721 0.345923
vt 0.658682 0.373048
vt 0.663215 0.354815
vt 0.663194 0.380831
vt 0.667651 0.362209
vt 0.667596 0.387401
vt 0.672153 0.370413
vt 0.671842 0.396467
vt 0.676412 0.390636
vt 0.675315 0.418877
vt 0.678627 0.452611
vt 0.676076 0.460757
vt 0.675602 0.475217
vt 0.675194 0.476401
vt 0.255405 0.445662
vt 0.255171 0.451794
vt 0.257170 0.467631
vt 0.256722 0.482530
vt 0.259207 0.498052
vt 0.256004 0.501265
vt 0.258764 0.521363
vt 0.263550 0.420331
vt 0.267562 0.417502
vt 0.272041 0.414209
vt 0.276868 0.412038
vt 0.281884 0.413166
vt 0.286910 0.418296
vt 0.291842 0.425358
vt 0.296690 0.430878
vt 0.301508 0.432790
vt 0.306350 0.431034
vt 0.311315 0.427692
vt 0.316432 0.425188
vt 0.321616 0.425891
vt 0.326735 0.430658
vt 0.331718 0.437381
vt 0.336596 0.442520
vt 0.341437 0.443978
vt 0.346316 0.441985
vt 0.351307 0.438293
vt 0.356430 0.435375
vt 0.361639 0.435717
vt 0.366803 0.440136
vt 0.371816 0.446489
vt 0.376701 0.451303
vt 0.381540 0.452566
vt 0.386420 0.450420
vt 0.391411 0.446512
vt 0.396535 0.443415
vt 0.401727 0.443558
vt 0.406870 0.447624
vt 0.411898 0.453527
vt 0.416810 0.457910
vt 0.421655 0.458719
vt 0.426531 0.456153
vt 0.431522 0.451872
vt 0.436655 0.448410
vt 0.441856 0.448199
vt 0.446998 0.451866
vt 0.452010 0.457423
vt 0.456914 0.461494
vt 0.461777 0.461910
vt 0.466664 0.458917
vt 0.471654 0.454172
vt 0.476798 0.450221
vt 0.482025 0.449408
vt 0.487200 0.452557
vt 0.492231 0.457715
vt 0.497139 0.461438
vt 0.502001 0.461553
vt 0.506904 0.458229
vt 0.511919 0.453236
vt 0.517067 0.448975
vt 0.522295 0.447801
vt 0.527498 0.450719
vt 0.532559 0.455579
vt 0.537483 0.458972
vt 0.542352 0.458835
vt 0.547252 0.455307
vt 0.552264 0.450061
vt 0.557415 0.445564
vt 0.562639 0.444254
vt 0.567806 0.446914
vt 0.572842 0.451429
vt 0.577781 0.454370
vt 0.582669 0.453872
vt 0.587558 0.449730
vt 0.592573 0.443983
vt 0.597734 0.438989
vt 0.602974 0.437158
vt 0.608165 0.439255
vt 0.613222 0.443301
vt 0.618158 0.445929
vt 0.623042 0.445043
vt 0.627957 0.440763
vt 0.632980 0.434791
vt 0.638132 0.429641
vt 0.643357 0.427648
vt 0.648541 0.430068
vt 0.653508 0.434890
vt 0.658247 0.439303
vt 0.662765 0.441999
vt 0.666984 0.444772
vt 0.670640 0.451741
vt 0.673183 0.465770
vt 0.674323 0.480443
vt 0.674651 0.482423
vt 0.674479 0.485830
vt 0.674139 0.486882
vt 0.257290 0.431074
vt 0.260100 0.423542
vt 0.262750 0.508464
vt 0.266866 0.516527
vt 0.271326 0.525058
vt 0.276062 0.533956
vt 0.281044 0.540756
vt 0.286174 0.543390
vt 0.291298 0.542186
vt 0.296304 0.539320
vt 0.301175 0.537257
vt 0.306007 0.538172
vt 0.310871 0.542574
vt 0.315815 0.549015
vt 0.320893 0.554413
vt 0.326071 0.556172
vt 0.331221 0.554359
vt 0.336247 0.551075
vt 0.341145 0.548791
vt 0.345981 0.549384
vt 0.350845 0.553454
vt 0.355831 0.559536
vt 0.360964 0.564459
vt 0.366163 0.565714
vt 0.371324 0.563499
vt 0.376363 0.559888
vt 0.381280 0.557273
vt 0.386130 0.557491
vt 0.390996 0.561249
vt 0.395970 0.567008
vt 0.401099 0.571503
vt 0.406321 0.572338
vt 0.411493 0.569751
vt 0.416524 0.565736
vt 0.421441 0.562709
vt 0.426307 0.562520
vt 0.431191 0.565864
vt 0.436167 0.571249
vt 0.441281 0.575394
vt 0.446489 0.575945
vt 0.451663 0.573060
vt 0.456705 0.568705
vt 0.461615 0.565329
vt 0.466471 0.564740
vt 0.471377 0.567663
vt 0.476379 0.572546
vt 0.481510 0.576310
vt 0.486721 0.576524
vt 0.491895 0.573282
vt 0.496946 0.568615
vt 0.501872 0.564978
vt 0.506738 0.564255
vt 0.511629 0.566932
vt 0.516642 0.571516
vt 0.521819 0.574973
vt 0.527063 0.574717
vt 0.532252 0.571021
vt 0.537318 0.565978
vt 0.542259 0.561957
vt 0.547144 0.560784
vt 0.552054 0.563071
vt 0.557062 0.567355
vt 0.562210 0.570437
vt 0.567448 0.569851
vt 0.572649 0.565789
vt 0.577712 0.560380
vt 0.582628 0.555860
vt 0.587520 0.554329
vt 0.592438 0.556206
vt 0.597452 0.560088
vt 0.602604 0.562775
vt 0.607839 0.561875
vt 0.613033 0.557573
vt 0.618098 0.551902
vt 0.623036 0.547243
vt 0.627914 0.545443
vt 0.632816 0.547080
vt 0.637831 0.550556
vt 0.643001 0.552783
vt 0.648174 0.551294
vt 0.653228 0.546591
vt 0.658029 0.540547
vt 0.662479 0.535286
vt 0.666502 0.531463
vt 0.670009 0.526801
vt 0.672878 0.516654
vt 0.674701 0.500457
vt 0.674880 0.494745
vt 0.254480 0.457724
vt 0.255426 0.452220
vt 0.260246 0.438576
vt 0.263630 0.438563
vt 0.260027 0.456225
vt 0.263400 0.459163
vt 0.267638 0.437792
vt 0.267422 0.460643
vt 0.272126 0.436663
vt 0.271889 0.462316
vt 0.276947 0.437156
vt 0.276646 0.466139
vt 0.281935 0.440832
vt 0.281566 0.472335
vt 0.286936 0.447098
vt 0.286556 0.478817
vt 0.291874 0.453183
vt 0.291550 0.482886
vt 0.296749 0.456471
vt 0.296496 0.483524
vt 0.301583 0.456442
vt 0.301384 0.481682
vt 0.306441 0.454094
vt 0.306269 0.479259
vt 0.311424 0.451580
vt 0.311228 0.478456
vt 0.316538 0.451015
vt 0.316268 0.480637
vt 0.321691 0.453895
vt 0.321342 0.485737
vt 0.326777 0.459620
vt 0.326410 0.491518
vt 0.331762 0.465269
vt 0.331447 0.495048
vt 0.336664 0.468139
vt 0.336420 0.495224
vt 0.341525 0.467679
vt 0.341334 0.493027
vt 0.346419 0.465050
vt 0.346243 0.490331
vt 0.351417 0.462188
vt 0.351214 0.489126
vt 0.356538 0.461207
vt 0.356272 0.490868
vt 0.361726 0.463730
vt 0.361385 0.495664
vt 0.366858 0.469081
vt 0.366492 0.501040
vt 0.371863 0.474374
vt 0.371546 0.504173
vt 0.376768 0.476931
vt 0.376528 0.504019
vt 0.381631 0.476268
vt 0.381447 0.501600
vt 0.386528 0.473431
vt 0.386363 0.498641
vt 0.391530 0.470315
vt 0.391337 0.497162
vt 0.396647 0.469175
vt 0.396388 0.498739
vt 0.401813 0.471462
vt 0.401488 0.503180
vt 0.406934 0.476414
vt 0.406597 0.508132
vt 0.411964 0.481275
vt 0.411671 0.510916
vt 0.416889 0.483396
vt 0.416662 0.510324
vt 0.421753 0.482279
vt 0.421583 0.507428
vt 0.426648 0.479024
vt 0.426501 0.504052
vt 0.431656 0.475515
vt 0.431484 0.502186
vt 0.436785 0.473986
vt 0.436544 0.503393
vt 0.441959 0.475897
vt 0.441645 0.507446
vt 0.447073 0.480458
vt 0.446747 0.512005
vt 0.452089 0.484961
vt 0.451811 0.514434
vt 0.457016 0.486771
vt 0.456806 0.513565
vt 0.461896 0.485268
vt 0.461734 0.510307
vt 0.466793 0.481590
vt 0.466652 0.506476
vt 0.471799 0.477674
vt 0.471640 0.504220
vt 0.476946 0.475648
vt 0.476721 0.504937
vt 0.482149 0.476977
vt 0.481848 0.508477
vt 0.487291 0.481085
vt 0.486968 0.512653
vt 0.492316 0.485218
vt 0.492040 0.514694
vt 0.497243 0.486707
vt 0.497038 0.513490
vt 0.502125 0.484910
vt 0.501974 0.509951
vt 0.507044 0.480964
vt 0.506907 0.505960
vt 0.512067 0.476790
vt 0.511903 0.503439
vt 0.517211 0.474457
vt 0.516988 0.503780
vt 0.522422 0.475449
vt 0.522132 0.507025
vt 0.527599 0.479285
vt 0.527284 0.510915
vt 0.532651 0.483051
vt 0.532380 0.512509
vt 0.537591 0.484209
vt 0.537393 0.510956
vt 0.542480 0.482152
vt 0.542337 0.507126
vt 0.547398 0.477947
vt 0.547277 0.502800
vt 0.552425 0.473461
vt 0.552280 0.499933
vt 0.557575 0.470872
vt 0.557366 0.500047
vt 0.562774 0.471688
vt 0.562495 0.503027
vt 0.567914 0.475231
vt 0.567624 0.506547
vt 0.572956 0.478617
vt 0.572717 0.507790
vt 0.577915 0.479321
vt 0.577738 0.505854
vt 0.582810 0.476905
vt 0.582680 0.501611
vt 0.587716 0.472189
vt 0.587614 0.496813
vt 0.592749 0.467198
vt 0.592623 0.493482
vt 0.597911 0.464115
vt 0.597719 0.493135
vt 0.603127 0.464415
vt 0.602862 0.495629
vt 0.608289 0.467443
vt 0.608005 0.498701
vt 0.613341 0.470456
vt 0.613102 0.499633
vt 0.618294 0.470877
vt 0.618121 0.497395
vt 0.623195 0.468097
vt 0.623071 0.492874
vt 0.628123 0.463175
vt 0.628015 0.487864
vt 0.633153 0.458019
vt 0.633018 0.484354
vt 0.638298 0.454807
vt 0.638101 0.483790
vt 0.643506 0.454918
vt 0.643241 0.486081
vt 0.648648 0.458113
vt 0.648344 0.489122
vt 0.653582 0.461854
vt 0.653311 0.490506
vt 0.658301 0.463893
vt 0.658076 0.489436
vt 0.662770 0.464363
vt 0.662552 0.487360
vt 0.666881 0.465653
vt 0.666609 0.486788
vt 0.670362 0.470847
vt 0.670008 0.489434
vt 0.672805 0.480042
vt 0.672503 0.493231
vt 0.261175 0.597158
vt 0.265441 0.611132
vt 0.269991 0.623777
vt 0.274975 0.632291
vt 0.280329 0.634398
vt 0.285782 0.630986
vt 0.291046 0.625778
vt 0.295980 0.622930
vt 0.300632 0.624821
vt 0.305163 0.631887
vt 0.309845 0.640616
vt 0.314890 0.646849
vt 0.320274 0.647662
vt 0.325746 0.643407
vt 0.331021 0.637656
vt 0.335964 0.634529
vt 0.340616 0.636416
vt 0.345170 0.642987
vt 0.349892 0.651328
vt 0.354976 0.657273
vt 0.360384 0.657542
vt 0.365878 0.652670
vt 0.371175 0.646452
vt 0.376138 0.643011
vt 0.380803 0.644577
vt 0.385361 0.650799
vt 0.390081 0.658789
vt 0.395169 0.664194
vt 0.400588 0.664034
vt 0.406077 0.658898
vt 0.411365 0.652289
vt 0.416336 0.648320
vt 0.421014 0.649521
vt 0.425576 0.655469
vt 0.430293 0.663141
vt 0.435373 0.668179
vt 0.440786 0.667653
vt 0.446273 0.662277
vt 0.451559 0.655472
vt 0.456516 0.651243
vt 0.461191 0.652016
vt 0.465779 0.657430
vt 0.470518 0.664645
vt 0.475612 0.669251
vt 0.481034 0.668384
vt 0.486535 0.662559
vt 0.491840 0.655327
vt 0.496811 0.650818
vt 0.501489 0.651434
vt 0.506070 0.656691
vt 0.510832 0.663528
vt 0.515958 0.667888
vt 0.521401 0.666795
vt 0.526918 0.660447
vt 0.532241 0.652749
vt 0.537230 0.647833
vt 0.541927 0.648025
vt 0.546519 0.652913
vt 0.551273 0.659477
vt 0.556387 0.663436
vt 0.561827 0.661827
vt 0.567338 0.655269
vt 0.572644 0.647389
vt 0.577621 0.642046
vt 0.582338 0.641356
vt 0.586930 0.646046
vt 0.591682 0.652306
vt 0.596799 0.655887
vt 0.602243 0.653906
vt 0.607757 0.647009
vt 0.613071 0.638776
vt 0.618057 0.633238
vt 0.622759 0.632732
vt 0.627365 0.636833
vt 0.632148 0.642429
vt 0.637293 0.645228
vt 0.642730 0.642399
vt 0.648219 0.633727
vt 0.653470 0.623016
vt 0.658342 0.613279
vt 0.662885 0.604781
vt 0.667282 0.593581
vt 0.671688 0.571984
vt 0.675875 0.530878
vt 0.675870 0.478742
vt 0.675169 0.492879
vt 0.253963 0.468126
vt 0.675261 0.498198
vt 0.254250 0.470519
vt 0.255387 0.461630
vt 0.262529 0.534096
vt 0.266735 0.544738
vt 0.271216 0.555605
vt 0.275981 0.565212
vt 0.281023 0.570703
vt 0.286219 0.571011
vt 0.291388 0.567833
vt 0.296412 0.564276
vt 0.301281 0.563102
vt 0.306072 0.566331
vt 0.310872 0.572999
vt 0.315792 0.580162
vt 0.320905 0.584273
vt 0.326137 0.583700
vt 0.331328 0.579922
vt 0.336369 0.575985
vt 0.341255 0.574701
vt 0.346049 0.577544
vt 0.350864 0.583848
vt 0.355831 0.590707
vt 0.360987 0.594303
vt 0.366238 0.593187
vt 0.371444 0.588975
vt 0.376503 0.584710
vt 0.381407 0.583068
vt 0.386213 0.585529
vt 0.391028 0.591519
vt 0.395986 0.597936
vt 0.401147 0.601103
vt 0.406415 0.599633
vt 0.411621 0.595049
vt 0.416673 0.590347
vt 0.421585 0.588302
vt 0.426406 0.590394
vt 0.431232 0.596013
vt 0.436186 0.602066
vt 0.441334 0.604878
vt 0.446592 0.603143
vt 0.451800 0.598305
vt 0.456856 0.593284
vt 0.461757 0.590883
vt 0.466579 0.592546
vt 0.471431 0.597700
vt 0.476408 0.603279
vt 0.481567 0.605749
vt 0.486830 0.603646
vt 0.492045 0.598429
vt 0.497113 0.593092
vt 0.502028 0.590462
vt 0.506850 0.591977
vt 0.511696 0.596835
vt 0.516698 0.602138
vt 0.521898 0.604345
vt 0.527185 0.601748
vt 0.532415 0.596084
vt 0.537499 0.590350
vt 0.542431 0.587295
vt 0.547275 0.588363
vt 0.552131 0.592888
vt 0.557120 0.597852
vt 0.562300 0.599611
vt 0.567586 0.596718
vt 0.572819 0.590753
vt 0.577892 0.584670
vt 0.582812 0.580957
vt 0.587666 0.581707
vt 0.592526 0.585887
vt 0.597518 0.590472
vt 0.602700 0.591858
vt 0.607983 0.588664
vt 0.613214 0.582421
vt 0.618294 0.576081
vt 0.623223 0.572383
vt 0.628063 0.572786
vt 0.632921 0.576550
vt 0.637927 0.580606
vt 0.643116 0.581469
vt 0.648335 0.577382
vt 0.653433 0.570164
vt 0.658260 0.562435
vt 0.662731 0.556063
vt 0.666811 0.550352
vt 0.670479 0.541102
vt 0.673564 0.522825
vt 0.254812 0.453718
vt 0.616963 0.526392
vt 0.617116 0.528385
vt 0.617201 0.525934
vt 0.617665 0.544273
vt 0.618060 0.522415
vt 0.617644 0.527446
vt 0.617097 0.542046
vt 0.612215 0.454744
vt 0.614705 0.469638
vt 0.614749 0.462901
vt 0.612184 0.447737
vt 0.609360 0.445983
vt 0.609276 0.439255
vt 0.606359 0.443135
vt 0.606243 0.436880
vt 0.603390 0.444289
vt 0.603257 0.438398
vt 0.600517 0.446533
vt 0.600381 0.440719
vt 0.597726 0.447342
vt 0.597598 0.441267
vt 0.594960 0.445265
vt 0.594845 0.438745
vt 0.592148 0.440590
vt 0.592041 0.433723
vt 0.589228 0.435385
vt 0.589117 0.428494
vt 0.586195 0.432323
vt 0.586070 0.425735
vt 0.583127 0.432683
vt 0.582990 0.426527
vt 0.580129 0.435522
vt 0.579986 0.429688
vt 0.577250 0.438736
vt 0.577110 0.432948
vt 0.574464 0.440161
vt 0.574333 0.434103
vt 0.571699 0.438555
vt 0.571581 0.432059
vt 0.568881 0.434157
vt 0.568772 0.427308
vt 0.565957 0.429218
vt 0.565845 0.422339
vt 0.562921 0.426356
vt 0.562796 0.419775
vt 0.559854 0.426870
vt 0.559715 0.420723
vt 0.556855 0.429909
vt 0.556709 0.424093
vt 0.553971 0.433289
vt 0.553828 0.427518
vt 0.551177 0.434793
vt 0.551045 0.428745
vt 0.548411 0.433207
vt 0.548292 0.426713
vt 0.545593 0.429021
vt 0.545481 0.422191
vt 0.542654 0.424336
vt 0.542536 0.417482
vt 0.539595 0.421628
vt 0.539466 0.415065
vt 0.536517 0.422520
vt 0.536376 0.416395
vt 0.533515 0.425945
vt 0.533366 0.420157
vt 0.530627 0.429643
vt 0.530481 0.423903
vt 0.527830 0.431441
vt 0.527695 0.425424
vt 0.525059 0.430169
vt 0.524937 0.423704
vt 0.522238 0.426269
vt 0.522125 0.419459
vt 0.519309 0.421832
vt 0.519191 0.414997
vt 0.516268 0.419494
vt 0.516137 0.412962
vt 0.513197 0.420567
vt 0.513054 0.414469
vt 0.510199 0.424154
vt 0.510050 0.418378
vt 0.507321 0.428040
vt 0.507175 0.422307
vt 0.504538 0.430219
vt 0.504401 0.424229
vt 0.501763 0.429122
vt 0.501639 0.422680
vt 0.498942 0.425383
vt 0.498828 0.418584
vt 0.496015 0.421100
vt 0.495897 0.414273
vt 0.492977 0.418934
vt 0.492846 0.412409
vt 0.489908 0.420169
vt 0.489764 0.414080
vt 0.486911 0.423893
vt 0.486761 0.418130
vt 0.484030 0.427913
vt 0.483882 0.422192
vt 0.481238 0.430068
vt 0.481100 0.424072
vt 0.478467 0.429176
vt 0.478343 0.422735
vt 0.475643 0.425667
vt 0.475525 0.418886
vt 0.472701 0.421653
vt 0.472577 0.414849
vt 0.469639 0.419679
vt 0.469504 0.413173
vt 0.466566 0.421405
vt 0.466419 0.415339
vt 0.463568 0.425489
vt 0.463415 0.419759
vt 0.460686 0.429840
vt 0.460534 0.424157
vt 0.457893 0.432288
vt 0.457752 0.426327
vt 0.455124 0.431655
vt 0.454996 0.425244
vt 0.452302 0.428419
vt 0.452181 0.421667
vt 0.449366 0.424716
vt 0.449241 0.417945
vt 0.446320 0.423154
vt 0.446183 0.416685
vt 0.443249 0.424967
vt 0.443100 0.418932
vt 0.440254 0.429255
vt 0.440100 0.423546
vt 0.437381 0.433865
vt 0.437230 0.428205
vt 0.434596 0.436630
vt 0.434454 0.430702
vt 0.431823 0.436137
vt 0.431693 0.429752
vt 0.428997 0.433094
vt 0.428877 0.426356
vt 0.426066 0.429561
vt 0.425941 0.422793
vt 0.423025 0.428076
vt 0.422888 0.421610
vt 0.419956 0.429997
vt 0.419806 0.423967
vt 0.416961 0.434416
vt 0.416806 0.428712
vt 0.414084 0.439102
vt 0.413931 0.433437
vt 0.411294 0.441901
vt 0.411151 0.435960
vt 0.408522 0.441689
vt 0.408391 0.435306
vt 0.405690 0.438920
vt 0.405565 0.432193
vt 0.402739 0.435608
vt 0.402611 0.428859
vt 0.399694 0.434590
vt 0.399554 0.428153
vt 0.396632 0.436916
vt 0.396480 0.430935
vt 0.393652 0.441721
vt 0.393493 0.436095
vt 0.390798 0.446808
vt 0.390641 0.441273
vt 0.388053 0.450214
vt 0.387905 0.444504
vt 0.385373 0.451097
vt 0.385233 0.445144
vt 0.382717 0.450382
vt 0.382577 0.444466
vt 0.380090 0.451010
vt 0.379935 0.445686
vt 0.377600 0.456473
vt 0.377420 0.452323
vt 0.375467 0.468786
vt 0.375262 0.466279
vt 0.373988 0.487567
vt 0.373778 0.487207
vt 0.373557 0.507879
vt 0.373428 0.509868
vt 0.373913 0.512765
vt 0.374372 0.508866
vt 0.374493 0.505769
vt 0.374248 0.508919
vt 0.616548 0.489826
vt 0.616687 0.484574
vt 0.374199 0.517074
vt 0.374441 0.521022
vt 0.374309 0.514629
vt 0.617506 0.528203
vt 0.616918 0.540783
vt 0.616908 0.524073
vt 0.617150 0.524666
vt 0.612639 0.515064
vt 0.614667 0.520295
vt 0.614640 0.515001
vt 0.612591 0.507838
vt 0.610157 0.508845
vt 0.610081 0.500473
vt 0.607399 0.503263
vt 0.607297 0.494715
vt 0.604536 0.499876
vt 0.604417 0.491809
vt 0.601695 0.499242
vt 0.601570 0.491746
vt 0.598906 0.500209
vt 0.598779 0.492989
vt 0.596132 0.501457
vt 0.596005 0.494072
vt 0.593313 0.501695
vt 0.593185 0.493738
vt 0.590405 0.500054
vt 0.590279 0.491374
vt 0.587417 0.496713
vt 0.587291 0.487629
vt 0.584396 0.493196
vt 0.584264 0.484344
vt 0.581405 0.491206
vt 0.581268 0.483028
vt 0.578496 0.491302
vt 0.578359 0.483783
vt 0.575676 0.492829
vt 0.575543 0.485625
vt 0.572895 0.494550
vt 0.572764 0.487190
vt 0.570069 0.495042
vt 0.569938 0.487114
vt 0.567154 0.493694
vt 0.567025 0.485040
vt 0.564156 0.490657
vt 0.564028 0.481589
vt 0.561128 0.487363
vt 0.560995 0.478507
vt 0.558136 0.485544
vt 0.557999 0.477355
vt 0.555229 0.485830
vt 0.555092 0.478300
vt 0.552407 0.487509
vt 0.552272 0.480285
vt 0.549616 0.489294
vt 0.549484 0.481905
vt 0.546786 0.489959
vt 0.546657 0.481993
vt 0.543870 0.488809
vt 0.543742 0.480121
vt 0.540863 0.486018
vt 0.540731 0.476925
vt 0.537816 0.482935
vt 0.537680 0.474065
vt 0.534816 0.481441
vt 0.534677 0.473255
vt 0.531906 0.482008
vt 0.531766 0.474491
vt 0.529082 0.483934
vt 0.528945 0.476731
vt 0.526291 0.485963
vt 0.526156 0.478608
vt 0.523462 0.486910
vt 0.523328 0.478993
vt 0.520548 0.485994
vt 0.520415 0.477364
vt 0.517552 0.483396
vt 0.517417 0.474366
vt 0.514523 0.480571
vt 0.514383 0.471774
vt 0.511528 0.479286
vt 0.511383 0.471171
vt 0.508618 0.480122
vt 0.508473 0.472673
vt 0.505797 0.482303
vt 0.505658 0.475154
vt 0.503015 0.484589
vt 0.502877 0.477289
vt 0.500187 0.485772
vt 0.500048 0.477899
vt 0.497271 0.485093
vt 0.497134 0.476494
vt 0.494273 0.482717
vt 0.494136 0.473707
vt 0.491242 0.480110
vt 0.491101 0.471320
vt 0.488246 0.479004
vt 0.488101 0.470884
vt 0.485337 0.479979
vt 0.485192 0.472512
vt 0.482514 0.482306
vt 0.482372 0.475141
vt 0.479724 0.484745
vt 0.479585 0.477418
vt 0.476895 0.486111
vt 0.476758 0.478212
vt 0.473978 0.485637
vt 0.473841 0.477010
vt 0.470968 0.483523
vt 0.470828 0.474501
vt 0.467918 0.481259
vt 0.467775 0.472463
vt 0.464918 0.480479
vt 0.464773 0.472362
vt 0.462011 0.481683
vt 0.461865 0.474231
vt 0.459191 0.484252
vt 0.459047 0.477115
vt 0.456404 0.486933
vt 0.456262 0.479642
vt 0.453578 0.488532
vt 0.453437 0.480677
vt 0.450664 0.488294
vt 0.450524 0.479731
vt 0.447665 0.486435
vt 0.447523 0.477480
vt 0.444631 0.484382
vt 0.444483 0.475661
vt 0.441632 0.483823
vt 0.441479 0.475778
vt 0.438721 0.485314
vt 0.438571 0.477929
vt 0.435905 0.488186
vt 0.435760 0.481102
vt 0.433123 0.491112
vt 0.432978 0.483870
vt 0.430295 0.492917
vt 0.430149 0.485106
vt 0.427377 0.492924
vt 0.427233 0.484397
vt 0.424378 0.491284
vt 0.424233 0.482345
vt 0.421346 0.489370
vt 0.421196 0.480651
vt 0.418348 0.488954
vt 0.418195 0.480907
vt 0.415438 0.490628
vt 0.415286 0.483231
vt 0.412615 0.493629
vt 0.412467 0.486529
vt 0.409827 0.496717
vt 0.409682 0.489456
vt 0.407000 0.498774
vt 0.406855 0.490947
vt 0.404081 0.499077
vt 0.403934 0.490547
vt 0.401068 0.497634
vt 0.400921 0.488703
vt 0.398032 0.495990
vt 0.397882 0.487295
vt 0.395045 0.495800
vt 0.394893 0.487792
vt 0.392160 0.497598
vt 0.392009 0.490271
vt 0.389379 0.500549
vt 0.389234 0.493583
vt 0.386667 0.503399
vt 0.386529 0.496396
vt 0.383990 0.504839
vt 0.383862 0.497533
vt 0.381369 0.503981
vt 0.381255 0.496526
vt 0.378924 0.501295
vt 0.378820 0.494500
vt 0.376848 0.499162
vt 0.376746 0.494171
vt 0.375336 0.500575
vt 0.375239 0.497955
vt 0.374412 0.504848
vt 0.617281 0.510903
vt 0.617440 0.508787
vt 0.617311 0.528728
vt 0.617409 0.524788
vt 0.616996 0.515527
vt 0.617171 0.517908
vt 0.616891 0.522700
vt 0.617147 0.523036
vt 0.616255 0.502555
vt 0.616094 0.523436
vt 0.616078 0.520377
vt 0.616149 0.512343
vt 0.614674 0.501634
vt 0.613658 0.560125
vt 0.615579 0.551949
vt 0.615350 0.546210
vt 0.613449 0.551686
vt 0.611285 0.565174
vt 0.611097 0.554214
vt 0.608601 0.566545
vt 0.608436 0.553513
vt 0.605767 0.564385
vt 0.605615 0.550285
vt 0.602916 0.560274
vt 0.602761 0.546422
vt 0.600114 0.556890
vt 0.599947 0.544034
vt 0.597347 0.555789
vt 0.597166 0.543857
vt 0.594565 0.557065
vt 0.594375 0.545406
vt 0.591709 0.559563
vt 0.591518 0.547378
vt 0.588753 0.561404
vt 0.588571 0.548128
vt 0.585729 0.560854
vt 0.585566 0.546488
vt 0.582716 0.557617
vt 0.582567 0.542840
vt 0.579778 0.553142
vt 0.579623 0.538953
vt 0.576927 0.549643
vt 0.576754 0.536677
vt 0.574132 0.548613
vt 0.573945 0.536707
vt 0.571344 0.550257
vt 0.571150 0.538614
vt 0.568484 0.553025
vt 0.568288 0.540859
vt 0.565522 0.555155
vt 0.565334 0.541911
vt 0.562489 0.554945
vt 0.562318 0.540607
vt 0.559466 0.551969
vt 0.559308 0.537207
vt 0.556523 0.547678
vt 0.556362 0.533502
vt 0.553672 0.544391
vt 0.553496 0.531417
vt 0.550876 0.543612
vt 0.550684 0.531667
vt 0.548075 0.545314
vt 0.547873 0.533674
vt 0.545208 0.548246
vt 0.545006 0.536096
vt 0.542246 0.550654
vt 0.542055 0.537406
vt 0.539204 0.550660
vt 0.539028 0.536298
vt 0.536168 0.547817
vt 0.536003 0.533061
vt 0.533217 0.543744
vt 0.533051 0.529591
vt 0.530361 0.540694
vt 0.530182 0.527740
vt 0.527565 0.540112
vt 0.527373 0.528181
vt 0.524769 0.541973
vt 0.524567 0.530357
vt 0.521908 0.545088
vt 0.521704 0.532969
vt 0.518948 0.547610
vt 0.518754 0.534411
vt 0.515920 0.547795
vt 0.515745 0.533496
vt 0.512903 0.545218
vt 0.512740 0.530506
vt 0.509959 0.541397
vt 0.509792 0.527293
vt 0.507097 0.538583
vt 0.506912 0.525704
vt 0.504303 0.538381
vt 0.504109 0.526510
vt 0.501512 0.540549
vt 0.501309 0.528969
vt 0.498653 0.543927
vt 0.498446 0.531846
vt 0.495693 0.546705
vt 0.495494 0.533546
vt 0.492661 0.547149
vt 0.492479 0.532893
vt 0.489637 0.544846
vt 0.489467 0.530172
vt 0.486689 0.541258
vt 0.486516 0.527177
vt 0.483831 0.538663
vt 0.483644 0.525785
vt 0.481033 0.538527
vt 0.480830 0.526681
vt 0.478233 0.540863
vt 0.478021 0.529334
vt 0.475369 0.544488
vt 0.475156 0.532448
vt 0.472409 0.547592
vt 0.472207 0.534443
vt 0.469364 0.548197
vt 0.469173 0.533969
vt 0.466327 0.546142
vt 0.466148 0.531526
vt 0.463377 0.542817
vt 0.463198 0.528774
vt 0.460522 0.540431
vt 0.460331 0.527580
vt 0.457727 0.540503
vt 0.457523 0.528683
vt 0.454933 0.543036
vt 0.454720 0.531531
vt 0.452075 0.546829
vt 0.451860 0.534814
vt 0.449118 0.550041
vt 0.448913 0.536944
vt 0.446090 0.550968
vt 0.445902 0.536774
vt 0.443067 0.549178
vt 0.442891 0.534562
vt 0.440116 0.546100
vt 0.439934 0.532077
vt 0.437253 0.543964
vt 0.437058 0.531172
vt 0.434461 0.544415
vt 0.434256 0.532631
vt 0.431671 0.547232
vt 0.431457 0.535729
vt 0.428813 0.551229
vt 0.428595 0.539231
vt 0.425855 0.554676
vt 0.425644 0.541615
vt 0.422825 0.555836
vt 0.422631 0.541670
vt 0.419801 0.554227
vt 0.419619 0.539635
vt 0.416849 0.551320
vt 0.416663 0.537330
vt 0.413987 0.549416
vt 0.413787 0.536639
vt 0.411184 0.549958
vt 0.410971 0.538214
vt 0.408386 0.552927
vt 0.408164 0.541505
vt 0.405528 0.557173
vt 0.405307 0.545244
vt 0.402568 0.560871
vt 0.402353 0.547845
vt 0.399531 0.562248
vt 0.399329 0.548129
vt 0.396501 0.560804
vt 0.396313 0.546276
vt 0.393554 0.557966
vt 0.393369 0.544042
vt 0.390710 0.555921
vt 0.390518 0.543187
vt 0.387941 0.555886
vt 0.387745 0.544192
vt 0.385198 0.557600
vt 0.385011 0.546256
vt 0.382444 0.559195
vt 0.382293 0.547436
vt 0.379711 0.557536
vt 0.379645 0.545097
vt 0.377210 0.549215
vt 0.377283 0.537165
vt 0.375382 0.533832
vt 0.375566 0.524977
vt 0.374550 0.518644
vt 0.374690 0.514665
vt 0.374467 0.513038
vt 0.614630 0.486857
vt 0.616909 0.519373
vt 0.617448 0.522608
vt 0.612533 0.490616
vt 0.612322 0.473457
vt 0.609927 0.481689
vt 0.609595 0.464247
vt 0.607065 0.476434
vt 0.606672 0.460004
vt 0.604147 0.474953
vt 0.603740 0.459792
vt 0.601293 0.475938
vt 0.600883 0.461488
vt 0.598504 0.477354
vt 0.598090 0.462810
vt 0.595734 0.477601
vt 0.595308 0.462102
vt 0.592917 0.475724
vt 0.592478 0.458853
vt 0.590010 0.471931
vt 0.589558 0.454166
vt 0.587008 0.467905
vt 0.586546 0.450392
vt 0.583962 0.465716
vt 0.583501 0.449358
vt 0.580957 0.466043
vt 0.580511 0.450942
vt 0.578056 0.468002
vt 0.577628 0.453635
vt 0.575254 0.470057
vt 0.574833 0.455570
vt 0.572487 0.470776
vt 0.572055 0.455336
vt 0.569662 0.469157
vt 0.569216 0.452366
vt 0.566746 0.465665
vt 0.566290 0.447958
vt 0.563739 0.461900
vt 0.563274 0.444410
vt 0.560691 0.459878
vt 0.560229 0.443524
vt 0.557689 0.460362
vt 0.557242 0.445276
vt 0.554789 0.462493
vt 0.554356 0.448141
vt 0.551980 0.464674
vt 0.551553 0.450195
vt 0.549203 0.465441
vt 0.548769 0.449981
vt 0.546384 0.463983
vt 0.545938 0.447169
vt 0.543467 0.460683
vt 0.543003 0.443005
vt 0.540436 0.457154
vt 0.539959 0.439668
vt 0.537369 0.455439
vt 0.536900 0.439121
vt 0.534362 0.456281
vt 0.533909 0.441239
vt 0.531459 0.458713
vt 0.531020 0.444420
vt 0.528648 0.461165
vt 0.528213 0.446762
vt 0.525867 0.462220
vt 0.525425 0.446861
vt 0.523044 0.461081
vt 0.522588 0.444369
vt 0.520128 0.458041
vt 0.519658 0.440450
vt 0.517116 0.454759
vt 0.516637 0.437417
vt 0.514063 0.453273
vt 0.513586 0.437088
vt 0.511056 0.454336
vt 0.510595 0.439412
vt 0.508154 0.457028
vt 0.507711 0.442805
vt 0.505357 0.459729
vt 0.504922 0.445441
vt 0.502582 0.460997
vt 0.502133 0.445745
vt 0.499755 0.460076
vt 0.499293 0.443449
vt 0.496839 0.457238
vt 0.496366 0.439698
vt 0.493830 0.454145
vt 0.493348 0.436834
vt 0.490778 0.452839
vt 0.490300 0.436667
vt 0.487774 0.454038
vt 0.487312 0.439119
vt 0.484874 0.456838
vt 0.484428 0.442636
vt 0.482066 0.459659
vt 0.481626 0.445330
vt 0.479290 0.461093
vt 0.478841 0.445796
vt 0.476468 0.460333
vt 0.476005 0.443682
vt 0.473548 0.457696
vt 0.473068 0.440187
vt 0.470513 0.454876
vt 0.470020 0.437562
vt 0.467447 0.453999
vt 0.466965 0.437846
vt 0.464444 0.455519
vt 0.463978 0.440636
vt 0.461543 0.458593
vt 0.461092 0.444465
vt 0.458736 0.461695
vt 0.458289 0.447456
vt 0.455960 0.463391
vt 0.455504 0.448193
vt 0.453138 0.462898
vt 0.452668 0.446356
vt 0.450220 0.460554
vt 0.449735 0.443156
vt 0.447204 0.458037
vt 0.446707 0.440897
vt 0.444146 0.457321
vt 0.443653 0.441324
vt 0.441137 0.459094
vt 0.440663 0.444345
vt 0.438240 0.462444
vt 0.437787 0.448420
vt 0.435446 0.465806
vt 0.434996 0.451688
vt 0.432670 0.467704
vt 0.432207 0.452611
vt 0.429840 0.467429
vt 0.429364 0.450986
vt 0.426921 0.465313
vt 0.426433 0.447977
vt 0.423910 0.462937
vt 0.423412 0.445815
vt 0.420857 0.462321
vt 0.420363 0.446336
vt 0.417851 0.464223
vt 0.417375 0.449486
vt 0.414952 0.467713
vt 0.414494 0.453677
vt 0.412147 0.471188
vt 0.411695 0.457016
vt 0.409372 0.473272
vt 0.408911 0.458144
vt 0.406548 0.473231
vt 0.406069 0.456772
vt 0.403616 0.471398
vt 0.403118 0.454029
vt 0.400588 0.469335
vt 0.400086 0.452262
vt 0.397539 0.469038
vt 0.397044 0.453132
vt 0.394550 0.471202
vt 0.394072 0.456597
vt 0.391677 0.474902
vt 0.391216 0.461088
vt 0.388916 0.478560
vt 0.388463 0.464802
vt 0.386227 0.480862
vt 0.385772 0.466535
vt 0.383575 0.481132
vt 0.383114 0.466244
vt 0.380977 0.480053
vt 0.380507 0.465745
vt 0.378534 0.480005
vt 0.378059 0.468189
vt 0.376440 0.483826
vt 0.375973 0.476086
vt 0.374928 0.492536
vt 0.374500 0.489477
vt 0.374165 0.503564
vt 0.373884 0.504498
vt 0.373973 0.508377
vt 0.373854 0.510552
vt 0.618449 0.504767
vt 0.617632 0.516990
vt 0.616679 0.538108
vt 0.616376 0.533989
vt 0.615011 0.538018
vt 0.616152 0.528303
vt 0.614735 0.528343
vt 0.612066 0.429175
vt 0.609018 0.421696
vt 0.605897 0.420492
vt 0.602871 0.422788
vt 0.599989 0.425186
vt 0.597236 0.425074
vt 0.594526 0.421579
vt 0.591745 0.415921
vt 0.588805 0.410806
vt 0.585715 0.408804
vt 0.582593 0.410529
vt 0.579572 0.414296
vt 0.576708 0.417514
vt 0.573967 0.417968
vt 0.571254 0.414960
vt 0.568472 0.409554
vt 0.565530 0.404681
vt 0.562440 0.402861
vt 0.559317 0.404752
vt 0.556291 0.408750
vt 0.553419 0.412135
vt 0.550672 0.412640
vt 0.547962 0.409628
vt 0.545170 0.404486
vt 0.542208 0.399889
vt 0.539099 0.398215
vt 0.535971 0.400493
vt 0.532940 0.404899
vt 0.530064 0.408608
vt 0.527314 0.409408
vt 0.524600 0.406696
vt 0.521810 0.401812
vt 0.518861 0.397462
vt 0.515766 0.396185
vt 0.512643 0.398634
vt 0.509623 0.403149
vt 0.506760 0.407029
vt 0.504017 0.408268
vt 0.501297 0.405725
vt 0.498512 0.400962
vt 0.495566 0.396755
vt 0.492473 0.395651
vt 0.489351 0.398267
vt 0.486329 0.402936
vt 0.483461 0.406951
vt 0.480713 0.408113
vt 0.477998 0.405791
vt 0.475199 0.401315
vt 0.472233 0.397400
vt 0.469122 0.396483
vt 0.465999 0.399598
vt 0.462974 0.404663
vt 0.460104 0.409022
vt 0.457357 0.410461
vt 0.454644 0.408381
vt 0.451850 0.404173
vt 0.448893 0.400575
vt 0.445795 0.400078
vt 0.442674 0.403266
vt 0.439658 0.408497
vt 0.436799 0.413118
vt 0.434054 0.414909
vt 0.431336 0.412947
vt 0.428545 0.408890
vt 0.425595 0.405427
vt 0.422500 0.405006
vt 0.419378 0.408316
vt 0.416361 0.413677
vt 0.413497 0.418347
vt 0.410751 0.420152
vt 0.408031 0.418519
vt 0.405223 0.414775
vt 0.402254 0.411568
vt 0.399161 0.411643
vt 0.396046 0.415421
vt 0.393039 0.421282
vt 0.390193 0.426552
vt 0.387484 0.429335
vt 0.384837 0.429537
vt 0.382172 0.429226
vt 0.379478 0.432152
vt 0.376877 0.441834
vt 0.374618 0.460143
vt 0.373037 0.487756
vt 0.372883 0.528870
vt 0.373876 0.516325
vt 0.374043 0.518254
vt 0.374003 0.525791
vt 0.617122 0.467601
vt 0.614834 0.444193
vt 0.613075 0.539689
vt 0.610681 0.538846
vt 0.607985 0.535785
vt 0.605143 0.531832
vt 0.602296 0.528869
vt 0.599499 0.527826
vt 0.596733 0.528490
vt 0.593939 0.529922
vt 0.591064 0.530860
vt 0.588094 0.530099
vt 0.585075 0.527333
vt 0.582073 0.523759
vt 0.579137 0.521137
vt 0.576289 0.520446
vt 0.573504 0.521435
vt 0.570709 0.523173
vt 0.567826 0.524396
vt 0.564847 0.523957
vt 0.561815 0.521509
vt 0.558805 0.518148
vt 0.555873 0.515691
vt 0.553028 0.515165
vt 0.550234 0.516335
vt 0.547424 0.518225
vt 0.544542 0.519605
vt 0.541566 0.519415
vt 0.538516 0.517168
vt 0.535493 0.514032
vt 0.532557 0.511817
vt 0.529712 0.511517
vt 0.526921 0.512884
vt 0.524116 0.514978
vt 0.521235 0.516584
vt 0.518261 0.516536
vt 0.515235 0.514487
vt 0.512228 0.511582
vt 0.509289 0.509675
vt 0.506434 0.509640
vt 0.503655 0.511305
vt 0.500853 0.513666
vt 0.497970 0.515543
vt 0.494992 0.515754
vt 0.491961 0.513965
vt 0.488948 0.511302
vt 0.486010 0.509560
vt 0.483161 0.509711
vt 0.480366 0.511523
vt 0.477559 0.514074
vt 0.474677 0.516143
vt 0.471702 0.516640
vt 0.468644 0.515104
vt 0.465622 0.512740
vt 0.462689 0.511203
vt 0.459846 0.511554
vt 0.457056 0.513580
vt 0.454254 0.516335
vt 0.451376 0.518605
vt 0.448404 0.519256
vt 0.445376 0.517967
vt 0.442361 0.515834
vt 0.439415 0.514615
vt 0.436567 0.515264
vt 0.433788 0.517587
vt 0.430987 0.520575
vt 0.428104 0.523092
vt 0.425128 0.524009
vt 0.422098 0.522922
vt 0.419083 0.520948
vt 0.416140 0.519909
vt 0.413288 0.520759
vt 0.410493 0.523233
vt 0.407689 0.526422
vt 0.404814 0.529183
vt 0.401828 0.530305
vt 0.398787 0.529470
vt 0.395774 0.527675
vt 0.392852 0.526689
vt 0.390033 0.527360
vt 0.387293 0.529311
vt 0.384590 0.531354
vt 0.381914 0.531723
vt 0.379357 0.528621
vt 0.377147 0.521727
vt 0.375561 0.513969
vt 0.374691 0.510224
vt 0.374515 0.511029
vt 0.617288 0.517787
vt 0.617629 0.520285
vt 0.614832 0.584723
vt 0.616919 0.567425
vt 0.616241 0.562619
vt 0.614239 0.575929
vt 0.618427 0.542244
vt 0.615755 0.555230
vt 0.613820 0.565046
vt 0.611798 0.585236
vt 0.611432 0.571521
vt 0.609045 0.590244
vt 0.608731 0.574096
vt 0.606149 0.590595
vt 0.605882 0.572684
vt 0.603264 0.587227
vt 0.603024 0.568681
vt 0.600476 0.582917
vt 0.600228 0.564887
vt 0.597752 0.580270
vt 0.597473 0.563264
vt 0.595012 0.580522
vt 0.594702 0.564268
vt 0.592175 0.583119
vt 0.591851 0.566897
vt 0.589203 0.586147
vt 0.588890 0.569216
vt 0.586133 0.587304
vt 0.585853 0.569256
vt 0.583072 0.585317
vt 0.582827 0.566373
vt 0.580119 0.580799
vt 0.579886 0.561762
vt 0.577298 0.575925
vt 0.577044 0.557714
vt 0.574548 0.573131
vt 0.574262 0.556090
vt 0.571798 0.573678
vt 0.571483 0.557449
vt 0.568958 0.576530
vt 0.568628 0.560344
vt 0.565984 0.579821
vt 0.565663 0.562944
vt 0.562909 0.581303
vt 0.562618 0.563322
vt 0.559837 0.579618
vt 0.559582 0.560710
vt 0.556872 0.575326
vt 0.556634 0.556295
vt 0.554046 0.570685
vt 0.553791 0.552468
vt 0.551301 0.568119
vt 0.551009 0.551096
vt 0.548542 0.568714
vt 0.548219 0.552502
vt 0.545689 0.571753
vt 0.545355 0.555560
vt 0.542710 0.575300
vt 0.542388 0.558444
vt 0.539632 0.576990
vt 0.539336 0.559033
vt 0.536548 0.575447
vt 0.536287 0.556552
vt 0.533573 0.571358
vt 0.533330 0.552350
vt 0.530741 0.566951
vt 0.530482 0.548759
vt 0.527992 0.564595
vt 0.527699 0.547588
vt 0.525237 0.565334
vt 0.524913 0.549147
vt 0.522394 0.568506
vt 0.522056 0.552380
vt 0.519420 0.572187
vt 0.519092 0.555371
vt 0.516348 0.574074
vt 0.516052 0.556147
vt 0.513281 0.572767
vt 0.513021 0.553926
vt 0.510325 0.568864
vt 0.510075 0.549966
vt 0.507491 0.564721
vt 0.507222 0.546600
vt 0.504735 0.562775
vt 0.504438 0.545828
vt 0.501986 0.563825
vt 0.501658 0.547697
vt 0.499147 0.567253
vt 0.498804 0.551191
vt 0.496175 0.571188
vt 0.495840 0.554438
vt 0.493102 0.573334
vt 0.492797 0.555472
vt 0.490030 0.572315
vt 0.489760 0.553530
vt 0.487063 0.568707
vt 0.486808 0.549813
vt 0.484231 0.564750
vt 0.483958 0.546676
vt 0.481480 0.562831
vt 0.481173 0.545947
vt 0.478721 0.564045
vt 0.478384 0.547982
vt 0.475871 0.567764
vt 0.475523 0.551729
vt 0.472895 0.572004
vt 0.472558 0.555311
vt 0.469819 0.574291
vt 0.469504 0.556489
vt 0.466734 0.573520
vt 0.466454 0.554796
vt 0.463759 0.570203
vt 0.463498 0.551351
vt 0.460927 0.566474
vt 0.460651 0.548429
vt 0.458179 0.564759
vt 0.457869 0.547908
vt 0.455424 0.566164
vt 0.455084 0.550138
vt 0.452582 0.570026
vt 0.452230 0.554052
vt 0.449612 0.574408
vt 0.449269 0.557736
vt 0.446542 0.577032
vt 0.446229 0.559253
vt 0.443473 0.576513
vt 0.443193 0.557824
vt 0.440507 0.573406
vt 0.440239 0.554615
vt 0.437668 0.569939
vt 0.437385 0.551932
vt 0.434915 0.568614
vt 0.434603 0.551803
vt 0.432166 0.570322
vt 0.431823 0.554326
vt 0.429329 0.574373
vt 0.428971 0.558437
vt 0.426359 0.578964
vt 0.426009 0.562348
vt 0.423288 0.581828
vt 0.422968 0.564100
vt 0.420216 0.581515
vt 0.419930 0.562856
vt 0.417248 0.578579
vt 0.416975 0.559816
vt 0.414411 0.575291
vt 0.414121 0.557363
vt 0.411655 0.574045
vt 0.411332 0.557310
vt 0.408893 0.575900
vt 0.408542 0.559975
vt 0.406049 0.580190
vt 0.405688 0.564343
vt 0.403083 0.585039
vt 0.402726 0.568506
vt 0.400006 0.588136
vt 0.399677 0.570478
vt 0.396925 0.588011
vt 0.396633 0.569400
vt 0.393949 0.585170
vt 0.393679 0.566436
vt 0.391118 0.581792
vt 0.390839 0.563854
vt 0.388377 0.580038
vt 0.388077 0.563233
vt 0.385637 0.580742
vt 0.385333 0.564658
vt 0.382824 0.582604
vt 0.382558 0.566386
vt 0.379921 0.582202
vt 0.379772 0.565101
vt 0.377073 0.574443
vt 0.377173 0.556706
vt 0.374756 0.554012
vt 0.375249 0.539441
vt 0.374132 0.507727
vt 0.374469 0.509631
vt 0.617087 0.519922
vt 0.612328 0.597011
vt 0.609518 0.604396
vt 0.606577 0.606382
vt 0.603671 0.603673
vt 0.600889 0.599070
vt 0.598194 0.595591
vt 0.595480 0.595158
vt 0.592652 0.597713
vt 0.589666 0.601374
vt 0.586565 0.603473
vt 0.583470 0.602232
vt 0.580507 0.597850
vt 0.577705 0.592349
vt 0.574994 0.588509
vt 0.572271 0.588297
vt 0.569440 0.591092
vt 0.566453 0.594995
vt 0.563349 0.597400
vt 0.560247 0.596459
vt 0.557270 0.592306
vt 0.554461 0.587051
vt 0.551751 0.583456
vt 0.549024 0.583260
vt 0.546180 0.586219
vt 0.543182 0.590409
vt 0.540076 0.593060
vt 0.536964 0.592252
vt 0.533978 0.588289
vt 0.531160 0.583269
vt 0.528445 0.579905
vt 0.525719 0.579872
vt 0.522885 0.582962
vt 0.519897 0.587259
vt 0.516794 0.590092
vt 0.513694 0.589545
vt 0.510725 0.585773
vt 0.507917 0.580986
vt 0.505192 0.578002
vt 0.502470 0.578310
vt 0.499642 0.581657
vt 0.496657 0.586202
vt 0.493555 0.589281
vt 0.490453 0.589011
vt 0.487474 0.585536
vt 0.484660 0.580959
vt 0.481944 0.578006
vt 0.479215 0.578418
vt 0.476375 0.582051
vt 0.473379 0.586950
vt 0.470279 0.590190
vt 0.467167 0.590133
vt 0.464179 0.586957
vt 0.461361 0.582623
vt 0.458646 0.579885
vt 0.455921 0.580505
vt 0.453088 0.584290
vt 0.450103 0.589299
vt 0.447002 0.592871
vt 0.443902 0.593112
vt 0.440927 0.590140
vt 0.438110 0.586026
vt 0.435386 0.583670
vt 0.432663 0.584643
vt 0.429836 0.588616
vt 0.426854 0.593805
vt 0.423754 0.597610
vt 0.420652 0.598061
vt 0.417673 0.595260
vt 0.414854 0.591339
vt 0.412133 0.589049
vt 0.409399 0.590110
vt 0.406560 0.594337
vt 0.403582 0.599831
vt 0.400479 0.603860
vt 0.397368 0.604498
vt 0.394377 0.601813
vt 0.391554 0.597876
vt 0.388837 0.595200
vt 0.386110 0.595307
vt 0.383266 0.597494
vt 0.380260 0.598434
vt 0.377176 0.592532
vt 0.374362 0.572299
vt 0.374597 0.507574
vt 0.617067 0.521703
vt 0.617307 0.526211
vt 0.612729 0.526196
vt 0.610271 0.522222
vt 0.607536 0.517447
vt 0.604690 0.513521
vt 0.601862 0.511791
vt 0.599081 0.511965
vt 0.596313 0.513135
vt 0.593497 0.514111
vt 0.590587 0.513746
vt 0.587593 0.511466
vt 0.584571 0.508011
vt 0.581585 0.505089
vt 0.578677 0.503941
vt 0.575857 0.504595
vt 0.573080 0.506176
vt 0.570259 0.507419
vt 0.567341 0.507350
vt 0.564337 0.505390
vt 0.561305 0.502196
vt 0.558315 0.499452
vt 0.555412 0.498479
vt 0.552592 0.499295
vt 0.549803 0.500994
vt 0.546974 0.502402
vt 0.544059 0.502494
vt 0.541050 0.500792
vt 0.537998 0.497814
vt 0.534998 0.495349
vt 0.532093 0.494637
vt 0.529272 0.495688
vt 0.526484 0.497610
vt 0.523658 0.499274
vt 0.520742 0.499610
vt 0.517742 0.498067
vt 0.514712 0.495316
vt 0.511721 0.493082
vt 0.508811 0.492667
vt 0.505989 0.493967
vt 0.503214 0.496143
vt 0.500389 0.498067
vt 0.497470 0.498663
vt 0.494467 0.497360
vt 0.491433 0.494843
vt 0.488439 0.492807
vt 0.485532 0.492534
vt 0.482710 0.494006
vt 0.479921 0.496350
vt 0.477095 0.498445
vt 0.474179 0.499224
vt 0.471168 0.498203
vt 0.468111 0.496008
vt 0.465113 0.494274
vt 0.462209 0.494212
vt 0.459391 0.495907
vt 0.456606 0.498483
vt 0.453783 0.500801
vt 0.450871 0.501807
vt 0.447870 0.500988
vt 0.444835 0.499010
vt 0.441837 0.497520
vt 0.438925 0.497761
vt 0.436109 0.499748
vt 0.433332 0.502582
vt 0.430508 0.505127
vt 0.427589 0.506389
vt 0.424586 0.505814
vt 0.421552 0.503998
vt 0.418555 0.502652
vt 0.415645 0.503079
vt 0.412822 0.505233
vt 0.410034 0.508228
vt 0.407211 0.510987
vt 0.404296 0.512533
vt 0.401279 0.512165
vt 0.398237 0.510595
vt 0.395250 0.509438
vt 0.392365 0.509943
vt 0.389580 0.511971
vt 0.386861 0.514565
vt 0.384170 0.516386
vt 0.381522 0.516017
vt 0.379039 0.512802
vt 0.376942 0.508149
vt 0.375436 0.505580
vt 0.617476 0.516384
vt 0.031924 0.460152
vt 0.028871 0.462465
vt 0.031797 0.471588
vt 0.042096 0.517782
vt 0.033337 0.487904
vt 0.030261 0.493405
vt 0.040519 0.535754
vt 0.075642 0.500502
vt 0.057970 0.493927
vt 0.058060 0.500379
vt 0.075842 0.507385
vt 0.094403 0.504504
vt 0.094654 0.511235
vt 0.112992 0.505042
vt 0.113261 0.511626
vt 0.131572 0.505476
vt 0.131831 0.511995
vt 0.150202 0.507112
vt 0.150481 0.513799
vt 0.169027 0.508075
vt 0.169299 0.514952
vt 0.188253 0.510351
vt 0.188529 0.517308
vt 0.207481 0.512063
vt 0.207756 0.519047
vt 0.226828 0.513314
vt 0.227094 0.520257
vt 0.246106 0.514379
vt 0.246378 0.521268
vt 0.265373 0.515396
vt 0.265648 0.522262
vt 0.284632 0.516414
vt 0.284913 0.523288
vt 0.303973 0.517578
vt 0.304251 0.524461
vt 0.323275 0.518404
vt 0.323557 0.525258
vt 0.342570 0.519293
vt 0.342852 0.526104
vt 0.361751 0.519947
vt 0.362027 0.526738
vt 0.381007 0.520873
vt 0.381282 0.527713
vt 0.400272 0.521569
vt 0.400542 0.528473
vt 0.419652 0.522568
vt 0.419937 0.529510
vt 0.439061 0.523547
vt 0.439343 0.530469
vt 0.458470 0.524495
vt 0.458767 0.531384
vt 0.477905 0.525431
vt 0.478184 0.532284
vt 0.497210 0.525537
vt 0.497492 0.532379
vt 0.516651 0.526016
vt 0.516924 0.532872
vt 0.535956 0.526638
vt 0.536178 0.533523
vt 0.554885 0.527687
vt 0.555099 0.534517
vt 0.573559 0.528991
vt 0.573798 0.535612
vt 0.591511 0.530551
vt 0.591781 0.536567
vt 0.607225 0.530631
vt 0.607491 0.535613
vt 0.613591 0.531022
vt 0.616024 0.508160
vt 0.613246 0.520589
vt 0.043416 0.483185
vt 0.043373 0.487608
vt 0.618821 0.556256
vt 0.623973 0.560492
vt 0.622870 0.535075
vt 0.615775 0.550676
vt 0.028371 0.495579
vt 0.039792 0.543825
vt 0.033117 0.461900
vt 0.032193 0.470803
vt 0.073214 0.436276
vt 0.055755 0.435022
vt 0.056076 0.442154
vt 0.073464 0.444635
vt 0.091737 0.439093
vt 0.091985 0.447809
vt 0.110403 0.441935
vt 0.110634 0.450486
vt 0.128960 0.444986
vt 0.129224 0.453271
vt 0.147467 0.444589
vt 0.147731 0.452852
vt 0.166326 0.445234
vt 0.166593 0.453543
vt 0.185375 0.446047
vt 0.185665 0.454496
vt 0.204667 0.446774
vt 0.204939 0.455357
vt 0.224048 0.448467
vt 0.224323 0.457062
vt 0.243357 0.449911
vt 0.243623 0.458482
vt 0.262625 0.451175
vt 0.262889 0.459718
vt 0.281896 0.452146
vt 0.282153 0.460691
vt 0.301173 0.453039
vt 0.301443 0.461587
vt 0.320478 0.454235
vt 0.320745 0.462773
vt 0.339735 0.455391
vt 0.340011 0.463897
vt 0.358981 0.456580
vt 0.359253 0.465053
vt 0.378197 0.457005
vt 0.378477 0.465464
vt 0.397503 0.457695
vt 0.397779 0.466148
vt 0.416802 0.458088
vt 0.417080 0.466578
vt 0.436234 0.459096
vt 0.436509 0.467644
vt 0.455621 0.459653
vt 0.455884 0.468273
vt 0.475053 0.460646
vt 0.475331 0.469266
vt 0.494416 0.461450
vt 0.494684 0.469999
vt 0.513699 0.462136
vt 0.514008 0.470607
vt 0.533133 0.462696
vt 0.533463 0.471139
vt 0.552438 0.463649
vt 0.552698 0.472131
vt 0.571487 0.465585
vt 0.571645 0.474052
vt 0.589977 0.470056
vt 0.590001 0.478178
vt 0.607071 0.479336
vt 0.606866 0.487298
vt 0.617163 0.495487
vt 0.035120 0.474428
vt 0.035086 0.475968
vt 0.020609 0.490882
vt 0.032005 0.475551
vt 0.606314 0.502973
vt 0.034964 0.469777
vt 0.033608 0.472079
vt 0.033574 0.463107
vt 0.032610 0.471256
vt 0.043270 0.470329
vt 0.041286 0.442909
vt 0.041750 0.447426
vt 0.042589 0.458751
vt 0.056699 0.458944
vt 0.078011 0.572137
vt 0.058439 0.566689
vt 0.058317 0.581385
vt 0.078323 0.586161
vt 0.097206 0.572706
vt 0.097604 0.586476
vt 0.116078 0.573766
vt 0.116514 0.587492
vt 0.134478 0.573630
vt 0.134854 0.587430
vt 0.153055 0.577370
vt 0.153373 0.591354
vt 0.171995 0.580479
vt 0.172343 0.594464
vt 0.191119 0.582035
vt 0.191444 0.596015
vt 0.210482 0.583934
vt 0.210856 0.597857
vt 0.229843 0.584544
vt 0.230235 0.598428
vt 0.249163 0.585294
vt 0.249563 0.599162
vt 0.268427 0.586200
vt 0.268825 0.600076
vt 0.287730 0.587374
vt 0.288135 0.601243
vt 0.307015 0.588501
vt 0.307407 0.602377
vt 0.326360 0.589206
vt 0.326759 0.603061
vt 0.345606 0.589720
vt 0.345991 0.603579
vt 0.364791 0.590259
vt 0.365182 0.604119
vt 0.383997 0.591696
vt 0.384369 0.605606
vt 0.403315 0.593023
vt 0.403702 0.606948
vt 0.422737 0.594430
vt 0.423122 0.608351
vt 0.442176 0.594722
vt 0.442582 0.608599
vt 0.461644 0.595413
vt 0.462062 0.609239
vt 0.480980 0.595488
vt 0.481393 0.609314
vt 0.500367 0.596262
vt 0.500788 0.610094
vt 0.519600 0.596889
vt 0.519961 0.610761
vt 0.538749 0.597459
vt 0.539128 0.611273
vt 0.557971 0.597583
vt 0.558471 0.611180
vt 0.577031 0.596744
vt 0.577666 0.609948
vt 0.595520 0.593003
vt 0.596404 0.605481
vt 0.612548 0.578922
vt 0.614556 0.589566
vt 0.057538 0.475994
vt 0.034432 0.466160
vt 0.074033 0.463409
vt 0.074976 0.481669
vt 0.092594 0.467212
vt 0.093638 0.485908
vt 0.111215 0.468987
vt 0.112206 0.486993
vt 0.129835 0.471051
vt 0.130803 0.488219
vt 0.148333 0.471126
vt 0.149364 0.489116
vt 0.167210 0.471808
vt 0.168219 0.489744
vt 0.186331 0.473339
vt 0.187421 0.491694
vt 0.205584 0.474446
vt 0.206653 0.493133
vt 0.224984 0.476042
vt 0.226033 0.494558
vt 0.244258 0.477364
vt 0.245294 0.495782
vt 0.263518 0.478534
vt 0.264553 0.496886
vt 0.282761 0.479527
vt 0.283793 0.497895
vt 0.302082 0.480500
vt 0.303140 0.498954
vt 0.321379 0.481580
vt 0.322436 0.499894
vt 0.340663 0.482640
vt 0.341735 0.500870
vt 0.359892 0.483630
vt 0.360929 0.501708
vt 0.379132 0.484144
vt 0.380185 0.502429
vt 0.398433 0.484783
vt 0.399463 0.503064
vt 0.417732 0.485408
vt 0.418805 0.503842
vt 0.437159 0.486538
vt 0.438220 0.504926
vt 0.456503 0.487333
vt 0.457583 0.505831
vt 0.475999 0.488314
vt 0.477072 0.506834
vt 0.495326 0.488750
vt 0.496370 0.507073
vt 0.514731 0.489286
vt 0.515834 0.507520
vt 0.534243 0.489740
vt 0.535275 0.508035
vt 0.553337 0.490815
vt 0.554230 0.509182
vt 0.572069 0.492707
vt 0.572857 0.510890
vt 0.590148 0.496116
vt 0.590814 0.513619
vt 0.606658 0.516821
vt 0.052062 0.390885
vt 0.035033 0.412654
vt 0.038079 0.423848
vt 0.053735 0.407145
vt 0.040329 0.435033
vt 0.055181 0.423432
vt 0.076482 0.525985
vt 0.095400 0.528995
vt 0.114063 0.529535
vt 0.132606 0.529567
vt 0.151296 0.532095
vt 0.170117 0.533835
vt 0.189359 0.535987
vt 0.208582 0.537894
vt 0.227897 0.538898
vt 0.247194 0.539816
vt 0.266468 0.540765
vt 0.285749 0.541840
vt 0.305081 0.543008
vt 0.324402 0.543747
vt 0.343696 0.544457
vt 0.362851 0.545054
vt 0.382098 0.546213
vt 0.401348 0.547167
vt 0.420789 0.548319
vt 0.440188 0.549062
vt 0.459648 0.549925
vt 0.479007 0.550595
vt 0.498328 0.550893
vt 0.517744 0.551373
vt 0.536863 0.552108
vt 0.555772 0.552969
vt 0.574553 0.553551
vt 0.592657 0.553079
vt 0.608450 0.548142
vt 0.614037 0.542695
vt 0.618971 0.519291
vt 0.038294 0.559249
vt 0.070360 0.385144
vt 0.071617 0.403884
vt 0.089128 0.384662
vt 0.090238 0.404459
vt 0.108005 0.388377
vt 0.109053 0.408142
vt 0.126287 0.391620
vt 0.127441 0.411350
vt 0.144855 0.392007
vt 0.145987 0.411370
vt 0.163673 0.393008
vt 0.164828 0.412363
vt 0.182668 0.392699
vt 0.183785 0.412396
vt 0.202054 0.393210
vt 0.203162 0.412939
vt 0.221405 0.394602
vt 0.222523 0.414449
vt 0.240751 0.396141
vt 0.241869 0.415940
vt 0.260012 0.397498
vt 0.261137 0.417255
vt 0.279305 0.398559
vt 0.280434 0.418268
vt 0.298553 0.399409
vt 0.299669 0.419151
vt 0.317891 0.400605
vt 0.318990 0.420385
vt 0.337127 0.401775
vt 0.338213 0.421578
vt 0.356327 0.403061
vt 0.357461 0.422793
vt 0.375516 0.403712
vt 0.376656 0.423344
vt 0.394800 0.404513
vt 0.395969 0.424104
vt 0.414159 0.404908
vt 0.415280 0.424541
vt 0.433564 0.405442
vt 0.434701 0.425205
vt 0.453032 0.405900
vt 0.454140 0.425668
vt 0.472359 0.406556
vt 0.473500 0.426397
vt 0.491778 0.407933
vt 0.492922 0.427617
vt 0.510938 0.408801
vt 0.512060 0.428511
vt 0.530145 0.409653
vt 0.531377 0.429232
vt 0.549620 0.410412
vt 0.550905 0.429949
vt 0.569179 0.411786
vt 0.570347 0.431576
vt 0.588772 0.415480
vt 0.589513 0.435837
vt 0.608082 0.427453
vt 0.607517 0.448266
vt 0.033504 0.473659
vt 0.032742 0.477288
vt 0.058271 0.518990
vt 0.058614 0.538045
vt 0.077333 0.544688
vt 0.042860 0.501903
vt 0.058499 0.557909
vt 0.077803 0.563731
vt 0.096334 0.546555
vt 0.096940 0.564520
vt 0.115111 0.547420
vt 0.115788 0.565588
vt 0.133612 0.547133
vt 0.134224 0.565396
vt 0.152305 0.550159
vt 0.152839 0.568942
vt 0.171167 0.552696
vt 0.171756 0.572006
vt 0.190350 0.554499
vt 0.190895 0.573569
vt 0.209614 0.556510
vt 0.210227 0.575515
vt 0.228922 0.557360
vt 0.229572 0.576174
vt 0.248238 0.558173
vt 0.248890 0.576940
vt 0.267515 0.559076
vt 0.268158 0.577842
vt 0.286816 0.560184
vt 0.287459 0.579012
vt 0.306120 0.561350
vt 0.306750 0.580137
vt 0.325455 0.562087
vt 0.326092 0.580859
vt 0.344728 0.562694
vt 0.345346 0.581379
vt 0.363892 0.563237
vt 0.364526 0.581923
vt 0.383124 0.564520
vt 0.383741 0.583313
vt 0.402396 0.565668
vt 0.403048 0.584616
vt 0.421849 0.566952
vt 0.422476 0.586006
vt 0.441250 0.567476
vt 0.441903 0.586346
vt 0.460732 0.568264
vt 0.461370 0.587075
vt 0.480042 0.568673
vt 0.480702 0.587185
vt 0.499405 0.569214
vt 0.500083 0.587939
vt 0.518739 0.569747
vt 0.519349 0.588532
vt 0.537793 0.570499
vt 0.538474 0.589153
vt 0.556812 0.571063
vt 0.557627 0.589417
vt 0.575726 0.571002
vt 0.576628 0.588829
vt 0.593953 0.568978
vt 0.595005 0.585639
vt 0.609897 0.560214
vt 0.611588 0.573036
vt 0.034587 0.481502
vt 0.033567 0.475068
vt 0.033066 0.470453
vt 0.033480 0.470689
vt 0.031677 0.473649
vt 0.072806 0.422800
vt 0.091372 0.424698
vt 0.110082 0.427812
vt 0.128577 0.431165
vt 0.147072 0.430889
vt 0.165927 0.431655
vt 0.184933 0.432212
vt 0.204269 0.432760
vt 0.223653 0.434378
vt 0.242975 0.435846
vt 0.262242 0.437143
vt 0.281521 0.438139
vt 0.300778 0.439017
vt 0.320086 0.440233
vt 0.339324 0.441412
vt 0.358582 0.442627
vt 0.377788 0.443084
vt 0.397105 0.443802
vt 0.416391 0.444216
vt 0.435828 0.445099
vt 0.455226 0.445595
vt 0.474648 0.446457
vt 0.494032 0.447412
vt 0.513243 0.448224
vt 0.532668 0.448799
vt 0.552096 0.449666
vt 0.571298 0.451585
vt 0.590012 0.456125
vt 0.607190 0.466699
vt 0.616903 0.453097
vt 0.617052 0.475673
vt 0.033277 0.476630
vt 0.032433 0.475940
vt 0.732353 0.538847
vt 0.733689 0.529597
vt 0.732659 0.525469
vt 0.729171 0.483217
vt 0.730798 0.512407
vt 0.732097 0.502622
vt 0.730654 0.457798
vt 0.718881 0.502182
vt 0.724164 0.514642
vt 0.724229 0.506179
vt 0.718888 0.492264
vt 0.712629 0.494819
vt 0.712564 0.484871
vt 0.705914 0.492711
vt 0.705800 0.483051
vt 0.699019 0.493565
vt 0.698887 0.483884
vt 0.692019 0.494525
vt 0.691886 0.484337
vt 0.684876 0.493627
vt 0.684743 0.482595
vt 0.677514 0.489291
vt 0.677386 0.477490
vt 0.670042 0.483458
vt 0.669914 0.471510
vt 0.662541 0.478828
vt 0.662396 0.467457
vt 0.655087 0.477502
vt 0.654926 0.467011
vt 0.647770 0.479289
vt 0.647607 0.469461
vt 0.640618 0.482562
vt 0.640460 0.472863
vt 0.633480 0.484649
vt 0.633322 0.474506
vt 0.626247 0.484231
vt 0.626103 0.473235
vt 0.618896 0.480690
vt 0.618765 0.468912
vt 0.611404 0.475265
vt 0.611265 0.463308
vt 0.603824 0.470839
vt 0.603673 0.459447
vt 0.596351 0.470241
vt 0.596192 0.459712
vt 0.589027 0.472443
vt 0.588861 0.462562
vt 0.581829 0.475916
vt 0.581665 0.466166
vt 0.574673 0.478548
vt 0.574518 0.468361
vt 0.567448 0.478726
vt 0.567303 0.467716
vt 0.560059 0.475661
vt 0.559916 0.463906
vt 0.552545 0.470711
vt 0.552405 0.458822
vt 0.545033 0.467011
vt 0.544878 0.455725
vt 0.537585 0.466576
vt 0.537414 0.456173
vt 0.530277 0.469177
vt 0.530102 0.459439
vt 0.523139 0.473185
vt 0.522972 0.463585
vt 0.516019 0.476043
vt 0.515849 0.466016
vt 0.508803 0.476463
vt 0.508647 0.465585
vt 0.501468 0.473681
vt 0.501324 0.462033
vt 0.494001 0.469134
vt 0.493850 0.457318
vt 0.486438 0.465528
vt 0.486273 0.454275
vt 0.478972 0.465684
vt 0.478803 0.455274
vt 0.471672 0.468701
vt 0.471497 0.458923
vt 0.464494 0.472903
vt 0.464320 0.463254
vt 0.457350 0.476267
vt 0.457184 0.466182
vt 0.450136 0.477101
vt 0.449982 0.466182
vt 0.442769 0.474939
vt 0.442616 0.463274
vt 0.435250 0.470773
vt 0.435098 0.458975
vt 0.427739 0.467984
vt 0.427574 0.456796
vt 0.420305 0.468410
vt 0.420125 0.458103
vt 0.413013 0.471742
vt 0.412829 0.462099
vt 0.405892 0.476477
vt 0.405716 0.466982
vt 0.398796 0.480173
vt 0.398618 0.470259
vt 0.391599 0.481329
vt 0.391432 0.470574
vt 0.384280 0.479341
vt 0.384125 0.467827
vt 0.376839 0.475646
vt 0.376678 0.463984
vt 0.369318 0.473050
vt 0.369141 0.461956
vt 0.361866 0.473659
vt 0.361686 0.463406
vt 0.354615 0.477496
vt 0.354433 0.467864
vt 0.347495 0.482312
vt 0.347314 0.472820
vt 0.340428 0.486188
vt 0.340257 0.476308
vt 0.333347 0.487351
vt 0.333193 0.476743
vt 0.326235 0.485226
vt 0.326091 0.474076
vt 0.319177 0.480781
vt 0.319042 0.469900
vt 0.312490 0.477269
vt 0.312360 0.467667
vt 0.306513 0.476217
vt 0.306381 0.468612
vt 0.301622 0.478234
vt 0.301489 0.473009
vt 0.298147 0.483510
vt 0.298014 0.480765
vt 0.296167 0.491320
vt 0.296041 0.490362
vt 0.295566 0.495644
vt 0.295603 0.506081
vt 0.296110 0.508556
vt 0.295722 0.502639
vt 0.727954 0.525961
vt 0.728001 0.520820
vt 0.294775 0.499566
vt 0.293997 0.497409
vt 0.294899 0.503072
vt 0.732917 0.497901
vt 0.731400 0.445573
vt 0.731628 0.540173
vt 0.732188 0.529083
vt 0.719789 0.588764
vt 0.725252 0.581092
vt 0.724988 0.573567
vt 0.719627 0.577923
vt 0.713618 0.588255
vt 0.713526 0.575507
vt 0.707111 0.584782
vt 0.707025 0.571637
vt 0.700395 0.582709
vt 0.700278 0.569964
vt 0.693491 0.583817
vt 0.693348 0.571443
vt 0.686380 0.587345
vt 0.686236 0.574801
vt 0.679031 0.590918
vt 0.678894 0.577647
vt 0.671471 0.591729
vt 0.671365 0.577418
vt 0.663893 0.588481
vt 0.663828 0.573390
vt 0.656473 0.582296
vt 0.656420 0.567207
vt 0.649240 0.576295
vt 0.649157 0.562009
vt 0.642116 0.573223
vt 0.642001 0.559965
vt 0.635042 0.574874
vt 0.634905 0.562220
vt 0.627842 0.578591
vt 0.627691 0.565900
vt 0.620432 0.582447
vt 0.620296 0.569086
vt 0.612860 0.583913
vt 0.612759 0.569536
vt 0.605251 0.581255
vt 0.605177 0.566123
vt 0.597761 0.575224
vt 0.597701 0.560105
vt 0.590502 0.569672
vt 0.590422 0.555368
vt 0.583389 0.567185
vt 0.583268 0.553921
vt 0.576284 0.568569
vt 0.576132 0.555974
vt 0.569068 0.572616
vt 0.568911 0.560014
vt 0.561671 0.576986
vt 0.561526 0.563732
vt 0.554090 0.578368
vt 0.553969 0.564135
vt 0.546495 0.575835
vt 0.546415 0.560844
vt 0.539072 0.570427
vt 0.539005 0.555462
vt 0.531845 0.565290
vt 0.531749 0.551134
vt 0.524722 0.562857
vt 0.524595 0.549726
vt 0.517666 0.565279
vt 0.517517 0.552751
vt 0.510489 0.569730
vt 0.510325 0.557175
vt 0.503101 0.574337
vt 0.502952 0.561115
vt 0.495550 0.576456
vt 0.495437 0.562216
vt 0.487968 0.574760
vt 0.487882 0.559762
vt 0.480487 0.569648
vt 0.480412 0.554661
vt 0.473230 0.564969
vt 0.473137 0.550786
vt 0.466131 0.563287
vt 0.465999 0.550135
vt 0.459045 0.565426
vt 0.458883 0.552934
vt 0.451844 0.570213
vt 0.451674 0.557721
vt 0.444463 0.575406
vt 0.444308 0.562261
vt 0.436897 0.577587
vt 0.436764 0.563478
vt 0.429307 0.575764
vt 0.429211 0.560909
vt 0.421886 0.571208
vt 0.421804 0.556385
vt 0.414667 0.566915
vt 0.414558 0.552892
vt 0.407561 0.565218
vt 0.407420 0.552219
vt 0.400523 0.568272
vt 0.400362 0.555886
vt 0.393372 0.573505
vt 0.393198 0.561090
vt 0.386012 0.578833
vt 0.385850 0.565756
vt 0.378486 0.581649
vt 0.378359 0.567572
vt 0.370933 0.580608
vt 0.370838 0.565757
vt 0.363486 0.576510
vt 0.363396 0.561673
vt 0.356240 0.572618
vt 0.356138 0.558562
vt 0.349174 0.571557
vt 0.349038 0.558534
vt 0.342142 0.574082
vt 0.341978 0.561719
vt 0.335016 0.578893
vt 0.334852 0.566530
vt 0.327752 0.583362
vt 0.327622 0.570362
vt 0.320421 0.583833
vt 0.320350 0.569949
vt 0.313284 0.577555
vt 0.313311 0.563192
vt 0.306797 0.564828
vt 0.306940 0.551173
vt 0.301453 0.546448
vt 0.301689 0.535224
vt 0.297838 0.525230
vt 0.298087 0.518225
vt 0.296266 0.505529
vt 0.730214 0.529944
vt 0.730210 0.527544
vt 0.735539 0.494958
vt 0.732349 0.516914
vt 0.730384 0.535937
vt 0.730877 0.532266
vt 0.731310 0.540242
vt 0.731739 0.529988
vt 0.728043 0.539744
vt 0.729421 0.563095
vt 0.729074 0.559658
vt 0.728498 0.550104
vt 0.724610 0.555225
vt 0.719015 0.395239
vt 0.725989 0.409878
vt 0.726610 0.386024
vt 0.719182 0.372431
vt 0.711723 0.391896
vt 0.711679 0.369972
vt 0.704578 0.391601
vt 0.704504 0.369677
vt 0.697633 0.389279
vt 0.697627 0.366692
vt 0.690734 0.383269
vt 0.690800 0.359933
vt 0.683645 0.374840
vt 0.683717 0.351271
vt 0.676256 0.368095
vt 0.676274 0.344874
vt 0.668566 0.365951
vt 0.668471 0.343553
vt 0.660791 0.368862
vt 0.660599 0.347310
vt 0.653206 0.374342
vt 0.652989 0.353157
vt 0.645943 0.378767
vt 0.645782 0.357250
vt 0.638931 0.379341
vt 0.638862 0.357049
vt 0.632004 0.374185
vt 0.632033 0.351047
vt 0.624941 0.366620
vt 0.625001 0.343136
vt 0.617542 0.360085
vt 0.617531 0.336964
vt 0.609821 0.357945
vt 0.609699 0.335677
vt 0.602029 0.361217
vt 0.601827 0.339746
vt 0.594413 0.367255
vt 0.594177 0.346184
vt 0.587117 0.371898
vt 0.586934 0.350495
vt 0.580092 0.372366
vt 0.580016 0.350122
vt 0.573153 0.368132
vt 0.573172 0.345062
vt 0.566051 0.361089
vt 0.566090 0.337714
vt 0.558629 0.355019
vt 0.558611 0.332018
vt 0.550932 0.354151
vt 0.550812 0.331966
vt 0.543167 0.358084
vt 0.542952 0.336742
vt 0.535597 0.364396
vt 0.535358 0.343412
vt 0.528349 0.369508
vt 0.528167 0.348190
vt 0.521348 0.371106
vt 0.521256 0.349021
vt 0.514429 0.366750
vt 0.514436 0.343806
vt 0.507380 0.359960
vt 0.507417 0.336671
vt 0.499998 0.354320
vt 0.499966 0.331402
vt 0.492298 0.353195
vt 0.492153 0.331139
vt 0.484534 0.357138
vt 0.484310 0.335880
vt 0.476947 0.363920
vt 0.476693 0.343047
vt 0.469665 0.369248
vt 0.469459 0.348055
vt 0.462649 0.370438
vt 0.462549 0.348398
vt 0.455723 0.366934
vt 0.455719 0.344063
vt 0.448638 0.360703
vt 0.448655 0.337504
vt 0.441212 0.355233
vt 0.441166 0.332435
vt 0.433518 0.355240
vt 0.433374 0.333260
vt 0.425766 0.360127
vt 0.425530 0.338992
vt 0.418214 0.367221
vt 0.417954 0.346448
vt 0.410984 0.373106
vt 0.410780 0.351999
vt 0.404000 0.375502
vt 0.403887 0.353617
vt 0.397098 0.372008
vt 0.397081 0.349271
vt 0.390065 0.366039
vt 0.390079 0.342959
vt 0.382702 0.361301
vt 0.382649 0.338594
vt 0.375028 0.361117
vt 0.374862 0.339272
vt 0.367295 0.365970
vt 0.367045 0.344976
vt 0.359765 0.373543
vt 0.359494 0.352911
vt 0.352519 0.379585
vt 0.352286 0.358703
vt 0.345544 0.381720
vt 0.345407 0.360085
vt 0.338685 0.379490
vt 0.338631 0.357211
vt 0.331722 0.375205
vt 0.331665 0.352975
vt 0.324522 0.372876
vt 0.324363 0.351701
vt 0.317242 0.377097
vt 0.316932 0.357823
vt 0.310253 0.388965
vt 0.309756 0.372312
vt 0.303951 0.407064
vt 0.303245 0.393664
vt 0.298629 0.431679
vt 0.297629 0.422904
vt 0.294697 0.465110
vt 0.293266 0.465027
vt 0.293497 0.502635
vt 0.292021 0.528280
vt 0.294786 0.508541
vt 0.724181 0.536761
vt 0.730766 0.538923
vt 0.731906 0.518753
vt 0.719416 0.552827
vt 0.718965 0.528823
vt 0.713368 0.547437
vt 0.712857 0.521809
vt 0.706826 0.543666
vt 0.706255 0.518605
vt 0.700014 0.543176
vt 0.699416 0.518861
vt 0.693049 0.545097
vt 0.692439 0.520547
vt 0.685958 0.547440
vt 0.685323 0.521604
vt 0.678646 0.547893
vt 0.677958 0.519876
vt 0.671164 0.545210
vt 0.670460 0.515420
vt 0.663671 0.539973
vt 0.662968 0.510003
vt 0.656247 0.534743
vt 0.655539 0.506384
vt 0.648915 0.532047
vt 0.648224 0.505895
vt 0.641718 0.532467
vt 0.641076 0.507870
vt 0.634615 0.535355
vt 0.633968 0.510626
vt 0.627393 0.538214
vt 0.626724 0.512240
vt 0.620039 0.539260
vt 0.619355 0.511179
vt 0.612569 0.537168
vt 0.611860 0.507248
vt 0.604999 0.532450
vt 0.604267 0.502230
vt 0.597501 0.527653
vt 0.596796 0.499206
vt 0.590177 0.525376
vt 0.589492 0.499112
vt 0.582968 0.526255
vt 0.582302 0.501469
vt 0.575804 0.529274
vt 0.575147 0.504603
vt 0.568597 0.532545
vt 0.567928 0.506669
vt 0.561253 0.534055
vt 0.560539 0.506136
vt 0.553733 0.532077
vt 0.552995 0.502507
vt 0.546221 0.527663
vt 0.545487 0.497954
vt 0.538799 0.523275
vt 0.538065 0.495196
vt 0.531477 0.521434
vt 0.530758 0.495554
vt 0.524284 0.522507
vt 0.523619 0.498215
vt 0.517204 0.526155
vt 0.516534 0.501715
vt 0.510003 0.529787
vt 0.509309 0.504144
vt 0.502667 0.531585
vt 0.501955 0.503847
vt 0.495218 0.530195
vt 0.494486 0.500686
vt 0.487680 0.526390
vt 0.486920 0.496536
vt 0.480180 0.522476
vt 0.479446 0.494340
vt 0.472866 0.521072
vt 0.472161 0.495088
vt 0.465679 0.522709
vt 0.464993 0.498184
vt 0.458532 0.526456
vt 0.457852 0.502054
vt 0.451330 0.530469
vt 0.450637 0.504814
vt 0.444010 0.532837
vt 0.443277 0.505162
vt 0.436498 0.531656
vt 0.435731 0.502344
vt 0.428980 0.528036
vt 0.428219 0.498645
vt 0.421567 0.524519
vt 0.420810 0.496751
vt 0.414259 0.523465
vt 0.413519 0.497863
vt 0.407082 0.525266
vt 0.406395 0.501248
vt 0.400022 0.529621
vt 0.399332 0.505520
vt 0.392851 0.533998
vt 0.392133 0.508683
vt 0.385536 0.536537
vt 0.384795 0.509160
vt 0.378107 0.535914
vt 0.377348 0.506801
vt 0.370617 0.532836
vt 0.369837 0.503533
vt 0.363139 0.529735
vt 0.362371 0.501943
vt 0.355844 0.529167
vt 0.355124 0.503516
vt 0.348706 0.531402
vt 0.348011 0.507207
vt 0.341625 0.535543
vt 0.340942 0.511509
vt 0.334520 0.539622
vt 0.333842 0.514426
vt 0.327372 0.541415
vt 0.326700 0.514372
vt 0.320209 0.538869
vt 0.319572 0.510542
vt 0.313321 0.531914
vt 0.312806 0.504572
vt 0.307131 0.522550
vt 0.306775 0.498670
vt 0.302022 0.512497
vt 0.301836 0.494345
vt 0.298441 0.503780
vt 0.298361 0.492740
vt 0.296477 0.499124
vt 0.296396 0.494622
vt 0.295990 0.497046
vt 0.295862 0.495171
vt 0.730345 0.520927
vt 0.730842 0.522397
vt 0.728680 0.617473
vt 0.733872 0.569529
vt 0.731717 0.571629
vt 0.727052 0.606219
vt 0.730138 0.568530
vt 0.725763 0.592969
vt 0.718905 0.465274
vt 0.712341 0.458584
vt 0.705451 0.457440
vt 0.698499 0.457723
vt 0.691505 0.456337
vt 0.684357 0.452139
vt 0.676981 0.445732
vt 0.669485 0.440294
vt 0.661920 0.438315
vt 0.654420 0.440119
vt 0.647111 0.443795
vt 0.640000 0.446860
vt 0.632872 0.446681
vt 0.625687 0.443104
vt 0.618360 0.437225
vt 0.610814 0.432048
vt 0.603184 0.430357
vt 0.595697 0.432735
vt 0.588363 0.436758
vt 0.581187 0.440020
vt 0.574074 0.440483
vt 0.566882 0.437484
vt 0.559475 0.432200
vt 0.551939 0.427833
vt 0.544373 0.426835
vt 0.536882 0.429520
vt 0.529578 0.433994
vt 0.522486 0.437878
vt 0.515370 0.438504
vt 0.508198 0.435760
vt 0.500885 0.430696
vt 0.493369 0.426450
vt 0.485750 0.425534
vt 0.478282 0.428635
vt 0.470978 0.433387
vt 0.463816 0.437379
vt 0.456711 0.438583
vt 0.449540 0.436259
vt 0.442151 0.431767
vt 0.434600 0.428243
vt 0.427044 0.428178
vt 0.419569 0.431689
vt 0.412280 0.436909
vt 0.405204 0.441560
vt 0.398113 0.443044
vt 0.390952 0.441079
vt 0.383653 0.436866
vt 0.376167 0.433521
vt 0.368585 0.433583
vt 0.361135 0.437245
vt 0.353897 0.442698
vt 0.346790 0.447375
vt 0.339764 0.449301
vt 0.332737 0.447746
vt 0.325632 0.444164
vt 0.318558 0.441746
vt 0.311865 0.443389
vt 0.305866 0.449381
vt 0.300952 0.459513
vt 0.297439 0.473367
vt 0.295518 0.488896
vt 0.295343 0.494479
vt 0.295023 0.495389
vt 0.294879 0.490817
vt 0.728461 0.503842
vt 0.724574 0.481128
vt 0.732857 0.422937
vt 0.722301 0.646207
vt 0.721110 0.626752
vt 0.715480 0.659446
vt 0.714573 0.634716
vt 0.708672 0.662030
vt 0.707912 0.634582
vt 0.701989 0.659810
vt 0.701229 0.631981
vt 0.695242 0.658485
vt 0.694403 0.631501
vt 0.688189 0.660934
vt 0.687310 0.634512
vt 0.680781 0.666910
vt 0.679953 0.639714
vt 0.673037 0.672364
vt 0.672301 0.643616
vt 0.665195 0.673975
vt 0.664579 0.643532
vt 0.657596 0.670182
vt 0.657072 0.638686
vt 0.650431 0.662499
vt 0.649896 0.631239
vt 0.643569 0.654812
vt 0.642888 0.625127
vt 0.636707 0.651482
vt 0.635913 0.623706
vt 0.629653 0.653278
vt 0.628790 0.626415
vt 0.622208 0.658662
vt 0.621352 0.631521
vt 0.614434 0.664414
vt 0.613678 0.635848
vt 0.606592 0.666641
vt 0.605967 0.636286
vt 0.598956 0.662931
vt 0.598391 0.631593
vt 0.591733 0.655598
vt 0.591157 0.624582
vt 0.584853 0.648335
vt 0.584175 0.618804
vt 0.578012 0.644876
vt 0.577200 0.617186
vt 0.570918 0.646747
vt 0.570030 0.620131
vt 0.563459 0.652609
vt 0.562613 0.625568
vt 0.555718 0.658569
vt 0.554967 0.629963
vt 0.547875 0.660725
vt 0.547234 0.630495
vt 0.540273 0.657580
vt 0.539720 0.626353
vt 0.533107 0.650600
vt 0.532551 0.619637
vt 0.526252 0.643713
vt 0.525545 0.614294
vt 0.519394 0.641100
vt 0.518578 0.613621
vt 0.512361 0.643562
vt 0.511477 0.617012
vt 0.504944 0.649699
vt 0.504069 0.622855
vt 0.497199 0.656166
vt 0.496414 0.627910
vt 0.489380 0.659253
vt 0.488728 0.629243
vt 0.481768 0.656518
vt 0.481174 0.625506
vt 0.474544 0.650014
vt 0.473933 0.619356
vt 0.467665 0.643604
vt 0.466957 0.614419
vt 0.460841 0.640937
vt 0.460004 0.613567
vt 0.453772 0.643601
vt 0.452855 0.617305
vt 0.446317 0.650125
vt 0.445440 0.623474
vt 0.438595 0.656945
vt 0.437820 0.628657
vt 0.430767 0.659838
vt 0.430098 0.629906
vt 0.423171 0.657458
vt 0.422586 0.626563
vt 0.416007 0.651351
vt 0.415422 0.620715
vt 0.409161 0.645231
vt 0.408431 0.616115
vt 0.402325 0.643215
vt 0.401481 0.616063
vt 0.395310 0.646467
vt 0.394404 0.620237
vt 0.387920 0.653359
vt 0.387026 0.626803
vt 0.380204 0.660495
vt 0.379399 0.632530
vt 0.372412 0.664193
vt 0.371733 0.634518
vt 0.364843 0.662611
vt 0.364228 0.631893
vt 0.357623 0.656807
vt 0.356982 0.626483
vt 0.350752 0.651101
vt 0.350023 0.622221
vt 0.343950 0.648956
vt 0.343105 0.621808
vt 0.336914 0.651846
vt 0.336006 0.625655
vt 0.329493 0.658112
vt 0.328643 0.631386
vt 0.321789 0.663649
vt 0.321112 0.634957
vt 0.314037 0.663009
vt 0.313592 0.632005
vt 0.306615 0.653180
vt 0.306514 0.620235
vt 0.299930 0.631991
vt 0.300364 0.597991
vt 0.294431 0.594953
vt 0.295858 0.562773
vt 0.294885 0.521285
vt 0.295024 0.511072
vt 0.730910 0.529038
vt 0.731215 0.518672
vt 0.724869 0.454363
vt 0.718758 0.438314
vt 0.725642 0.424014
vt 0.718947 0.408860
vt 0.711918 0.432894
vt 0.711793 0.404927
vt 0.704894 0.432410
vt 0.704675 0.404636
vt 0.697891 0.431968
vt 0.697698 0.402848
vt 0.690883 0.428762
vt 0.690757 0.397521
vt 0.683721 0.422487
vt 0.683657 0.389453
vt 0.676360 0.415501
vt 0.676290 0.382558
vt 0.668847 0.411085
vt 0.668664 0.379785
vt 0.661248 0.411091
vt 0.660948 0.381973
vt 0.653733 0.414642
vt 0.653381 0.387044
vt 0.646429 0.419015
vt 0.646094 0.391595
vt 0.639309 0.421495
vt 0.639034 0.392726
vt 0.632188 0.419432
vt 0.632042 0.388334
vt 0.625038 0.413857
vt 0.624959 0.381161
vt 0.617708 0.407212
vt 0.617595 0.374463
vt 0.610137 0.402962
vt 0.609932 0.371711
vt 0.602505 0.403247
vt 0.602191 0.374279
vt 0.594996 0.407283
vt 0.594604 0.379870
vt 0.587653 0.412021
vt 0.587283 0.384665
vt 0.580485 0.414553
vt 0.580199 0.385750
vt 0.573390 0.413186
vt 0.573205 0.382229
vt 0.566207 0.408230
vt 0.566086 0.375573
vt 0.558805 0.402123
vt 0.558686 0.369354
vt 0.551268 0.398885
vt 0.551047 0.367856
vt 0.543674 0.399891
vt 0.543339 0.371062
vt 0.536168 0.404314
vt 0.535786 0.376975
vt 0.528871 0.409435
vt 0.528511 0.382225
vt 0.521770 0.412825
vt 0.521465 0.384358
vt 0.514658 0.411590
vt 0.514481 0.380776
vt 0.507520 0.406819
vt 0.507411 0.374378
vt 0.500207 0.401017
vt 0.500064 0.368569
vt 0.492663 0.397742
vt 0.492424 0.366820
vt 0.485043 0.398768
vt 0.484707 0.370071
vt 0.477562 0.403516
vt 0.477148 0.376408
vt 0.470245 0.408944
vt 0.469845 0.381880
vt 0.463087 0.412219
vt 0.462771 0.383693
vt 0.456000 0.411592
vt 0.455788 0.380903
vt 0.448842 0.407379
vt 0.448687 0.375065
vt 0.441445 0.401958
vt 0.441286 0.369438
vt 0.433900 0.399578
vt 0.433647 0.368819
vt 0.426319 0.401516
vt 0.425952 0.372975
vt 0.418829 0.406750
vt 0.418416 0.379671
vt 0.411547 0.412634
vt 0.411159 0.385693
vt 0.404465 0.416805
vt 0.404130 0.388629
vt 0.397375 0.416434
vt 0.397165 0.385902
vt 0.390245 0.412477
vt 0.390109 0.380327
vt 0.382950 0.407543
vt 0.382780 0.375414
vt 0.375437 0.405182
vt 0.375167 0.374606
vt 0.367844 0.407156
vt 0.367482 0.378740
vt 0.360401 0.412591
vt 0.359974 0.385877
vt 0.353144 0.418655
vt 0.352714 0.392015
vt 0.346037 0.422719
vt 0.345686 0.394721
vt 0.339029 0.423008
vt 0.338775 0.393089
vt 0.332021 0.419962
vt 0.331807 0.388954
vt 0.324908 0.416293
vt 0.324652 0.386044
vt 0.317834 0.416142
vt 0.317451 0.388978
vt 0.311119 0.421726
vt 0.310560 0.399007
vt 0.305084 0.432651
vt 0.304357 0.414930
vt 0.300113 0.448502
vt 0.299164 0.436716
vt 0.296553 0.469127
vt 0.295360 0.465676
vt 0.295978 0.500030
vt 0.295329 0.509626
vt 0.731075 0.534101
vt 0.295712 0.513710
vt 0.731364 0.534224
vt 0.732788 0.518624
vt 0.720079 0.606017
vt 0.713740 0.608949
vt 0.707180 0.606587
vt 0.700496 0.604058
vt 0.693638 0.604415
vt 0.686550 0.607717
vt 0.679203 0.612034
vt 0.671588 0.614344
vt 0.663929 0.612559
vt 0.656469 0.606869
vt 0.649265 0.600091
vt 0.642194 0.595552
vt 0.635184 0.595879
vt 0.628021 0.599234
vt 0.620594 0.603739
vt 0.612970 0.606568
vt 0.605298 0.605378
vt 0.597756 0.599877
vt 0.590518 0.593483
vt 0.583476 0.589447
vt 0.576437 0.589534
vt 0.569249 0.593144
vt 0.561853 0.598045
vt 0.554228 0.600867
vt 0.546554 0.599770
vt 0.539089 0.594820
vt 0.531895 0.588857
vt 0.524822 0.584998
vt 0.517826 0.586090
vt 0.510687 0.590154
vt 0.503286 0.595407
vt 0.495679 0.598920
vt 0.488038 0.598659
vt 0.480508 0.594104
vt 0.473266 0.588594
vt 0.466236 0.585367
vt 0.459218 0.586210
vt 0.452044 0.590591
vt 0.444658 0.596284
vt 0.437056 0.599883
vt 0.429388 0.599503
vt 0.421925 0.595380
vt 0.414739 0.590267
vt 0.407682 0.587155
vt 0.400703 0.588868
vt 0.393591 0.593704
vt 0.386219 0.599679
vt 0.378638 0.603889
vt 0.371023 0.604253
vt 0.363535 0.600756
vt 0.356292 0.596052
vt 0.349289 0.593443
vt 0.342318 0.594674
vt 0.335208 0.599094
vt 0.327907 0.604126
vt 0.320482 0.605940
vt 0.313162 0.600908
vt 0.306440 0.587908
vt 0.300845 0.566528
vt 0.297143 0.537975
vt 0.730783 0.525715

# vertex normals
vn 0.256495 -0.026500 0.966182
vn -0.001100 -0.853452 0.521171
vn 0.140997 -0.889279 0.435090
vn 0.232210 -0.910739 -0.341515
vn 0.194200 -0.496900 -0.845800
vn 0.214809 -0.845235 -0.489320
vn 0.110701 -0.991810 0.063701
vn 0.233306 -0.918725 -0.318609
vn 0.337093 -0.380892 -0.860982
vn 0.067201 -0.379104 -0.922911
vn -0.016701 -0.913936 -0.405516
vn -0.080404 -0.919442 0.384918
vn -0.303405 -0.912315 0.275004
vn -0.415395 -0.383195 0.824990
vn -0.614398 -0.375899 0.693697
vn -0.494987 0.375490 0.783579
vn -0.676400 0.383200 0.629000
vn -0.177993 0.911665 0.370386
vn -0.344895 0.919887 0.186697
vn 0.396713 0.913330 -0.091903
vn 0.245297 0.919188 -0.308096
vn 0.870429 0.378813 -0.314410
vn 0.737906 0.381103 -0.557005
vn 0.895645 -0.381219 -0.229112
vn 0.788811 -0.378705 -0.484107
vn 0.393918 -0.919141 0.003000
vn 0.320397 -0.913590 -0.250397
vn -0.361287 -0.919667 0.153895
vn -0.399612 -0.912126 -0.091303
vn -0.914074 -0.383189 0.132796
vn -0.920764 -0.375585 -0.105496
vn -0.925603 0.375701 0.045900
vn -0.903597 0.383199 -0.191499
vn -0.405112 0.911727 0.068102
vn -0.351506 0.919816 -0.174303
vn 0.303495 0.913186 0.271996
vn 0.392809 0.919322 0.023401
vn 0.757405 0.378703 0.531904
vn 0.879890 0.381196 0.283697
vn 0.701785 -0.381092 0.601887
vn 0.849239 -0.378917 0.367717
vn 0.223600 -0.918900 0.325000
vn 0.388414 -0.913833 0.118504
vn -0.337203 -0.919307 -0.202902
vn -0.159604 -0.912520 -0.376608
vn -0.642478 -0.383087 -0.663677
vn -0.453097 -0.376197 -0.808195
vn -0.575519 0.375613 -0.726424
vn -0.370006 0.383207 -0.846314
vn -0.289595 0.911683 -0.291495
vn -0.061099 0.919887 -0.387395
vn -0.049299 0.912989 0.404995
vn 0.204995 0.919578 0.335192
vn -0.002900 0.378413 0.925632
vn 0.270209 0.381413 0.884031
vn -0.091002 -0.380910 0.920123
vn 0.185206 -0.379112 0.906627
vn -0.137699 -0.918691 0.370196
vn 0.126298 -0.913984 0.385593
vn -0.028900 -0.919386 -0.392294
vn 0.215704 -0.912416 -0.347806
vn 0.172293 -0.383184 -0.907461
vn 0.399694 -0.375994 -0.835987
vn 0.261199 0.375399 -0.889298
vn 0.477776 0.383280 -0.790460
vn 0.070099 0.911584 -0.405093
vn 0.280486 0.919953 -0.273886
vn -0.356492 0.913380 0.196596
vn -0.152194 0.919163 0.363285
vn -0.753493 0.378896 0.537295
vn -0.560880 0.381086 0.734974
vn -0.802663 -0.380882 0.458979
vn -0.631879 -0.379187 0.675978
vn -0.381889 -0.918673 0.100997
vn -0.242295 -0.914080 0.325193
vn 0.304782 -0.919544 -0.248085
vn 0.409020 -0.912245 -0.022601
vn 0.842598 -0.383199 -0.378399
vn 0.914286 -0.375794 -0.151198
vn 0.878326 0.375711 -0.295609
vn 0.921630 0.383213 -0.061202
vn 0.371503 0.911809 -0.174902
vn 0.385591 0.919778 0.072998
vn -0.366483 0.913358 -0.177392
vn -0.384380 0.919152 0.086095
vn -0.874917 0.378807 -0.301706
vn -0.924068 0.381087 -0.029499
vn -0.840697 -0.381199 -0.384599
vn -0.917808 -0.378803 -0.118901
vn -0.304306 -0.919018 -0.250605
vn -0.406305 -0.913711 -0.007000
vn 0.378388 -0.919570 0.105897
vn 0.254495 -0.912282 0.320894
vn 0.795278 -0.383189 0.469787
vn 0.651212 -0.375807 0.659312
vn 0.748278 0.375789 0.546684
vn 0.582083 0.383189 0.717179
vn 0.357313 0.911833 0.202207
vn 0.163294 0.919765 0.356886
vn -0.064600 0.913095 -0.402598
vn -0.290108 0.919425 -0.265507
vn -0.253002 0.378604 -0.890308
vn -0.504408 0.381306 -0.774712
vn -0.165297 -0.380993 -0.909682
vn -0.427593 -0.378994 -0.820687
vn 0.031500 -0.918787 -0.393494
vn -0.226806 -0.913922 -0.336608
vn 0.134901 -0.919305 0.369702
vn -0.112702 -0.912517 0.393207
vn 0.083899 -0.383096 0.919890
vn -0.154495 -0.376188 0.913572
vn -0.005100 0.375296 0.926891
vn -0.240492 0.383287 0.891770
vn 0.044901 0.911424 0.409011
vn -0.193298 0.920088 0.340696
vn 0.292590 0.912969 -0.284390
vn 0.050999 0.919575 -0.389590
vn 0.582989 0.378393 -0.718987
vn 0.344300 0.381400 -0.857900
vn 0.648685 -0.380891 -0.658885
vn 0.425193 -0.379094 -0.821887
vn 0.339896 -0.918689 -0.201198
vn 0.144403 -0.914016 -0.379107
vn -0.224893 -0.919469 0.322489
vn -0.386912 -0.912328 0.134004
vn -0.705675 -0.383186 0.595979
vn -0.837211 -0.375905 0.397205
vn -0.762786 0.375593 0.526390
vn -0.869012 0.383205 0.313004
vn -0.309216 0.911647 0.270714
vn -0.390498 0.919896 0.036100
vn 0.400899 0.913297 0.071900
vn 0.346709 0.919223 -0.186605
vn 0.924004 0.378802 0.052200
vn 0.897303 0.381001 -0.222901
vn 0.914027 -0.381311 0.138404
vn 0.915257 -0.378682 -0.137494
vn 0.361602 -0.919206 0.155901
vn 0.392682 -0.913558 -0.105895
vn -0.392808 -0.919619 0.001300
vn -0.332496 -0.912188 -0.239497
vn -0.893277 -0.383190 -0.234994
vn -0.806361 -0.375682 -0.456778
vn -0.869191 0.375696 -0.321497
vn -0.755786 0.383193 -0.530990
vn -0.398998 0.911796 -0.097100
vn -0.254302 0.919808 -0.298803
vn 0.172099 0.913196 0.369398
vn 0.351907 0.919320 0.176104
vn 0.487603 0.378602 0.786704
vn 0.697533 0.381218 0.606729
vn 0.409315 -0.381014 0.829030
vn 0.636803 -0.378902 0.671503
vn 0.078096 -0.918858 0.386782
vn 0.310913 -0.913839 0.261211
vn -0.230303 -0.919311 -0.319104
vn 0.001400 -0.912453 -0.409179
vn -0.329807 -0.383108 -0.862818
vn -0.098800 -0.376099 -0.921297
vn -0.245594 0.375291 -0.893779
vn -0.009600 0.383291 -0.923578
vn -0.154097 0.911479 -0.381391
vn 0.093697 0.920069 -0.380387
vn -0.203307 0.913031 0.353612
vn 0.058002 0.919531 0.388713
vn -0.363494 0.378394 0.851287
vn -0.095497 0.381387 0.919469
vn -0.443226 -0.380923 0.811448
vn -0.183303 -0.379107 0.907016
vn -0.271812 -0.918741 0.286413
vn -0.035002 -0.913947 0.404321
vn 0.128404 -0.919426 -0.371710
vn 0.335681 -0.912349 -0.234387
vn 0.516131 -0.383123 -0.766046
vn 0.696994 -0.375997 -0.610595
vn 0.589708 0.375505 -0.715010
vn 0.750220 0.383210 -0.538814
vn 0.334511 0.859528 -0.386413
vn 0.544098 0.818597 -0.183999
vn 0.139306 0.989944 -0.024601
vn 0.619304 -0.149401 -0.770806
vn 0.484313 -0.720220 -0.496714
vn 0.754403 -0.510202 -0.413002
vn 0.253909 0.378413 -0.890131
vn -0.020099 0.381483 -0.924158
vn -0.862599 -0.452300 0.226600
vn -0.868061 0.053398 0.493578
vn -0.714932 -0.163407 0.679831
vn -0.168091 -0.678763 -0.714861
vn -0.205094 -0.963672 -0.171095
vn 0.254893 0.303592 0.918075
vn 0.346194 -0.170797 0.922485
vn 0.458013 0.606918 -0.649519
vn 0.230209 0.971138 -0.062402
vn -0.142102 0.988913 0.043101
vn 0.086200 0.752001 -0.653501
vn 0.610299 -0.111400 -0.784299
vn 0.296593 0.077198 -0.951879
vn 0.480825 -0.769340 -0.420622
vn 0.262796 -0.639490 -0.722489
vn 0.048100 -0.982709 0.178802
vn -0.090905 -0.980254 -0.175610
vn -0.458287 -0.620682 0.636182
vn -0.587012 -0.746915 0.312306
vn -0.689810 0.107201 0.716010
vn -0.884908 -0.072401 0.460104
vn -0.437501 0.767101 0.469201
vn -0.718563 0.648166 0.252087
vn 0.183902 0.971308 0.150801
vn -0.116999 0.988991 -0.090599
vn 0.794749 0.606938 -0.000300
vn 0.584337 0.752047 -0.304919
vn 0.992511 -0.111001 0.051001
vn 0.950459 0.077297 -0.301087
vn 0.620778 -0.768773 0.153695
vn 0.742655 -0.639861 -0.197588
vn -0.118205 -0.982638 0.143006
vn 0.090802 -0.980425 -0.174704
vn -0.784005 -0.620704 -0.007900
vn -0.593724 -0.746730 -0.299812
vn -0.982601 0.107300 -0.151600
vn -0.885635 -0.072303 -0.458718
vn -0.635280 0.767275 -0.087797
vn -0.619481 0.648080 -0.442986
vn -0.017600 0.971180 0.237695
vn 0.006600 0.988966 -0.147995
vn 0.462114 0.607118 0.646419
vn 0.588698 0.751697 0.297299
vn 0.539899 -0.111600 0.834299
vn 0.800990 0.077099 0.593693
vn 0.239308 -0.769727 0.591821
vn 0.595901 -0.639301 0.486001
vn -0.182904 -0.983019 -0.014800
vn 0.197000 -0.980001 -0.028100
vn -0.443491 -0.620887 -0.646386
vn -0.095604 -0.746634 -0.658330
vn -0.438316 0.107804 -0.892332
vn -0.131401 -0.072100 -0.988704
vn -0.291597 0.767793 -0.570495
vn 0.008500 0.647889 -0.761687
vn -0.204091 0.971258 0.122495
vn 0.125605 0.988841 -0.080103
vn -0.261901 0.607003 0.750303
vn 0.096598 0.751881 0.652184
vn -0.370385 -0.111495 0.922162
vn -0.022699 0.077197 0.996757
vn -0.346107 -0.769515 0.536710
vn -0.053400 -0.639300 0.767101
vn -0.094797 -0.982766 -0.158695
vn 0.135796 -0.980172 0.144296
vn 0.267295 -0.620689 -0.737087
vn 0.479326 -0.747041 -0.460625
vn 0.468598 0.107099 -0.876896
vn 0.725884 -0.072498 -0.683985
vn 0.293406 0.767315 -0.570211
vn 0.623229 0.648131 -0.437621
vn -0.218797 0.970987 -0.096499
vn 0.136798 0.989082 0.054799
vn -0.764784 0.606788 0.216596
vn -0.478583 0.752173 0.452984
vn -0.968037 -0.111204 0.224809
vn -0.830191 0.077299 0.552094
vn -0.638699 -0.769098 0.023500
vn -0.659426 -0.639625 0.395016
vn 0.075096 -0.982752 -0.168992
vn -0.039899 -0.980270 0.193594
vn 0.756712 -0.620609 -0.205503
vn 0.652796 -0.746795 0.127099
vn 0.986535 0.107104 -0.123604
vn 0.977465 -0.072397 0.198293
vn 0.635082 0.767078 -0.090897
vn 0.717587 0.648188 0.254795
vn -0.048299 0.971182 -0.233396
vn 0.034301 0.989026 0.143704
vn -0.621821 0.607120 -0.494716
vn -0.647785 0.751582 -0.124497
vn -0.745295 -0.111199 -0.657396
vn -0.931340 0.077003 -0.355915
vn -0.388290 -0.769080 -0.507687
vn -0.703087 -0.639688 -0.310594
vn 0.181196 -0.982781 -0.036199
vn -0.180807 -0.980340 0.079003
vn 0.603686 -0.620786 0.500188
vn 0.272392 -0.746577 0.606981
vn 0.667602 0.107600 0.736702
vn 0.399001 -0.072200 0.914103
vn 0.438118 0.767531 0.467919
vn 0.202201 0.648005 0.734305
vn 0.163597 0.971080 -0.173896
vn -0.098196 0.988958 0.110995
vn 0.049099 0.606992 -0.793190
vn -0.269589 0.751870 -0.601676
vn 0.106097 -0.111597 -0.988074
vn -0.248700 0.077200 -0.965499
vn 0.185808 -0.769733 -0.610726
vn -0.158493 -0.639273 -0.752469
vn 0.134805 -0.982738 0.126705
vn -0.170196 -0.980179 -0.101398
vn -0.057300 -0.620896 0.781796
vn -0.336584 -0.746964 0.573372
vn -0.217307 0.107804 0.970132
vn -0.517015 -0.072202 0.852925
vn -0.131103 0.767816 0.627113
vn -0.484599 0.647899 0.587699
vn 0.236186 0.971141 0.033198
vn -0.147504 0.988929 -0.016200
vn 0.676406 0.606905 -0.417303
vn 0.336412 0.752026 -0.566819
vn 0.869188 -0.111298 -0.481793
vn 0.646713 0.077202 -0.758816
vn 0.607410 -0.769213 -0.198403
vn 0.525209 -0.639511 -0.561410
vn -0.025899 -0.982755 0.183092
vn -0.014900 -0.980209 -0.197402
vn -0.671704 -0.620704 0.404402
vn -0.662694 -0.746793 0.056000
vn -0.916048 0.107194 0.386478
vn -0.994612 -0.072401 0.074201
vn -0.586922 0.767029 0.259210
vn -0.759834 0.648129 -0.050802
vn 0.110197 0.971473 0.209994
vn -0.072103 0.988941 -0.129605
vn 0.731472 0.606977 0.310688
vn 0.657011 0.752113 -0.051601
vn 0.893589 -0.111199 0.434895
vn 0.992569 0.077398 0.093897
vn 0.511577 -0.768965 0.383383
vn 0.761099 -0.639699 0.107300
vn -0.164495 -0.982769 0.084297
vn 0.152596 -0.980275 -0.125597
vn -0.717314 -0.620712 -0.316506
vn -0.427394 -0.746690 -0.509693
vn -0.843483 0.107498 -0.526289
vn -0.633375 -0.072197 -0.770470
vn -0.549513 0.767419 -0.330308
vn -0.395501 0.648002 -0.650902
vn -0.109397 0.971172 0.211794
vn 0.064103 0.988946 -0.133706
vn 0.171206 0.607020 0.776025
vn 0.424805 0.751809 0.504306
vn 0.168300 -0.111600 0.979398
vn 0.503517 0.077203 0.860529
vn -0.013001 -0.769736 0.638230
vn 0.357014 -0.639225 0.681126
vn -0.164300 -0.982698 -0.085500
vn 0.191102 -0.980208 0.051700
vn -0.154599 -0.620897 -0.768496
vn 0.170794 -0.746772 -0.642776
vn -0.053202 0.107904 -0.992737
vn 0.266791 -0.071898 -0.961069
vn -0.046002 0.767728 -0.639123
vn 0.304909 0.647919 -0.698020
vn -0.236401 0.971105 0.032700
vn 0.146207 0.988946 -0.024701
vn -0.536699 0.606898 0.586199
vn -0.168496 0.751982 0.637285
vn -0.704703 -0.111400 0.700703
vn -0.414895 0.077199 0.906589
vn -0.530061 -0.769344 0.356574
vn -0.351994 -0.639488 0.683488
vn -0.025200 -0.982697 -0.183499
vn 0.067997 -0.980253 0.185691
vn 0.508702 -0.854903 -0.101800
vn 0.203404 0.814117 -0.543912
vn -0.089501 0.863809 -0.495805
vn -0.283194 -0.864581 -0.415091
vn -0.386484 -0.115295 -0.915061
vn 0.099001 0.995008 0.012600
vn 0.180504 0.979024 0.094502
vn -0.107402 0.042201 0.993320
vn 0.182206 -0.214707 0.959532
vn 0.180200 0.800500 -0.571600
vn 0.125201 0.767907 0.628206
vn -0.215499 0.647798 0.730697
vn -0.221004 0.904716 0.364206
vn -0.103299 0.911291 -0.398596
vn -0.510098 -0.142099 0.848297
vn -0.337690 -0.786176 0.517584
vn -0.434810 -0.541912 0.719216
vn -0.563004 0.169401 0.808906
vn -0.508684 0.590881 0.626180
vn -0.484797 0.784695 0.386298
vn -0.217804 0.975717 0.023200
vn -0.145700 0.949701 -0.277200
vn 0.241309 0.788929 -0.565121
vn 0.282111 0.558121 -0.780330
vn 0.570596 0.146299 -0.808095
vn 0.488398 -0.167999 -0.856296
vn 0.505210 -0.576811 -0.641913
vn 0.264201 -0.793104 -0.548803
vn 0.019799 -0.963273 -0.267793
vn -0.296497 -0.943591 -0.147399
vn -0.616499 -0.786899 0.026800
vn -0.837609 -0.542306 0.065701
vn -0.987003 -0.142700 0.073900
vn -0.985522 0.169304 0.009100
vn -0.804769 0.590777 -0.057698
vn -0.595397 0.784097 -0.175199
vn -0.144703 0.975519 -0.165603
vn 0.142805 0.949933 -0.277910
vn 0.600491 0.789288 -0.128198
vn 0.800508 0.558306 -0.217902
vn 0.989210 0.146502 0.000600
vn 0.981205 -0.168301 -0.094400
vn 0.815728 -0.576820 0.043201
vn 0.600428 -0.793338 -0.100505
vn 0.230309 -0.963239 -0.138306
vn -0.050199 -0.943380 -0.327893
vn -0.376205 -0.786610 -0.489606
vn -0.534894 -0.542093 -0.648092
vn -0.632086 -0.142497 -0.761683
vn -0.577301 0.169700 -0.798702
vn -0.423514 0.590919 -0.686622
vn -0.204500 0.785200 -0.584500
vn 0.049900 0.975799 -0.212900
vn 0.310012 0.949638 -0.045602
vn 0.452008 0.789014 0.416107
vn 0.642393 0.558594 0.524694
vn 0.567879 0.146495 0.809971
vn 0.641580 -0.168695 0.748276
vn 0.431299 -0.577098 0.693498
vn 0.425798 -0.793996 0.433898
vn 0.244806 -0.963425 0.109003
vn 0.239996 -0.943184 -0.229796
vn 0.184402 -0.786209 -0.589807
vn 0.223711 -0.542026 -0.810038
vn 0.258286 -0.142192 -0.955547
vn 0.320309 0.169505 -0.932025
vn 0.316516 0.590930 -0.742037
vn 0.359600 0.784900 -0.504600
vn 0.202699 0.975793 -0.082099
vn 0.216314 0.949660 0.226614
vn -0.077299 0.788785 0.609789
vn -0.057001 0.558106 0.827809
vn -0.328088 0.146195 0.933266
vn -0.235797 -0.167898 0.957189
vn -0.311197 -0.576794 0.755292
vn -0.104901 -0.793011 0.600108
vn 0.054303 -0.963044 0.263812
vn 0.326110 -0.943329 0.061502
vn 0.587902 -0.786302 -0.190001
vn 0.790099 -0.541799 -0.286700
vn 0.930268 -0.141995 -0.338288
vn 0.946560 0.169193 -0.274588
vn 0.789412 0.590909 -0.166302
vn 0.620325 0.784332 0.004600
vn 0.183907 0.975737 0.118805
vn -0.060899 0.949889 0.306597
vn -0.543466 0.789250 0.285882
vn -0.711199 0.558299 0.427199
vn -0.952300 0.146500 0.267700
vn -0.918929 -0.168305 0.356711
vn -0.796397 -0.576898 0.181499
vn -0.550607 -0.793010 0.260703
vn -0.183504 -0.963219 0.196304
vn 0.138306 -0.943538 0.301012
vn 0.496304 -0.786806 0.366903
vn 0.692899 -0.542200 0.475300
vn 0.817001 -0.142700 0.558701
vn 0.774514 0.169903 0.609311
vn 0.594028 0.591028 0.545726
vn 0.356308 0.784717 0.507211
vn 0.009500 0.975812 0.218403
vn -0.285096 0.950088 0.126698
vn -0.546820 0.789428 -0.278910
vn -0.759015 0.558511 -0.334607
vn -0.767392 0.146599 -0.624194
vn -0.821062 -0.168592 -0.545375
vn -0.605991 -0.576991 -0.547592
vn -0.529197 -0.793695 -0.299998
vn -0.265802 -0.963306 -0.037300
vn -0.167295 -0.943272 0.286792
vn -0.016300 -0.786314 0.617611
vn 0.007200 -0.541905 0.840409
vn 0.010600 -0.142197 0.989782
vn -0.055199 0.169497 0.983984
vn -0.103696 0.590877 0.800069
vn -0.209495 0.785082 0.582887
vn -0.173295 0.975671 0.134296
vn -0.270289 0.949460 -0.159593
vn -0.094403 0.788522 -0.607717
vn -0.174096 0.557988 -0.811382
vn 0.061399 0.145997 -0.987378
vn -0.035001 -0.168205 -0.985130
vn 0.097706 -0.577037 -0.810852
vn -0.060400 -0.794005 -0.604904
vn -0.121997 -0.963476 -0.238394
vn -0.330792 -0.943276 0.028399
vn -0.514120 -0.786231 0.342814
vn -0.682810 -0.541908 0.490007
vn -0.802575 -0.142096 0.579382
vn -0.835747 0.169289 0.522367
vn -0.713722 0.590818 0.376212
vn -0.597606 0.784608 0.165102
vn -0.209502 0.975711 -0.064001
vn -0.025499 0.949775 -0.311892
vn 0.443680 0.789065 -0.424881
vn 0.565585 0.558286 -0.606984
vn 0.842393 0.146399 -0.518596
vn 0.785714 -0.168103 -0.595311
vn 0.717160 -0.576768 -0.391178
vn 0.458901 -0.793101 -0.400501
vn 0.123498 -0.963383 -0.237996
vn -0.214300 -0.943701 -0.252000
vn -0.577827 -0.787137 -0.215710
vn -0.796540 -0.542527 -0.266813
vn -0.937324 -0.142904 -0.317808
vn -0.910794 0.169199 -0.376598
vn -0.718104 0.590803 -0.367802
vn -0.479411 0.784119 -0.394109
vn -0.068499 0.975685 -0.208197
vn 0.239907 0.949928 -0.200206
vn 0.602402 0.789303 0.118800
vn 0.821682 0.558388 0.114198
vn 0.908686 0.146598 0.390894
vn 0.938782 -0.168497 0.300494
vn 0.732492 -0.576993 0.361296
vn 0.591270 -0.793460 0.144293
vn 0.265808 -0.963331 -0.036601
vn 0.082598 -0.943372 -0.321290
vn -0.154203 -0.786514 -0.598011
vn -0.237900 -0.542001 -0.806001
vn -0.282602 -0.142401 -0.948608
vn -0.217693 0.169595 -0.961170
vn -0.119704 0.591019 -0.797726
vn 0.041599 0.785086 -0.617989
vn 0.129797 0.975778 -0.176096
vn 0.303309 0.949528 0.080002
vn 0.255306 0.788520 0.559514
vn 0.386809 0.557814 0.734318
vn 0.205405 0.146004 0.967725
vn 0.298194 -0.168696 0.939480
vn 0.123799 -0.577296 0.807095
vn 0.220903 -0.794110 0.566207
vn 0.182696 -0.963476 0.195795
vn 0.310386 -0.943259 -0.117995
vn 0.400627 -0.786252 -0.470431
vn 0.522388 -0.541887 -0.658384
vn 0.613612 -0.142103 -0.776715
vn 0.661112 0.169403 -0.730913
vn 0.583928 0.590928 -0.556626
vn 0.529818 0.784726 -0.321711
vn 0.219003 0.975714 0.004500
vn 0.109401 0.949709 0.293403
vn -0.310501 0.788903 0.530302
vn -0.378107 0.558110 0.738613
vn -0.547093 0.336196 0.766591
vn -0.596096 -0.018700 0.802695
vn -0.590020 -0.149505 0.793426
vn 0.336307 0.137103 -0.931719
vn -0.170392 0.513076 0.841261
vn 0.026601 -0.490515 -0.871027
vn 0.117599 0.375597 -0.919292
vn 0.369598 -0.611296 -0.699796
vn 0.220093 -0.388287 -0.894870
vn 0.139094 -0.988556 -0.058397
vn 0.026500 -0.914814 -0.403006
vn -0.264312 -0.783536 0.562326
vn -0.403808 -0.896617 0.181704
vn -0.568982 -0.132696 0.811574
vn -0.792619 -0.361609 0.490912
vn -0.518394 0.591793 0.617292
vn -0.837373 0.378088 0.394787
vn -0.060898 0.981872 0.179495
vn -0.423620 0.905242 0.032902
vn 0.568398 0.801197 -0.187099
vn 0.264500 0.910901 -0.316700
vn 0.952707 0.137701 -0.270902
vn 0.817712 0.376406 -0.435506
vn 0.783805 -0.612304 -0.103601
vn 0.859515 -0.389107 -0.331406
vn 0.127695 -0.988558 0.080297
vn 0.345107 -0.915019 -0.208904
vn -0.611512 -0.784116 0.105902
vn -0.381001 -0.896603 -0.225701
vn -0.991114 -0.133002 0.001800
vn -0.858001 -0.361600 -0.364800
vn -0.803301 0.591701 -0.067800
vn -0.805048 0.377822 -0.457327
vn -0.181892 0.981857 0.053598
vn -0.270817 0.905056 -0.327920
vn 0.479879 0.801066 0.357785
vn 0.410791 0.911080 0.034399
vn 0.768689 0.137398 0.624691
vn 0.828916 0.375607 0.414508
vn 0.538890 -0.611289 0.579589
vn 0.772479 -0.387790 0.502887
vn 0.009300 -0.988582 0.150397
vn 0.372098 -0.914595 0.158299
vn -0.444182 -0.783369 -0.434783
vn -0.037799 -0.896373 -0.441687
vn -0.576898 -0.132500 -0.805998
vn -0.195690 -0.361381 -0.911652
vn -0.406785 0.591378 -0.696274
vn -0.086603 0.377311 -0.922028
vn -0.147900 0.981901 -0.118300
vn 0.113502 0.904720 -0.410609
vn -0.018700 0.800687 0.598790
vn 0.207389 0.911151 0.356081
vn -0.071002 0.137003 0.988023
vn 0.138600 0.375500 0.916400
vn -0.163593 -0.610972 0.774565
vn 0.035200 -0.387995 0.920989
vn -0.117496 -0.988567 0.094497
vn 0.085503 -0.914731 0.394913
vn 0.099395 -0.783361 -0.613569
vn 0.338503 -0.896607 -0.285502
vn 0.324813 -0.132605 -0.936436
vn 0.628335 -0.361520 -0.688838
vn 0.330094 0.591690 -0.735487
vn 0.697898 0.378199 -0.608198
vn 0.009700 0.981854 -0.189391
vn 0.399189 0.904976 -0.147196
vn -0.496781 0.801370 0.333188
vn -0.170096 0.911578 0.374291
vn -0.846877 0.137196 0.513786
vn -0.670478 0.375688 0.639779
vn -0.727715 -0.611213 0.311206
vn -0.734569 -0.388684 0.556177
vn -0.144908 -0.988553 -0.042002
vn -0.274003 -0.915011 0.296104
vn 0.559579 -0.783670 -0.269690
vn 0.428191 -0.896482 0.113898
vn 0.953502 -0.132900 -0.270501
vn 0.924728 -0.361711 0.118504
vn 0.791433 0.591925 -0.152506
vn 0.899359 0.378183 0.219390
vn 0.159806 0.981937 -0.101304
vn 0.350407 0.905218 0.240405
vn -0.559908 0.801211 -0.211103
vn -0.404422 0.911049 0.080204
vn -0.911254 0.137593 -0.388181
vn -0.910872 0.375688 -0.170795
vn -0.677331 -0.611428 -0.409119
vn -0.879395 -0.388498 -0.275198
vn -0.049098 -0.988750 -0.141293
vn -0.399789 -0.915074 -0.052998
vn 0.543191 -0.783687 0.301295
vn 0.154398 -0.896488 0.415295
vn 0.771350 -0.132991 0.622360
vn 0.436596 -0.361596 0.823792
vn 0.580987 0.591787 0.558787
vn 0.337314 0.377616 0.862337
vn 0.174802 0.981909 0.072801
vn 0.004100 0.904845 0.425721
vn -0.147406 0.800934 -0.580324
vn -0.297188 0.911265 -0.285089
vn -0.202792 0.137195 -0.969563
vn -0.382116 0.375615 -0.844334
vn -0.052498 -0.611279 -0.789672
vn -0.283505 -0.387906 -0.877014
vn 0.087700 -0.988499 -0.123200
vn -0.190096 -0.914482 -0.357193
vn 0.073204 -0.783445 0.617135
vn -0.246004 -0.896814 0.367706
vn -0.053198 -0.132396 0.989768
vn -0.416218 -0.361216 0.834437
vn -0.116703 0.591218 0.798024
vn -0.509891 0.377293 0.773086
vn 0.041200 0.981799 0.185400
vn -0.345986 0.904763 0.248390
vn 0.390193 0.800685 -0.454591
vn 0.062303 0.911338 -0.406917
vn 0.675978 0.136995 -0.724076
vn 0.470024 0.375619 -0.798741
vn 0.615002 -0.611202 -0.498202
vn 0.553874 -0.388382 -0.736466
vn 0.151005 -0.988533 0.000700
vn 0.182292 -0.914858 -0.360284
vn -0.463596 -0.783593 0.413596
vn -0.442912 -0.896524 0.008600
vn -0.841917 -0.132803 0.523010
vn -0.921881 -0.361492 0.139497
vn -0.719502 0.591702 0.363601
vn -0.925180 0.378092 0.032999
vn -0.126694 0.981856 0.141094
vn -0.402008 0.905419 -0.136403
vn 0.596499 0.800998 0.050900
vn 0.367701 0.910701 -0.188200
vn 0.982919 0.137703 0.122102
vn 0.922767 0.376686 -0.081297
vn 0.761989 -0.612391 0.210597
vn 0.920770 -0.388887 0.030799
vn 0.086599 -0.988484 0.124098
vn 0.399089 -0.915076 -0.057998
vn -0.604611 -0.783815 -0.141703
vn -0.261816 -0.896455 -0.357522
vn -0.911987 -0.132898 -0.388095
vn -0.644600 -0.361600 -0.673600
vn -0.711403 0.591703 -0.379202
vn -0.559796 0.377797 -0.737494
vn -0.188003 0.981915 -0.022300
vn -0.120199 0.904992 -0.408096
vn 0.300916 0.800943 0.517628
vn 0.364316 0.911140 0.192608
vn 0.461989 0.137397 0.876179
vn 0.599997 0.375698 0.706296
vn 0.268194 -0.611285 0.744582
vn 0.513017 -0.387913 0.765726
vn -0.050599 -0.988587 0.141898
vn 0.279994 -0.914582 0.291794
vn -0.237593 -0.783275 -0.574482
vn 0.137495 -0.896868 -0.420385
vn -0.216302 -0.132401 -0.967307
vn 0.176608 -0.361117 -0.915644
vn -0.102299 0.591093 -0.800090
vn 0.282095 0.377293 -0.882084
vn -0.089397 0.982066 -0.165994
vn 0.264689 0.904762 -0.333686
vn -0.250497 0.800690 0.544193
vn 0.051899 0.911285 0.408493
vn -0.451610 0.137103 0.881619
vn -0.233402 0.375604 0.896909
vn -0.455383 -0.611277 0.647276
vn -0.331690 -0.388289 0.859775
vn -0.145407 -0.988547 0.040402
vn -0.077199 -0.914786 0.396494
vn 0.333086 -0.783567 -0.524478
vn 0.423420 -0.896643 -0.129406
vn 0.666709 -0.132702 -0.733410
vn 0.788801 -0.489901 -0.371201
vn 0.651280 0.467686 -0.597582
vn 0.684782 0.564985 -0.460288
vn -0.096601 0.971913 -0.214603
vn -0.116195 0.486779 -0.865763
vn -0.059698 0.580079 -0.812370
vn -0.293005 -0.943315 0.155902
vn -0.103097 -0.375988 0.920871
vn -0.204804 0.375007 0.904116
vn 0.165307 0.532023 0.830436
vn 0.220101 0.941204 0.256301
vn -0.152607 -0.982246 0.109105
vn -0.448315 -0.592019 0.669722
vn -0.621894 0.132599 0.771793
vn -0.465784 0.783773 0.410786
vn 0.020700 0.988919 -0.147003
vn 0.573505 0.611606 -0.545005
vn 0.805122 -0.136804 -0.577116
vn 0.501682 -0.800871 -0.326988
vn -0.178694 -0.981968 -0.061698
vn -0.805784 -0.591988 0.016200
vn -0.988942 0.132306 -0.067003
vn -0.604073 0.783665 -0.144794
vn 0.131806 0.988947 -0.067903
vn 0.775698 0.611698 0.155300
vn 0.934962 -0.137094 0.327187
vn 0.555599 -0.801099 0.222600
vn -0.052401 -0.982324 -0.179704
vn -0.484517 -0.592121 -0.643923
vn -0.524306 0.132802 -0.841110
vn -0.234007 0.783522 -0.575616
vn 0.130403 0.989119 0.068101
vn 0.316195 0.611891 0.724989
vn 0.266004 -0.137502 0.954115
vn 0.136093 -0.801160 0.582771
vn 0.116595 -0.982361 -0.146194
vn 0.246394 -0.592087 -0.767283
vn 0.385300 0.132700 -0.913200
vn 0.335108 0.783818 -0.522812
vn 0.020201 0.988930 0.147004
vn -0.403205 0.611607 0.680708
vn -0.619467 -0.137093 0.772959
vn -0.395896 -0.801491 0.448195
vn 0.187307 -0.982238 0.011200
vn 0.769997 -0.591998 -0.237999
vn 0.969278 0.132397 -0.207295
vn 0.620837 0.783547 -0.024801
vn -0.108898 0.988878 0.101298
vn -0.788738 0.611430 0.063603
vn -0.989020 -0.136803 -0.055901
vn -0.595532 -0.801043 -0.060603
vn 0.099802 -0.982318 0.158403
vn 0.640572 -0.591674 0.489479
vn 0.728802 0.132400 0.671802
vn 0.378797 0.783494 0.492596
vn -0.144897 0.988983 -0.030299
vn -0.504304 0.611804 -0.609404
vn -0.519872 -0.137193 -0.843155
vn -0.291095 -0.801285 -0.522691
vn -0.072699 -0.982288 0.172698
vn -0.028900 -0.592300 0.805199
vn -0.120005 0.132905 0.983837
vn -0.177397 0.783987 0.594890
vn -0.059302 0.989137 -0.134505
vn 0.207607 0.612120 -0.763025
vn 0.391517 -0.137506 -0.909839
vn 0.259908 -0.801326 -0.538817
vn -0.183095 -0.982273 0.040199
vn -0.675119 -0.592117 0.440013
vn -0.874741 0.132506 0.466122
vn -0.589813 0.783617 0.195104
vn 0.076603 0.988940 -0.127005
vn 0.741820 0.611616 -0.275007
vn 0.967117 -0.136802 -0.214404
vn 0.589910 -0.800613 -0.105002
vn -0.140602 -0.981913 -0.126802
vn -0.748101 -0.592101 -0.299601
vn -0.884293 0.132299 -0.447797
vn -0.498814 0.783522 -0.370510
vn 0.147795 0.988963 -0.010400
vn 0.651726 0.611625 0.448518
vn 0.731077 -0.137096 0.668379
vn 0.423709 -0.801117 0.422709
vn 0.022300 -0.982297 -0.185999
vn -0.192587 -0.592059 -0.782545
vn -0.151302 0.132902 -0.979513
vn 0.010000 0.784078 -0.620582
vn 0.092797 0.989264 0.112896
vn 0.006500 0.611620 0.791125
vn -0.126697 -0.137397 0.982380
vn -0.102097 -0.801376 0.589383
vn 0.165193 -0.982256 -0.088796
vn 0.529498 -0.592097 -0.607497
vn 0.714331 0.132606 -0.687130
vn 0.513802 0.783802 -0.348801
vn 0.075701 0.994816 0.067901
vn 0.016500 0.979494 0.200799
vn -0.805371 0.428984 0.409085
vn -0.789093 0.518995 0.328597
vn 0.003200 -0.137401 -0.990510
vn 0.026701 -0.801332 -0.597624
vn -0.127005 0.916137 0.380215
vn 0.173606 0.931234 -0.320412
vn 0.516000 0.390500 -0.762400
vn 0.599811 -0.389907 -0.698713
vn 0.267610 -0.931035 -0.248109
vn -0.324495 -0.916487 0.233997
vn -0.808116 -0.375507 0.453809
vn -0.854065 0.375285 0.360185
vn -0.384609 0.915622 0.117103
vn 0.361993 0.931283 -0.040899
vn 0.920678 0.390090 -0.013500
vn 0.916591 -0.389796 0.088999
vn 0.357008 -0.931021 0.075802
vn -0.378303 -0.916408 -0.130701
vn -0.835915 -0.375607 -0.400207
vn -0.785520 0.375210 -0.492113
vn -0.316807 0.916220 -0.245305
vn 0.245402 0.931207 0.269502
vn 0.550730 0.390621 0.737640
vn 0.460809 -0.390208 0.797116
vn 0.143393 -0.931356 0.334684
vn -0.109306 -0.916453 -0.384923
vn -0.150592 -0.375880 -0.914350
vn -0.047902 0.375116 -0.925739
vn 0.018101 0.916331 -0.400013
vn -0.078497 0.931265 0.355787
vn -0.285818 0.390624 0.875055
vn -0.385004 -0.389904 0.836509
vn -0.189595 -0.931076 0.311692
vn 0.248506 -0.916423 -0.313708
vn 0.655535 -0.375420 -0.655235
vn 0.727291 0.374895 -0.574893
vn 0.338013 0.916135 -0.215508
vn -0.336503 0.931307 0.139401
vn -0.881339 0.390417 0.266112
vn -0.906225 -0.390111 0.163004
vn -0.364501 -0.930902 0.023700
vn 0.399203 -0.916606 0.021700
vn 0.913977 -0.375491 0.153796
vn 0.890782 0.375192 0.256395
vn 0.372176 0.916142 0.148891
vn -0.307899 0.931597 -0.193199
vn -0.725974 0.390386 -0.566180
vn -0.656295 -0.389997 -0.645895
vn -0.229408 -0.931034 -0.283810
vn 0.211298 -0.916493 0.339697
vn 0.397404 -0.375704 0.837208
vn 0.300102 0.375002 0.877105
vn 0.091299 0.916194 0.390197
vn -0.021100 0.931084 -0.364194
vn 0.034199 0.390488 -0.919972
vn 0.137998 -0.389595 -0.910589
vn 0.096500 -0.931502 -0.350701
vn -0.156199 -0.916292 0.368797
vn -0.456486 -0.375789 0.806476
vn -0.544233 0.375023 0.750445
vn -0.266202 0.916207 0.299502
vn 0.285501 0.931204 -0.226601
vn 0.773699 0.390499 -0.498899
vn 0.825988 -0.389894 -0.407094
vn 0.343501 -0.931102 -0.122700
vn -0.390484 -0.916462 0.087296
vn -0.921375 -0.375590 0.099997
vn -0.926817 0.375507 -0.002000
vn -0.400096 0.915492 -0.042400
vn 0.349501 0.931202 0.103500
vn 0.852825 0.390311 0.346910
vn 0.807660 -0.390081 0.442178
vn 0.298088 -0.931063 0.210392
vn -0.296099 -0.916496 -0.268999
vn -0.611526 -0.375716 -0.696329
vn -0.529694 0.375196 -0.760692
vn -0.195198 0.916188 -0.349996
vn 0.119697 0.931276 0.344091
vn 0.216298 0.390596 0.894791
vn 0.113004 -0.389814 0.913934
vn 0.001500 -0.931675 0.363290
vn 0.050100 -0.916708 -0.396404
vn 0.217694 -0.375789 -0.900773
vn 0.317696 0.374995 -0.870889
vn 0.174192 0.916159 -0.360984
vn -0.212803 0.931212 0.295904
vn -0.608090 0.390494 0.691189
vn -0.682978 -0.389887 0.617680
vn -0.406592 -0.870384 0.277695
vn -0.294493 -0.896577 0.330792
vn 0.060199 0.987184 -0.147798
vn 0.214699 -0.415699 -0.883798
vn 0.085500 -0.905105 0.416502
vn -0.148500 -0.377800 0.913901
vn -0.052001 -0.666018 0.744121
vn -0.209500 0.050600 0.976499
vn -0.253899 0.361599 0.897096
vn -0.155695 0.734076 0.660978
vn -0.063602 0.896522 0.438411
vn 0.173904 0.983420 0.051401
vn 0.380610 0.914724 -0.135704
vn 0.606275 0.657072 -0.447981
vn 0.799894 0.388297 -0.457597
vn 0.828336 -0.055002 -0.557525
vn 0.851103 -0.375801 -0.366601
vn 0.612169 -0.738163 -0.283486
vn 0.411314 -0.911431 -0.010700
vn 0.011700 -0.991873 0.126696
vn -0.290001 -0.904602 0.312401
vn -0.635296 -0.665796 0.391298
vn -0.832299 -0.377200 0.406200
vn -0.917881 0.050799 0.393592
vn -0.880852 0.361521 0.305618
vn -0.630417 0.734520 0.251107
vn -0.394885 0.896966 0.198792
vn 0.058201 0.983515 0.171203
vn 0.330892 0.914478 0.232894
vn 0.715415 0.656914 0.238005
vn 0.834894 0.387997 0.390397
vn 0.932824 -0.055001 0.356109
vn 0.789442 -0.375820 0.485326
vn 0.584293 -0.737991 0.337596
vn 0.245206 -0.911321 0.330708
vn -0.096698 -0.991880 0.082598
vn -0.421991 -0.904781 -0.057399
vn -0.685198 -0.665898 -0.295099
vn -0.813567 -0.377485 -0.442282
vn -0.852420 0.050501 -0.520412
vn -0.763135 0.361717 -0.535524
vn -0.572731 0.733840 -0.365320
vn -0.393115 0.896435 -0.204608
vn -0.105601 0.983513 0.146802
vn 0.001200 0.915019 0.403408
vn 0.220902 0.657105 0.720705
vn 0.160609 0.388021 0.907549
vn 0.245605 -0.054801 0.967820
vn 0.053800 -0.375899 0.925098
vn 0.057902 -0.737625 0.672723
vn -0.130801 -0.911005 0.391102
vn -0.123001 -0.991910 -0.031400
vn -0.195496 -0.905183 -0.377393
vn -0.152206 -0.665925 -0.730327
vn -0.107696 -0.377886 -0.919567
vn -0.066002 0.050602 -0.996536
vn -0.003100 0.361610 -0.932324
vn -0.032400 0.733892 -0.678493
vn -0.059498 0.896374 -0.439287
vn -0.181401 0.983408 -0.001700
vn -0.328687 0.914865 0.234491
vn -0.460285 0.657079 0.596980
vn -0.644378 0.388487 0.658677
vn -0.644293 -0.055099 0.762791
vn -0.718707 -0.375804 0.585006
vn -0.511389 -0.738285 0.439791
vn -0.392497 -0.911693 0.121499
vn -0.044699 -0.992067 -0.117496
vn 0.195805 -0.905025 -0.377610
vn 0.508419 -0.666025 -0.545821
vn 0.690666 -0.378081 -0.616470
vn 0.777514 0.050801 -0.626811
vn 0.762213 0.361606 -0.536909
vn 0.536989 0.734285 -0.415292
vn 0.325695 0.896586 -0.300095
vn -0.102995 0.983353 -0.149693
vn -0.381290 0.914575 -0.134796
vn -0.753170 0.656873 -0.035399
vn -0.909617 0.387807 -0.149003
vn -0.994459 -0.054998 -0.089596
vn -0.892508 -0.375603 -0.249702
vn -0.654281 -0.738078 -0.164795
vn -0.326914 -0.911439 -0.249811
vn 0.070398 -0.991871 -0.105997
vn 0.421901 -0.904601 -0.060800
vn 0.739989 -0.665890 0.094899
vn 0.903737 -0.377215 0.202408
vn 0.962520 0.050301 0.266506
vn 0.879431 0.361413 0.309811
vn 0.650331 0.734035 0.195609
vn 0.432920 0.896642 0.092804
vn 0.062698 0.983362 -0.170493
vn -0.110500 0.914501 -0.389201
vn -0.406092 0.656886 -0.635287
vn -0.402405 0.387705 -0.829310
vn -0.499993 -0.054899 -0.864288
vn -0.307291 -0.375789 -0.874274
vn -0.241193 -0.737779 -0.630482
vn 0.017699 -0.911156 -0.411680
vn 0.127000 -0.991897 -0.003500
vn 0.291412 -0.904936 0.310112
vn 0.346100 -0.666001 0.660801
vn 0.352912 -0.377713 0.856029
vn 0.333795 0.050599 0.941287
vn 0.256004 0.361806 0.896414
vn 0.214800 0.733900 0.644400
vn 0.177703 0.896517 0.405807
vn 0.173803 0.983615 -0.047901
vn 0.250787 0.915054 -0.315884
vn 0.276791 0.657279 -0.700978
vn 0.440595 0.388696 -0.809192
vn 0.411485 -0.054798 -0.909768
vn 0.537296 -0.376097 -0.754894
vn 0.375401 -0.737802 -0.561001
vn 0.347204 -0.911011 -0.222503
vn 0.076100 -0.991900 0.101700
vn -0.085401 -0.905113 0.416506
vn -0.340789 -0.665978 0.663578
vn -0.495916 -0.377912 0.781825
vn -0.576624 0.050702 0.815435
vn -0.585612 0.361707 0.725415
vn -0.402680 0.734164 0.546673
vn -0.230390 0.896561 0.378284
vn 0.139902 0.983417 0.115402
vn 0.403396 0.914692 0.024700
vn 0.733663 0.656967 -0.173591
vn 0.915504 0.388202 -0.105600
vn 0.980950 -0.055003 -0.186310
vn 0.926700 -0.375800 -0.001400
vn 0.674408 -0.738109 -0.019200
vn 0.382706 -0.911314 0.151802
vn -0.038999 -0.991776 0.121897
vn -0.388894 -0.904587 0.174597
vn -0.737687 -0.665688 0.112598
vn -0.924858 -0.377183 0.048698
vn -0.998691 0.051000 0.003800
vn -0.930225 0.361610 -0.062602
vn -0.678412 0.734513 -0.015700
vn -0.441702 0.896703 0.028700
vn -0.013700 0.983406 0.180901
vn 0.212193 0.914571 0.344289
vn 0.563968 0.656863 0.500472
vn 0.613298 0.387799 0.688097
vn 0.716807 -0.054901 0.695107
vn 0.534509 -0.375807 0.757013
vn 0.404092 -0.737885 0.540589
vn 0.095799 -0.911189 0.400695
vn -0.121495 -0.991857 0.038198
vn -0.365586 -0.904866 -0.218092
vn -0.514688 -0.665884 -0.540087
vn -0.574915 -0.377510 -0.725919
vn -0.580023 0.050502 -0.813033
vn -0.491408 0.361606 -0.792313
vn -0.383323 0.733845 -0.560834
vn -0.281101 0.896403 -0.342701
vn -0.154803 0.983520 0.093402
vn -0.155901 0.915005 0.372102
vn -0.076601 0.657313 0.749715
vn -0.207305 0.388510 0.897822
vn -0.151703 -0.054501 0.986922
vn -0.313200 -0.375500 0.872299
vn -0.211401 -0.737504 0.641403
vn -0.272993 -0.910975 0.309192
vn -0.101297 -0.991872 -0.076998
vn -0.032000 -0.905002 -0.424201
vn 0.145894 -0.665973 -0.731570
vn 0.263291 -0.377787 -0.887668
vn 0.331708 0.050601 -0.942024
vn 0.365501 0.361601 -0.857703
vn 0.238199 0.734096 -0.635897
vn 0.118407 0.896550 -0.426824
vn -0.165892 0.983453 -0.072797
vn -0.394619 0.914745 0.086704
vn -0.657864 0.657064 0.368080
vn 0.860921 -0.416310 -0.292407
vn 0.343512 -0.796228 -0.498017
vn -0.033101 0.430614 0.901929
vn 0.187900 -0.865301 -0.464701
vn -0.202006 -0.449914 0.869926
vn -0.256305 -0.801414 -0.540410
vn 0.450595 0.800391 -0.395396
vn 0.687420 0.180705 -0.703420
vn 0.676289 -0.547891 -0.492392
vn 0.313706 -0.948017 0.053401
vn -0.231496 -0.792385 0.564389
vn -0.621429 -0.182009 0.762036
vn -0.578209 0.531508 0.619010
vn -0.081404 0.940949 0.328617
vn 0.581885 0.801079 0.140296
vn 0.970468 0.180094 0.160495
vn 0.791459 -0.547372 0.271986
vn 0.137905 -0.947737 0.287711
vn -0.594193 -0.792690 0.136298
vn -0.980822 -0.182204 -0.069202
vn -0.838937 0.531524 -0.116905
vn -0.315398 0.940994 0.122699
vn 0.224103 0.800812 0.555408
vn 0.438290 0.181196 0.880380
vn 0.243295 -0.548190 0.800185
vn -0.153895 -0.948469 0.276991
vn -0.452501 -0.792801 -0.408301
vn -0.504909 -0.182703 -0.843615
vn -0.384600 0.531800 -0.754500
vn -0.281203 0.941311 -0.186702
vn -0.324702 0.800406 0.503904
vn -0.466698 0.180999 0.865697
vn -0.514484 -0.548082 0.659479
vn -0.315983 -0.948148 0.034198
vn 0.069002 -0.792223 -0.606318
vn 0.390399 -0.181899 -0.902497
vn 0.389405 0.531407 -0.752310
vn -0.010000 0.941126 -0.337909
vn -0.599216 0.800222 0.024201
vn -0.977022 0.180404 0.113503
vn -0.835417 -0.547812 -0.044501
vn -0.210194 -0.947872 -0.239493
vn 0.534800 -0.792700 -0.292600
vn 0.962183 -0.182097 -0.202596
vn 0.838621 0.531513 -0.119203
vn 0.269796 0.940887 -0.204797
vn -0.367492 0.801182 -0.472289
vn -0.659168 0.181091 -0.729865
vn -0.446395 -0.547894 -0.707492
vn 0.073599 -0.947885 -0.309995
vn 0.546903 -0.793005 0.268402
vn 0.718189 -0.182497 0.671490
vn 0.578112 0.531611 0.619013
vn 0.322096 0.941087 0.102999
vn 0.176205 0.800521 -0.572815
vn 0.213792 0.180994 -0.959966
vn 0.313003 -0.548005 -0.775706
vn 0.293689 -0.948365 -0.119796
vn 0.097997 -0.792172 0.602379
vn -0.135294 -0.182491 0.973854
vn -0.174199 0.531898 0.828697
vn 0.101396 0.941264 0.322088
vn 0.569787 0.800281 -0.186796
vn 0.908275 0.180595 -0.377389
vn 0.815303 -0.547802 -0.187601
vn 0.267688 -0.947958 0.172392
vn -0.434792 -0.792486 0.427693
vn -0.871306 -0.182101 0.455703
vn -0.774768 0.531578 0.342286
vn -0.203195 0.940977 0.270693
vn 0.480513 0.801121 0.356809
vn 0.830693 0.180099 0.526796
vn 0.621996 -0.547697 0.559597
vn 0.013400 -0.947866 0.318388
vn -0.599614 -0.792818 -0.109102
vn -0.874320 -0.182304 -0.449810
vn -0.725570 0.531678 -0.436882
vn -0.338116 0.941045 -0.010601
vn -0.011900 0.800723 0.598917
vn 0.056602 0.181106 0.981833
vn -0.091403 -0.548217 0.831326
vn -0.250410 -0.948338 0.194808
vn -0.255992 -0.792474 -0.553582
vn -0.134106 -0.182908 -0.973941
vn -0.060002 0.531819 -0.844730
vn -0.185793 0.941166 -0.282290
vn -0.497107 0.800411 0.335004
vn -0.770839 0.180809 0.610831
vn -0.732980 -0.547885 0.403189
vn -0.304503 -0.948009 -0.092501
vn -0.254086 0.967148 -0.008000
vn 0.895624 -0.381210 -0.229206
vn 0.477698 0.383299 -0.790497
vn 0.253896 0.378294 -0.890186
vn 0.584319 0.752024 -0.305010
vn -0.414812 0.077202 0.906626
vn 0.452088 0.788978 0.416089
vn 0.216293 0.949670 0.226593
vn 0.337403 0.377603 0.862308
vn 0.372211 0.916126 0.148904
vn 0.173904 0.983425 0.051301
vn 0.058202 0.983532 0.171106
vn 0.220997 0.657090 0.720689
vn -0.328598 0.914895 0.234499
vn 0.860895 -0.416298 -0.292498
vn -0.210289 -0.947852 -0.239488
vn 0.312912 -0.548022 -0.775731
vn 0.287308 -0.028101 0.957426
vn 0.012900 -0.857210 0.514806
vn 0.144892 -0.885049 0.442374
vn 0.212594 -0.911076 -0.353191
vn 0.170803 -0.492108 -0.853614
vn 0.206514 -0.842857 -0.496934
vn 0.113998 -0.991781 0.058099
vn 0.214793 -0.918971 -0.330690
vn 0.287891 -0.381088 -0.878573
vn 0.015201 -0.378819 -0.925346
vn -0.039002 -0.913742 -0.404419
vn -0.060001 -0.919320 0.388909
vn -0.288001 -0.912504 0.290501
vn -0.371416 -0.383117 0.845737
vn -0.576693 -0.376195 0.725191
vn -0.456096 0.375797 0.806693
vn -0.644621 0.383213 0.661522
vn -0.161202 0.911910 0.377404
vn -0.336506 0.919716 0.202204
vn 0.392793 0.913085 -0.109498
vn 0.231390 0.919460 -0.317886
vn 0.856216 0.378507 -0.351606
vn 0.713234 0.381318 -0.588128
vn 0.885337 -0.380916 -0.266611
vn 0.767395 -0.379098 -0.517097
vn 0.394707 -0.918716 -0.012900
vn 0.308914 -0.913943 -0.263212
vn -0.352606 -0.919414 0.174203
vn -0.403522 -0.912349 -0.069204
vn -0.905297 -0.383099 0.183499
vn -0.925028 -0.376012 -0.054202
vn -0.921759 0.375383 0.097196
vn -0.912811 0.383305 -0.140902
vn -0.401207 0.911516 0.090402
vn -0.360209 0.920022 -0.154304
vn 0.317495 0.913387 0.254796
vn 0.393798 0.919194 0.002300
vn 0.781761 0.378881 0.495276
vn 0.892202 0.381201 0.242201
vn 0.727076 -0.380787 0.571281
vn 0.864008 -0.379203 0.331203
vn 0.237912 -0.918646 0.315416
vn 0.392689 -0.914075 0.101297
vn -0.345499 -0.919497 -0.187499
vn -0.176502 -0.912312 -0.369505
vn -0.671177 -0.383187 -0.634578
vn -0.488420 -0.375816 -0.787533
vn -0.608598 0.375699 -0.698898
vn -0.408508 0.383207 -0.828416
vn -0.303701 0.911703 -0.276701
vn -0.079803 0.919831 -0.384113
vn -0.027000 0.913206 0.406603
vn 0.223809 0.919339 0.323614
vn 0.048901 0.378709 0.924223
vn 0.319805 0.381206 0.867414
vn -0.038699 -0.381194 0.923685
vn 0.236301 -0.378801 0.894803
vn -0.116202 -0.919015 0.376706
vn 0.147692 -0.913751 0.378480
vn -0.046702 -0.919538 -0.390216
vn 0.199297 -0.912285 -0.357794
vn 0.131900 -0.383200 -0.914199
vn 0.361904 -0.375804 -0.853110
vn 0.222499 0.375798 -0.899595
vn 0.443116 0.383214 -0.810429
vn 0.051901 0.911815 -0.407307
vn 0.268488 0.919758 -0.286287
vn -0.348013 0.913133 0.212308
vn -0.135802 0.919412 0.369105
vn -0.727497 0.378599 0.572198
vn -0.525302 0.381301 0.760702
vn -0.778217 -0.381008 0.499211
vn -0.596284 -0.378990 0.707681
vn -0.375793 -0.918784 0.120898
vn -0.224801 -0.913904 0.338001
vn 0.291101 -0.919402 -0.264501
vn 0.406896 -0.912390 -0.044500
vn 0.820599 -0.383200 -0.423999
vn 0.904583 -0.375993 -0.200896
vn 0.860842 0.375375 -0.343577
vn 0.916786 0.383294 -0.112198
vn 0.361884 0.911559 -0.195191
vn 0.388592 0.919981 0.051299
vn -0.374298 0.912995 -0.162299
vn -0.379813 0.919533 0.101004
vn -0.886566 0.378485 -0.265990
vn -0.924384 0.381393 0.007300
vn -0.855725 -0.380811 -0.350310
vn -0.921751 -0.379121 -0.081504
vn -0.315192 -0.918676 -0.238094
vn -0.405513 -0.914029 0.010500
vn 0.383595 -0.919488 0.085999
vn 0.270599 -0.912295 0.307398
vn 0.818855 -0.383179 0.427376
vn 0.684661 -0.375878 0.624464
vn 0.776278 0.375589 0.506286
vn 0.619131 0.383219 0.685434
vn 0.367700 0.911700 0.183300
vn 0.181695 0.919874 0.347590
vn -0.085997 0.913265 -0.398185
vn -0.304409 0.919228 -0.249708
vn -0.301198 0.378798 -0.875095
vn -0.545974 0.381182 -0.746065
vn -0.215410 -0.381217 -0.899040
vn -0.472182 -0.378785 -0.795969
vn 0.009400 -0.919016 -0.394107
vn -0.245199 -0.913695 -0.324098
vn 0.148699 -0.919691 0.363396
vn -0.097001 -0.912110 0.398304
vn 0.119500 -0.383201 0.915902
vn -0.118705 -0.375617 0.919141
vn 0.031702 0.375820 0.926150
vn -0.205197 0.383194 0.900587
vn 0.061901 0.911816 0.405907
vn -0.179695 0.919775 0.348890
vn 0.276513 0.913144 -0.299514
vn 0.029199 0.919378 -0.392291
vn 0.543199 0.378599 -0.749398
vn 0.296814 0.381218 -0.875542
vn 0.612286 -0.380992 -0.692785
vn 0.380210 -0.378910 -0.843722
vn 0.328414 -0.918840 -0.218809
vn 0.124095 -0.913866 -0.386586
vn -0.207706 -0.919327 0.334210
vn -0.378992 -0.912480 0.154097
vn -0.672901 -0.383101 0.632801
vn -0.814761 -0.376082 0.441279
vn -0.733594 0.375397 0.566495
vn -0.850792 0.383296 0.359496
vn -0.294502 0.911505 0.287102
vn -0.387614 0.920033 0.057402
vn 0.404399 0.912897 0.055500
vn 0.338284 0.919656 -0.199490
vn 0.925486 0.378394 0.017100
vn 0.888132 0.381414 -0.256409
vn 0.918661 -0.380784 0.105196
vn 0.909381 -0.379192 -0.170996
vn 0.368202 -0.918605 0.143501
vn 0.387290 -0.914076 -0.120297
vn -0.392608 -0.919418 0.023000
vn -0.344589 -0.912371 -0.220993
vn -0.904788 -0.383195 -0.185797
vn -0.829892 -0.375996 -0.412196
vn -0.885326 0.375511 -0.274208
vn -0.783304 0.383302 -0.489402
vn -0.404002 0.911604 -0.075900
vn -0.269799 0.919898 -0.284599
vn 0.191408 0.913337 0.359415
vn 0.361001 0.919203 0.157301
vn 0.529107 0.378805 0.759310
vn 0.728917 0.381109 0.568714
vn 0.453196 -0.381197 0.805793
vn 0.671583 -0.378790 0.636784
vn 0.098902 -0.919018 0.381608
vn 0.324406 -0.913718 0.244705
vn -0.243398 -0.919591 -0.308397
vn -0.016700 -0.912202 -0.409401
vn -0.365609 -0.383210 -0.848222
vn -0.137498 -0.375695 -0.916487
vn -0.282197 0.375796 -0.882690
vn -0.047302 0.383219 -0.922446
vn -0.169194 0.911870 -0.373988
vn 0.078900 0.919704 -0.384602
vn -0.183101 0.913303 0.363801
vn 0.080102 0.919221 0.385509
vn -0.315198 0.378698 0.870194
vn -0.043599 0.381187 0.923469
vn -0.397422 -0.381121 0.834747
vn -0.132702 -0.378805 0.915913
vn -0.255287 -0.918954 0.300585
vn -0.013000 -0.913784 0.405993
vn 0.108805 -0.919342 -0.378117
vn 0.322506 -0.912516 -0.251604
vn 0.475892 -0.383093 -0.791686
vn 0.664255 -0.376174 -0.645956
vn 0.554499 0.375800 -0.742499
vn 0.723191 0.383195 -0.574593
vn 0.318394 0.859483 -0.399892
vn 0.538482 0.817372 -0.204793
vn 0.145506 0.988941 -0.028701
vn 0.599362 -0.151291 -0.786051
vn 0.468825 -0.720738 -0.510627
vn 0.745810 -0.505807 -0.433506
vn 0.203207 0.378713 -0.902930
vn -0.072603 0.381213 -0.921632
vn -0.860090 -0.446195 0.247297
vn -0.851306 0.053800 0.521904
vn -0.700415 -0.164103 0.694615
vn -0.180807 -0.679626 -0.710927
vn -0.214591 -0.963461 -0.160293
vn 0.280787 0.303386 0.910558
vn 0.351808 -0.171004 0.920320
vn 0.421506 0.607109 -0.673610
vn 0.226398 0.971189 -0.074399
vn -0.139296 0.988972 0.050299
vn 0.050403 0.751645 -0.657639
vn 0.566594 -0.111699 -0.816391
vn 0.244613 0.077104 -0.966550
vn 0.457015 -0.769725 -0.445714
vn 0.224096 -0.639290 -0.735588
vn 0.054803 -0.983147 0.174408
vn -0.100803 -0.979925 -0.172004
vn -0.429786 -0.620780 0.655679
vn -0.572687 -0.746582 0.338592
vn -0.657403 0.107700 0.745803
vn -0.863641 -0.072103 0.498924
vn -0.415675 0.767654 0.487771
vn -0.706906 0.648005 0.283502
vn 0.191295 0.971075 0.142896
vn -0.121396 0.988967 -0.084897
vn 0.793788 0.606891 -0.039799
vn 0.567716 0.752020 -0.334909
vn 0.993771 -0.111397 -0.003100
vn 0.932284 0.077199 -0.353394
vn 0.627677 -0.769372 0.118696
vn 0.730629 -0.639425 -0.239409
vn -0.110898 -0.982584 0.149098
vn 0.081703 -0.980340 -0.179607
vn -0.783323 -0.620618 0.035201
vn -0.608873 -0.747167 -0.266488
vn -0.989388 0.106999 -0.098299
vn -0.909322 -0.072602 -0.409710
vn -0.638704 0.767505 -0.054700
vn -0.641208 0.648208 -0.410705
vn -0.006400 0.971143 0.238411
vn -0.000600 0.988941 -0.148306
vn 0.490200 0.606900 0.625600
vn 0.600578 0.752172 0.271190
vn 0.575790 -0.111298 0.809987
vn 0.826098 0.077300 0.558199
vn 0.265109 -0.769125 0.581519
vn 0.616492 -0.639592 0.459194
vn -0.184793 -0.982765 -0.005000
vn 0.194193 -0.980265 -0.036999
vn -0.477278 -0.620772 -0.621971
vn -0.130199 -0.746697 -0.652297
vn -0.486486 0.107297 -0.867075
vn -0.184996 -0.072298 -0.980076
vn -0.322786 0.767267 -0.554176
vn -0.033500 0.648109 -0.760810
vn -0.196802 0.971408 0.132801
vn 0.121197 0.988879 -0.086198
vn -0.219002 0.607406 0.763607
vn 0.133099 0.751392 0.646293
vn -0.321603 -0.111301 0.940310
vn 0.028001 0.076903 0.996645
vn -0.320995 -0.769087 0.552691
vn -0.018800 -0.639697 0.768397
vn -0.102200 -0.982802 -0.153800
vn 0.141706 -0.980340 0.137306
vn 0.234496 -0.620789 -0.748086
vn 0.458791 -0.746585 -0.481790
vn 0.428990 0.107597 -0.896878
vn 0.694988 -0.072199 -0.715387
vn 0.266907 0.767520 -0.582815
vn 0.602783 0.647982 -0.465587
vn -0.222791 0.971162 -0.084897
vn 0.140105 0.988938 0.048702
vn -0.751999 0.606999 0.257000
vn -0.453584 0.751874 0.478483
vn -0.954434 -0.111504 0.276810
vn -0.798811 0.077201 0.596608
vn -0.635992 -0.769490 0.058299
vn -0.636921 -0.639321 0.430814
vn 0.066299 -0.982688 -0.172998
vn -0.029801 -0.980230 0.195606
vn 0.744233 -0.620527 -0.247111
vn 0.658298 -0.747298 0.090500
vn 0.979209 0.107701 -0.171902
vn 0.985932 -0.072702 0.150505
vn 0.629700 0.767901 -0.117500
vn 0.727895 0.647896 0.224499
vn -0.059202 0.971126 -0.231106
vn 0.041200 0.988908 0.142701
vn -0.642696 0.606796 -0.467697
vn -0.652002 0.752102 -0.096100
vn -0.775120 -0.111403 -0.621916
vn -0.947295 0.077300 -0.310898
vn -0.413600 -0.769200 -0.487100
vn -0.718518 -0.639516 -0.273407
vn 0.179403 -0.982718 -0.045601
vn -0.176795 -0.980270 0.088397
vn 0.629499 -0.620700 0.467400
vn 0.303796 -0.746890 0.591492
vn 0.705926 0.107204 0.700126
vn 0.447000 -0.072400 0.891599
vn 0.462700 0.767200 0.444200
vn 0.241397 0.648092 0.722291
vn 0.153610 0.971261 -0.181811
vn -0.092299 0.988987 0.115698
vn 0.004400 0.607218 -0.794523
vn -0.303011 0.751428 -0.586122
vn 0.057802 -0.111004 -0.992138
vn -0.293702 0.076801 -0.952807
vn 0.161993 -0.768767 -0.618673
vn -0.187105 -0.639916 -0.745318
vn 0.141096 -0.982672 0.120197
vn -0.173193 -0.980459 -0.093296
vn -0.019800 -0.620809 0.783712
vn -0.308703 -0.746607 0.589305
vn -0.166301 0.107401 0.980209
vn -0.471896 -0.072199 0.878693
vn -0.097098 0.767387 0.633789
vn -0.452190 0.648086 0.612787
vn 0.237491 0.971163 0.020999
vn -0.147993 0.988950 -0.008700
vn 0.653171 0.607073 -0.452580
vn 0.305799 0.751798 -0.584198
vn 0.842195 -0.111599 -0.527497
vn 0.605274 0.077197 -0.792265
vn 0.595425 -0.769633 -0.230510
vn 0.494595 -0.639294 -0.588794
vn -0.016500 -0.982712 0.184402
vn -0.024901 -0.980227 -0.196305
vn -0.649771 -0.620772 0.438680
vn -0.658504 -0.747104 0.090600
vn -0.896994 0.107799 0.428697
vn -0.990082 -0.072399 0.120398
vn -0.574594 0.767992 0.282897
vn -0.761480 0.647883 -0.019899
vn 0.119604 0.971235 0.205907
vn -0.078403 0.988837 -0.126705
vn 0.746221 0.606917 0.273508
vn 0.653484 0.751982 -0.086498
vn 0.916382 -0.111398 0.384492
vn 0.996295 0.077200 0.037900
vn 0.531501 -0.769401 0.354301
vn 0.766113 -0.639411 0.065001
vn -0.159993 -0.982756 0.092696
vn 0.146099 -0.980194 -0.133699
vn -0.733104 -0.620704 -0.278002
vn -0.453588 -0.746979 -0.486087
vn -0.870090 0.107199 -0.481094
vn -0.673308 -0.072401 -0.735809
vn -0.566296 0.767195 -0.301198
vn -0.429414 0.648122 -0.628921
vn -0.097999 0.971285 0.216797
vn 0.057001 0.989012 -0.136402
vn 0.207311 0.606931 0.767240
vn 0.446693 0.752088 0.484592
vn 0.210490 -0.111194 0.971252
vn 0.539584 0.077298 0.838376
vn 0.013999 -0.768949 0.639157
vn 0.384987 -0.639679 0.665278
vn -0.167698 -0.982787 -0.077499
vn 0.192898 -0.980289 0.042700
vn -0.193899 -0.620697 -0.759696
vn 0.137001 -0.746607 -0.651006
vn -0.108499 0.107299 -0.988289
vn 0.213206 -0.072302 -0.974328
vn -0.081302 0.767217 -0.636214
vn 0.265700 0.648101 -0.713701
vn -0.234212 0.971148 0.044902
vn 0.144301 0.989010 -0.032200
vn -0.504012 0.607115 0.614315
vn -0.133996 0.751675 0.645779
vn -0.665811 -0.111702 0.737712
vn -0.365798 0.077100 0.927495
vn -0.509888 -0.769682 0.384191
vn -0.315804 -0.639308 0.701109
vn -0.032600 -0.983090 -0.180198
vn 0.078000 -0.979995 0.183099
vn 0.507102 -0.853603 -0.119200
vn 0.182908 0.812636 -0.553324
vn -0.112896 0.862969 -0.492482
vn -0.292487 -0.864162 -0.409482
vn -0.388714 -0.118304 -0.913732
vn 0.098603 0.995127 0.000600
vn 0.179291 0.978650 0.100495
vn -0.077100 0.042900 0.996100
vn 0.184108 -0.216609 0.958741
vn 0.147895 0.800875 -0.580282
vn 0.159903 0.767316 0.621013
vn -0.174607 0.648028 0.741332
vn -0.200590 0.905154 0.374781
vn -0.125301 0.911004 -0.392902
vn -0.462886 -0.142596 0.874873
vn -0.308702 -0.786704 0.534603
vn -0.394516 -0.542122 0.741930
vn -0.517982 0.169794 0.838370
vn -0.473898 0.590997 0.652797
vn -0.462806 0.785211 0.411406
vn -0.215498 0.975891 0.034600
vn -0.159407 0.949740 -0.269411
vn 0.215900 0.789299 -0.574799
vn 0.244608 0.558917 -0.792325
vn 0.534892 0.146698 -0.832088
vn 0.450696 -0.168698 -0.876592
vn 0.476516 -0.577120 -0.663223
vn 0.238899 -0.793797 -0.559298
vn 0.007300 -0.963392 -0.267998
vn -0.303798 -0.943294 -0.133799
vn -0.615571 -0.786263 0.053498
vn -0.834260 -0.541874 0.101895
vn -0.982368 -0.142095 0.121496
vn -0.983995 0.169299 0.055600
vn -0.806611 0.590908 -0.014400
vn -0.603077 0.784670 -0.143495
vn -0.152799 0.975594 -0.157699
vn 0.128493 0.949550 -0.286085
vn 0.593223 0.788630 -0.161706
vn 0.787361 0.557773 -0.262587
vn 0.987779 0.146097 -0.054299
vn 0.974577 -0.167596 -0.148697
vn 0.817017 -0.576612 -0.001300
vn 0.594725 -0.792934 -0.132506
vn 0.224202 -0.962710 -0.151402
vn -0.067097 -0.942956 -0.326085
vn -0.398292 -0.786084 -0.472690
vn -0.563310 -0.541910 -0.623711
vn -0.665379 -0.141995 -0.732877
vn -0.612476 0.169193 -0.772170
vn -0.453501 0.590801 -0.667301
vn -0.231000 0.784499 -0.575500
vn 0.039999 0.975685 -0.215497
vn 0.306910 0.949832 -0.060202
vn 0.471791 0.789185 0.393193
vn 0.666389 0.558390 0.494092
vn 0.609736 0.146509 0.778946
vn 0.679710 -0.168302 0.713911
vn 0.469011 -0.576814 0.668816
vn 0.449294 -0.793389 0.410694
vn 0.250698 -0.963294 0.095999
vn 0.227011 -0.943446 -0.241612
vn 0.151396 -0.786777 -0.598382
vn 0.178394 -0.542382 -0.820973
vn 0.204691 -0.142793 -0.968355
vn 0.268114 0.170109 -0.948250
vn 0.276598 0.591095 -0.757694
vn 0.331995 0.784888 -0.523192
vn 0.197494 0.975968 -0.092097
vn 0.225705 0.950219 0.214804
vn -0.050801 0.789522 0.611617
vn -0.021899 0.558576 0.829164
vn -0.287100 0.146700 0.946601
vn -0.193808 -0.168607 0.966442
vn -0.277398 -0.576997 0.768196
vn -0.077300 -0.793605 0.603503
vn 0.066098 -0.963373 0.259893
vn 0.328613 -0.943339 0.046102
vn 0.577179 -0.786371 -0.220192
vn 0.774401 -0.542001 -0.326401
vn 0.910992 -0.142299 -0.387097
vn 0.930742 0.169508 -0.324015
vn 0.779394 0.590895 -0.208298
vn 0.619106 0.784808 -0.028000
vn 0.189693 0.975764 0.109096
vn -0.045000 0.949605 0.310202
vn -0.527208 0.788712 0.316205
vn -0.686425 0.557921 0.466417
vn -0.935840 0.146106 0.320714
vn -0.897710 -0.167502 0.407504
vn -0.786097 -0.576898 0.221899
vn -0.535713 -0.793620 0.288407
vn -0.174008 -0.963444 0.203709
vn 0.152298 -0.943189 0.295297
vn 0.512597 -0.786095 0.345398
vn 0.712715 -0.541811 0.445509
vn 0.840649 -0.142008 0.522630
vn 0.800511 0.169302 0.574908
vn 0.618585 0.590885 0.517887
vn 0.379289 0.784578 0.490486
vn 0.020100 0.975697 0.218199
vn -0.279113 0.949745 0.141707
vn -0.561431 0.789043 -0.249414
vn -0.776099 0.558199 -0.293400
vn -0.799689 0.146398 -0.582292
vn -0.849073 -0.168195 -0.500784
vn -0.634500 -0.576800 -0.514500
vn -0.544897 -0.793195 -0.271898
vn -0.267493 -0.963273 -0.023499
vn -0.151798 -0.943488 0.294596
vn 0.017500 -0.786780 0.616985
vn 0.053099 -0.542186 0.838579
vn 0.065599 -0.142699 0.987590
vn -0.000700 0.170104 0.985426
vn -0.062698 0.591080 0.804173
vn -0.178907 0.784529 0.593722
vn -0.167003 0.975618 0.142403
vn -0.275404 0.950115 -0.146402
vn -0.118796 0.789473 -0.602179
vn -0.205395 0.558487 -0.803682
vn 0.015799 0.146693 -0.989056
vn -0.079301 -0.168501 -0.982506
vn 0.055501 -0.576913 -0.814918
vn -0.091497 -0.793477 -0.601683
vn -0.134896 -0.963270 -0.232193
vn -0.328712 -0.943334 0.045502
vn -0.495115 -0.786523 0.369111
vn -0.655895 -0.541996 0.525396
vn -0.770780 -0.142396 0.620984
vn -0.807034 0.169607 0.565624
vn -0.692736 0.590931 0.413422
vn -0.587614 0.785018 0.196105
vn -0.212293 0.975768 -0.052998
vn -0.041302 0.949639 -0.310613
vn 0.420496 0.788692 -0.448495
vn 0.532203 0.558003 -0.636704
vn 0.814042 0.146107 -0.562129
vn 0.753201 -0.167900 -0.636001
vn 0.697509 -0.577007 -0.424905
vn 0.437895 -0.793991 -0.421695
vn 0.112498 -0.963482 -0.242995
vn -0.226391 -0.943163 -0.243290
vn -0.587175 -0.786067 -0.193192
vn -0.806612 -0.542008 -0.235804
vn -0.951530 -0.142005 -0.272809
vn -0.927100 0.169300 -0.334400
vn -0.737171 0.590876 -0.327787
vn -0.499309 0.784714 -0.367307
vn -0.079197 0.975764 -0.203992
vn 0.229598 0.949693 -0.212998
vn 0.608480 0.788874 0.086197
vn 0.826851 0.558135 0.069304
vn 0.928359 0.146293 0.341685
vn 0.953635 -0.168006 0.249709
vn 0.750725 -0.576819 0.322011
vn 0.598486 -0.793081 0.113297
vn 0.263701 -0.963303 -0.050100
vn 0.065700 -0.943601 -0.324500
vn -0.185411 -0.786848 -0.588636
vn -0.280197 -0.542293 -0.792091
vn -0.328105 -0.142602 -0.933816
vn -0.264899 0.169300 -0.949298
vn -0.154794 0.590878 -0.791771
vn 0.013501 0.784230 -0.620324
vn 0.121306 0.975748 -0.182209
vn 0.305304 0.950013 0.065301
vn 0.277312 0.789434 0.547624
vn 0.416015 0.558520 0.717626
vn 0.252905 0.146603 0.956319
vn 0.342407 -0.168503 0.924318
vn 0.169200 -0.576899 0.799099
vn 0.252305 -0.793216 0.554211
vn 0.193494 -0.963271 0.186194
vn 0.303188 -0.943463 -0.133995
vn 0.374390 -0.786678 -0.490886
vn 0.485709 -0.542110 -0.685713
vn 0.570813 -0.142503 -0.808619
vn 0.620781 0.169795 -0.765376
vn 0.553201 0.591001 -0.587101
vn 0.511415 0.785224 -0.349111
vn 0.218100 0.975901 -0.007100
vn 0.123903 0.949821 0.287206
vn -0.286602 0.789307 0.543005
vn -0.342986 0.558777 0.755069
vn -0.521594 0.337296 0.783691
vn -0.568593 -0.019400 0.822390
vn -0.571110 -0.150203 0.807014
vn 0.283302 0.137601 -0.949108
vn -0.147599 0.513998 0.844997
vn 0.024499 -0.481187 -0.876276
vn 0.066603 0.375716 -0.924339
vn 0.330096 -0.611392 -0.719191
vn 0.171395 -0.387789 -0.905673
vn 0.135305 -0.988636 -0.065502
vn 0.005500 -0.914699 -0.404099
vn -0.234597 -0.783290 0.575692
vn -0.395292 -0.896183 0.201496
vn -0.529485 -0.132696 0.837877
vn -0.769885 -0.361693 0.525790
vn -0.490599 0.591799 0.639599
vn -0.819113 0.377506 0.431907
vn -0.052702 0.981939 0.181707
vn -0.422607 0.904814 0.052101
vn 0.560130 0.800842 -0.211911
vn 0.249809 0.911333 -0.327212
vn 0.940588 0.137198 -0.310596
vn 0.796220 0.375709 -0.474212
vn 0.778806 -0.611304 -0.140601
vn 0.840210 -0.388404 -0.378404
vn 0.131904 -0.988534 0.073503
vn 0.333786 -0.914662 -0.227991
vn -0.605193 -0.783690 0.139898
vn -0.392395 -0.896890 -0.203998
vn -0.989546 -0.132606 0.056703
vn -0.876901 -0.361500 -0.316800
vn -0.805814 0.591710 -0.023300
vn -0.828596 0.378298 -0.412698
vn -0.179194 0.981769 0.063398
vn -0.288299 0.904697 -0.313699
vn 0.495484 0.801673 0.334389
vn 0.411077 0.911449 0.016599
vn 0.794897 0.136900 0.591098
vn 0.846041 0.375618 0.378318
vn 0.563596 -0.611196 0.555696
vn 0.793511 -0.388505 0.468406
vn 0.016300 -0.988521 0.150203
vn 0.378299 -0.914897 0.140900
vn -0.462797 -0.783694 -0.414297
vn -0.058300 -0.896496 -0.439198
vn -0.614198 -0.132800 -0.777898
vn -0.242214 -0.361521 -0.900353
vn -0.442187 0.591682 -0.674080
vn -0.136398 0.377795 -0.915787
vn -0.154393 0.981856 -0.110095
vn 0.091101 0.905109 -0.415304
vn 0.014601 0.801041 0.598431
vn 0.227295 0.910782 0.344693
vn -0.014900 0.137400 0.990403
vn 0.189797 0.375493 0.907184
vn -0.119301 -0.611106 0.782507
vn 0.083002 -0.388211 0.917825
vn -0.111401 -0.988812 0.099201
vn 0.103701 -0.915210 0.389404
vn 0.072199 -0.783492 -0.617194
vn 0.325992 -0.896378 -0.300393
vn 0.283804 -0.133002 -0.949613
vn 0.597290 -0.361594 -0.715888
vn 0.297399 0.591698 -0.749298
vn 0.670415 0.377608 -0.638714
vn 0.001200 0.981918 -0.189303
vn 0.392215 0.904935 -0.165106
vn -0.480897 0.800895 0.356798
vn -0.150798 0.911190 0.383396
vn -0.819214 0.137302 0.556809
vn -0.634897 0.375698 0.675097
vn -0.709991 -0.611192 0.349796
vn -0.703437 -0.388121 0.595431
vn -0.146796 -0.988572 -0.034299
vn -0.258208 -0.914728 0.310809
vn 0.544219 -0.783428 -0.300111
vn 0.433282 -0.896764 0.089896
vn 0.937183 -0.132498 -0.322694
vn 0.929892 -0.361697 0.066899
vn 0.781795 0.591896 -0.196099
vn 0.909445 0.377619 0.174109
vn 0.156396 0.981573 -0.109797
vn 0.361712 0.904630 0.225408
vn -0.568687 0.800782 -0.187996
vn -0.399900 0.911401 0.097100
vn -0.926458 0.136994 -0.350584
vn -0.917392 0.375597 -0.131599
vn -0.694216 -0.611214 -0.380109
vn -0.891399 -0.388500 -0.233400
vn -0.056502 -0.988537 -0.140005
vn -0.402482 -0.914858 -0.032299
vn 0.558320 -0.783628 0.272410
vn 0.175797 -0.896582 0.406492
vn 0.803209 -0.132801 0.580706
vn 0.479376 -0.361582 0.799660
vn 0.609761 0.591762 0.527266
vn 0.382499 0.377998 0.843097
vn 0.178595 0.981872 0.063498
vn 0.026601 0.905125 0.424312
vn -0.178606 0.801129 -0.571220
vn -0.312690 0.910971 -0.268991
vn -0.256313 0.137607 -0.956749
vn -0.428689 0.375591 -0.821679
vn -0.097002 -0.611315 -0.785420
vn -0.325903 -0.388904 -0.861708
vn 0.080699 -0.988882 -0.124898
vn -0.203990 -0.915153 -0.347682
vn 0.096995 -0.784056 0.613065
vn -0.231410 -0.896538 0.377716
vn -0.013300 -0.133102 0.991013
vn -0.377700 -0.361600 0.852401
vn -0.080005 0.591738 0.802151
vn -0.469295 0.377696 0.798191
vn 0.050898 0.981870 0.182594
vn -0.331990 0.904974 0.266092
vn 0.364900 0.801001 -0.474600
vn 0.040400 0.911100 -0.410200
vn 0.636037 0.137308 -0.759344
vn 0.426587 0.375588 -0.822774
vn 0.587482 -0.611281 -0.530284
vn 0.514029 -0.387922 -0.765043
vn 0.150595 -0.988569 -0.007200
vn 0.163493 -0.914660 -0.369684
vn -0.441110 -0.783418 0.437810
vn -0.441289 -0.896777 0.032499
vn -0.812708 -0.132501 0.567406
vn -0.913217 -0.361407 0.188203
vn -0.699430 0.591525 0.401117
vn -0.922887 0.377295 0.076999
vn -0.120905 0.981643 0.147507
vn -0.409106 0.904614 -0.119602
vn 0.598519 0.800626 0.027801
vn 0.358987 0.911267 -0.201793
vn 0.986827 0.136904 0.086202
vn 0.918442 0.375517 -0.124306
vn 0.772007 -0.610905 0.175501
vn 0.921328 -0.388212 -0.021101
vn 0.092803 -0.988535 0.119104
vn 0.395995 -0.914788 -0.079699
vn -0.611928 -0.783436 -0.108505
vn -0.280488 -0.896562 -0.342786
vn -0.931535 -0.132605 -0.338613
vn -0.679568 -0.361483 -0.638370
vn -0.730589 0.591691 -0.340795
vn -0.597939 0.378125 -0.706746
vn -0.189193 0.981862 -0.012400
vn -0.141397 0.905281 -0.400591
vn 0.327920 0.801148 0.500630
vn 0.374019 0.911046 0.173509
vn 0.508189 0.137597 0.850183
vn 0.632915 0.376309 0.676616
vn 0.303795 -0.611991 0.730189
vn 0.545016 -0.388811 0.742821
vn -0.044102 -0.988550 0.144307
vn 0.291799 -0.915097 0.278299
vn -0.261207 -0.783722 -0.563516
vn 0.120399 -0.896392 -0.426596
vn -0.256089 -0.132995 -0.957461
vn 0.132504 -0.361710 -0.922826
vn -0.140399 0.591895 -0.793693
vn 0.233096 0.377993 -0.895984
vn -0.098797 0.981965 -0.161194
vn 0.245796 0.905085 -0.346994
vn -0.219706 0.801122 0.556716
vn 0.074199 0.911082 0.405492
vn -0.401984 0.137495 0.905264
vn -0.184192 0.375683 0.908260
vn -0.419300 -0.611401 0.671101
vn -0.285401 -0.387901 0.876402
vn -0.142702 -0.988611 0.047801
vn -0.056703 -0.914750 0.400022
vn 0.305805 -0.783312 -0.541208
vn 0.417510 -0.896222 -0.149904
vn 0.631192 -0.132698 -0.764191
vn 0.776003 -0.488402 -0.399102
vn 0.631199 0.466699 -0.619499
vn 0.670679 0.568882 -0.475985
vn -0.112206 0.972053 -0.206211
vn -0.136697 0.483188 -0.864779
vn -0.057203 0.587726 -0.807036
vn -0.283910 -0.943533 0.170706
vn -0.051899 -0.375695 0.925289
vn -0.154497 0.375192 0.913981
vn 0.211196 0.531690 0.820184
vn 0.234003 0.940911 0.244803
vn -0.146200 -0.982300 0.117100
vn -0.411602 -0.592003 0.692904
vn -0.580122 0.132805 0.803630
vn -0.445327 0.783248 0.433827
vn 0.014000 0.988993 -0.147299
vn 0.549297 0.611697 -0.569297
vn 0.779486 -0.137297 -0.611189
vn 0.486493 -0.801389 -0.347995
vn -0.180008 -0.982242 -0.052902
vn -0.803618 -0.592113 0.060001
vn -0.991081 0.132698 -0.012200
vn -0.610617 0.784122 -0.110903
vn 0.128201 0.988908 -0.075001
vn 0.782983 0.611786 0.112497
vn 0.949766 -0.137395 0.281190
vn 0.564187 -0.801481 0.198295
vn -0.060498 -0.982261 -0.177493
vn -0.512606 -0.592107 -0.621807
vn -0.561088 0.132497 -0.817083
vn -0.260006 0.783619 -0.564214
vn 0.134694 0.988958 0.061797
vn 0.356103 0.611705 0.706405
vn 0.319385 -0.137094 0.937656
vn 0.168601 -0.800805 0.574704
vn 0.107996 -0.982463 -0.151994
vn 0.206793 -0.591581 -0.779275
vn 0.343584 0.132294 -0.929757
vn 0.312400 0.783400 -0.537300
vn 0.026799 0.988981 0.145597
vn -0.373095 0.611692 0.697591
vn -0.582823 -0.137205 0.800932
vn -0.372693 -0.801185 0.468191
vn 0.187397 -0.982283 0.001400
vn 0.756015 -0.592112 -0.279006
vn 0.956526 0.132704 -0.259707
vn 0.618026 0.783933 -0.059102
vn -0.103703 0.988825 0.107103
vn -0.783884 0.612588 0.101298
vn -0.990385 -0.137398 -0.016100
vn -0.597018 -0.801424 -0.035901
vn 0.106805 -0.982249 0.154208
vn 0.662967 -0.592071 0.458177
vn 0.762627 0.132505 0.633122
vn 0.404001 0.783701 0.471801
vn -0.146703 0.988920 -0.022700
vn -0.536490 0.611689 -0.581390
vn -0.565093 -0.136898 -0.813590
vn -0.319480 -0.800951 -0.506369
vn -0.062799 -0.982385 0.175997
vn 0.009400 -0.591411 0.806315
vn -0.081100 0.132200 0.987900
vn -0.153891 0.783554 0.601964
vn -0.065898 0.988964 -0.132695
vn 0.167008 0.611729 -0.773237
vn 0.341208 -0.137203 -0.929921
vn 0.230692 -0.801172 -0.552181
vn -0.180502 -0.982313 0.049801
vn -0.650909 -0.592108 0.475106
vn -0.848670 0.132795 0.511982
vn -0.578113 0.783917 0.226405
vn 0.069800 0.989001 -0.130400
vn 0.727907 0.612506 -0.308203
vn 0.958091 -0.137699 -0.251198
vn 0.584675 -0.801266 -0.126995
vn -0.144505 -0.982334 -0.118904
vn -0.763470 -0.592077 -0.257990
vn -0.907310 0.132602 -0.399005
vn -0.517904 0.783705 -0.342902
vn 0.147304 0.988926 -0.018100
vn 0.674779 0.611581 0.413087
vn 0.765681 -0.136897 0.628484
vn 0.445582 -0.800968 0.399884
vn 0.013101 -0.982042 -0.188208
vn -0.226605 -0.592012 -0.773416
vn -0.192796 0.132297 -0.972279
vn -0.015500 0.783412 -0.621310
vn 0.099501 0.988905 0.110301
vn 0.051299 0.611490 0.789587
vn -0.071102 -0.136904 0.988029
vn -0.069499 -0.801091 0.594494
vn 0.159998 -0.982290 -0.097499
vn 0.496377 -0.592072 -0.634870
vn 0.677580 0.132696 -0.723379
vn 0.496607 0.783311 -0.373905
vn 0.081800 0.994700 0.062300
vn 0.017501 0.979351 0.201410
vn -0.799003 0.424902 0.425502
vn -0.778408 0.519105 0.353003
vn -0.052998 -0.136895 -0.989167
vn -0.006700 -0.801013 -0.598610
vn -0.105905 0.916140 0.386617
vn 0.156003 0.931317 -0.329106
vn 0.474577 0.390681 -0.788762
vn 0.565212 -0.390409 -0.726716
vn 0.256507 -0.931025 -0.259607
vn -0.313808 -0.916524 0.248007
vn -0.787188 -0.375794 0.488993
vn -0.837710 0.375005 0.397005
vn -0.377703 0.916106 0.134501
vn 0.359311 0.931229 -0.060902
vn 0.918356 0.390281 -0.065597
vn 0.920234 -0.389615 0.037001
vn 0.360585 -0.931062 0.055698
vn -0.385094 -0.916286 -0.110098
vn -0.854482 -0.375192 -0.359293
vn -0.806527 0.374913 -0.457115
vn -0.327300 0.916199 -0.231200
vn 0.257093 0.931174 0.258493
vn 0.582193 0.390395 0.713192
vn 0.497008 -0.389907 0.775213
vn 0.160595 -0.931071 0.327590
vn -0.130303 -0.916421 -0.378409
vn -0.200812 -0.375623 -0.904755
vn -0.099095 0.375383 -0.921557
vn -0.004300 0.916415 -0.400207
vn -0.060402 0.931724 0.358109
vn -0.247107 0.390711 0.886726
vn -0.349314 -0.390115 0.851933
vn -0.175795 -0.931072 0.319690
vn 0.234303 -0.916512 -0.324204
vn 0.623761 -0.375776 -0.685357
vn 0.696829 0.375115 -0.611325
vn 0.325994 0.916184 -0.233096
vn -0.328494 0.931282 0.157497
vn -0.865179 0.390590 0.314492
vn -0.895730 -0.389813 0.213807
vn -0.362513 -0.930935 0.044102
vn 0.401279 -0.915951 0.003000
vn 0.919489 -0.375796 0.115399
vn 0.900905 0.375002 0.218501
vn 0.378308 0.916119 0.132703
vn -0.317807 0.931220 -0.178404
vn -0.754729 0.390415 -0.527220
vn -0.689871 -0.389884 -0.609974
vn -0.244207 -0.931026 -0.271208
vn 0.229197 -0.916489 0.327896
vn 0.441897 -0.375498 0.814695
vn 0.347382 0.375280 0.859355
vn 0.112795 0.916257 0.384382
vn -0.037199 0.931867 -0.360887
vn -0.000200 0.390211 -0.920726
vn 0.103200 -0.389800 -0.915099
vn 0.081202 -0.931024 -0.355809
vn -0.136405 -0.916436 0.376215
vn -0.412507 -0.375606 0.829914
vn -0.503509 0.375107 0.778314
vn -0.249904 0.916215 0.313205
vn 0.273002 0.931207 -0.241502
vn 0.745692 0.390596 -0.539794
vn 0.802646 -0.389722 -0.451526
vn 0.336113 -0.931237 -0.140806
vn -0.387199 -0.915998 0.105000
vn -0.916518 -0.375908 0.136703
vn -0.926373 0.375089 0.033799
vn -0.399709 0.916320 -0.024301
vn 0.354615 0.931240 0.083904
vn 0.870612 0.390605 0.299104
vn 0.830599 -0.389999 0.397500
vn 0.308894 -0.931081 0.194096
vn -0.309987 -0.916463 -0.252990
vn -0.647489 -0.375594 -0.663089
vn -0.569001 0.375301 -0.731701
vn -0.212787 0.915746 -0.340780
vn 0.134398 0.931285 0.338594
vn 0.252697 0.390395 0.885289
vn 0.148999 -0.390198 0.908595
vn 0.018100 -0.930909 0.364803
vn 0.027900 -0.916611 -0.398805
vn 0.167600 -0.375601 -0.911501
vn 0.269686 0.375180 -0.886854
vn 0.154393 0.916160 -0.369884
vn -0.196693 0.931265 0.306688
vn -0.571008 0.390706 0.722010
vn -0.652719 -0.390311 0.649319
vn -0.395482 -0.871760 0.289187
vn -0.290491 -0.894173 0.340690
vn 0.064998 0.984975 -0.159996
vn 0.216497 -0.416695 -0.882890
vn 0.108204 -0.904730 0.412014
vn -0.098702 -0.377306 0.920814
vn -0.010800 -0.665826 0.746029
vn -0.155898 0.050399 0.986487
vn -0.205501 0.361601 0.909403
vn -0.120097 0.733783 0.668685
vn -0.040701 0.896330 0.441515
vn 0.176207 0.983439 0.042402
vn 0.373509 0.914921 -0.153004
vn 0.584886 0.656984 -0.475689
vn 0.779184 0.387592 -0.492590
vn 0.803105 -0.054900 -0.593303
vn 0.834294 -0.375797 -0.403397
vn 0.599598 -0.737697 -0.310299
vn 0.411195 -0.911089 -0.028900
vn 0.017900 -0.991907 0.125701
vn -0.275201 -0.905002 0.324401
vn -0.617674 -0.665972 0.418282
vn -0.811109 -0.377804 0.446505
vn -0.897928 0.050702 0.437213
vn -0.862800 0.361600 0.353300
vn -0.616394 0.734093 0.284897
vn -0.383819 0.896644 0.220711
vn 0.066898 0.983567 0.167694
vn 0.342411 0.914829 0.214107
vn 0.727433 0.657229 0.197209
vn 0.855181 0.388791 0.342792
vn 0.951397 -0.055100 0.302999
vn 0.815103 -0.375901 0.440801
vn 0.601801 -0.738401 0.304301
vn 0.260386 -0.911952 0.317083
vn -0.091096 -0.992259 0.084397
vn -0.423086 -0.905271 -0.038499
vn -0.697334 -0.666032 -0.264813
vn -0.832155 -0.378079 -0.405678
vn -0.874590 0.050799 -0.482195
vn -0.786185 0.361693 -0.501090
vn -0.588066 0.734258 -0.339180
vn -0.401517 0.896639 -0.186608
vn -0.098803 0.983429 0.152004
vn 0.020901 0.914644 0.403719
vn 0.254897 0.656892 0.709592
vn 0.207710 0.388018 0.897941
vn 0.295186 -0.054997 0.953856
vn 0.104697 -0.375789 0.920772
vn 0.094497 -0.737976 0.668178
vn -0.108994 -0.911247 0.397177
vn -0.124894 -0.991853 -0.025099
vn -0.216190 -0.904757 -0.366983
vn -0.192592 -0.665773 -0.720871
vn -0.158300 -0.377201 -0.912502
vn -0.121096 0.050199 -0.991371
vn -0.050697 0.361377 -0.931041
vn -0.068599 0.733892 -0.675793
vn -0.079101 0.896412 -0.436106
vn -0.182497 0.983183 0.006800
vn -0.318394 0.914482 0.249695
vn -0.434392 0.656787 0.616388
vn -0.615389 0.387693 0.686288
vn -0.610790 -0.054899 0.789887
vn -0.692787 -0.375793 0.615488
vn -0.492285 -0.737778 0.461886
vn -0.387697 -0.911093 0.139999
vn -0.051598 -0.991862 -0.116396
vn 0.175695 -0.904977 -0.387490
vn 0.479197 -0.665896 -0.571797
vn 0.656880 -0.377688 -0.652580
vn 0.742988 0.050599 -0.667389
vn 0.732189 0.361594 -0.577191
vn 0.514170 0.733957 -0.443774
vn 0.309099 0.896396 -0.317699
vn -0.110504 0.983432 -0.143705
vn -0.387395 0.914888 -0.113599
vn -0.753691 0.657192 0.006900
vn -0.916246 0.388620 -0.097305
vn -0.997926 -0.055201 -0.033101
vn -0.903293 -0.376497 -0.205698
vn -0.662097 -0.738197 -0.129199
vn -0.337919 -0.911051 -0.236213
vn 0.064997 -0.991948 -0.108694
vn 0.417507 -0.905215 -0.079201
vn 0.743234 -0.666030 0.063303
vn 0.911489 -0.377995 0.162198
vn 0.973222 0.050701 0.224205
vn 0.893219 0.361608 0.267206
vn 0.658528 0.734131 0.165507
vn 0.437295 0.896590 0.069999
vn 0.053802 0.983433 -0.173106
vn -0.130298 0.914683 -0.382593
vn -0.439104 0.657006 -0.612806
vn -0.445791 0.388192 -0.806584
vn -0.545316 -0.055002 -0.836424
vn -0.353889 -0.375788 -0.856473
vn -0.274395 -0.738087 -0.616389
vn -0.004500 -0.911344 -0.411620
vn 0.126896 -0.991866 -0.010000
vn 0.308088 -0.904664 0.294388
vn 0.381811 -0.665819 0.641019
vn 0.399410 -0.377109 0.835620
vn 0.385103 0.050200 0.921507
vn 0.298308 0.361109 0.883523
vn 0.247896 0.734087 0.632189
vn 0.193104 0.896917 0.397808
vn 0.172408 0.983444 -0.055802
vn 0.237895 0.914379 -0.327593
vn 0.248994 0.656785 -0.711783
vn 0.403193 0.387793 -0.828886
vn 0.370417 -0.054902 -0.927242
vn 0.497286 -0.375789 -0.781978
vn 0.346495 -0.737888 -0.579191
vn 0.334505 -0.911215 -0.240404
vn 0.081199 -0.991888 0.097799
vn -0.063402 -0.904835 0.421016
vn -0.304989 -0.665876 0.680875
vn -0.453975 -0.377580 0.807056
vn -0.532698 0.050500 0.844797
vn -0.546509 0.361706 0.755312
vn -0.373490 0.733880 0.567385
vn -0.210211 0.896447 0.390120
vn 0.145398 0.983483 0.107798
vn 0.403611 0.914926 0.002900
vn 0.722872 0.657174 -0.213492
vn 0.908389 0.388695 -0.154098
vn 0.969562 -0.054998 -0.238591
vn 0.925375 -0.376490 -0.043999
vn 0.672769 -0.737966 -0.052798
vn 0.389189 -0.910974 0.136596
vn -0.033101 -0.991928 0.122403
vn -0.380016 -0.905338 0.189608
vn -0.732559 -0.665963 0.140892
vn -0.921044 -0.378018 0.093704
vn -0.997426 0.050701 0.050701
vn -0.932272 0.361589 -0.011000
vn -0.678741 0.734045 0.022101
vn -0.440015 0.896431 0.052902
vn -0.004300 0.983400 0.181400
vn 0.229703 0.914810 0.332204
vn 0.590095 0.656995 0.469196
vn 0.649115 0.388309 0.654115
vn 0.753102 -0.055000 0.655601
vn 0.574297 -0.375798 0.727296
vn 0.432209 -0.738216 0.517911
vn 0.116903 -0.911425 0.394511
vn -0.119396 -0.991863 0.044198
vn -0.376695 -0.904688 -0.199097
vn -0.542318 -0.665822 -0.512417
vn -0.608802 -0.377401 -0.697802
vn -0.618630 0.050802 -0.784038
vn -0.525511 0.361607 -0.770116
vn -0.407283 0.734369 -0.542977
vn -0.294991 0.896672 -0.330090
vn -0.151108 0.983354 0.100906
vn -0.140500 0.914502 0.379401
vn -0.046900 0.656802 0.752603
vn -0.163000 0.387601 0.907302
vn -0.104896 -0.054898 0.992967
vn -0.263601 -0.375601 0.888503
vn -0.175003 -0.737913 0.651811
vn -0.254998 -0.911293 0.323298
vn -0.105096 -0.991867 -0.071798
vn -0.054698 -0.904671 -0.422586
vn 0.105899 -0.665893 -0.738493
vn 0.215494 -0.377289 -0.900675
vn 0.280600 0.050400 -0.958501
vn 0.319601 0.361701 -0.875801
vn 0.204303 0.733809 -0.647908
vn 0.096397 0.896375 -0.432688
vn -0.169504 0.983423 -0.064402
vn -0.389891 0.914878 0.104798
vn -0.640263 0.656962 0.398077
vn 0.853121 -0.417010 -0.313508
vn 0.325309 -0.802222 -0.500614
vn -0.031601 0.424409 0.904919
vn 0.172098 -0.865892 -0.469695
vn -0.196497 -0.440494 0.875988
vn -0.253591 -0.812070 -0.525580
vn 0.427998 0.800996 -0.418598
vn 0.647975 0.181293 -0.739771
vn 0.648602 -0.548302 -0.527902
vn 0.314500 -0.948501 0.037900
vn -0.205696 -0.793185 0.573189
vn -0.586788 -0.182596 0.788884
vn -0.550057 0.531758 0.643949
vn -0.065903 0.941145 0.331516
vn 0.589100 0.800400 0.111000
vn 0.977659 0.180692 0.107395
vn 0.805126 -0.547817 0.227307
vn 0.152297 -0.948080 0.279194
vn -0.586823 -0.792030 0.168306
vn -0.983197 -0.181799 -0.016500
vn -0.843816 0.531210 -0.076101
vn -0.308490 0.941369 0.136596
vn 0.249389 0.800164 0.545475
vn 0.476401 0.180500 0.860501
vn 0.277802 -0.547704 0.789206
vn -0.141003 -0.947918 0.285605
vn -0.473817 -0.792629 -0.383714
vn -0.550320 -0.182207 -0.814830
vn -0.425705 0.531506 -0.732309
vn -0.291289 0.941065 -0.171894
vn -0.295788 0.801267 0.520078
vn -0.421694 0.181497 0.888388
vn -0.484389 -0.548088 0.681885
vn -0.315003 -0.947809 0.049300
vn 0.041400 -0.793006 -0.607805
vn 0.349416 -0.182408 -0.919041
vn 0.353192 0.531687 -0.769782
vn -0.027400 0.941105 -0.337002
vn -0.596676 0.800568 0.055398
vn -0.969358 0.180992 0.166093
vn -0.836484 -0.547989 0.001600
vn -0.222002 -0.948110 -0.227602
vn 0.518987 -0.791980 -0.321592
vn 0.951473 -0.181795 -0.248293
vn 0.832665 0.531878 -0.154193
vn 0.259215 0.941354 -0.216012
vn -0.388909 0.800218 -0.456510
vn -0.693177 0.180594 -0.697776
vn -0.482408 -0.547809 -0.683511
vn 0.057897 -0.947958 -0.313086
vn 0.560893 -0.792490 0.239497
vn 0.752963 -0.182091 0.632369
vn 0.610498 0.531498 0.587198
vn 0.327506 0.940918 0.086102
vn 0.144096 0.801276 -0.580683
vn 0.168598 0.181198 -0.968887
vn 0.283092 -0.547484 -0.787477
vn 0.289793 -0.947677 -0.133897
vn 0.127300 -0.792903 0.595902
vn -0.083797 -0.182294 0.979667
vn -0.129198 0.531593 0.837088
vn 0.118203 0.941028 0.317009
vn 0.558710 0.800714 -0.216104
vn 0.886797 0.181099 -0.425199
vn 0.803797 -0.548098 -0.231299
vn 0.275705 -0.948218 0.157703
vn -0.412705 -0.792110 0.449706
vn -0.849582 -0.182196 0.494990
vn -0.760219 0.531913 0.373009
vn -0.190609 0.941446 0.278114
vn 0.499214 0.800223 0.332309
vn 0.858494 0.180799 0.479896
vn 0.651604 -0.548004 0.524503
vn 0.029699 -0.948065 0.316688
vn -0.605128 -0.792337 -0.077604
vn -0.896825 -0.182005 -0.403211
vn -0.747545 0.531561 -0.398271
vn -0.338393 0.940982 0.006600
vn 0.016300 0.800889 0.598591
vn 0.099101 0.180301 0.978606
vn -0.056902 -0.547717 0.834726
vn -0.242507 -0.947829 0.206906
vn -0.284417 -0.792948 -0.538833
vn -0.188000 -0.182300 -0.965102
vn -0.106602 0.531511 -0.840317
vn -0.200802 0.940910 -0.272703
vn -0.477895 0.800991 0.360596
vn -0.736776 0.181294 0.651379
vn -0.710415 -0.548311 0.441209
vn -0.307501 -0.948403 -0.077300
vn -0.253312 0.967244 0.016501
vn 0.956173 0.013500 0.292492
vn 0.546090 -0.801285 0.244395
vn 0.336186 -0.938659 0.076797
vn -0.244794 -0.929879 -0.274594
vn -0.776882 -0.471689 -0.417090
vn -0.401906 -0.860813 -0.312205
vn 0.145399 -0.989292 -0.012700
vn -0.151494 -0.947560 -0.281388
vn -0.679705 -0.431403 -0.593205
vn -0.812771 -0.370387 -0.449684
vn -0.396213 -0.895729 -0.201706
vn 0.260203 -0.929411 0.261703
vn -0.025601 -0.947740 0.318014
vn 0.449678 -0.435079 0.780062
vn 0.110199 -0.455297 0.883494
vn 0.319815 0.452322 0.832540
vn -0.048499 0.453992 0.889685
vn 0.124700 0.944700 0.303300
vn -0.178494 0.936870 0.300690
vn 0.270600 0.920002 -0.283500
vn -0.020801 0.951736 -0.306212
vn 0.490114 0.424112 -0.761522
vn 0.176203 0.459708 -0.870414
vn 0.524024 -0.396018 -0.754035
vn 0.219295 -0.444389 -0.868578
vn 0.303294 -0.911384 -0.278195
vn 0.016300 -0.951018 -0.308706
vn -0.029601 -0.950826 0.308308
vn -0.311716 -0.909445 0.275214
vn -0.326005 -0.440607 0.836413
vn -0.587930 -0.390820 0.708236
vn -0.328707 0.450210 0.830218
vn -0.586106 0.404904 0.701807
vn -0.037902 0.950949 0.307016
vn -0.308010 0.913029 0.267409
vn 0.301593 0.914380 -0.270094
vn 0.029399 0.950968 -0.307890
vn 0.558467 0.408876 -0.721758
vn 0.286309 0.451615 -0.845027
vn 0.540781 -0.403486 -0.738075
vn 0.255694 -0.448590 -0.856381
vn 0.281911 -0.916037 -0.285311
vn -0.008400 -0.951159 -0.308587
vn 0.038900 -0.950494 0.308298
vn -0.257804 -0.921616 0.290105
vn -0.085000 -0.453298 0.887297
vn -0.426794 -0.412895 0.804590
vn -0.052100 0.459400 0.886700
vn -0.397899 0.436199 0.807098
vn 0.066103 0.949537 0.306612
vn -0.229193 0.928773 0.291292
vn 0.170896 0.938381 -0.300394
vn -0.130903 0.943923 -0.303107
vn 0.244206 0.450511 -0.858722
vn -0.128795 0.452983 -0.882167
vn 0.246306 -0.437910 -0.864620
vn -0.128495 -0.458284 -0.879469
vn 0.175198 -0.934787 -0.308996
vn -0.129899 -0.946190 -0.296397
vn 0.136796 -0.945470 0.295591
vn -0.170094 -0.935666 0.309189
vn 0.138303 -0.458011 0.878122
vn -0.241401 -0.438302 0.865804
vn 0.139202 0.453905 0.880110
vn -0.238697 0.450094 0.860488
vn -0.012199 0.898462 0.438881
vn -0.204590 0.889359 0.408881
vn -0.740694 0.651895 0.162499
vn -0.896742 -0.206510 0.391418
vn -0.718218 0.566014 0.404710
vn -0.783375 0.351689 -0.512483
vn -0.872309 0.306203 -0.381204
vn -0.730595 -0.201199 -0.652495
vn -0.811018 -0.570913 -0.127703
vn -0.893931 -0.313611 0.320211
vn -0.534306 0.066001 -0.842710
vn -0.763968 -0.600275 -0.236690
vn -0.299104 -0.954213 0.003800
vn 0.939125 0.207806 0.273607
vn 0.966704 -0.120401 0.225801
vn -0.361999 0.658199 -0.660099
vn 0.124401 0.980905 -0.149501
vn -0.020299 0.997472 0.068098
vn -0.573714 0.722017 -0.386709
vn -0.303684 -0.191890 -0.933249
vn -0.670265 0.023099 -0.741762
vn 0.029099 -0.840783 -0.540589
vn -0.430390 -0.696884 -0.573687
vn 0.141003 -0.987524 0.070102
vn -0.258312 -0.965245 -0.039702
vn 0.164603 -0.698711 0.696211
vn -0.270288 -0.795265 0.542676
vn 0.032400 0.149798 0.988186
vn -0.461787 -0.089397 0.882474
vn 0.012900 0.845775 0.533384
vn -0.430189 0.683182 0.590085
vn 0.256294 0.964478 -0.063999
vn -0.177899 0.982996 0.045500
vn 0.527005 0.641707 -0.557206
vn 0.113402 0.828218 -0.548812
vn 0.653765 -0.073096 -0.753159
vn 0.310409 0.113303 -0.943827
vn 0.474287 -0.756679 -0.449988
vn 0.187910 -0.719640 -0.668437
vn 0.148497 -0.983482 0.103498
vn -0.136598 -0.988086 -0.070899
vn -0.154508 -0.685137 0.711839
vn -0.458410 -0.749116 0.478210
vn -0.256889 0.173393 0.950759
vn -0.630484 -0.059998 0.773880
vn -0.068298 0.847375 0.526584
vn -0.493909 0.668012 0.556610
vn 0.219903 0.973314 -0.065601
vn -0.209900 0.976799 0.042500
vn 0.481489 0.652386 -0.585287
vn 0.054001 0.829016 -0.556611
vn 0.572020 -0.088703 -0.815429
vn 0.162894 0.104796 -0.981062
vn 0.392493 -0.784085 -0.480791
vn 0.032799 -0.731669 -0.680871
vn 0.186300 -0.978297 0.090700
vn -0.162496 -0.984877 -0.060099
vn 0.098002 -0.696516 0.710817
vn -0.314493 -0.786182 0.531988
vn 0.140597 0.135297 0.980779
vn -0.351987 -0.064698 0.933766
vn 0.193701 0.830406 0.522404
vn -0.251699 0.714496 0.652796
vn 0.215007 0.972530 -0.089203
vn -0.182094 0.981369 0.061298
vn 0.289684 0.682563 -0.670963
vn -0.162899 0.819997 -0.548698
vn 0.327097 -0.107199 -0.938891
vn -0.183201 0.091501 -0.978808
vn 0.258299 -0.810897 -0.525098
vn -0.172001 -0.728406 -0.663205
vn 0.207288 -0.975245 0.076996
vn -0.176897 -0.982984 -0.049499
vn -0.367405 -0.802211 0.470607
vn -0.524401 -0.803101 0.282900
vn -0.956366 -0.207793 0.205393
vn -0.501097 0.803095 -0.322398
vn -0.580514 0.781119 -0.229906
vn -0.619886 -0.777783 -0.103898
vn -0.973970 -0.058898 -0.218893
vn -0.488486 -0.492085 0.720579
vn 0.115403 0.991425 -0.061302
vn -0.067199 0.985986 -0.152698
vn 0.898367 0.064498 0.434484
vn 0.949911 -0.138402 0.280203
vn -0.447118 0.830733 -0.331613
vn 0.701819 0.668418 0.246307
vn 0.632200 0.638300 0.439200
vn 0.207602 0.942111 0.263303
vn -0.418191 0.899081 -0.129497
vn 0.538604 -0.200701 0.818306
vn 0.272487 -0.853860 0.443479
vn 0.496294 -0.572893 0.652292
vn 0.433689 0.257193 0.863577
vn 0.254900 0.675601 0.691801
vn -0.003400 0.844208 0.536005
vn -0.171297 0.976283 0.132398
vn -0.353812 0.930231 -0.097403
vn -0.214599 0.840797 -0.496998
vn -0.428185 0.619879 -0.657577
vn -0.196794 0.177895 -0.964171
vn -0.320300 -0.207100 -0.924401
vn -0.140896 -0.664283 -0.734082
vn -0.255707 -0.856522 -0.448312
vn -0.185996 -0.974580 -0.124897
vn -0.366400 -0.920700 0.134400
vn -0.452090 -0.781982 0.429090
vn -0.599004 -0.545704 0.586004
vn -0.652421 -0.117304 0.748724
vn -0.703857 0.117493 0.700557
vn -0.556421 0.607823 0.566521
vn -0.524390 0.754685 0.394292
vn -0.265996 0.960386 0.083099
vn -0.209003 0.966014 -0.152102
vn 0.061002 0.864328 -0.499216
vn 0.095806 0.637043 -0.764851
vn 0.252893 0.211594 -0.944073
vn 0.135100 -0.249900 -0.958800
vn 0.138703 -0.660712 -0.737713
vn -0.090598 -0.863476 -0.496186
vn -0.152902 -0.979812 -0.128802
vn -0.373994 -0.920485 0.113298
vn -0.430601 -0.786003 0.443601
vn -0.603691 -0.551591 0.575591
vn -0.600780 -0.121196 0.790174
vn -0.663984 0.126997 0.736883
vn -0.497500 0.623800 0.602800
vn -0.479512 0.775119 0.411410
vn -0.273892 0.956672 0.098797
vn -0.252702 0.955306 -0.153401
vn -0.102602 0.857113 -0.504807
vn -0.159801 0.633805 -0.756806
vn -0.071199 0.190096 -0.979180
vn -0.187705 -0.220205 -0.957223
vn -0.150102 -0.671210 -0.725911
vn -0.272301 -0.837304 -0.474102
vn -0.222495 -0.969078 -0.106698
vn -0.316383 -0.936049 0.153992
vn -0.274004 -0.825812 0.492907
vn -0.399119 -0.591928 0.700233
vn -0.347785 -0.148994 0.925660
vn -0.444895 0.168498 0.879589
vn -0.312194 0.652187 0.690787
vn -0.359595 0.812188 0.459393
vn -0.235302 0.964708 0.118201
vn -0.295106 0.946218 -0.132603
vn -0.213105 0.846019 -0.488711
vn -0.321192 0.618685 -0.716983
vn -0.193307 0.302211 -0.933435
vn -0.347978 -0.190988 -0.917842
vn -0.767331 0.199508 -0.609425
vn 0.736113 0.524109 0.428308
vn -0.775221 0.384210 -0.501413
vn -0.487469 -0.632659 -0.601761
vn -0.701397 -0.356698 -0.617097
vn 0.054602 -0.994139 -0.093304
vn -0.317915 -0.914644 -0.249712
vn 0.302896 -0.823089 0.480394
vn -0.188100 -0.909098 0.371699
vn 0.221997 -0.153498 0.962889
vn -0.344292 -0.417791 0.840782
vn 0.030701 0.674414 0.737715
vn -0.440898 0.393098 0.806897
vn 0.078397 0.988567 0.128796
vn -0.325306 0.903016 0.280605
vn 0.325986 0.813165 -0.482179
vn -0.055597 0.945553 -0.320684
vn 0.542700 0.110700 -0.832600
vn 0.222304 0.415908 -0.881817
vn 0.459886 -0.623581 -0.632181
vn 0.200497 -0.475994 -0.856289
vn 0.175807 -0.979136 -0.101904
vn -0.060900 -0.945695 -0.319298
vn -0.155708 -0.838844 0.521628
vn -0.388490 -0.877179 0.282193
vn -0.385209 -0.189704 0.903120
vn -0.622494 -0.396596 0.674694
vn -0.285406 0.657915 0.696916
vn -0.621829 0.351516 0.699832
vn 0.046199 0.992679 0.111598
vn -0.353801 0.896103 0.268001
vn 0.375998 0.798696 -0.469798
vn -0.046902 0.941436 -0.333913
vn 0.526982 0.112696 -0.842371
vn 0.134705 0.422215 -0.896431
vn 0.403390 -0.631184 -0.662483
vn 0.066499 -0.467693 -0.881386
vn 0.166295 -0.978870 -0.118996
vn -0.128504 -0.937630 -0.323011
vn -0.011000 -0.853230 0.521418
vn -0.299706 -0.898118 0.321807
vn -0.098300 -0.178600 0.978999
vn -0.440710 -0.416609 0.795117
vn -0.058601 0.680707 0.730208
vn -0.395201 0.415402 0.819303
vn 0.092198 0.990676 0.100298
vn -0.243101 0.922605 0.299502
vn 0.174909 0.838341 -0.516325
vn -0.187607 0.927335 -0.323812
vn 0.213501 0.149701 -0.965405
vn -0.206599 0.432799 -0.877498
vn 0.158793 -0.663570 -0.731067
vn -0.236295 -0.450990 -0.860681
vn 0.118598 -0.985481 -0.121498
vn -0.214704 -0.932318 -0.291006
vn 0.118006 -0.847246 0.517928
vn -0.232201 -0.911605 0.339202
vn 0.103401 -0.168202 0.980314
vn -0.245999 0.499097 0.830895
vn -0.052699 -0.983176 0.174896
vn 0.836600 -0.295000 0.461600
vn 0.733686 0.394992 0.552889
vn 0.832002 0.489701 0.260701
vn 0.467126 0.884049 0.015801
vn 0.004200 -0.992933 0.118604
vn 0.301514 -0.644730 0.702433
vn 0.171897 0.173697 0.969681
vn -0.076197 0.827966 0.555577
vn -0.093401 0.989905 -0.106601
vn 0.081499 0.689595 -0.719595
vn 0.225202 -0.184901 -0.956606
vn 0.089701 -0.851209 -0.517105
vn -0.175601 -0.978308 0.109901
vn -0.468706 -0.619807 0.629408
vn -0.593633 0.102006 0.798245
vn -0.396527 0.793454 0.461732
vn -0.038498 0.992758 -0.113795
vn 0.274202 0.657804 -0.701504
vn 0.339408 -0.187205 -0.921822
vn 0.111895 -0.838063 -0.533976
vn -0.159497 -0.981085 0.109698
vn -0.381712 -0.639620 0.667220
vn -0.436612 0.125703 0.890825
vn -0.265706 0.825219 0.498411
vn -0.077001 0.990318 -0.115502
vn -0.012899 0.668870 -0.743267
vn -0.094703 -0.166805 -0.981431
vn -0.112197 -0.846775 -0.519985
vn -0.114599 -0.986089 0.120399
vn -0.155702 -0.664807 0.730608
vn -0.209512 0.149208 0.966355
vn -0.170497 0.838284 0.517890
vn -0.135296 0.989170 -0.056898
vn -0.715399 0.648099 -0.261099
vn 0.294817 0.912151 0.284716
vn -0.126404 0.956532 -0.262809
vn -0.261589 0.453382 -0.852066
vn -0.098904 -0.469018 -0.877633
vn 0.024901 -0.947122 -0.319907
vn -0.073399 -0.933684 0.350494
vn -0.301314 -0.439420 0.846239
vn -0.375385 0.410384 0.831067
vn -0.165608 0.938647 0.302515
vn 0.181000 0.937502 -0.297201
vn 0.472984 0.395586 -0.787273
vn 0.451018 -0.429217 -0.782531
vn 0.176093 -0.930362 -0.321587
vn -0.152994 -0.935261 0.319187
vn -0.402000 -0.436500 0.804900
vn -0.398508 0.411608 0.819616
vn -0.137105 0.942331 0.305310
vn 0.139194 0.940760 -0.309187
vn 0.282206 0.424109 -0.860518
vn 0.213006 -0.444813 -0.869925
vn 0.067802 -0.940234 -0.333712
vn -0.015500 -0.950383 0.310695
vn -0.023199 -0.450690 0.892379
vn -0.066899 0.445692 0.892683
vn -0.029299 0.947674 0.317891
vn 0.040100 0.947409 -0.317503
vn 0.079496 0.445278 -0.891856
vn 0.035802 -0.449725 -0.892449
vn -0.233097 -0.909389 -0.344496
vn 0.087699 0.991085 0.100298
vn -0.864753 -0.271117 -0.422726
vn -0.603523 -0.730528 -0.319512
vn 0.486883 -0.851970 0.192593
vn 0.771078 -0.316891 0.552284
vn -0.911418 -0.055601 -0.407708
vn 0.681294 -0.624494 0.381897
vn 0.800002 0.040900 0.598602
vn 0.632624 0.387015 0.670825
vn 0.530691 0.736587 0.419293
vn 0.329095 0.893788 0.304696
vn 0.175594 0.982565 -0.061098
vn 0.223594 0.934376 -0.277393
vn 0.211002 0.734206 -0.645306
vn 0.378111 0.414812 -0.827625
vn 0.332292 -0.045499 -0.942078
vn 0.468400 -0.424600 -0.774800
vn 0.283905 -0.777314 -0.561410
vn 0.339315 -0.889540 -0.305914
vn 0.143704 -0.988528 0.046501
vn 0.081302 -0.940119 0.331007
vn -0.142405 -0.740828 0.656425
vn -0.180300 -0.472300 0.862800
vn -0.304400 0.087700 0.948499
vn -0.243188 0.410880 0.878657
vn -0.141599 0.814792 0.562195
vn 0.014300 0.944604 0.327901
vn 0.180096 0.983378 -0.023099
vn 0.367192 0.891480 -0.265394
vn 0.497305 0.682506 -0.535605
vn 0.628612 0.347807 -0.695613
vn 0.633591 -0.034700 -0.772889
vn 0.610008 -0.397105 -0.685709
vn 0.452599 -0.739898 -0.497699
vn 0.376908 -0.878518 -0.293506
vn 0.144403 -0.988120 0.052601
vn 0.100798 -0.945282 0.310294
vn -0.111299 -0.738596 0.664897
vn -0.092401 -0.472805 0.876309
vn -0.208702 0.086901 0.974111
vn -0.104699 0.427594 0.897887
vn -0.066199 0.817585 0.571990
vn 0.102102 0.941421 0.321407
vn 0.155006 0.987335 -0.033801
vn 0.294495 0.911383 -0.287495
vn 0.350782 0.715663 -0.603969
vn 0.445222 0.396519 -0.802839
vn 0.426392 -0.045699 -0.903383
vn 0.353698 -0.413298 -0.839096
vn 0.288302 -0.782204 -0.552303
vn 0.231300 -0.912799 -0.336599
vn 0.164506 -0.985733 0.035601
vn 0.213695 -0.932179 0.292193
vn 0.157804 -0.743618 0.649716
vn 0.236506 -0.450611 0.860822
vn 0.165700 0.065500 0.983999
vn 0.207811 0.432122 0.877545
vn 0.148798 0.809190 0.568393
vn 0.189793 0.927664 0.321587
vn 0.169093 0.984559 -0.045298
vn 0.243490 0.921363 -0.302988
vn 0.235300 0.731199 -0.640299
vn 0.173307 0.570322 -0.802931
vn 0.259185 0.147192 -0.954546
vn -0.871204 0.395302 -0.291101
vn -0.498922 0.864339 -0.063203
vn 0.756068 -0.514778 0.404183
vn 0.838117 0.450009 0.308306
vn -0.841676 -0.507886 -0.183395
vn -0.039000 0.883502 -0.466801
vn -0.146293 0.277387 -0.949555
vn 0.127992 -0.627463 -0.768055
vn 0.279406 -0.949222 -0.144603
vn 0.290109 -0.844426 0.450314
vn 0.156403 -0.233004 0.959816
vn 0.056700 0.627305 0.776707
vn 0.225101 0.960004 0.166501
vn 0.514104 0.765306 -0.387303
vn 0.717126 0.127805 -0.685125
vn 0.644272 -0.532277 -0.549176
vn 0.386803 -0.914607 -0.117801
vn 0.088698 -0.872283 0.480890
vn -0.113805 -0.265611 0.957340
vn -0.051698 0.629877 0.774972
vn 0.220799 0.962698 0.156400
vn 0.481506 0.778809 -0.402005
vn 0.640905 0.143401 -0.754106
vn 0.538372 -0.552672 -0.636167
vn 0.346604 -0.925712 -0.151402
vn 0.243609 -0.856831 0.454417
vn 0.299304 -0.227203 0.926712
vn 0.322812 0.608023 0.725328
vn 0.294889 0.944665 0.143695
vn 0.355898 0.819596 -0.448998
vn 0.442388 0.182895 -0.877976
vn 0.399086 -0.582180 -0.708376
vn 0.316706 -0.933418 -0.168603
vn -0.169294 -0.890467 0.422384
vn -0.890858 0.311585 -0.330584
vn -0.806250 -0.480830 -0.344621
vn 0.296594 -0.028399 0.954581
vn 0.016600 -0.858476 0.512586
vn 0.145302 -0.885215 0.441907
vn 0.203701 -0.910403 -0.360101
vn 0.162003 -0.491608 -0.855615
vn 0.202792 -0.842966 -0.498280
vn 0.119603 -0.991224 0.056301
vn 0.203905 -0.918421 -0.339008
vn 0.256899 -0.380699 -0.888297
vn -0.014599 -0.379285 -0.925164
vn -0.051800 -0.914304 -0.401702
vn -0.037198 -0.919262 0.391884
vn -0.271213 -0.912645 0.305815
vn -0.313687 -0.382984 0.868863
vn -0.528398 -0.375998 0.761197
vn -0.386972 0.375573 0.842139
vn -0.588595 0.383097 0.711894
vn -0.123805 0.911934 0.391215
vn -0.315882 0.919748 0.232987
vn 0.378312 0.913229 -0.151305
vn 0.196602 0.919311 -0.340904
vn 0.809373 0.378587 -0.448985
vn 0.641764 0.381179 -0.665463
vn 0.844032 -0.380514 -0.377914
vn 0.696318 -0.379310 -0.609316
vn 0.390103 -0.918308 -0.067301
vn 0.269598 -0.914393 -0.301998
vn -0.318699 -0.918899 0.232500
vn -0.407910 -0.913022 -0.000400
vn -0.858993 -0.382797 0.339997
vn -0.920065 -0.376586 0.107996
vn -0.889996 0.376299 0.257499
vn -0.923614 0.382806 0.019900
vn -0.377588 0.912671 0.156395
vn -0.382913 0.919131 -0.092603
vn 0.363414 0.913736 0.181707
vn 0.386316 0.918838 -0.080603
vn 0.874183 0.378992 0.303594
vn 0.924087 0.380694 0.033700
vn 0.844247 -0.380921 0.377021
vn 0.918500 -0.378900 0.113100
vn 0.308594 -0.918781 0.246195
vn 0.405822 -0.913950 0.001700
vn -0.382604 -0.919310 -0.092101
vn -0.264599 -0.912596 -0.311699
vn -0.815986 -0.382993 -0.432993
vn -0.679194 -0.375897 -0.630394
vn -0.779315 0.375707 -0.501510
vn -0.622023 0.383014 -0.682925
vn -0.369899 0.911998 -0.177300
vn -0.186397 0.919685 -0.345594
vn 0.101697 0.913773 0.393289
vn 0.314314 0.918842 0.238611
vn 0.334908 0.379109 0.862620
vn 0.572306 0.380904 0.726208
vn 0.254410 -0.380415 0.889135
vn 0.504420 -0.379415 0.775631
vn 0.011300 -0.918220 0.395909
vn 0.260590 -0.914466 0.309588
vn -0.185407 -0.918935 -0.348113
vn 0.057799 -0.912979 -0.403891
vn -0.219305 -0.382809 -0.897420
vn 0.019000 -0.376593 -0.926184
vn -0.134296 0.376390 -0.916676
vn 0.105894 0.382779 -0.917751
vn -0.102800 0.912696 -0.395498
vn 0.144602 0.919111 -0.366504
vn -0.231498 0.913594 0.334298
vn 0.025199 0.918946 0.393577
vn -0.424910 0.378909 0.822119
vn -0.164696 0.380790 0.909876
vn -0.491391 -0.380993 0.783185
vn -0.240296 -0.378693 0.893784
vn -0.285393 -0.918976 0.272093
vn -0.056899 -0.913785 0.402193
vn 0.145099 -0.919394 -0.365598
vn 0.345907 -0.912519 -0.218305
vn 0.543294 -0.382996 -0.747092
vn 0.719514 -0.375807 -0.584011
vn 0.605830 0.375819 -0.701235
vn 0.763492 0.382996 -0.519994
vn 0.227291 0.912065 -0.341287
vn 0.368504 0.919609 -0.136101
vn -0.402717 0.914039 0.048502
vn -0.278508 0.918527 0.280608
vn -0.900020 0.379409 0.214505
vn -0.797219 0.380709 0.468511
vn -0.916016 -0.380307 0.127602
vn -0.838540 -0.379518 0.390919
vn -0.393793 -0.918083 -0.045299
vn -0.343297 -0.914593 0.213698
vn 0.370402 -0.918906 -0.135701
vn 0.391915 -0.913035 0.113004
vn 0.919031 -0.382813 -0.094003
vn 0.914785 -0.376594 0.146098
vn 0.926503 0.376201 -0.008000
vn 0.894775 0.382789 0.229893
vn 0.406204 0.912510 -0.048201
vn 0.343289 0.919271 0.192594
vn -0.298205 0.913514 -0.276704
vn -0.392886 0.919068 -0.030899
vn -0.753438 0.378819 -0.537427
vn -0.877198 0.380899 -0.292299
vn -0.705521 -0.380911 -0.597618
vn -0.850561 -0.378883 -0.364683
vn -0.228898 -0.918793 -0.321598
vn -0.389591 -0.913980 -0.113398
vn 0.341207 -0.919518 0.195104
vn 0.167497 -0.912385 0.373494
vn 0.663406 -0.383004 0.642806
vn 0.477329 -0.375723 0.794348
vn 0.609080 0.375888 0.698377
vn 0.407586 0.382987 0.828972
vn 0.305904 0.912111 0.272903
vn 0.082897 0.919568 0.384087
vn 0.008900 0.913969 -0.405686
vn -0.238500 0.918602 -0.315101
vn -0.090503 0.379313 -0.920832
vn -0.356226 0.380627 -0.853361
vn -0.002200 -0.380286 -0.924866
vn -0.273304 -0.379706 -0.883814
vn 0.100701 -0.917908 -0.383803
vn -0.162590 -0.914743 -0.369877
vn 0.083204 -0.918941 0.385517
vn -0.166004 -0.913020 0.372608
vn -0.035900 -0.382897 0.923093
vn -0.272995 -0.376493 0.885284
vn -0.120203 0.375911 0.918827
vn -0.351208 0.382909 0.854420
vn -0.079296 0.859659 0.504676
vn -0.367092 0.817383 0.443991
vn -0.111395 0.988953 0.097795
vn -0.122797 -0.150997 0.980878
vn -0.151699 -0.719995 0.677196
vn -0.428107 -0.506708 0.748312
vn 0.177592 0.379084 -0.908161
vn -0.096301 0.380604 -0.919710
vn 0.617721 -0.447115 -0.646922
vn 0.479094 0.054199 -0.876089
vn 0.257599 -0.164799 -0.952095
vn -0.183802 -0.680307 -0.709507
vn -0.214309 -0.964340 -0.155306
vn 0.288903 0.303103 0.908110
vn 0.353698 -0.170999 0.919596
vn 0.396100 0.607400 -0.688600
vn 0.223902 0.971206 -0.081401
vn -0.136896 0.989074 0.054699
vn 0.027801 0.752131 -0.658427
vn 0.527793 -0.110999 -0.842089
vn 0.200509 0.077204 -0.976645
vn 0.430275 -0.769055 -0.472672
vn 0.179392 -0.639970 -0.747166
vn 0.074201 -0.982016 0.173603
vn -0.110299 -0.980887 -0.160298
vn -0.356702 -0.619804 0.699004
vn -0.532502 -0.747603 0.396902
vn -0.570121 0.108004 0.814430
vn -0.804145 -0.073004 0.589933
vn -0.357913 0.768129 0.530920
vn -0.671397 0.647397 0.360698
vn 0.205909 0.971943 0.113705
vn -0.133801 0.988411 -0.071701
vn 0.778294 0.607696 -0.157999
vn 0.511900 0.751600 -0.416000
vn 0.979982 -0.111698 -0.164797
vn 0.863181 0.076998 -0.498989
vn 0.637997 -0.769997 0.008000
vn 0.678620 -0.639419 -0.361411
vn -0.083103 -0.983235 0.162306
vn 0.048300 -0.979792 -0.194098
vn -0.764098 -0.619999 0.178200
vn -0.648204 -0.746405 -0.150701
vn -0.989001 0.107400 0.101700
vn -0.972548 -0.072296 -0.221188
vn -0.636008 0.767009 0.084801
vn -0.715434 0.647731 -0.261913
vn 0.050199 0.971778 0.230495
vn -0.034499 0.988758 -0.145494
vn 0.627080 0.607480 0.487584
vn 0.648225 0.752029 0.119405
vn 0.759262 -0.110894 0.641268
vn 0.938473 0.077298 0.336590
vn 0.407393 -0.768887 0.492792
vn 0.714196 -0.640096 0.283198
vn -0.182301 -0.982006 0.049300
vn 0.174004 -0.980921 -0.086702
vn -0.642121 -0.619820 -0.451115
vn -0.318396 -0.747491 -0.582993
vn -0.730282 0.107197 -0.674683
vn -0.476989 -0.072898 -0.875881
vn -0.479972 0.767755 -0.424475
vn -0.268893 0.647684 -0.712883
vn -0.141696 0.971876 0.188095
vn 0.089601 0.988415 -0.122502
vn 0.046000 0.607605 0.792906
vn 0.339021 0.751746 0.565635
vn 0.024601 -0.111605 0.993448
vn 0.372012 0.077002 0.925029
vn -0.096901 -0.770110 0.630508
vn 0.263595 -0.639389 0.722288
vn -0.148203 -0.983420 -0.104502
vn 0.186698 -0.979589 0.074499
vn -0.070900 -0.619996 -0.781395
vn 0.238702 -0.746407 -0.621206
vn 0.037400 0.107599 -0.993491
vn 0.354783 -0.072197 -0.932157
vn 0.005900 0.767191 -0.641392
vn 0.360590 0.647682 -0.671181
vn -0.233591 0.972165 0.018199
vn 0.150503 0.988521 -0.013200
vn -0.567884 0.607683 0.555184
vn -0.206205 0.751719 0.626416
vn -0.739640 -0.110706 0.663836
vn -0.463197 0.077100 0.882895
vn -0.545298 -0.768697 0.334299
vn -0.380796 -0.640193 0.667193
vn -0.023500 -0.982021 -0.187304
vn 0.061597 -0.980958 0.184192
vn 0.536709 -0.619911 -0.572410
vn 0.622104 -0.747304 -0.233501
vn 0.768495 0.106699 -0.630896
vn 0.932821 -0.072802 -0.352908
vn 0.485498 0.767398 -0.418799
vn 0.742457 0.647862 -0.170390
vn -0.166804 0.971623 -0.167704
vn 0.108398 0.988579 0.104698
vn -0.791514 0.607511 -0.066601
vn -0.607799 0.751899 0.255400
vn -0.987145 -0.111605 -0.114405
vn -0.967957 0.077097 0.238989
vn -0.611104 -0.770105 -0.183001
vn -0.751712 -0.639410 0.161503
vn 0.124003 -0.983328 -0.133004
vn -0.099404 -0.979643 0.174408
vn 0.783545 -0.620135 0.038602
vn 0.581801 -0.746401 0.323100
vn 0.978244 0.107705 0.177308
vn 0.872695 -0.072200 0.482897
vn 0.633880 0.767376 0.096597
vn 0.613325 0.647627 0.452119
vn 0.014801 0.972145 -0.233911
vn -0.008100 0.988486 0.151098
vn -0.475576 0.607969 -0.635768
vn -0.594899 0.751199 -0.286000
vn -0.559583 -0.110497 -0.821375
vn -0.812874 0.076598 -0.577381
vn -0.254602 -0.768507 -0.587005
vn -0.606964 -0.640362 -0.470672
vn 0.188494 -0.982070 0.002900
vn -0.190992 -0.980957 0.035298
vn 0.491024 -0.619931 0.612030
vn 0.143503 -0.747118 0.649016
vn 0.516193 0.106798 0.849788
vn 0.217701 -0.072700 0.973304
vn 0.346997 0.767092 0.539595
vn 0.065799 0.647889 0.758887
vn 0.191194 0.971169 -0.142395
vn -0.116203 0.988927 0.092303
vn 0.175997 0.607489 -0.774586
vn -0.168302 0.752007 -0.637306
vn 0.249696 -0.111498 -0.961884
vn -0.102900 0.077100 -0.991699
vn 0.266199 -0.769897 -0.579998
vn -0.055400 -0.639496 -0.766795
vn 0.117098 -0.982887 0.142198
vn -0.156908 -0.980048 -0.122006
vn -0.381101 -0.853702 0.354901
vn 0.176594 0.812971 -0.554880
vn -0.118693 0.862653 -0.491673
vn -0.294593 -0.863679 -0.408990
vn -0.387713 -0.118504 -0.914131
vn 0.098800 0.995104 -0.002500
vn 0.179506 0.978630 0.100303
vn -0.070102 0.042501 0.996634
vn 0.185202 -0.215803 0.958712
vn 0.131992 0.799953 -0.585366
vn 0.172096 0.766881 0.618285
vn -0.159806 0.647724 0.744927
vn -0.192896 0.906281 0.376092
vn -0.136894 0.911060 -0.388883
vn -0.432111 -0.142304 0.890522
vn -0.291690 -0.786973 0.543682
vn -0.371198 -0.542498 0.753597
vn -0.488812 0.168704 0.855921
vn -0.445792 0.589989 0.673188
vn -0.444820 0.784535 0.432019
vn -0.217407 0.974929 0.047401
vn -0.176401 0.949304 -0.260201
vn 0.162002 0.788507 -0.593306
vn 0.178206 0.556917 -0.811225
vn 0.445112 0.145804 -0.883525
vn 0.358794 -0.167397 -0.918284
vn 0.400310 -0.577614 -0.711417
vn 0.176208 -0.793335 -0.582726
vn -0.022300 -0.964209 -0.264203
vn -0.316207 -0.943521 -0.098902
vn -0.603088 -0.786185 0.134897
vn -0.813986 -0.542790 0.206896
vn -0.954447 -0.142207 0.262313
vn -0.965967 0.169494 0.195393
vn -0.799306 0.590204 0.113001
vn -0.616629 0.785837 -0.047202
vn -0.178094 0.975269 -0.130896
vn 0.079703 0.949136 -0.304612
vn 0.557331 0.789444 -0.257214
vn 0.730675 0.558981 -0.391987
vn 0.962647 0.147107 -0.227311
vn 0.933717 -0.169203 -0.315506
vn 0.800509 -0.577706 -0.159502
vn 0.557692 -0.792789 -0.245897
vn 0.183694 -0.964170 -0.191394
vn -0.134003 -0.944223 -0.300807
vn -0.499386 -0.787178 -0.361890
vn -0.695320 -0.543015 -0.470813
vn -0.822587 -0.142898 -0.550391
vn -0.781113 0.168903 -0.601110
vn -0.603716 0.589916 -0.536214
vn -0.365295 0.784389 -0.501293
vn -0.016500 0.974885 -0.222097
vn 0.282006 0.949421 -0.138103
vn 0.564404 0.788706 0.243702
vn 0.777985 0.556989 0.290694
vn 0.812286 0.145998 0.564691
vn 0.858850 -0.167610 0.484028
vn 0.650383 -0.577385 0.493587
vn 0.554002 -0.792403 0.255301
vn 0.268196 -0.963286 0.012300
vn 0.141099 -0.943096 -0.301099
vn -0.048298 -0.785969 -0.616376
vn -0.089900 -0.542701 -0.835101
vn -0.124501 -0.142001 -0.982006
vn -0.056702 0.169305 -0.983931
vn 0.001200 0.590179 -0.807271
vn 0.133895 0.785673 -0.603979
vn 0.155896 0.974975 -0.158496
vn 0.291397 0.948791 0.121999
vn 0.177893 0.789371 0.587578
vn 0.288595 0.559190 0.777187
vn 0.092200 0.147200 0.984800
vn 0.183605 -0.169205 0.968328
vn 0.046800 -0.577703 0.814904
vn 0.166104 -0.793019 0.586114
vn 0.163807 -0.964140 0.208809
vn 0.317089 -0.944068 -0.090497
vn 0.426795 -0.787290 -0.444995
vn 0.562791 -0.543391 -0.622890
vn 0.657032 -0.143207 -0.740136
vn 0.701783 0.169296 -0.691983
vn 0.613910 0.590009 -0.524408
vn 0.546594 0.784392 -0.293197
vn 0.222293 0.974871 0.014600
vn 0.097204 0.949537 0.298212
vn -0.320414 0.788936 0.524324
vn -0.397008 0.557211 0.729315
vn -0.673089 0.146098 0.724988
vn -0.599780 -0.167794 0.782374
vn -0.578716 -0.577216 0.576116
vn -0.330205 -0.791812 0.513808
vn -0.048598 -0.962861 0.265589
vn 0.279113 -0.943044 0.181008
vn 0.617099 -0.785899 0.039400
vn 0.839590 -0.542494 0.028100
vn 0.989768 -0.141795 0.015899
vn 0.982090 0.168998 0.083299
vn 0.799237 0.590027 0.114405
vn 0.579274 0.785665 0.217190
vn 0.135602 0.974915 0.176503
vn -0.161005 0.948730 0.272009
vn -0.606491 0.789188 0.096699
vn -0.809209 0.559106 0.180502
vn -0.988125 0.147004 -0.044701
vn -0.984362 -0.169293 0.048698
vn -0.813288 -0.577792 -0.068699
vn -0.603299 -0.793299 0.081900
vn -0.229697 -0.964187 0.132598
vn 0.045002 -0.943947 0.327016
vn 0.380393 -0.787085 0.485591
vn 0.536906 -0.543306 0.645407
vn 0.645303 -0.143101 0.750404
vn 0.590235 0.169910 0.789147
vn 0.438688 0.590284 0.677582
vn 0.218300 0.784600 0.580300
vn -0.045298 0.974854 0.218190
vn -0.308395 0.949685 0.054699
vn -0.473808 0.789113 -0.390906
vn -0.666099 0.557399 -0.495599
vn -0.622791 0.146298 -0.768589
vn -0.690073 -0.167993 -0.703972
vn -0.488712 -0.577314 -0.654116
vn -0.462100 -0.791999 -0.399000
vn -0.254594 -0.963279 -0.085298
vn -0.217209 -0.943539 0.250110
vn -0.125797 -0.786082 0.605186
vn -0.143501 -0.542202 0.827904
vn -0.153996 -0.141596 0.977873
vn -0.219898 0.168898 0.960790
vn -0.223699 0.589998 0.775797
vn -0.295088 0.785569 0.543879
vn -0.192910 0.975053 0.109806
vn -0.246803 0.948913 -0.196603
vn -0.015201 0.788830 -0.614423
vn -0.068299 0.558196 -0.826894
vn 0.064999 0.337196 -0.939188
vn 0.087598 -0.019099 -0.995973
vn 0.090403 -0.150104 -0.984528
vn 0.250802 0.137601 -0.958209
vn -0.142802 0.514507 0.845512
vn 0.023499 -0.480687 -0.876577
vn 0.036300 0.375504 -0.926110
vn 0.304407 -0.610815 -0.730918
vn 0.131505 -0.388216 -0.912138
vn 0.134497 -0.988079 -0.074898
vn -0.018599 -0.914267 -0.404685
vn -0.194400 -0.784702 0.588601
vn -0.374606 -0.897714 0.231904
vn -0.455291 -0.132797 0.880383
vn -0.711787 -0.362394 0.601689
vn -0.420713 0.592918 0.686621
vn -0.766942 0.377921 0.518629
vn -0.032201 0.981831 0.187006
vn -0.413684 0.905066 0.098596
vn 0.532984 0.799676 -0.276492
vn 0.207498 0.910493 -0.357697
vn 0.892319 0.136703 -0.430209
vn 0.720232 0.374717 -0.583826
vn 0.750904 -0.609903 -0.253301
vn 0.769624 -0.386912 -0.507916
vn 0.144301 -0.988208 0.051200
vn 0.291800 -0.913901 -0.282200
vn -0.570897 -0.783896 0.244099
vn -0.423190 -0.896078 -0.133997
vn -0.964609 -0.132801 0.227802
vn -0.918646 -0.362718 -0.156608
vn -0.795991 0.593193 0.120499
vn -0.893468 0.378486 -0.241791
vn -0.159102 0.982515 0.096701
vn -0.346203 0.906008 -0.243502
vn 0.560805 0.800107 0.212902
vn 0.405604 0.910309 -0.082601
vn 0.914937 0.137606 0.379415
vn 0.912296 0.375998 0.162299
vn 0.682060 -0.611565 0.400977
vn 0.884334 -0.388415 0.259010
vn 0.055298 -0.988061 0.143794
vn 0.402996 -0.914391 0.038500
vn -0.555102 -0.784902 -0.275301
vn -0.176904 -0.897621 -0.403709
vn -0.807628 -0.132905 -0.574520
vn -0.495878 -0.362384 -0.789166
vn -0.620798 0.592998 -0.512798
vn -0.409986 0.378887 -0.829672
vn -0.179604 0.982121 -0.056401
vn -0.043502 0.904937 -0.423317
vn 0.200604 0.800818 0.564312
vn 0.324401 0.910703 0.255701
vn 0.299284 0.136493 0.944351
vn 0.475588 0.374690 0.795879
vn 0.143998 -0.609893 0.779291
vn 0.393888 -0.387089 0.833675
vn -0.071097 -0.988155 0.135994
vn 0.238902 -0.913609 0.329003
vn -0.163702 -0.784212 -0.598509
vn 0.190607 -0.895933 -0.401215
vn -0.094296 -0.132695 -0.986661
vn 0.281794 -0.362693 -0.888282
vn -0.009400 0.593200 -0.805000
vn 0.363886 0.378286 -0.851168
vn -0.073703 0.982440 -0.171407
vn 0.290202 0.905807 -0.308702
vn -0.290513 0.800036 0.524924
vn 0.025498 0.909841 0.414173
vn -0.502724 0.137507 0.853441
vn -0.284410 0.375913 0.881930
vn -0.489518 -0.611622 0.621523
vn -0.378304 -0.388504 0.840209
vn -0.149200 -0.988201 0.034600
vn -0.094599 -0.914489 0.393395
vn 0.350396 -0.784991 -0.510894
vn 0.424712 -0.897526 -0.118603
vn 0.682072 -0.133095 -0.719071
vn 0.850936 -0.362415 -0.380216
vn 0.594877 0.592977 -0.542679
vn 0.877993 0.379297 -0.291998
vn 0.080000 0.982295 -0.169399
vn 0.425115 0.905031 0.014000
vn -0.585686 0.801381 0.121497
vn -0.298298 0.910993 0.284798
vn -0.977036 0.136505 0.163606
vn -0.855464 0.374584 0.357585
vn -0.791908 -0.609806 0.031900
vn -0.880672 -0.387088 0.273091
vn -0.125296 -0.988065 -0.089597
vn -0.358887 -0.913568 0.191293
vn 0.615201 -0.784301 -0.080000
vn 0.371299 -0.896098 0.243199
vn 0.990321 -0.132603 0.041001
vn 0.840945 -0.362476 0.401774
vn 0.798802 0.592901 0.101900
vn 0.791407 0.378003 0.480404
vn 0.180107 0.982441 -0.048702
vn 0.264693 0.905676 0.331191
vn -0.478502 0.799904 -0.362202
vn -0.413415 0.909933 -0.033301
vn -0.773474 0.137295 -0.618779
vn -0.836002 0.375101 -0.400501
vn -0.550706 -0.610607 -0.569106
vn -0.782646 -0.388523 -0.486328
vn -0.013500 -0.988564 -0.150195
vn -0.376009 -0.914622 -0.148604
vn 0.456519 -0.785133 0.418517
vn 0.057800 -0.897406 0.437403
vn 0.616001 -0.133200 0.776402
vn 0.256507 -0.362411 0.896026
vn 0.453511 0.592915 0.665417
vn 0.165192 0.379182 0.910457
vn 0.156401 0.982308 0.103001
vn -0.073203 0.905532 0.417915
vn -0.041001 0.801028 -0.597221
vn -0.240408 0.911431 -0.333911
vn -0.027801 0.136703 -0.990222
vn -0.234012 0.374419 -0.897245
vn 0.079299 -0.609394 -0.788892
vn -0.148905 -0.387112 -0.909929
vn 0.105996 -0.988062 -0.111796
vn -0.139797 -0.913782 -0.381392
vn -0.007100 -0.784184 0.620488
vn -0.291095 -0.896685 0.333495
vn -0.176410 -0.132508 0.975357
vn -0.476779 -0.488978 0.730467
vn -0.239599 0.467697 0.850795
vn -0.341007 0.569112 0.748215
vn 0.201209 0.971744 0.123406
vn -0.142294 0.481779 -0.864663
vn -0.056701 0.587112 -0.807517
vn -0.278696 -0.944486 0.173997
vn -0.029100 -0.376400 0.926000
vn -0.124203 0.375608 0.918419
vn 0.232097 0.532494 0.813991
vn 0.242907 0.940726 0.236707
vn -0.141800 -0.982398 0.121600
vn -0.378003 -0.593305 0.710706
vn -0.527999 0.132800 0.838798
vn -0.407398 0.784997 0.466698
vn -0.000100 0.988488 -0.151298
vn 0.483513 0.611917 -0.625917
vn 0.705591 -0.137298 -0.695191
vn 0.439907 -0.800313 -0.407407
vn -0.182992 -0.982757 -0.026499
vn -0.782585 -0.593289 0.188596
vn -0.978092 0.133299 0.159899
vn -0.621615 0.783319 -0.002600
vn 0.114897 0.988572 -0.097597
vn 0.791121 0.610016 -0.044801
vn 0.988700 -0.136300 0.062400
vn 0.597183 -0.800077 0.056998
vn -0.101700 -0.982204 -0.157901
vn -0.650228 -0.593325 -0.474520
vn -0.756038 0.132707 -0.640933
vn -0.404887 0.784874 -0.469084
vn 0.149799 0.988494 0.021000
vn 0.556508 0.610908 0.563108
vn 0.594790 -0.137198 0.792087
vn 0.340801 -0.800502 0.493001
vn 0.052202 -0.982734 -0.177506
vn -0.076200 -0.593396 -0.801295
vn -0.023599 0.133496 -0.990768
vn 0.086904 0.783232 -0.615625
vn 0.080898 0.988573 0.127197
vn -0.066200 0.610300 0.789400
vn -0.202194 -0.136596 0.969773
vn -0.140203 -0.799618 0.583913
vn 0.169993 -0.982258 -0.079197
vn 0.559891 -0.593090 -0.578590
vn 0.740720 0.132504 -0.658617
vn 0.521425 0.784738 -0.335116
vn -0.041601 0.988512 0.145302
vn -0.634114 0.610213 0.474910
vn -0.865100 -0.137100 0.482500
vn -0.535407 -0.800811 0.268404
vn 0.168307 -0.982738 0.076803
vn 0.803924 -0.593617 0.036401
vn 0.984597 0.133500 0.112900
vn 0.597870 0.783361 0.169991
vn -0.136399 0.988693 0.062300
vn -0.771997 0.610398 -0.177299
vn -0.931157 -0.136794 -0.337985
vn -0.557970 -0.799757 -0.221488
vn 0.054599 -0.982678 0.177096
vn 0.498422 -0.592326 0.633028
vn 0.548316 0.132404 0.825723
vn 0.258600 0.784599 0.563499
vn -0.137807 0.988548 -0.061503
vn -0.380696 0.610193 -0.694792
vn -0.359488 -0.136795 -0.923069
vn -0.193094 -0.801274 -0.566282
vn -0.099303 -0.982831 0.155505
vn -0.147002 -0.593610 0.791213
vn -0.249392 0.133396 0.959171
vn -0.250806 0.784018 0.567813
vn -0.100897 0.994775 -0.015600
vn -0.116406 0.979348 -0.165308
vn 0.475712 0.425711 -0.769720
vn 0.499093 0.518792 -0.694090
vn -0.076402 -0.136204 -0.987730
vn -0.026299 -0.800778 -0.598384
vn -0.092202 0.916523 0.389210
vn 0.140594 0.930263 -0.338886
vn 0.423114 0.389413 -0.818127
vn 0.501905 -0.388804 -0.772608
vn 0.229803 -0.930111 -0.286503
vn -0.284702 -0.916506 0.281002
vn -0.725400 -0.376700 0.576100
vn -0.779482 0.375791 0.501188
vn -0.352507 0.917118 0.186104
vn 0.346610 0.930327 -0.119803
vn 0.892776 0.389889 -0.225694
vn 0.912356 -0.390581 -0.122694
vn 0.367789 -0.929873 -0.008200
vn -0.396194 -0.917686 -0.029700
vn -0.912879 -0.376291 -0.158296
vn -0.892443 0.376018 -0.249312
vn -0.373915 0.916136 -0.144506
vn 0.315589 0.930268 0.187094
vn 0.750183 0.389291 0.534488
vn 0.694190 -0.388894 0.605691
vn 0.251399 -0.930098 0.267799
vn -0.240204 -0.917017 -0.318406
vn -0.472981 -0.375885 -0.796868
vn -0.385892 0.375692 -0.842582
vn -0.134303 0.917119 -0.375308
vn 0.069702 0.930225 0.360310
vn 0.101096 0.389486 0.915467
vn -0.002200 -0.390621 0.920549
vn -0.042699 -0.929875 0.365390
vn 0.085002 -0.917517 -0.388507
vn 0.286094 -0.376392 -0.881181
vn 0.371196 0.376296 -0.848890
vn 0.193803 0.916213 -0.350705
vn -0.228701 0.930506 0.286102
vn -0.634672 0.389283 0.667570
vn -0.697302 -0.388901 0.602102
vn -0.300404 -0.930112 0.211303
vn 0.347414 -0.917338 -0.194408
vn 0.853947 -0.375521 -0.360220
vn 0.888443 0.375476 -0.263983
vn 0.390484 0.917162 -0.079597
vn -0.366890 0.930074 0.018799
vn -0.920675 0.389489 -0.025599
vn -0.911802 -0.390401 -0.127300
vn -0.355295 -0.930186 -0.092299
vn 0.372597 -0.917494 0.139199
vn 0.831691 -0.376496 0.408095
vn 0.787874 0.376187 0.487584
vn 0.319799 0.916899 0.238800
vn -0.251212 0.931145 -0.264313
vn -0.571799 0.389199 -0.722198
vn -0.497899 -0.388999 -0.775098
vn -0.166803 -0.930115 -0.327205
vn 0.143396 -0.917377 0.371291
vn 0.240005 -0.375709 0.895120
vn 0.139596 0.375190 0.916376
vn 0.024001 0.917327 0.397411
vn 0.031999 0.930069 -0.365988
vn 0.154297 0.389793 -0.907884
vn 0.251395 -0.389892 -0.885881
vn 0.200001 -0.870705 -0.449302
vn 0.080300 -0.894301 -0.440201
vn 0.064802 0.985035 -0.159706
vn 0.214191 -0.416883 -0.883363
vn 0.121595 -0.904765 0.408184
vn -0.064099 -0.378493 0.923382
vn 0.014300 -0.665481 0.746278
vn -0.119600 0.051300 0.991496
vn -0.160704 0.362508 0.918021
vn -0.090297 0.734678 0.672380
vn -0.011000 0.897590 0.440695
vn 0.175298 0.984091 0.028900
vn 0.359003 0.914308 -0.187502
vn 0.538715 0.657619 -0.526615
vn 0.721613 0.388207 -0.573210
vn 0.735494 -0.055000 -0.675295
vn 0.783596 -0.376098 -0.494497
vn 0.560091 -0.737988 -0.376394
vn 0.406895 -0.910190 -0.077399
vn 0.034199 -0.991568 0.124996
vn -0.227895 -0.905881 0.356992
vn -0.556724 -0.665529 0.497122
vn -0.736109 -0.378405 0.561207
vn -0.824494 0.050700 0.563596
vn -0.793586 0.362494 0.488691
vn -0.563877 0.733870 0.378784
vn -0.338605 0.897013 0.284104
vn 0.093696 0.984054 0.151193
vn 0.374122 0.914753 0.152509
vn 0.750378 0.657281 0.070098
vn 0.904019 0.386008 0.183704
vn 0.990063 -0.054598 0.129595
vn 0.887408 -0.374503 0.268802
vn 0.650127 -0.737531 0.182708
vn 0.327797 -0.910492 0.252098
vn -0.072103 -0.991335 0.109804
vn -0.420592 -0.904883 0.065499
vn -0.741507 -0.665306 -0.086801
vn -0.905995 -0.377898 -0.190699
vn -0.965815 0.051301 -0.254104
vn -0.886179 0.362492 -0.288593
vn -0.652797 0.734797 -0.184199
vn -0.434503 0.897707 -0.073001
vn -0.053099 0.984082 0.169597
vn 0.135497 0.914179 0.381991
vn 0.445617 0.657526 0.607524
vn 0.466184 0.387986 0.795072
vn 0.565094 -0.054999 0.823191
vn 0.385799 -0.375299 0.842799
vn 0.295503 -0.738207 0.606406
vn 0.021800 -0.911287 0.411194
vn -0.125301 -0.992007 0.014900
vn -0.321000 -0.906001 -0.275900
vn -0.413196 -0.665593 -0.621494
vn -0.451096 -0.378597 -0.808193
vn -0.440988 0.050799 -0.896075
vn -0.371790 0.362590 -0.854576
vn -0.295189 0.733972 -0.611677
vn -0.234507 0.897328 -0.373911
vn -0.160895 0.984371 0.071598
vn -0.202412 0.914956 0.349121
vn -0.172200 0.657401 0.733601
vn -0.306887 0.385984 0.869964
vn -0.265212 -0.054602 0.962643
vn -0.390415 -0.374714 0.840932
vn -0.271293 -0.737481 0.618484
vn -0.296205 -0.910415 0.288805
vn -0.098298 -0.991382 -0.086598
vn -0.007200 -0.905019 -0.425309
vn 0.188001 -0.665205 -0.722605
vn 0.312108 -0.377510 -0.871823
vn 0.382891 0.051099 -0.922379
vn 0.408291 0.362292 -0.837880
vn 0.271791 0.734775 -0.621479
vn 0.133199 0.897791 -0.419796
vn -0.160596 0.984075 -0.076198
vn -0.397517 0.914039 0.080703
vn -0.664223 0.657423 0.355812
vn -0.852823 0.387810 0.349709
vn -0.894494 -0.054900 0.443697
vn -0.887797 -0.374799 0.267099
vn -0.641527 -0.738332 0.208109
vn -0.409079 -0.911854 -0.034298
vn 0.003200 -0.992152 -0.124994
vn 0.318707 -0.905921 -0.278806
vn 0.673579 -0.665679 -0.321190
vn 0.863769 -0.378886 -0.332188
vn 0.949503 0.050900 -0.309601
vn 0.898042 0.362717 -0.248912
vn 0.646905 0.734106 -0.206402
vn 0.402405 0.897410 -0.180902
vn -0.048801 0.984424 -0.168904
vn -0.318203 0.915009 -0.248002
vn -0.703397 0.657397 -0.270299
vn -0.818890 0.386295 -0.424495
vn -0.916799 -0.054600 -0.395599
vn -0.777182 -0.374792 -0.505489
vn -0.574163 -0.737352 -0.355877
vn -0.244007 -0.910328 -0.334310
vn 0.099498 -0.991384 -0.085199
vn 0.421701 -0.905202 0.052700
vn 0.688683 -0.665284 0.288293
vn 0.822202 -0.377501 0.426001
vn 0.862288 0.050499 0.503893
vn 0.775619 0.361809 0.517213
vn 0.580924 0.734430 0.350914
vn 0.396792 0.897882 0.190696
vn 0.097797 0.984066 -0.148495
vn -0.024201 0.913943 -0.405119
vn -0.258706 0.657317 -0.707818
vn -0.225798 0.387496 -0.893791
vn -0.312899 -0.054900 -0.948198
vn -0.138794 -0.374785 -0.916664
vn -0.115297 -0.738178 -0.664680
vn 0.090299 -0.911487 -0.401294
vn 0.125597 -0.991878 0.020100
vn 0.231709 -0.905534 0.355413
vn 0.224397 -0.665690 0.711690
vn 0.208408 -0.379214 0.901534
vn 0.173696 0.050999 0.983478
vn 0.122601 0.362702 0.923805
vn 0.115101 0.734108 0.669207
vn 0.122893 0.897250 0.424076
vn 0.175204 0.984222 -0.024701
vn 0.288788 0.914862 -0.282188
vn 0.362703 0.657505 -0.660405
vn -0.582193 -0.416795 0.698092
vn -0.029801 -0.801525 0.597218
vn -0.032499 0.423992 0.905083
vn 0.085098 -0.865978 0.492788
vn -0.198200 -0.440300 0.875701
vn -0.253209 -0.812229 -0.525519
vn 0.412413 0.799825 -0.436114
vn 0.610825 0.180007 -0.771032
vn 0.613096 -0.546696 -0.570296
vn 0.319091 -0.947673 0.009900
vn -0.143798 -0.792189 0.593092
vn -0.495614 -0.181705 0.849323
vn -0.470906 0.532807 0.703110
vn -0.020600 0.941888 0.335296
vn 0.599716 0.799921 0.021601
vn 0.981878 0.181296 -0.055199
vn 0.832834 -0.547622 0.080603
vn 0.198491 -0.948757 0.245889
vn -0.542611 -0.794416 0.272905
vn -0.965970 -0.182494 0.183294
vn -0.838505 0.532403 0.116001
vn -0.267189 0.941062 0.207392
vn 0.373809 0.800419 0.468611
vn 0.677197 0.179799 0.713496
vn 0.478285 -0.546583 0.687379
vn -0.054402 -0.947528 0.315009
vn -0.566916 -0.792422 -0.225106
vn -0.775498 -0.181500 -0.604699
vn -0.633702 0.532002 -0.561602
vn -0.328793 0.941980 -0.067599
vn -0.106196 0.799668 0.590976
vn -0.084097 0.181093 0.979864
vn -0.194092 -0.547378 0.814067
vn -0.269894 -0.949080 0.162497
vn -0.195300 -0.794501 -0.575001
vn -0.046400 -0.182502 -0.982110
vn 0.003900 0.532393 -0.846488
vn -0.167908 0.941343 -0.292713
vn -0.514597 0.800895 0.306198
vn -0.800142 0.180110 0.572130
vn -0.747773 -0.546480 0.377086
vn -0.304613 -0.947441 -0.097804
vn 0.301992 -0.792679 -0.529586
vn 0.704896 -0.181499 -0.685696
vn 0.642724 0.531620 -0.551621
vn 0.113304 0.941831 -0.316411
vn -0.570488 0.799383 -0.188496
vn -0.958645 0.180908 -0.219710
vn -0.779803 -0.547202 -0.304101
vn -0.123994 -0.949056 -0.289687
vn 0.597000 -0.794200 -0.113300
vn 0.978780 -0.182696 0.092798
vn 0.837330 0.532519 0.123704
vn 0.313113 0.941440 -0.125105
vn -0.235594 0.800981 -0.550387
vn -0.459080 0.180992 -0.869763
vn -0.268497 -0.546295 -0.793392
vn 0.139494 -0.947359 -0.288188
vn 0.481604 -0.792907 0.373303
vn 0.579492 -0.181597 0.794488
vn 0.458124 0.531828 0.712237
vn 0.298909 0.941327 0.156705
vn 0.265900 0.799100 -0.539200
vn 0.350005 0.180903 -0.919114
vn 0.410598 -0.547298 -0.729297
vn 0.305216 -0.948650 -0.083104
vn -0.251997 0.967589 0.016400

# Mesh
g Circle.008
usemtl Material.045
f 1/1/1 2/2/2 3/3/3
f 4/4/4 5/5/5 6/6/6
f 4/4/4 6/6/6 7/7/7
f 8/8/8 9/9/9 10/10/10
f 8/8/8 10/10/10 11/11/11
f 12/12/12 8/8/8 11/11/11
f 12/12/12 11/11/11 13/13/13
f 14/14/14 12/12/12 13/13/13
f 14/14/14 13/13/13 15/15/15
f 16/16/16 14/14/14 15/15/15
f 16/16/16 15/15/15 17/17/17
f 18/18/18 16/16/16 17/17/17
f 18/18/18 17/17/17 19/19/19
f 20/20/20 18/18/18 19/19/19
f 20/20/20 19/19/19 21/21/21
f 22/22/22 20/20/20 21/21/21
f 22/22/22 21/21/21 23/23/23
f 24/24/24 22/22/22 23/23/23
f 24/24/24 23/23/23 25/25/25
f 26/26/26 24/24/24 25/25/25
f 26/26/26 25/25/25 27/27/27
f 28/28/28 26/26/26 27/27/27
f 28/28/28 27/27/27 29/29/29
f 30/30/30 28/28/28 29/29/29
f 30/30/30 29/29/29 31/31/31
f 32/32/32 30/30/30 31/31/31
f 32/32/32 31/31/31 33/33/33
f 34/34/34 32/32/32 33/33/33
f 34/34/34 33/33/33 35/35/35
f 36/36/36 34/34/34 35/35/35
f 36/36/36 35/35/35 37/37/37
f 38/38/38 36/36/36 37/37/37
f 38/38/38 37/37/37 39/39/39
f 40/40/40 38/38/38 39/39/39
f 40/40/40 39/39/39 41/41/41
f 42/42/42 40/40/40 41/41/41
f 42/42/42 41/41/41 43/43/43
f 44/44/44 42/42/42 43/43/43
f 44/44/44 43/43/43 45/45/45
f 46/46/46 44/44/44 45/45/45
f 46/46/46 45/45/45 47/47/47
f 48/48/48 46/46/46 47/47/47
f 48/48/48 47/47/47 49/49/49
f 50/50/50 48/48/48 49/49/49
f 50/50/50 49/49/49 51/51/51
f 52/52/52 50/50/50 51/51/51
f 52/52/52 51/51/51 53/53/53
f 54/54/54 52/52/52 53/53/53
f 54/54/54 53/53/53 55/55/55
f 56/56/56 54/54/54 55/55/55
f 56/56/56 55/55/55 57/57/57
f 58/58/58 56/56/56 57/57/57
f 58/58/58 57/57/57 59/59/59
f 60/60/60 58/58/58 59/59/59
f 60/60/60 59/59/59 61/61/61
f 62/62/62 60/60/60 61/61/61
f 62/62/62 61/61/61 63/63/63
f 64/64/64 62/62/62 63/63/63
f 64/64/64 63/63/63 65/65/65
f 66/66/66 64/64/64 65/65/65
f 66/66/66 65/65/65 67/67/67
f 68/68/68 66/66/66 67/67/67
f 68/68/68 67/67/67 69/69/69
f 70/70/70 68/68/68 69/69/69
f 70/70/70 69/69/69 71/71/71
f 72/72/72 70/70/70 71/71/71
f 72/72/72 71/71/71 73/73/73
f 74/74/74 72/72/72 73/73/73
f 74/74/74 73/73/73 75/75/75
f 76/76/76 74/74/74 75/75/75
f 76/76/76 75/75/75 77/77/77
f 78/78/78 76/76/76 77/77/77
f 78/78/78 77/77/77 79/79/79
f 80/80/80 78/78/78 79/79/79
f 80/80/80 79/79/79 81/81/81
f 82/82/82 80/80/80 81/81/81
f 82/82/82 81/81/81 83/83/83
f 84/84/84 82/82/82 83/83/83
f 84/84/84 83/83/83 85/85/85
f 86/86/86 84/84/84 85/85/85
f 86/86/86 85/85/85 87/87/87
f 88/88/88 86/86/86 87/87/87
f 88/88/88 87/87/87 89/89/89
f 90/90/90 88/88/88 89/89/89
f 90/90/90 89/89/89 91/91/91
f 92/92/92 90/90/90 91/91/91
f 92/92/92 91/91/91 93/93/93
f 94/94/94 92/92/92 93/93/93
f 94/94/94 93/93/93 95/95/95
f 96/96/96 94/94/94 95/95/95
f 96/96/96 95/95/95 97/97/97
f 98/98/98 96/96/96 97/97/97
f 98/98/98 97/97/97 99/99/99
f 100/100/100 98/98/98 99/99/99
f 100/100/100 99/99/99 101/101/101
f 102/102/102 100/100/100 101/101/101
f 102/102/102 101/101/101 103/103/103
f 104/104/104 102/102/102 103/103/103
f 104/104/104 103/103/103 105/105/105
f 106/106/106 104/104/104 105/105/105
f 106/106/106 105/105/105 107/107/107
f 108/108/108 106/106/106 107/107/107
f 108/108/108 107/107/107 109/109/109
f 110/110/110 108/108/108 109/109/109
f 110/110/110 109/109/109 111/111/111
f 112/112/112 110/110/110 111/111/111
f 112/112/112 111/111/111 113/113/113
f 114/114/114 112/112/112 113/113/113
f 114/114/114 113/113/113 115/115/115
f 116/116/116 114/114/114 115/115/115
f 116/116/116 115/115/115 117/117/117
f 118/118/118 116/116/116 117/117/117
f 118/118/118 117/117/117 119/119/119
f 120/120/120 118/118/118 119/119/119
f 120/120/120 119/119/119 121/121/121
f 122/122/122 120/120/120 121/121/121
f 122/122/122 121/121/121 123/123/123
f 124/124/124 122/122/122 123/123/123
f 124/124/124 123/123/123 125/125/125
f 126/126/126 124/124/124 125/125/125
f 126/126/126 125/125/125 127/127/127
f 128/128/128 126/126/126 127/127/127
f 128/128/128 127/127/127 129/129/129
f 130/130/130 128/128/128 129/129/129
f 130/130/130 129/129/129 131/131/131
f 132/132/132 130/130/130 131/131/131
f 132/132/132 131/131/131 133/133/133
f 134/134/134 132/132/132 133/133/133
f 134/134/134 133/133/133 135/135/135
f 136/136/136 134/134/134 135/135/135
f 136/136/136 135/135/135 137/137/137
f 138/138/138 136/136/136 137/137/137
f 138/138/138 137/137/137 139/139/139
f 140/140/140 138/138/138 139/139/139
f 140/140/140 139/139/139 141/141/141
f 142/142/142 140/140/140 141/141/141
f 142/142/142 141/141/141 143/143/143
f 144/144/144 142/142/142 143/143/143
f 144/144/144 143/143/143 145/145/145
f 146/146/146 144/144/144 145/145/145
f 146/146/146 145/145/145 147/147/147
f 148/148/148 146/146/146 147/147/147
f 148/148/148 147/147/147 149/149/149
f 150/150/150 148/148/148 149/149/149
f 150/150/150 149/149/149 151/151/151
f 152/152/152 150/150/150 151/151/151
f 152/152/152 151/151/151 153/153/153
f 154/154/154 152/152/152 153/153/153
f 154/154/154 153/153/153 155/155/155
f 156/156/156 154/154/154 155/155/155
f 156/156/156 155/155/155 157/157/157
f 158/158/158 156/156/156 157/157/157
f 158/158/158 157/157/157 159/159/159
f 160/160/160 158/158/158 159/159/159
f 160/160/160 159/159/159 161/161/161
f 162/162/162 160/160/160 161/161/161
f 162/162/162 161/161/161 163/163/163
f 164/164/164 162/162/162 163/163/163
f 164/164/164 163/163/163 165/165/165
f 166/166/166 164/164/164 165/165/165
f 166/166/166 165/165/165 167/167/167
f 168/168/168 166/166/166 167/167/167
f 168/168/168 167/167/167 169/169/169
f 170/170/170 168/168/168 169/169/169
f 170/170/170 169/169/169 171/171/171
f 172/172/172 170/170/170 171/171/171
f 172/172/172 171/171/171 173/173/173
f 174/174/174 172/172/172 173/173/173
f 174/174/174 173/173/173 175/175/175
f 176/176/176 174/174/174 175/175/175
f 176/176/176 175/175/175 177/177/177
f 178/178/178 176/176/176 177/177/177
f 178/178/178 177/177/177 179/179/179
f 180/180/180 178/178/178 179/179/179
f 181/181/181 182/182/182 183/183/183
f 9/9/9 184/184/184 185/185/185
f 9/9/9 185/185/185 10/10/10
f 186/186/186 187/187/187 188/188/188
f 7/7/7 6/6/6 189/189/189
f 7/7/7 189/189/189 190/190/190
f 191/191/191 1/1/1 192/192/192
f 193/193/193 194/194/194 195/195/195
f 193/193/193 195/195/195 196/196/196
f 197/197/197 193/193/193 196/196/196
f 197/197/197 196/196/196 198/198/198
f 199/199/199 197/197/197 198/198/198
f 199/199/199 198/198/198 200/200/200
f 201/201/201 199/199/199 200/200/200
f 201/201/201 200/200/200 202/202/202
f 203/203/203 201/201/201 202/202/202
f 203/203/203 202/202/202 204/204/204
f 205/205/205 203/203/203 204/204/204
f 205/205/205 204/204/204 206/206/206
f 207/207/207 205/205/205 206/206/206
f 207/207/207 206/206/206 208/208/208
f 209/209/209 207/207/207 208/208/208
f 209/209/209 208/208/208 210/210/210
f 211/211/211 209/209/209 210/210/210
f 211/211/211 210/210/210 212/212/212
f 213/213/213 211/211/211 212/212/212
f 213/213/213 212/212/212 214/214/214
f 215/215/215 213/213/213 214/214/214
f 215/215/215 214/214/214 216/216/216
f 217/217/217 215/215/215 216/216/216
f 217/217/217 216/216/216 218/218/218
f 219/219/219 217/217/217 218/218/218
f 219/219/219 218/218/218 220/220/220
f 221/221/221 219/219/219 220/220/220
f 221/221/221 220/220/220 222/222/222
f 223/223/223 221/221/221 222/222/222
f 223/223/223 222/222/222 224/224/224
f 225/225/225 223/223/223 224/224/224
f 225/225/225 224/224/224 226/226/226
f 227/227/227 225/225/225 226/226/226
f 227/227/227 226/226/226 228/228/228
f 229/229/229 227/227/227 228/228/228
f 229/229/229 228/228/228 230/230/230
f 231/231/231 229/229/229 230/230/230
f 231/231/231 230/230/230 232/232/232
f 233/233/233 231/231/231 232/232/232
f 233/233/233 232/232/232 234/234/234
f 235/235/235 233/233/233 234/234/234
f 235/235/235 234/234/234 236/236/236
f 237/237/237 235/235/235 236/236/236
f 237/237/237 236/236/236 238/238/238
f 239/239/239 237/237/237 238/238/238
f 239/239/239 238/238/238 240/240/240
f 241/241/241 239/239/239 240/240/240
f 241/241/241 240/240/240 242/242/242
f 243/243/243 241/241/241 242/242/242
f 243/243/243 242/242/242 244/244/244
f 245/245/245 243/243/243 244/244/244
f 245/245/245 244/244/244 246/246/246
f 247/247/247 245/245/245 246/246/246
f 247/247/247 246/246/246 248/248/248
f 249/249/249 247/247/247 248/248/248
f 249/249/249 248/248/248 250/250/250
f 251/251/251 249/249/249 250/250/250
f 251/251/251 250/250/250 252/252/252
f 253/253/253 251/251/251 252/252/252
f 253/253/253 252/252/252 254/254/254
f 255/255/255 253/253/253 254/254/254
f 255/255/255 254/254/254 256/256/256
f 257/257/257 255/255/255 256/256/256
f 257/257/257 256/256/256 258/258/258
f 259/259/259 257/257/257 258/258/258
f 259/259/259 258/258/258 260/260/260
f 261/261/261 259/259/259 260/260/260
f 261/261/261 260/260/260 262/262/262
f 263/263/263 261/261/261 262/262/262
f 263/263/263 262/262/262 264/264/264
f 265/265/265 263/263/263 264/264/264
f 265/265/265 264/264/264 266/266/266
f 267/267/267 265/265/265 266/266/266
f 267/267/267 266/266/266 268/268/268
f 269/269/269 267/267/267 268/268/268
f 269/269/269 268/268/268 270/270/270
f 271/271/271 269/269/269 270/270/270
f 271/271/271 270/270/270 272/272/272
f 273/273/273 271/271/271 272/272/272
f 273/273/273 272/272/272 274/274/274
f 275/275/275 273/273/273 274/274/274
f 275/275/275 274/274/274 276/276/276
f 277/277/277 275/275/275 276/276/276
f 277/277/277 276/276/276 278/278/278
f 279/279/279 277/277/277 278/278/278
f 279/279/279 278/278/278 280/280/280
f 281/281/281 279/279/279 280/280/280
f 281/281/281 280/280/280 282/282/282
f 283/283/283 281/281/281 282/282/282
f 283/283/283 282/282/282 284/284/284
f 285/285/285 283/283/283 284/284/284
f 285/285/285 284/284/284 286/286/286
f 287/287/287 285/285/285 286/286/286
f 287/287/287 286/286/286 288/288/288
f 289/289/289 287/287/287 288/288/288
f 289/289/289 288/288/288 290/290/290
f 291/291/291 289/289/289 290/290/290
f 291/291/291 290/290/290 292/292/292
f 293/293/293 291/291/291 292/292/292
f 293/293/293 292/292/292 294/294/294
f 295/295/295 293/293/293 294/294/294
f 295/295/295 294/294/294 296/296/296
f 297/297/297 295/295/295 296/296/296
f 297/297/297 296/296/296 298/298/298
f 299/299/299 297/297/297 298/298/298
f 299/299/299 298/298/298 300/300/300
f 301/301/301 299/299/299 300/300/300
f 301/301/301 300/300/300 302/302/302
f 303/303/303 301/301/301 302/302/302
f 303/303/303 302/302/302 304/304/304
f 305/305/305 303/303/303 304/304/304
f 305/305/305 304/304/304 306/306/306
f 307/307/307 305/305/305 306/306/306
f 307/307/307 306/306/306 308/308/308
f 309/309/309 307/307/307 308/308/308
f 309/309/309 308/308/308 310/310/310
f 311/311/311 309/309/309 310/310/310
f 311/311/311 310/310/310 312/312/312
f 313/313/313 311/311/311 312/312/312
f 313/313/313 312/312/312 314/314/314
f 315/315/315 313/313/313 314/314/314
f 315/315/315 314/314/314 316/316/316
f 317/317/317 315/315/315 316/316/316
f 317/317/317 316/316/316 318/318/318
f 319/319/319 317/317/317 318/318/318
f 319/319/319 318/318/318 320/320/320
f 321/321/321 319/319/319 320/320/320
f 321/321/321 320/320/320 322/322/322
f 323/323/323 321/321/321 322/322/322
f 323/323/323 322/322/322 324/324/324
f 325/325/325 323/323/323 324/324/324
f 325/325/325 324/324/324 326/326/326
f 327/327/327 325/325/325 326/326/326
f 327/327/327 326/326/326 328/328/328
f 329/329/329 327/327/327 328/328/328
f 329/329/329 328/328/328 330/330/330
f 331/331/331 329/329/329 330/330/330
f 331/331/331 330/330/330 332/332/332
f 333/333/333 331/331/331 332/332/332
f 333/333/333 332/332/332 334/334/334
f 335/335/335 333/333/333 334/334/334
f 335/335/335 334/334/334 336/336/336
f 337/337/337 335/335/335 336/336/336
f 337/337/337 336/336/336 338/338/338
f 339/339/339 337/337/337 338/338/338
f 339/339/339 338/338/338 340/340/340
f 341/341/341 339/339/339 340/340/340
f 341/341/341 340/340/340 342/342/342
f 343/343/343 341/341/341 342/342/342
f 343/343/343 342/342/342 344/344/344
f 345/345/345 343/343/343 344/344/344
f 345/345/345 344/344/344 346/346/346
f 347/347/347 345/345/345 346/346/346
f 347/347/347 346/346/346 348/348/348
f 349/349/349 347/347/347 348/348/348
f 349/349/349 348/348/348 350/350/350
f 351/351/351 349/349/349 350/350/350
f 351/351/351 350/350/350 352/352/352
f 353/353/353 351/351/351 352/352/352
f 353/353/353 352/352/352 354/354/354
f 355/355/355 353/353/353 354/354/354
f 355/355/355 354/354/354 356/356/356
f 357/357/357 355/355/355 356/356/356
f 357/357/357 356/356/356 358/358/358
f 359/359/359 357/357/357 358/358/358
f 359/359/359 358/358/358 360/360/360
f 361/361/361 359/359/359 360/360/360
f 361/361/361 360/360/360 362/362/362
f 182/182/182 361/361/361 362/362/362
f 182/182/182 362/362/362 363/363/363
f 183/183/183 182/182/182 363/363/363
f 184/184/184 364/364/364 365/365/365
f 184/184/184 365/365/365 185/185/185
f 366/366/366 189/189/189 367/367/367
f 364/364/364 368/368/368 369/369/369
f 370/370/370 191/191/191 371/371/371
f 372/372/372 368/368/368 364/364/364
f 372/372/372 364/364/364 184/184/184
f 194/194/194 373/373/373 374/374/374
f 194/194/194 374/374/374 195/195/195
f 195/195/195 374/374/374 375/375/375
f 195/195/195 375/375/375 376/376/376
f 377/377/377 378/378/378 379/379/379
f 377/377/377 379/379/379 380/380/380
f 381/381/381 377/377/377 380/380/380
f 381/381/381 380/380/380 382/382/382
f 383/383/383 381/381/381 382/382/382
f 383/383/383 382/382/382 384/384/384
f 385/385/385 383/383/383 384/384/384
f 385/385/385 384/384/384 386/386/386
f 387/387/387 385/385/385 386/386/386
f 387/387/387 386/386/386 388/388/388
f 389/389/389 387/387/387 388/388/388
f 389/389/389 388/388/388 390/390/390
f 391/391/391 389/389/389 390/390/390
f 391/391/391 390/390/390 392/392/392
f 393/393/393 391/391/391 392/392/392
f 393/393/393 392/392/392 394/394/394
f 395/395/395 393/393/393 394/394/394
f 395/395/395 394/394/394 396/396/396
f 397/397/397 395/395/395 396/396/396
f 397/397/397 396/396/396 398/398/398
f 399/399/399 397/397/397 398/398/398
f 399/399/399 398/398/398 400/400/400
f 401/401/401 399/399/399 400/400/400
f 401/401/401 400/400/400 402/402/402
f 403/403/403 401/401/401 402/402/402
f 403/403/403 402/402/402 404/404/404
f 405/405/405 403/403/403 404/404/404
f 405/405/405 404/404/404 406/406/406
f 407/407/407 405/405/405 406/406/406
f 407/407/407 406/406/406 408/408/408
f 409/409/409 407/407/407 408/408/408
f 409/409/409 408/408/408 410/410/410
f 411/411/411 409/409/409 410/410/410
f 411/411/411 410/410/410 412/412/412
f 413/413/413 411/411/411 412/412/412
f 413/413/413 412/412/412 414/414/414
f 415/415/415 413/413/413 414/414/414
f 415/415/415 414/414/414 416/416/416
f 417/417/417 415/415/415 416/416/416
f 417/417/417 416/416/416 418/418/418
f 419/419/419 417/417/417 418/418/418
f 419/419/419 418/418/418 420/420/420
f 421/421/421 419/419/419 420/420/420
f 421/421/421 420/420/420 422/422/422
f 423/423/423 421/421/421 422/422/422
f 423/423/423 422/422/422 424/424/424
f 425/425/425 423/423/423 424/424/424
f 425/425/425 424/424/424 426/426/426
f 427/427/427 425/425/425 426/426/426
f 427/427/427 426/426/426 428/428/428
f 429/429/429 427/427/427 428/428/428
f 429/429/429 428/428/428 430/430/430
f 431/431/431 429/429/429 430/430/430
f 431/431/431 430/430/430 432/432/432
f 433/433/433 431/431/431 432/432/432
f 433/433/433 432/432/432 434/434/434
f 435/435/435 433/433/433 434/434/434
f 435/435/435 434/434/434 436/436/436
f 437/437/437 435/435/435 436/436/436
f 437/437/437 436/436/436 438/438/438
f 439/439/439 437/437/437 438/438/438
f 439/439/439 438/438/438 440/440/440
f 441/441/441 439/439/439 440/440/440
f 441/441/441 440/440/440 442/442/442
f 443/443/443 441/441/441 442/442/442
f 443/443/443 442/442/442 444/444/444
f 445/445/445 443/443/443 444/444/444
f 445/445/445 444/444/444 446/446/446
f 447/447/447 445/445/445 446/446/446
f 447/447/447 446/446/446 448/448/448
f 449/449/449 447/447/447 448/448/448
f 449/449/449 448/448/448 450/450/450
f 451/451/451 449/449/449 450/450/450
f 451/451/451 450/450/450 452/452/452
f 453/453/453 451/451/451 452/452/452
f 453/453/453 452/452/452 454/454/454
f 455/455/455 453/453/453 454/454/454
f 455/455/455 454/454/454 456/456/456
f 457/457/457 455/455/455 456/456/456
f 457/457/457 456/456/456 458/458/458
f 459/459/459 457/457/457 458/458/458
f 459/459/459 458/458/458 460/460/460
f 461/461/461 459/459/459 460/460/460
f 461/461/461 460/460/460 462/462/462
f 463/463/463 461/461/461 462/462/462
f 463/463/463 462/462/462 464/464/464
f 465/465/465 463/463/463 464/464/464
f 465/465/465 464/464/464 466/466/466
f 467/467/467 465/465/465 466/466/466
f 467/467/467 466/466/466 468/468/468
f 469/469/469 467/467/467 468/468/468
f 469/469/469 468/468/468 470/470/470
f 471/471/471 469/469/469 470/470/470
f 471/471/471 470/470/470 472/472/472
f 473/473/473 471/471/471 472/472/472
f 473/473/473 472/472/472 474/474/474
f 475/475/475 473/473/473 474/474/474
f 475/475/475 474/474/474 476/476/476
f 477/477/477 475/475/475 476/476/476
f 477/477/477 476/476/476 478/478/478
f 479/479/479 477/477/477 478/478/478
f 479/479/479 478/478/478 480/480/480
f 481/481/481 479/479/479 480/480/480
f 481/481/481 480/480/480 482/482/482
f 483/483/483 481/481/481 482/482/482
f 483/483/483 482/482/482 484/484/484
f 485/485/485 483/483/483 484/484/484
f 485/485/485 484/484/484 486/486/486
f 487/487/487 485/485/485 486/486/486
f 487/487/487 486/486/486 488/488/488
f 489/489/489 487/487/487 488/488/488
f 489/489/489 488/488/488 490/490/490
f 491/491/491 489/489/489 490/490/490
f 491/491/491 490/490/490 492/492/492
f 493/493/493 491/491/491 492/492/492
f 493/493/493 492/492/492 494/494/494
f 495/495/495 493/493/493 494/494/494
f 495/495/495 494/494/494 496/496/496
f 497/497/497 495/495/495 496/496/496
f 497/497/497 496/496/496 498/498/498
f 499/499/499 497/497/497 498/498/498
f 499/499/499 498/498/498 500/500/500
f 501/501/501 499/499/499 500/500/500
f 501/501/501 500/500/500 502/502/502
f 503/503/503 501/501/501 502/502/502
f 503/503/503 502/502/502 504/504/504
f 505/505/505 503/503/503 504/504/504
f 505/505/505 504/504/504 506/506/506
f 507/507/507 505/505/505 506/506/506
f 507/507/507 506/506/506 508/508/508
f 509/509/509 507/507/507 508/508/508
f 509/509/509 508/508/508 510/510/510
f 511/511/511 509/509/509 510/510/510
f 511/511/511 510/510/510 512/512/512
f 513/513/513 511/511/511 512/512/512
f 513/513/513 512/512/512 514/514/514
f 515/515/515 513/513/513 514/514/514
f 515/515/515 514/514/514 516/516/516
f 517/517/517 515/515/515 516/516/516
f 517/517/517 516/516/516 518/518/518
f 519/519/519 517/517/517 518/518/518
f 519/519/519 518/518/518 520/520/520
f 521/521/521 519/519/519 520/520/520
f 521/521/521 520/520/520 522/522/522
f 523/523/523 521/521/521 522/522/522
f 523/523/523 522/522/522 524/524/524
f 525/525/525 523/523/523 524/524/524
f 525/525/525 524/524/524 526/526/526
f 527/527/527 525/525/525 526/526/526
f 527/527/527 526/526/526 528/528/528
f 529/529/529 527/527/527 528/528/528
f 529/529/529 528/528/528 530/530/530
f 531/531/531 529/529/529 530/530/530
f 531/531/531 530/530/530 532/532/532
f 533/533/533 531/531/531 532/532/532
f 533/533/533 532/532/532 534/534/534
f 535/535/535 533/533/533 534/534/534
f 535/535/535 534/534/534 536/536/536
f 537/537/537 535/535/535 536/536/536
f 537/537/537 536/536/536 538/538/538
f 539/539/539 537/537/537 538/538/538
f 539/539/539 538/538/538 540/540/540
f 541/541/541 539/539/539 540/540/540
f 541/541/541 540/540/540 542/542/542
f 543/543/543 541/541/541 542/542/542
f 543/543/543 542/542/542 544/544/544
f 545/545/545 543/543/543 544/544/544
f 545/545/545 544/544/544 546/546/546
f 547/547/547 545/545/545 546/546/546
f 547/547/547 546/546/546 548/548/548
f 549/549/549 547/547/547 548/548/548
f 373/373/373 191/191/191 370/370/370
f 373/373/373 370/370/370 374/374/374
f 376/376/376 375/375/375 372/550/372
f 376/376/376 372/550/372 550/551/550
f 375/375/375 551/552/551 368/368/368
f 375/375/375 368/368/368 372/550/372
f 189/189/189 6/6/6 552/553/552
f 553/554/553 376/376/376 550/551/550
f 553/554/553 550/551/550 554/555/554
f 555/556/555 553/554/553 554/555/554
f 555/556/555 554/555/554 556/557/556
f 557/558/557 555/556/555 556/557/556
f 557/558/557 556/557/556 558/559/558
f 559/560/559 557/558/557 558/559/558
f 559/560/559 558/559/558 560/561/560
f 561/562/561 559/560/559 560/561/560
f 561/562/561 560/561/560 562/563/562
f 563/564/563 561/562/561 562/563/562
f 563/564/563 562/563/562 564/565/564
f 565/566/565 563/564/563 564/565/564
f 565/566/565 564/565/564 566/567/566
f 567/568/567 565/566/565 566/567/566
f 567/568/567 566/567/566 568/569/568
f 569/570/569 567/568/567 568/569/568
f 569/570/569 568/569/568 570/571/570
f 571/572/571 569/570/569 570/571/570
f 571/572/571 570/571/570 572/573/572
f 573/574/573 571/572/571 572/573/572
f 573/574/573 572/573/572 574/575/574
f 575/576/575 573/574/573 574/575/574
f 575/576/575 574/575/574 576/577/576
f 577/578/577 575/576/575 576/577/576
f 577/578/577 576/577/576 578/579/578
f 579/580/579 577/578/577 578/579/578
f 579/580/579 578/579/578 580/581/580
f 581/582/581 579/580/579 580/581/580
f 581/582/581 580/581/580 582/583/582
f 583/584/583 581/582/581 582/583/582
f 583/584/583 582/583/582 584/585/584
f 585/586/585 583/584/583 584/585/584
f 585/586/585 584/585/584 586/587/586
f 587/588/587 585/586/585 586/587/586
f 587/588/587 586/587/586 588/589/588
f 589/590/589 587/588/587 588/589/588
f 589/590/589 588/589/588 590/591/590
f 591/592/591 589/590/589 590/591/590
f 591/592/591 590/591/590 592/593/592
f 593/594/593 591/592/591 592/593/592
f 593/594/593 592/593/592 594/595/594
f 595/596/595 593/594/593 594/595/594
f 595/596/595 594/595/594 596/597/596
f 597/598/597 595/596/595 596/597/596
f 597/598/597 596/597/596 598/599/598
f 599/600/599 597/598/597 598/599/598
f 599/600/599 598/599/598 600/601/600
f 601/602/601 599/600/599 600/601/600
f 601/602/601 600/601/600 602/603/602
f 603/604/603 601/602/601 602/603/602
f 603/604/603 602/603/602 604/605/604
f 605/606/605 603/604/603 604/605/604
f 605/606/605 604/605/604 606/607/606
f 607/608/607 605/606/605 606/607/606
f 607/608/607 606/607/606 608/609/608
f 609/610/609 607/608/607 608/609/608
f 609/610/609 608/609/608 610/611/610
f 611/612/611 609/610/609 610/611/610
f 611/612/611 610/611/610 612/613/612
f 613/614/613 611/612/611 612/613/612
f 613/614/613 612/613/612 614/615/614
f 615/616/615 613/614/613 614/615/614
f 615/616/615 614/615/614 616/617/616
f 617/618/617 615/616/615 616/617/616
f 617/618/617 616/617/616 618/619/618
f 619/620/619 617/618/617 618/619/618
f 619/620/619 618/619/618 620/621/620
f 621/622/621 619/620/619 620/621/620
f 621/622/621 620/621/620 622/623/622
f 623/624/623 621/622/621 622/623/622
f 623/624/623 622/623/622 624/625/624
f 625/626/625 623/624/623 624/625/624
f 625/626/625 624/625/624 626/627/626
f 627/628/627 625/626/625 626/627/626
f 627/628/627 626/627/626 628/629/628
f 629/630/629 627/628/627 628/629/628
f 629/630/629 628/629/628 630/631/630
f 631/632/631 629/630/629 630/631/630
f 631/632/631 630/631/630 632/633/632
f 633/634/633 631/632/631 632/633/632
f 633/634/633 632/633/632 634/635/634
f 635/636/635 633/634/633 634/635/634
f 635/636/635 634/635/634 636/637/636
f 637/638/637 635/636/635 636/637/636
f 637/638/637 636/637/636 638/639/638
f 639/640/639 637/638/637 638/639/638
f 639/640/639 638/639/638 640/641/640
f 641/642/641 639/640/639 640/641/640
f 641/642/641 640/641/640 642/643/642
f 643/644/643 641/642/641 642/643/642
f 643/644/643 642/643/642 644/645/644
f 645/646/645 643/644/643 644/645/644
f 645/646/645 644/645/644 646/647/646
f 647/648/647 645/646/645 646/647/646
f 647/648/647 646/647/646 648/649/648
f 649/650/649 647/648/647 648/649/648
f 649/650/649 648/649/648 650/651/650
f 651/652/651 649/650/649 650/651/650
f 651/652/651 650/651/650 652/653/652
f 653/654/653 651/652/651 652/653/652
f 653/654/653 652/653/652 654/655/654
f 655/656/655 653/654/653 654/655/654
f 655/656/655 654/655/654 656/657/656
f 657/658/657 655/656/655 656/657/656
f 657/658/657 656/657/656 658/659/658
f 659/660/659 657/658/657 658/659/658
f 659/660/659 658/659/658 660/661/660
f 661/662/661 659/660/659 660/661/660
f 661/662/661 660/661/660 662/663/662
f 663/664/663 661/662/661 662/663/662
f 663/664/663 662/663/662 664/665/664
f 665/666/665 663/664/663 664/665/664
f 665/666/665 664/665/664 666/667/666
f 667/668/667 665/666/665 666/667/666
f 667/668/667 666/667/666 668/669/668
f 669/670/669 667/668/667 668/669/668
f 669/670/669 668/669/668 670/671/670
f 671/672/671 669/670/669 670/671/670
f 671/672/671 670/671/670 672/673/672
f 673/674/673 671/672/671 672/673/672
f 673/674/673 672/673/672 674/675/674
f 675/676/675 673/674/673 674/675/674
f 675/676/675 674/675/674 676/677/676
f 677/678/677 675/676/675 676/677/676
f 677/678/677 676/677/676 678/679/678
f 679/680/679 677/678/677 678/679/678
f 679/680/679 678/679/678 680/681/680
f 681/682/681 679/680/679 680/681/680
f 681/682/681 680/681/680 682/683/682
f 683/684/683 681/682/681 682/683/682
f 683/684/683 682/683/682 684/685/684
f 685/686/685 683/684/683 684/685/684
f 685/686/685 684/685/684 686/687/686
f 687/688/687 685/686/685 686/687/686
f 687/688/687 686/687/686 688/689/688
f 689/690/689 687/688/687 688/689/688
f 689/690/689 688/689/688 690/691/690
f 691/692/691 689/690/689 690/691/690
f 691/692/691 690/691/690 692/693/692
f 693/694/693 691/692/691 692/693/692
f 693/694/693 692/693/692 694/695/694
f 695/696/695 693/694/693 694/695/694
f 695/696/695 694/695/694 696/697/696
f 697/698/697 695/696/695 696/697/696
f 697/698/697 696/697/696 698/699/698
f 699/700/699 697/698/697 698/699/698
f 699/700/699 698/699/698 700/701/700
f 701/702/701 699/700/699 700/701/700
f 701/702/701 700/701/700 702/703/702
f 703/704/703 701/702/701 702/703/702
f 703/704/703 702/703/702 704/705/704
f 705/706/705 703/704/703 704/705/704
f 705/706/705 704/705/704 706/707/706
f 707/708/707 705/706/705 706/707/706
f 707/708/707 706/707/706 708/709/708
f 709/710/709 707/708/707 708/709/708
f 709/710/709 708/709/708 710/711/710
f 711/712/711 709/710/709 710/711/710
f 711/712/711 710/711/710 712/713/712
f 713/714/713 711/712/711 712/713/712
f 713/714/713 712/713/712 714/715/714
f 715/716/715 713/714/713 714/715/714
f 715/716/715 714/715/714 716/717/716
f 717/718/717 715/716/715 716/717/716
f 717/718/717 716/717/716 718/719/718
f 719/720/719 717/718/717 718/719/718
f 719/720/719 718/719/718 720/721/720
f 721/722/721 719/720/719 720/721/720
f 721/722/721 720/721/720 722/723/722
f 723/724/723 721/722/721 722/723/722
f 723/724/723 722/723/722 724/725/724
f 5/5/5 725/726/725 726/727/726
f 379/379/379 727/728/727 728/729/728
f 379/379/379 728/729/728 729/730/729
f 729/730/729 728/729/728 730/731/730
f 729/730/729 730/731/730 731/732/731
f 13/13/13 11/11/11 732/733/732
f 13/13/13 732/733/732 733/734/733
f 15/15/15 13/13/13 733/734/733
f 15/15/15 733/734/733 734/735/734
f 17/17/17 15/15/15 734/735/734
f 17/17/17 734/735/734 735/736/735
f 19/19/19 17/17/17 735/736/735
f 19/19/19 735/736/735 736/737/736
f 21/21/21 19/19/19 736/737/736
f 21/21/21 736/737/736 737/738/737
f 23/23/23 21/21/21 737/738/737
f 23/23/23 737/738/737 738/739/738
f 25/25/25 23/23/23 738/739/738
f 25/25/25 738/739/738 739/740/739
f 27/27/27 25/25/25 739/740/739
f 27/27/27 739/740/739 740/741/740
f 29/29/29 27/27/27 740/741/740
f 29/29/29 740/741/740 741/742/741
f 31/31/31 29/29/29 741/742/741
f 31/31/31 741/742/741 742/743/742
f 33/33/33 31/31/31 742/743/742
f 33/33/33 742/743/742 743/744/743
f 35/35/35 33/33/33 743/744/743
f 35/35/35 743/744/743 744/745/744
f 37/37/37 35/35/35 744/745/744
f 37/37/37 744/745/744 745/746/745
f 39/39/39 37/37/37 745/746/745
f 39/39/39 745/746/745 746/747/746
f 41/41/41 39/39/39 746/747/746
f 41/41/41 746/747/746 747/748/747
f 43/43/43 41/41/41 747/748/747
f 43/43/43 747/748/747 748/749/748
f 45/45/45 43/43/43 748/749/748
f 45/45/45 748/749/748 749/750/749
f 47/47/47 45/45/45 749/750/749
f 47/47/47 749/750/749 750/751/750
f 49/49/49 47/47/47 750/751/750
f 49/49/49 750/751/750 751/752/751
f 51/51/51 49/49/49 751/752/751
f 51/51/51 751/752/751 752/753/752
f 53/53/53 51/51/51 752/753/752
f 53/53/53 752/753/752 753/754/753
f 55/55/55 53/53/53 753/754/753
f 55/55/55 753/754/753 754/755/754
f 57/57/57 55/55/55 754/755/754
f 57/57/57 754/755/754 755/756/755
f 59/59/59 57/57/57 755/756/755
f 59/59/59 755/756/755 756/757/756
f 61/61/61 59/59/59 756/757/756
f 61/61/61 756/757/756 757/758/757
f 63/63/63 61/61/61 757/758/757
f 63/63/63 757/758/757 758/759/758
f 65/65/65 63/63/63 758/759/758
f 65/65/65 758/759/758 759/760/759
f 67/67/67 65/65/65 759/760/759
f 67/67/67 759/760/759 760/761/760
f 69/69/69 67/67/67 760/761/760
f 69/69/69 760/761/760 761/762/761
f 71/71/71 69/69/69 761/762/761
f 71/71/71 761/762/761 762/763/762
f 73/73/73 71/71/71 762/763/762
f 73/73/73 762/763/762 763/764/763
f 75/75/75 73/73/73 763/764/763
f 75/75/75 763/764/763 764/765/764
f 77/77/77 75/75/75 764/765/764
f 77/77/77 764/765/764 765/766/765
f 79/79/79 77/77/77 765/766/765
f 79/79/79 765/766/765 766/767/766
f 81/81/81 79/79/79 766/767/766
f 81/81/81 766/767/766 767/768/767
f 83/83/83 81/81/81 767/768/767
f 83/83/83 767/768/767 768/769/768
f 85/85/85 83/83/83 768/769/768
f 85/85/85 768/769/768 769/770/769
f 87/87/87 85/85/85 769/770/769
f 87/87/87 769/770/769 770/771/770
f 89/89/89 87/87/87 770/771/770
f 89/89/89 770/771/770 771/772/771
f 91/91/91 89/89/89 771/772/771
f 91/91/91 771/772/771 772/773/772
f 93/93/93 91/91/91 772/773/772
f 93/93/93 772/773/772 773/774/773
f 95/95/95 93/93/93 773/774/773
f 95/95/95 773/774/773 774/775/774
f 97/97/97 95/95/95 774/775/774
f 97/97/97 774/775/774 775/776/775
f 99/99/99 97/97/97 775/776/775
f 99/99/99 775/776/775 776/777/776
f 101/101/101 99/99/99 776/777/776
f 101/101/101 776/777/776 777/778/777
f 103/103/103 101/101/101 777/778/777
f 103/103/103 777/778/777 778/779/778
f 105/105/105 103/103/103 778/779/778
f 105/105/105 778/779/778 779/780/779
f 107/107/107 105/105/105 779/780/779
f 107/107/107 779/780/779 780/781/780
f 109/109/109 107/107/107 780/781/780
f 109/109/109 780/781/780 781/782/781
f 111/111/111 109/109/109 781/782/781
f 111/111/111 781/782/781 782/783/782
f 113/113/113 111/111/111 782/783/782
f 113/113/113 782/783/782 783/784/783
f 115/115/115 113/113/113 783/784/783
f 115/115/115 783/784/783 784/785/784
f 117/117/117 115/115/115 784/785/784
f 117/117/117 784/785/784 785/786/785
f 119/119/119 117/117/117 785/786/785
f 119/119/119 785/786/785 786/787/786
f 121/121/121 119/119/119 786/787/786
f 121/121/121 786/787/786 787/788/787
f 123/123/123 121/121/121 787/788/787
f 123/123/123 787/788/787 788/789/788
f 125/125/125 123/123/123 788/789/788
f 125/125/125 788/789/788 789/790/789
f 127/127/127 125/125/125 789/790/789
f 127/127/127 789/790/789 790/791/790
f 129/129/129 127/127/127 790/791/790
f 129/129/129 790/791/790 791/792/791
f 131/131/131 129/129/129 791/792/791
f 131/131/131 791/792/791 792/793/792
f 133/133/133 131/131/131 792/793/792
f 133/133/133 792/793/792 793/794/793
f 135/135/135 133/133/133 793/794/793
f 135/135/135 793/794/793 794/795/794
f 137/137/137 135/135/135 794/795/794
f 137/137/137 794/795/794 795/796/795
f 139/139/139 137/137/137 795/796/795
f 139/139/139 795/796/795 796/797/796
f 141/141/141 139/139/139 796/797/796
f 141/141/141 796/797/796 797/798/797
f 143/143/143 141/141/141 797/798/797
f 143/143/143 797/798/797 798/799/798
f 145/145/145 143/143/143 798/799/798
f 145/145/145 798/799/798 799/800/799
f 147/147/147 145/145/145 799/800/799
f 147/147/147 799/800/799 800/801/800
f 149/149/149 147/147/147 800/801/800
f 149/149/149 800/801/800 801/802/801
f 151/151/151 149/149/149 801/802/801
f 151/151/151 801/802/801 802/803/802
f 153/153/153 151/151/151 802/803/802
f 153/153/153 802/803/802 803/804/803
f 155/155/155 153/153/153 803/804/803
f 155/155/155 803/804/803 804/805/804
f 157/157/157 155/155/155 804/805/804
f 157/157/157 804/805/804 805/806/805
f 159/159/159 157/157/157 805/806/805
f 159/159/159 805/806/805 806/807/806
f 161/161/161 159/159/159 806/807/806
f 161/161/161 806/807/806 807/808/807
f 163/163/163 161/161/161 807/808/807
f 163/163/163 807/808/807 808/809/808
f 165/165/165 163/163/163 808/809/808
f 165/165/165 808/809/808 809/810/809
f 167/167/167 165/165/165 809/810/809
f 167/167/167 809/810/809 810/811/810
f 169/169/169 167/167/167 810/811/810
f 169/169/169 810/811/810 811/812/811
f 171/171/171 169/169/169 811/812/811
f 171/171/171 811/812/811 812/813/812
f 173/173/173 171/171/171 812/813/812
f 173/173/173 812/813/812 813/814/813
f 175/175/175 173/173/173 813/814/813
f 175/175/175 813/814/813 814/815/814
f 177/177/177 175/175/175 814/815/814
f 177/177/177 814/815/814 815/816/815
f 179/179/179 177/177/177 815/816/815
f 179/179/179 815/816/815 816/817/816
f 817/818/817 179/179/179 816/817/816
f 727/728/727 366/366/366 2/2/2
f 727/728/727 2/2/2 728/729/728
f 818/819/818 819/820/819 186/186/186
f 10/10/10 185/185/185 820/821/820
f 10/10/10 820/821/820 821/822/821
f 728/729/728 2/2/2 1/1/1
f 728/729/728 1/1/1 730/731/730
f 378/378/378 190/190/190 727/728/727
f 378/378/378 727/728/727 379/379/379
f 380/380/380 379/379/379 729/730/729
f 380/380/380 729/730/729 822/823/822
f 382/382/382 380/380/380 822/823/822
f 382/382/382 822/823/822 823/824/823
f 384/384/384 382/382/382 823/824/823
f 384/384/384 823/824/823 824/825/824
f 386/386/386 384/384/384 824/825/824
f 386/386/386 824/825/824 825/826/825
f 388/388/388 386/386/386 825/826/825
f 388/388/388 825/826/825 826/827/826
f 390/390/390 388/388/388 826/827/826
f 390/390/390 826/827/826 827/828/827
f 392/392/392 390/390/390 827/828/827
f 392/392/392 827/828/827 828/829/828
f 394/394/394 392/392/392 828/829/828
f 394/394/394 828/829/828 829/830/829
f 396/396/396 394/394/394 829/830/829
f 396/396/396 829/830/829 830/831/830
f 398/398/398 396/396/396 830/831/830
f 398/398/398 830/831/830 831/832/831
f 400/400/400 398/398/398 831/832/831
f 400/400/400 831/832/831 832/833/832
f 402/402/402 400/400/400 832/833/832
f 402/402/402 832/833/832 833/834/833
f 404/404/404 402/402/402 833/834/833
f 404/404/404 833/834/833 834/835/834
f 406/406/406 404/404/404 834/835/834
f 406/406/406 834/835/834 835/836/835
f 408/408/408 406/406/406 835/836/835
f 408/408/408 835/836/835 836/837/836
f 410/410/410 408/408/408 836/837/836
f 410/410/410 836/837/836 837/838/837
f 412/412/412 410/410/410 837/838/837
f 412/412/412 837/838/837 838/839/838
f 414/414/414 412/412/412 838/839/838
f 414/414/414 838/839/838 839/840/839
f 416/416/416 414/414/414 839/840/839
f 416/416/416 839/840/839 840/841/840
f 418/418/418 416/416/416 840/841/840
f 418/418/418 840/841/840 841/842/841
f 420/420/420 418/418/418 841/842/841
f 420/420/420 841/842/841 842/843/842
f 422/422/422 420/420/420 842/843/842
f 422/422/422 842/843/842 843/844/843
f 424/424/424 422/422/422 843/844/843
f 424/424/424 843/844/843 844/845/844
f 426/426/426 424/424/424 844/845/844
f 426/426/426 844/845/844 845/846/845
f 428/428/428 426/426/426 845/846/845
f 428/428/428 845/846/845 846/847/846
f 430/430/430 428/428/428 846/847/846
f 430/430/430 846/847/846 847/848/847
f 432/432/432 430/430/430 847/848/847
f 432/432/432 847/848/847 848/849/848
f 434/434/434 432/432/432 848/849/848
f 434/434/434 848/849/848 849/850/849
f 436/436/436 434/434/434 849/850/849
f 436/436/436 849/850/849 850/851/850
f 438/438/438 436/436/436 850/851/850
f 438/438/438 850/851/850 851/852/851
f 440/440/440 438/438/438 851/852/851
f 440/440/440 851/852/851 852/853/852
f 442/442/442 440/440/440 852/853/852
f 442/442/442 852/853/852 853/854/853
f 444/444/444 442/442/442 853/854/853
f 444/444/444 853/854/853 854/855/854
f 446/446/446 444/444/444 854/855/854
f 446/446/446 854/855/854 855/856/855
f 448/448/448 446/446/446 855/856/855
f 448/448/448 855/856/855 856/857/856
f 450/450/450 448/448/448 856/857/856
f 450/450/450 856/857/856 857/858/857
f 452/452/452 450/450/450 857/858/857
f 452/452/452 857/858/857 858/859/858
f 454/454/454 452/452/452 858/859/858
f 454/454/454 858/859/858 859/860/859
f 456/456/456 454/454/454 859/860/859
f 456/456/456 859/860/859 860/861/860
f 458/458/458 456/456/456 860/861/860
f 458/458/458 860/861/860 861/862/861
f 460/460/460 458/458/458 861/862/861
f 460/460/460 861/862/861 862/863/862
f 462/462/462 460/460/460 862/863/862
f 462/462/462 862/863/862 863/864/863
f 464/464/464 462/462/462 863/864/863
f 464/464/464 863/864/863 864/865/864
f 466/466/466 464/464/464 864/865/864
f 466/466/466 864/865/864 865/866/865
f 468/468/468 466/466/466 865/866/865
f 468/468/468 865/866/865 866/867/866
f 470/470/470 468/468/468 866/867/866
f 470/470/470 866/867/866 867/868/867
f 472/472/472 470/470/470 867/868/867
f 472/472/472 867/868/867 868/869/868
f 474/474/474 472/472/472 868/869/868
f 474/474/474 868/869/868 869/870/869
f 476/476/476 474/474/474 869/870/869
f 476/476/476 869/870/869 870/871/870
f 478/478/478 476/476/476 870/871/870
f 478/478/478 870/871/870 871/872/871
f 480/480/480 478/478/478 871/872/871
f 480/480/480 871/872/871 872/873/872
f 482/482/482 480/480/480 872/873/872
f 482/482/482 872/873/872 873/874/873
f 484/484/484 482/482/482 873/874/873
f 484/484/484 873/874/873 874/875/874
f 486/486/486 484/484/484 874/875/874
f 486/486/486 874/875/874 875/876/875
f 488/488/488 486/486/486 875/876/875
f 488/488/488 875/876/875 876/877/876
f 490/490/490 488/488/488 876/877/876
f 490/490/490 876/877/876 877/878/877
f 492/492/492 490/490/490 877/878/877
f 492/492/492 877/878/877 878/879/878
f 494/494/494 492/492/492 878/879/878
f 494/494/494 878/879/878 879/880/879
f 496/496/496 494/494/494 879/880/879
f 496/496/496 879/880/879 880/881/880
f 498/498/498 496/496/496 880/881/880
f 498/498/498 880/881/880 881/882/881
f 500/500/500 498/498/498 881/882/881
f 500/500/500 881/882/881 882/883/882
f 502/502/502 500/500/500 882/883/882
f 502/502/502 882/883/882 883/884/883
f 504/504/504 502/502/502 883/884/883
f 504/504/504 883/884/883 884/885/884
f 506/506/506 504/504/504 884/885/884
f 506/506/506 884/885/884 885/886/885
f 508/508/508 506/506/506 885/886/885
f 508/508/508 885/886/885 886/887/886
f 510/510/510 508/508/508 886/887/886
f 510/510/510 886/887/886 887/888/887
f 512/512/512 510/510/510 887/888/887
f 512/512/512 887/888/887 888/889/888
f 514/514/514 512/512/512 888/889/888
f 514/514/514 888/889/888 889/890/889
f 516/516/516 514/514/514 889/890/889
f 516/516/516 889/890/889 890/891/890
f 518/518/518 516/516/516 890/891/890
f 518/518/518 890/891/890 891/892/891
f 520/520/520 518/518/518 891/892/891
f 520/520/520 891/892/891 892/893/892
f 522/522/522 520/520/520 892/893/892
f 522/522/522 892/893/892 893/894/893
f 524/524/524 522/522/522 893/894/893
f 524/524/524 893/894/893 894/895/894
f 526/526/526 524/524/524 894/895/894
f 526/526/526 894/895/894 895/896/895
f 528/528/528 526/526/526 895/896/895
f 528/528/528 895/896/895 896/897/896
f 530/530/530 528/528/528 896/897/896
f 530/530/530 896/897/896 897/898/897
f 532/532/532 530/530/530 897/898/897
f 532/532/532 897/898/897 898/899/898
f 534/534/534 532/532/532 898/899/898
f 534/534/534 898/899/898 899/900/899
f 536/536/536 534/534/534 899/900/899
f 536/536/536 899/900/899 900/901/900
f 538/538/538 536/536/536 900/901/900
f 538/538/538 900/901/900 901/902/901
f 540/540/540 538/538/538 901/902/901
f 540/540/540 901/902/901 902/903/902
f 542/542/542 540/540/540 902/903/902
f 542/542/542 902/903/902 903/904/903
f 544/544/544 542/542/542 903/904/903
f 544/544/544 903/904/903 904/905/904
f 546/546/546 544/544/544 904/905/904
f 546/546/546 904/905/904 905/906/905
f 548/548/548 546/546/546 905/906/905
f 548/548/548 905/906/905 906/907/906
f 907/908/907 548/548/548 906/907/906
f 724/725/724 178/178/178 180/180/180
f 365/365/365 364/364/364 908/909/908
f 6/6/6 5/5/5 909/910/909
f 732/733/732 821/822/821 910/911/910
f 732/733/732 910/911/910 911/912/911
f 554/913/554 550/914/550 9/9/9
f 554/913/554 9/9/9 8/8/8
f 556/915/556 554/913/554 8/8/8
f 556/915/556 8/8/8 12/12/12
f 558/916/558 556/915/556 12/12/12
f 558/916/558 12/12/12 14/14/14
f 560/917/560 558/916/558 14/14/14
f 560/917/560 14/14/14 16/16/16
f 562/918/562 560/917/560 16/16/16
f 562/918/562 16/16/16 18/18/18
f 564/919/564 562/918/562 18/18/18
f 564/919/564 18/18/18 20/20/20
f 566/920/566 564/919/564 20/20/20
f 566/920/566 20/20/20 22/22/22
f 568/921/568 566/920/566 22/22/22
f 568/921/568 22/22/22 24/24/24
f 570/922/570 568/921/568 24/24/24
f 570/922/570 24/24/24 26/26/26
f 572/923/572 570/922/570 26/26/26
f 572/923/572 26/26/26 28/28/28
f 574/924/574 572/923/572 28/28/28
f 574/924/574 28/28/28 30/30/30
f 576/925/576 574/924/574 30/30/30
f 576/925/576 30/30/30 32/32/32
f 578/926/578 576/925/576 32/32/32
f 578/926/578 32/32/32 34/34/34
f 580/927/580 578/926/578 34/34/34
f 580/927/580 34/34/34 36/36/36
f 582/928/582 580/927/580 36/36/36
f 582/928/582 36/36/36 38/38/38
f 584/929/584 582/928/582 38/38/38
f 584/929/584 38/38/38 40/40/40
f 586/930/586 584/929/584 40/40/40
f 586/930/586 40/40/40 42/42/42
f 588/931/588 586/930/586 42/42/42
f 588/931/588 42/42/42 44/44/44
f 590/932/590 588/931/588 44/44/44
f 590/932/590 44/44/44 46/46/46
f 592/933/592 590/932/590 46/46/46
f 592/933/592 46/46/46 48/48/48
f 594/934/594 592/933/592 48/48/48
f 594/934/594 48/48/48 50/50/50
f 596/935/596 594/934/594 50/50/50
f 596/935/596 50/50/50 52/52/52
f 598/936/598 596/935/596 52/52/52
f 598/936/598 52/52/52 54/54/54
f 600/937/600 598/936/598 54/54/54
f 600/937/600 54/54/54 56/56/56
f 602/938/602 600/937/600 56/56/56
f 602/938/602 56/56/56 58/58/58
f 604/939/604 602/938/602 58/58/58
f 604/939/604 58/58/58 60/60/60
f 606/940/606 604/939/604 60/60/60
f 606/940/606 60/60/60 62/62/62
f 608/941/608 606/940/606 62/62/62
f 608/941/608 62/62/62 64/64/64
f 610/942/610 608/941/608 64/64/64
f 610/942/610 64/64/64 66/66/66
f 612/943/612 610/942/610 66/66/66
f 612/943/612 66/66/66 68/68/68
f 614/944/614 612/943/612 68/68/68
f 614/944/614 68/68/68 70/70/70
f 616/945/616 614/944/614 70/70/70
f 616/945/616 70/70/70 72/72/72
f 618/946/618 616/945/616 72/72/72
f 618/946/618 72/72/72 74/74/74
f 620/947/620 618/946/618 74/74/74
f 620/947/620 74/74/74 76/76/76
f 622/948/622 620/947/620 76/76/76
f 622/948/622 76/76/76 78/78/78
f 624/949/624 622/948/622 78/78/78
f 624/949/624 78/78/78 80/80/80
f 626/950/626 624/949/624 80/80/80
f 626/950/626 80/80/80 82/82/82
f 628/951/628 626/950/626 82/82/82
f 628/951/628 82/82/82 84/84/84
f 630/952/630 628/951/628 84/84/84
f 630/952/630 84/84/84 86/86/86
f 632/953/632 630/952/630 86/86/86
f 632/953/632 86/86/86 88/88/88
f 634/954/634 632/953/632 88/88/88
f 634/954/634 88/88/88 90/90/90
f 636/955/636 634/954/634 90/90/90
f 636/955/636 90/90/90 92/92/92
f 638/956/638 636/955/636 92/92/92
f 638/956/638 92/92/92 94/94/94
f 640/957/640 638/956/638 94/94/94
f 640/957/640 94/94/94 96/96/96
f 642/958/642 640/957/640 96/96/96
f 642/958/642 96/96/96 98/98/98
f 644/959/644 642/958/642 98/98/98
f 644/959/644 98/98/98 100/100/100
f 646/960/646 644/959/644 100/100/100
f 646/960/646 100/100/100 102/102/102
f 648/961/648 646/960/646 102/102/102
f 648/961/648 102/102/102 104/104/104
f 650/962/650 648/961/648 104/104/104
f 650/962/650 104/104/104 106/106/106
f 652/963/652 650/962/650 106/106/106
f 652/963/652 106/106/106 108/108/108
f 654/964/654 652/963/652 108/108/108
f 654/964/654 108/108/108 110/110/110
f 656/965/656 654/964/654 110/110/110
f 656/965/656 110/110/110 112/112/112
f 658/966/658 656/965/656 112/112/112
f 658/966/658 112/112/112 114/114/114
f 660/967/660 658/966/658 114/114/114
f 660/967/660 114/114/114 116/116/116
f 662/968/662 660/967/660 116/116/116
f 662/968/662 116/116/116 118/118/118
f 664/969/664 662/968/662 118/118/118
f 664/969/664 118/118/118 120/120/120
f 666/970/666 664/969/664 120/120/120
f 666/970/666 120/120/120 122/122/122
f 668/971/668 666/970/666 122/122/122
f 668/971/668 122/122/122 124/124/124
f 670/972/670 668/971/668 124/124/124
f 670/972/670 124/124/124 126/126/126
f 672/973/672 670/972/670 126/126/126
f 672/973/672 126/126/126 128/128/128
f 674/974/674 672/973/672 128/128/128
f 674/974/674 128/128/128 130/130/130
f 676/975/676 674/974/674 130/130/130
f 676/975/676 130/130/130 132/132/132
f 678/976/678 676/975/676 132/132/132
f 678/976/678 132/132/132 134/134/134
f 680/977/680 678/976/678 134/134/134
f 680/977/680 134/134/134 136/136/136
f 682/978/682 680/977/680 136/136/136
f 682/978/682 136/136/136 138/138/138
f 684/979/684 682/978/682 138/138/138
f 684/979/684 138/138/138 140/140/140
f 686/980/686 684/979/684 140/140/140
f 686/980/686 140/140/140 142/142/142
f 688/981/688 686/980/686 142/142/142
f 688/981/688 142/142/142 144/144/144
f 690/982/690 688/981/688 144/144/144
f 690/982/690 144/144/144 146/146/146
f 692/983/692 690/982/690 146/146/146
f 692/983/692 146/146/146 148/148/148
f 694/984/694 692/983/692 148/148/148
f 694/984/694 148/148/148 150/150/150
f 696/985/696 694/984/694 150/150/150
f 696/985/696 150/150/150 152/152/152
f 698/986/698 696/985/696 152/152/152
f 698/986/698 152/152/152 154/154/154
f 700/987/700 698/986/698 154/154/154
f 700/987/700 154/154/154 156/156/156
f 702/988/702 700/987/700 156/156/156
f 702/988/702 156/156/156 158/158/158
f 704/989/704 702/988/702 158/158/158
f 704/989/704 158/158/158 160/160/160
f 706/990/706 704/989/704 160/160/160
f 706/990/706 160/160/160 162/162/162
f 708/991/708 706/990/706 162/162/162
f 708/991/708 162/162/162 164/164/164
f 710/992/710 708/991/708 164/164/164
f 710/992/710 164/164/164 166/166/166
f 712/993/712 710/992/710 166/166/166
f 712/993/712 166/166/166 168/168/168
f 714/994/714 712/993/712 168/168/168
f 714/994/714 168/168/168 170/170/170
f 716/995/716 714/994/714 170/170/170
f 716/995/716 170/170/170 172/172/172
f 718/996/718 716/995/716 172/172/172
f 718/996/718 172/172/172 174/174/174
f 720/997/720 718/996/718 174/174/174
f 720/997/720 174/174/174 176/176/176
f 722/723/722 720/997/720 176/176/176
f 722/723/722 176/176/176 178/178/178
f 724/725/724 722/723/722 178/178/178
f 190/190/190 189/189/189 366/366/366
f 190/190/190 366/366/366 727/728/727
f 821/822/821 820/821/820 4/4/4
f 821/822/821 4/4/4 910/911/910
f 911/912/911 910/911/910 912/998/912
f 911/912/911 912/998/912 913/999/913
f 914/1000/914 911/912/911 913/999/913
f 914/1000/914 913/999/913 915/1001/915
f 916/1002/916 914/1000/914 915/1001/915
f 916/1002/916 915/1001/915 917/1003/917
f 918/1004/918 916/1002/916 917/1003/917
f 918/1004/918 917/1003/917 919/1005/919
f 920/1006/920 918/1004/918 919/1005/919
f 920/1006/920 919/1005/919 921/1007/921
f 922/1008/922 920/1006/920 921/1007/921
f 922/1008/922 921/1007/921 923/1009/923
f 924/1010/924 922/1008/922 923/1009/923
f 924/1010/924 923/1009/923 925/1011/925
f 926/1012/926 924/1010/924 925/1011/925
f 926/1012/926 925/1011/925 927/1013/927
f 928/1014/928 926/1012/926 927/1013/927
f 928/1014/928 927/1013/927 929/1015/929
f 930/1016/930 928/1014/928 929/1015/929
f 930/1016/930 929/1015/929 931/1017/931
f 932/1018/932 930/1016/930 931/1017/931
f 932/1018/932 931/1017/931 933/1019/933
f 934/1020/934 932/1018/932 933/1019/933
f 934/1020/934 933/1019/933 935/1021/935
f 936/1022/936 934/1020/934 935/1021/935
f 936/1022/936 935/1021/935 937/1023/937
f 938/1024/938 936/1022/936 937/1023/937
f 938/1024/938 937/1023/937 939/1025/939
f 940/1026/940 938/1024/938 939/1025/939
f 940/1026/940 939/1025/939 941/1027/941
f 942/1028/942 940/1026/940 941/1027/941
f 942/1028/942 941/1027/941 943/1029/943
f 944/1030/944 942/1028/942 943/1029/943
f 944/1030/944 943/1029/943 945/1031/945
f 946/1032/946 944/1030/944 945/1031/945
f 946/1032/946 945/1031/945 947/1033/947
f 948/1034/948 946/1032/946 947/1033/947
f 948/1034/948 947/1033/947 949/1035/949
f 950/1036/950 948/1034/948 949/1035/949
f 950/1036/950 949/1035/949 951/1037/951
f 952/1038/952 950/1036/950 951/1037/951
f 952/1038/952 951/1037/951 953/1039/953
f 954/1040/954 952/1038/952 953/1039/953
f 954/1040/954 953/1039/953 955/1041/955
f 956/1042/956 954/1040/954 955/1041/955
f 956/1042/956 955/1041/955 957/1043/957
f 958/1044/958 956/1042/956 957/1043/957
f 958/1044/958 957/1043/957 959/1045/959
f 960/1046/960 958/1044/958 959/1045/959
f 960/1046/960 959/1045/959 961/1047/961
f 962/1048/962 960/1046/960 961/1047/961
f 962/1048/962 961/1047/961 963/1049/963
f 964/1050/964 962/1048/962 963/1049/963
f 964/1050/964 963/1049/963 965/1051/965
f 966/1052/966 964/1050/964 965/1051/965
f 966/1052/966 965/1051/965 967/1053/967
f 968/1054/968 966/1052/966 967/1053/967
f 968/1054/968 967/1053/967 969/1055/969
f 970/1056/970 968/1054/968 969/1055/969
f 970/1056/970 969/1055/969 971/1057/971
f 972/1058/972 970/1056/970 971/1057/971
f 972/1058/972 971/1057/971 973/1059/973
f 974/1060/974 972/1058/972 973/1059/973
f 974/1060/974 973/1059/973 975/1061/975
f 976/1062/976 974/1060/974 975/1061/975
f 976/1062/976 975/1061/975 977/1063/977
f 978/1064/978 976/1062/976 977/1063/977
f 978/1064/978 977/1063/977 979/1065/979
f 980/1066/980 978/1064/978 979/1065/979
f 980/1066/980 979/1065/979 981/1067/981
f 982/1068/982 980/1066/980 981/1067/981
f 982/1068/982 981/1067/981 983/1069/983
f 984/1070/984 982/1068/982 983/1069/983
f 984/1070/984 983/1069/983 985/1071/985
f 986/1072/986 984/1070/984 985/1071/985
f 986/1072/986 985/1071/985 987/1073/987
f 988/1074/988 986/1072/986 987/1073/987
f 988/1074/988 987/1073/987 989/1075/989
f 990/1076/990 988/1074/988 989/1075/989
f 990/1076/990 989/1075/989 991/1077/991
f 992/1078/992 990/1076/990 991/1077/991
f 992/1078/992 991/1077/991 993/1079/993
f 994/1080/994 992/1078/992 993/1079/993
f 994/1080/994 993/1079/993 995/1081/995
f 996/1082/996 994/1080/994 995/1081/995
f 996/1082/996 995/1081/995 997/1083/997
f 998/1084/998 996/1082/996 997/1083/997
f 998/1084/998 997/1083/997 999/1085/999
f 1000/1086/1000 998/1084/998 999/1085/999
f 1000/1086/1000 999/1085/999 1001/1087/1001
f 1002/1088/1002 1000/1086/1000 1001/1087/1001
f 1002/1088/1002 1001/1087/1001 1003/1089/1003
f 1004/1090/1004 1002/1088/1002 1003/1089/1003
f 1004/1090/1004 1003/1089/1003 1005/1091/1005
f 1006/1092/1006 1004/1090/1004 1005/1091/1005
f 1006/1092/1006 1005/1091/1005 1007/1093/1007
f 1008/1094/1008 1006/1092/1006 1007/1093/1007
f 1008/1094/1008 1007/1093/1007 1009/1095/1009
f 1010/1096/1010 1008/1094/1008 1009/1095/1009
f 1010/1096/1010 1009/1095/1009 1011/1097/1011
f 1012/1098/1012 1010/1096/1010 1011/1097/1011
f 1012/1098/1012 1011/1097/1011 1013/1099/1013
f 1014/1100/1014 1012/1098/1012 1013/1099/1013
f 1014/1100/1014 1013/1099/1013 1015/1101/1015
f 1016/1102/1016 1014/1100/1014 1015/1101/1015
f 1016/1102/1016 1015/1101/1015 1017/1103/1017
f 1018/1104/1018 1016/1102/1016 1017/1103/1017
f 1018/1104/1018 1017/1103/1017 1019/1105/1019
f 1020/1106/1020 1018/1104/1018 1019/1105/1019
f 1020/1106/1020 1019/1105/1019 1021/1107/1021
f 1022/1108/1022 1020/1106/1020 1021/1107/1021
f 1022/1108/1022 1021/1107/1021 1023/1109/1023
f 1024/1110/1024 1022/1108/1022 1023/1109/1023
f 1024/1110/1024 1023/1109/1023 1025/1111/1025
f 1026/1112/1026 1024/1110/1024 1025/1111/1025
f 1026/1112/1026 1025/1111/1025 1027/1113/1027
f 1028/1114/1028 1026/1112/1026 1027/1113/1027
f 1028/1114/1028 1027/1113/1027 1029/1115/1029
f 1030/1116/1030 1028/1114/1028 1029/1115/1029
f 1030/1116/1030 1029/1115/1029 1031/1117/1031
f 1032/1118/1032 1030/1116/1030 1031/1117/1031
f 1032/1118/1032 1031/1117/1031 1033/1119/1033
f 1034/1120/1034 1032/1118/1032 1033/1119/1033
f 1034/1120/1034 1033/1119/1033 1035/1121/1035
f 1036/1122/1036 1034/1120/1034 1035/1121/1035
f 1036/1122/1036 1035/1121/1035 1037/1123/1037
f 1038/1124/1038 1036/1122/1036 1037/1123/1037
f 1038/1124/1038 1037/1123/1037 1039/1125/1039
f 1040/1126/1040 1038/1124/1038 1039/1125/1039
f 1040/1126/1040 1039/1125/1039 1041/1127/1041
f 1042/1128/1042 1040/1126/1040 1041/1127/1041
f 1042/1128/1042 1041/1127/1041 1043/1129/1043
f 1044/1130/1044 1042/1128/1042 1043/1129/1043
f 1044/1130/1044 1043/1129/1043 1045/1131/1045
f 1046/1132/1046 1044/1130/1044 1045/1131/1045
f 1046/1132/1046 1045/1131/1045 1047/1133/1047
f 1048/1134/1048 1046/1132/1046 1047/1133/1047
f 1048/1134/1048 1047/1133/1047 1049/1135/1049
f 1050/1136/1050 1048/1134/1048 1049/1135/1049
f 1050/1136/1050 1049/1135/1049 1051/1137/1051
f 1052/1138/1052 1050/1136/1050 1051/1137/1051
f 1052/1138/1052 1051/1137/1051 1053/1139/1053
f 1054/1140/1054 1052/1138/1052 1053/1139/1053
f 1054/1140/1054 1053/1139/1053 1055/1141/1055
f 1056/1142/1056 1054/1140/1054 1055/1141/1055
f 1056/1142/1056 1055/1141/1055 1057/1143/1057
f 1058/1144/1058 1056/1142/1056 1057/1143/1057
f 1058/1144/1058 1057/1143/1057 1059/1145/1059
f 1060/1146/1060 1058/1144/1058 1059/1145/1059
f 1060/1146/1060 1059/1145/1059 1061/1147/1061
f 1062/1148/1062 1060/1146/1060 1061/1147/1061
f 1062/1148/1062 1061/1147/1061 1063/1149/1063
f 1064/1150/1064 1062/1148/1062 1063/1149/1063
f 1064/1150/1064 1063/1149/1063 1065/1151/1065
f 1066/1152/1066 1064/1150/1064 1065/1151/1065
f 1066/1152/1066 1065/1151/1065 1067/1153/1067
f 1068/1154/1068 1066/1152/1066 1067/1153/1067
f 1068/1154/1068 1067/1153/1067 1069/1155/1069
f 1070/1156/1070 1068/1154/1068 1069/1155/1069
f 1070/1156/1070 1069/1155/1069 1071/1157/1071
f 1072/1158/1072 1070/1156/1070 1071/1157/1071
f 1072/1158/1072 1071/1157/1071 1073/1159/1073
f 1074/1160/1074 1072/1158/1072 1073/1159/1073
f 1074/1160/1074 1073/1159/1073 1075/1161/1075
f 1076/1162/1076 1074/1160/1074 1075/1161/1075
f 1076/1162/1076 1075/1161/1075 1077/1163/1077
f 1078/1164/1078 1076/1162/1076 1077/1163/1077
f 1078/1164/1078 1077/1163/1077 1079/1165/1079
f 819/820/819 1078/1164/1078 1079/1165/1079
f 819/820/819 1079/1165/1079 187/187/187
f 186/186/186 819/820/819 187/187/187
f 730/731/730 1/1/1 191/191/191
f 730/731/730 191/191/191 373/373/373
f 11/11/11 10/10/10 821/822/821
f 11/11/11 821/822/821 732/733/732
f 374/374/374 370/370/370 551/552/551
f 374/374/374 551/552/551 375/375/375
f 913/999/913 912/998/912 378/378/378
f 913/999/913 378/378/378 377/377/377
f 196/196/196 195/195/195 376/376/376
f 196/196/196 376/376/376 553/554/553
f 915/1001/915 913/999/913 377/377/377
f 915/1001/915 377/377/377 381/381/381
f 198/198/198 196/196/196 553/554/553
f 198/198/198 553/554/553 555/556/555
f 917/1003/917 915/1001/915 381/381/381
f 917/1003/917 381/381/381 383/383/383
f 200/200/200 198/198/198 555/556/555
f 200/200/200 555/556/555 557/558/557
f 919/1005/919 917/1003/917 383/383/383
f 919/1005/919 383/383/383 385/385/385
f 202/202/202 200/200/200 557/558/557
f 202/202/202 557/558/557 559/560/559
f 921/1007/921 919/1005/919 385/385/385
f 921/1007/921 385/385/385 387/387/387
f 204/204/204 202/202/202 559/560/559
f 204/204/204 559/560/559 561/562/561
f 923/1009/923 921/1007/921 387/387/387
f 923/1009/923 387/387/387 389/389/389
f 206/206/206 204/204/204 561/562/561
f 206/206/206 561/562/561 563/564/563
f 925/1011/925 923/1009/923 389/389/389
f 925/1011/925 389/389/389 391/391/391
f 208/208/208 206/206/206 563/564/563
f 208/208/208 563/564/563 565/566/565
f 927/1013/927 925/1011/925 391/391/391
f 927/1013/927 391/391/391 393/393/393
f 210/210/210 208/208/208 565/566/565
f 210/210/210 565/566/565 567/568/567
f 929/1015/929 927/1013/927 393/393/393
f 929/1015/929 393/393/393 395/395/395
f 212/212/212 210/210/210 567/568/567
f 212/212/212 567/568/567 569/570/569
f 931/1017/931 929/1015/929 395/395/395
f 931/1017/931 395/395/395 397/397/397
f 214/214/214 212/212/212 569/570/569
f 214/214/214 569/570/569 571/572/571
f 933/1019/933 931/1017/931 397/397/397
f 933/1019/933 397/397/397 399/399/399
f 216/216/216 214/214/214 571/572/571
f 216/216/216 571/572/571 573/574/573
f 935/1021/935 933/1019/933 399/399/399
f 935/1021/935 399/399/399 401/401/401
f 218/218/218 216/216/216 573/574/573
f 218/218/218 573/574/573 575/576/575
f 937/1023/937 935/1021/935 401/401/401
f 937/1023/937 401/401/401 403/403/403
f 220/220/220 218/218/218 575/576/575
f 220/220/220 575/576/575 577/578/577
f 939/1025/939 937/1023/937 403/403/403
f 939/1025/939 403/403/403 405/405/405
f 222/222/222 220/220/220 577/578/577
f 222/222/222 577/578/577 579/580/579
f 941/1027/941 939/1025/939 405/405/405
f 941/1027/941 405/405/405 407/407/407
f 224/224/224 222/222/222 579/580/579
f 224/224/224 579/580/579 581/582/581
f 943/1029/943 941/1027/941 407/407/407
f 943/1029/943 407/407/407 409/409/409
f 226/226/226 224/224/224 581/582/581
f 226/226/226 581/582/581 583/584/583
f 945/1031/945 943/1029/943 409/409/409
f 945/1031/945 409/409/409 411/411/411
f 228/228/228 226/226/226 583/584/583
f 228/228/228 583/584/583 585/586/585
f 947/1033/947 945/1031/945 411/411/411
f 947/1033/947 411/411/411 413/413/413
f 230/230/230 228/228/228 585/586/585
f 230/230/230 585/586/585 587/588/587
f 949/1035/949 947/1033/947 413/413/413
f 949/1035/949 413/413/413 415/415/415
f 232/232/232 230/230/230 587/588/587
f 232/232/232 587/588/587 589/590/589
f 951/1037/951 949/1035/949 415/415/415
f 951/1037/951 415/415/415 417/417/417
f 234/234/234 232/232/232 589/590/589
f 234/234/234 589/590/589 591/592/591
f 953/1039/953 951/1037/951 417/417/417
f 953/1039/953 417/417/417 419/419/419
f 236/236/236 234/234/234 591/592/591
f 236/236/236 591/592/591 593/594/593
f 955/1041/955 953/1039/953 419/419/419
f 955/1041/955 419/419/419 421/421/421
f 238/238/238 236/236/236 593/594/593
f 238/238/238 593/594/593 595/596/595
f 957/1043/957 955/1041/955 421/421/421
f 957/1043/957 421/421/421 423/423/423
f 240/240/240 238/238/238 595/596/595
f 240/240/240 595/596/595 597/598/597
f 959/1045/959 957/1043/957 423/423/423
f 959/1045/959 423/423/423 425/425/425
f 242/242/242 240/240/240 597/598/597
f 242/242/242 597/598/597 599/600/599
f 961/1047/961 959/1045/959 425/425/425
f 961/1047/961 425/425/425 427/427/427
f 244/244/244 242/242/242 599/600/599
f 244/244/244 599/600/599 601/602/601
f 963/1049/963 961/1047/961 427/427/427
f 963/1049/963 427/427/427 429/429/429
f 246/246/246 244/244/244 601/602/601
f 246/246/246 601/602/601 603/604/603
f 965/1051/965 963/1049/963 429/429/429
f 965/1051/965 429/429/429 431/431/431
f 248/248/248 246/246/246 603/604/603
f 248/248/248 603/604/603 605/606/605
f 967/1053/967 965/1051/965 431/431/431
f 967/1053/967 431/431/431 433/433/433
f 250/250/250 248/248/248 605/606/605
f 250/250/250 605/606/605 607/608/607
f 969/1055/969 967/1053/967 433/433/433
f 969/1055/969 433/433/433 435/435/435
f 252/252/252 250/250/250 607/608/607
f 252/252/252 607/608/607 609/610/609
f 971/1057/971 969/1055/969 435/435/435
f 971/1057/971 435/435/435 437/437/437
f 254/254/254 252/252/252 609/610/609
f 254/254/254 609/610/609 611/612/611
f 973/1059/973 971/1057/971 437/437/437
f 973/1059/973 437/437/437 439/439/439
f 256/256/256 254/254/254 611/612/611
f 256/256/256 611/612/611 613/614/613
f 975/1061/975 973/1059/973 439/439/439
f 975/1061/975 439/439/439 441/441/441
f 258/258/258 256/256/256 613/614/613
f 258/258/258 613/614/613 615/616/615
f 977/1063/977 975/1061/975 441/441/441
f 977/1063/977 441/441/441 443/443/443
f 260/260/260 258/258/258 615/616/615
f 260/260/260 615/616/615 617/618/617
f 979/1065/979 977/1063/977 443/443/443
f 979/1065/979 443/443/443 445/445/445
f 262/262/262 260/260/260 617/618/617
f 262/262/262 617/618/617 619/620/619
f 981/1067/981 979/1065/979 445/445/445
f 981/1067/981 445/445/445 447/447/447
f 264/264/264 262/262/262 619/620/619
f 264/264/264 619/620/619 621/622/621
f 983/1069/983 981/1067/981 447/447/447
f 983/1069/983 447/447/447 449/449/449
f 266/266/266 264/264/264 621/622/621
f 266/266/266 621/622/621 623/624/623
f 985/1071/985 983/1069/983 449/449/449
f 985/1071/985 449/449/449 451/451/451
f 268/268/268 266/266/266 623/624/623
f 268/268/268 623/624/623 625/626/625
f 987/1073/987 985/1071/985 451/451/451
f 987/1073/987 451/451/451 453/453/453
f 270/270/270 268/268/268 625/626/625
f 270/270/270 625/626/625 627/628/627
f 989/1075/989 987/1073/987 453/453/453
f 989/1075/989 453/453/453 455/455/455
f 272/272/272 270/270/270 627/628/627
f 272/272/272 627/628/627 629/630/629
f 991/1077/991 989/1075/989 455/455/455
f 991/1077/991 455/455/455 457/457/457
f 274/274/274 272/272/272 629/630/629
f 274/274/274 629/630/629 631/632/631
f 993/1079/993 991/1077/991 457/457/457
f 993/1079/993 457/457/457 459/459/459
f 276/276/276 274/274/274 631/632/631
f 276/276/276 631/632/631 633/634/633
f 995/1081/995 993/1079/993 459/459/459
f 995/1081/995 459/459/459 461/461/461
f 278/278/278 276/276/276 633/634/633
f 278/278/278 633/634/633 635/636/635
f 997/1083/997 995/1081/995 461/461/461
f 997/1083/997 461/461/461 463/463/463
f 280/280/280 278/278/278 635/636/635
f 280/280/280 635/636/635 637/638/637
f 999/1085/999 997/1083/997 463/463/463
f 999/1085/999 463/463/463 465/465/465
f 282/282/282 280/280/280 637/638/637
f 282/282/282 637/638/637 639/640/639
f 1001/1087/1001 999/1085/999 465/465/465
f 1001/1087/1001 465/465/465 467/467/467
f 284/284/284 282/282/282 639/640/639
f 284/284/284 639/640/639 641/642/641
f 1003/1089/1003 1001/1087/1001 467/467/467
f 1003/1089/1003 467/467/467 469/469/469
f 286/286/286 284/284/284 641/642/641
f 286/286/286 641/642/641 643/644/643
f 1005/1091/1005 1003/1089/1003 469/469/469
f 1005/1091/1005 469/469/469 471/471/471
f 288/288/288 286/286/286 643/644/643
f 288/288/288 643/644/643 645/646/645
f 1007/1093/1007 1005/1091/1005 471/471/471
f 1007/1093/1007 471/471/471 473/473/473
f 290/290/290 288/288/288 645/646/645
f 290/290/290 645/646/645 647/648/647
f 1009/1095/1009 1007/1093/1007 473/473/473
f 1009/1095/1009 473/473/473 475/475/475
f 292/292/292 290/290/290 647/648/647
f 292/292/292 647/648/647 649/650/649
f 1011/1097/1011 1009/1095/1009 475/475/475
f 1011/1097/1011 475/475/475 477/477/477
f 294/294/294 292/292/292 649/650/649
f 294/294/294 649/650/649 651/652/651
f 1013/1099/1013 1011/1097/1011 477/477/477
f 1013/1099/1013 477/477/477 479/479/479
f 296/296/296 294/294/294 651/652/651
f 296/296/296 651/652/651 653/654/653
f 1015/1101/1015 1013/1099/1013 479/479/479
f 1015/1101/1015 479/479/479 481/481/481
f 298/298/298 296/296/296 653/654/653
f 298/298/298 653/654/653 655/656/655
f 1017/1103/1017 1015/1101/1015 481/481/481
f 1017/1103/1017 481/481/481 483/483/483
f 300/300/300 298/298/298 655/656/655
f 300/300/300 655/656/655 657/658/657
f 1019/1105/1019 1017/1103/1017 483/483/483
f 1019/1105/1019 483/483/483 485/485/485
f 302/302/302 300/300/300 657/658/657
f 302/302/302 657/658/657 659/660/659
f 1021/1107/1021 1019/1105/1019 485/485/485
f 1021/1107/1021 485/485/485 487/487/487
f 304/304/304 302/302/302 659/660/659
f 304/304/304 659/660/659 661/662/661
f 1023/1109/1023 1021/1107/1021 487/487/487
f 1023/1109/1023 487/487/487 489/489/489
f 306/306/306 304/304/304 661/662/661
f 306/306/306 661/662/661 663/664/663
f 1025/1111/1025 1023/1109/1023 489/489/489
f 1025/1111/1025 489/489/489 491/491/491
f 308/308/308 306/306/306 663/664/663
f 308/308/308 663/664/663 665/666/665
f 1027/1113/1027 1025/1111/1025 491/491/491
f 1027/1113/1027 491/491/491 493/493/493
f 310/310/310 308/308/308 665/666/665
f 310/310/310 665/666/665 667/668/667
f 1029/1115/1029 1027/1113/1027 493/493/493
f 1029/1115/1029 493/493/493 495/495/495
f 312/312/312 310/310/310 667/668/667
f 312/312/312 667/668/667 669/670/669
f 1031/1117/1031 1029/1115/1029 495/495/495
f 1031/1117/1031 495/495/495 497/497/497
f 314/314/314 312/312/312 669/670/669
f 314/314/314 669/670/669 671/672/671
f 1033/1119/1033 1031/1117/1031 497/497/497
f 1033/1119/1033 497/497/497 499/499/499
f 316/316/316 314/314/314 671/672/671
f 316/316/316 671/672/671 673/674/673
f 1035/1121/1035 1033/1119/1033 499/499/499
f 1035/1121/1035 499/499/499 501/501/501
f 318/318/318 316/316/316 673/674/673
f 318/318/318 673/674/673 675/676/675
f 1037/1123/1037 1035/1121/1035 501/501/501
f 1037/1123/1037 501/501/501 503/503/503
f 320/320/320 318/318/318 675/676/675
f 320/320/320 675/676/675 677/678/677
f 1039/1125/1039 1037/1123/1037 503/503/503
f 1039/1125/1039 503/503/503 505/505/505
f 322/322/322 320/320/320 677/678/677
f 322/322/322 677/678/677 679/680/679
f 1041/1127/1041 1039/1125/1039 505/505/505
f 1041/1127/1041 505/505/505 507/507/507
f 324/324/324 322/322/322 679/680/679
f 324/324/324 679/680/679 681/682/681
f 1043/1129/1043 1041/1127/1041 507/507/507
f 1043/1129/1043 507/507/507 509/509/509
f 326/326/326 324/324/324 681/682/681
f 326/326/326 681/682/681 683/684/683
f 1045/1131/1045 1043/1129/1043 509/509/509
f 1045/1131/1045 509/509/509 511/511/511
f 328/328/328 326/326/326 683/684/683
f 328/328/328 683/684/683 685/686/685
f 1047/1133/1047 1045/1131/1045 511/511/511
f 1047/1133/1047 511/511/511 513/513/513
f 330/330/330 328/328/328 685/686/685
f 330/330/330 685/686/685 687/688/687
f 1049/1135/1049 1047/1133/1047 513/513/513
f 1049/1135/1049 513/513/513 515/515/515
f 332/332/332 330/330/330 687/688/687
f 332/332/332 687/688/687 689/690/689
f 1051/1137/1051 1049/1135/1049 515/515/515
f 1051/1137/1051 515/515/515 517/517/517
f 334/334/334 332/332/332 689/690/689
f 334/334/334 689/690/689 691/692/691
f 1053/1139/1053 1051/1137/1051 517/517/517
f 1053/1139/1053 517/517/517 519/519/519
f 336/336/336 334/334/334 691/692/691
f 336/336/336 691/692/691 693/694/693
f 1055/1141/1055 1053/1139/1053 519/519/519
f 1055/1141/1055 519/519/519 521/521/521
f 338/338/338 336/336/336 693/694/693
f 338/338/338 693/694/693 695/696/695
f 1057/1143/1057 1055/1141/1055 521/521/521
f 1057/1143/1057 521/521/521 523/523/523
f 340/340/340 338/338/338 695/696/695
f 340/340/340 695/696/695 697/698/697
f 1059/1145/1059 1057/1143/1057 523/523/523
f 1059/1145/1059 523/523/523 525/525/525
f 342/342/342 340/340/340 697/698/697
f 342/342/342 697/698/697 699/700/699
f 1061/1147/1061 1059/1145/1059 525/525/525
f 1061/1147/1061 525/525/525 527/527/527
f 344/344/344 342/342/342 699/700/699
f 344/344/344 699/700/699 701/702/701
f 1063/1149/1063 1061/1147/1061 527/527/527
f 1063/1149/1063 527/527/527 529/529/529
f 346/346/346 344/344/344 701/702/701
f 346/346/346 701/702/701 703/704/703
f 1065/1151/1065 1063/1149/1063 529/529/529
f 1065/1151/1065 529/529/529 531/531/531
f 348/348/348 346/346/346 703/704/703
f 348/348/348 703/704/703 705/706/705
f 1067/1153/1067 1065/1151/1065 531/531/531
f 1067/1153/1067 531/531/531 533/533/533
f 350/350/350 348/348/348 705/706/705
f 350/350/350 705/706/705 707/708/707
f 1069/1155/1069 1067/1153/1067 533/533/533
f 1069/1155/1069 533/533/533 535/535/535
f 352/352/352 350/350/350 707/708/707
f 352/352/352 707/708/707 709/710/709
f 1071/1157/1071 1069/1155/1069 535/535/535
f 1071/1157/1071 535/535/535 537/537/537
f 354/354/354 352/352/352 709/710/709
f 354/354/354 709/710/709 711/712/711
f 1073/1159/1073 1071/1157/1071 537/537/537
f 1073/1159/1073 537/537/537 539/539/539
f 356/356/356 354/354/354 711/712/711
f 356/356/356 711/712/711 713/714/713
f 1075/1161/1075 1073/1159/1073 539/539/539
f 1075/1161/1075 539/539/539 541/541/541
f 358/358/358 356/356/356 713/714/713
f 358/358/358 713/714/713 715/716/715
f 1077/1163/1077 1075/1161/1075 541/541/541
f 1077/1163/1077 541/541/541 543/543/543
f 360/360/360 358/358/358 715/716/715
f 360/360/360 715/716/715 717/718/717
f 1079/1165/1079 1077/1163/1077 543/543/543
f 1079/1165/1079 543/543/543 545/545/545
f 362/362/362 360/360/360 717/718/717
f 362/362/362 717/718/717 719/720/719
f 187/187/187 1079/1165/1079 545/545/545
f 187/187/187 545/545/545 547/547/547
f 363/363/363 362/362/362 719/720/719
f 363/363/363 719/720/719 721/722/721
f 188/188/188 187/187/187 547/547/547
f 1080/1166/1080 363/363/363 721/722/721
f 817/818/817 816/817/816 818/819/818
f 907/908/907 906/907/906 1081/1167/1081
f 550/914/550 372/372/372 184/184/184
f 550/914/550 184/184/184 9/9/9
f 368/368/368 551/552/551 1082/1168/1082
f 733/734/733 732/733/732 911/912/911
f 733/734/733 911/912/911 914/1000/914
f 734/735/734 733/734/733 914/1000/914
f 734/735/734 914/1000/914 916/1002/916
f 735/736/735 734/735/734 916/1002/916
f 735/736/735 916/1002/916 918/1004/918
f 736/737/736 735/736/735 918/1004/918
f 736/737/736 918/1004/918 920/1006/920
f 737/738/737 736/737/736 920/1006/920
f 737/738/737 920/1006/920 922/1008/922
f 738/739/738 737/738/737 922/1008/922
f 738/739/738 922/1008/922 924/1010/924
f 739/740/739 738/739/738 924/1010/924
f 739/740/739 924/1010/924 926/1012/926
f 740/741/740 739/740/739 926/1012/926
f 740/741/740 926/1012/926 928/1014/928
f 741/742/741 740/741/740 928/1014/928
f 741/742/741 928/1014/928 930/1016/930
f 742/743/742 741/742/741 930/1016/930
f 742/743/742 930/1016/930 932/1018/932
f 743/744/743 742/743/742 932/1018/932
f 743/744/743 932/1018/932 934/1020/934
f 744/745/744 743/744/743 934/1020/934
f 744/745/744 934/1020/934 936/1022/936
f 745/746/745 744/745/744 936/1022/936
f 745/746/745 936/1022/936 938/1024/938
f 746/747/746 745/746/745 938/1024/938
f 746/747/746 938/1024/938 940/1026/940
f 747/748/747 746/747/746 940/1026/940
f 747/748/747 940/1026/940 942/1028/942
f 748/749/748 747/748/747 942/1028/942
f 748/749/748 942/1028/942 944/1030/944
f 749/750/749 748/749/748 944/1030/944
f 749/750/749 944/1030/944 946/1032/946
f 750/751/750 749/750/749 946/1032/946
f 750/751/750 946/1032/946 948/1034/948
f 751/752/751 750/751/750 948/1034/948
f 751/752/751 948/1034/948 950/1036/950
f 752/753/752 751/752/751 950/1036/950
f 752/753/752 950/1036/950 952/1038/952
f 753/754/753 752/753/752 952/1038/952
f 753/754/753 952/1038/952 954/1040/954
f 754/755/754 753/754/753 954/1040/954
f 754/755/754 954/1040/954 956/1042/956
f 755/756/755 754/755/754 956/1042/956
f 755/756/755 956/1042/956 958/1044/958
f 756/757/756 755/756/755 958/1044/958
f 756/757/756 958/1044/958 960/1046/960
f 757/758/757 756/757/756 960/1046/960
f 757/758/757 960/1046/960 962/1048/962
f 758/759/758 757/758/757 962/1048/962
f 758/759/758 962/1048/962 964/1050/964
f 759/760/759 758/759/758 964/1050/964
f 759/760/759 964/1050/964 966/1052/966
f 760/761/760 759/760/759 966/1052/966
f 760/761/760 966/1052/966 968/1054/968
f 761/762/761 760/761/760 968/1054/968
f 761/762/761 968/1054/968 970/1056/970
f 762/763/762 761/762/761 970/1056/970
f 762/763/762 970/1056/970 972/1058/972
f 763/764/763 762/763/762 972/1058/972
f 763/764/763 972/1058/972 974/1060/974
f 764/765/764 763/764/763 974/1060/974
f 764/765/764 974/1060/974 976/1062/976
f 765/766/765 764/765/764 976/1062/976
f 765/766/765 976/1062/976 978/1064/978
f 766/767/766 765/766/765 978/1064/978
f 766/767/766 978/1064/978 980/1066/980
f 767/768/767 766/767/766 980/1066/980
f 767/768/767 980/1066/980 982/1068/982
f 768/769/768 767/768/767 982/1068/982
f 768/769/768 982/1068/982 984/1070/984
f 769/770/769 768/769/768 984/1070/984
f 769/770/769 984/1070/984 986/1072/986
f 770/771/770 769/770/769 986/1072/986
f 770/771/770 986/1072/986 988/1074/988
f 771/772/771 770/771/770 988/1074/988
f 771/772/771 988/1074/988 990/1076/990
f 772/773/772 771/772/771 990/1076/990
f 772/773/772 990/1076/990 992/1078/992
f 773/774/773 772/773/772 992/1078/992
f 773/774/773 992/1078/992 994/1080/994
f 774/775/774 773/774/773 994/1080/994
f 774/775/774 994/1080/994 996/1082/996
f 775/776/775 774/775/774 996/1082/996
f 775/776/775 996/1082/996 998/1084/998
f 776/777/776 775/776/775 998/1084/998
f 776/777/776 998/1084/998 1000/1086/1000
f 777/778/777 776/777/776 1000/1086/1000
f 777/778/777 1000/1086/1000 1002/1088/1002
f 778/779/778 777/778/777 1002/1088/1002
f 778/779/778 1002/1088/1002 1004/1090/1004
f 779/780/779 778/779/778 1004/1090/1004
f 779/780/779 1004/1090/1004 1006/1092/1006
f 780/781/780 779/780/779 1006/1092/1006
f 780/781/780 1006/1092/1006 1008/1094/1008
f 781/782/781 780/781/780 1008/1094/1008
f 781/782/781 1008/1094/1008 1010/1096/1010
f 782/783/782 781/782/781 1010/1096/1010
f 782/783/782 1010/1096/1010 1012/1098/1012
f 783/784/783 782/783/782 1012/1098/1012
f 783/784/783 1012/1098/1012 1014/1100/1014
f 784/785/784 783/784/783 1014/1100/1014
f 784/785/784 1014/1100/1014 1016/1102/1016
f 785/786/785 784/785/784 1016/1102/1016
f 785/786/785 1016/1102/1016 1018/1104/1018
f 786/787/786 785/786/785 1018/1104/1018
f 786/787/786 1018/1104/1018 1020/1106/1020
f 787/788/787 786/787/786 1020/1106/1020
f 787/788/787 1020/1106/1020 1022/1108/1022
f 788/789/788 787/788/787 1022/1108/1022
f 788/789/788 1022/1108/1022 1024/1110/1024
f 789/790/789 788/789/788 1024/1110/1024
f 789/790/789 1024/1110/1024 1026/1112/1026
f 790/791/790 789/790/789 1026/1112/1026
f 790/791/790 1026/1112/1026 1028/1114/1028
f 791/792/791 790/791/790 1028/1114/1028
f 791/792/791 1028/1114/1028 1030/1116/1030
f 792/793/792 791/792/791 1030/1116/1030
f 792/793/792 1030/1116/1030 1032/1118/1032
f 793/794/793 792/793/792 1032/1118/1032
f 793/794/793 1032/1118/1032 1034/1120/1034
f 794/795/794 793/794/793 1034/1120/1034
f 794/795/794 1034/1120/1034 1036/1122/1036
f 795/796/795 794/795/794 1036/1122/1036
f 795/796/795 1036/1122/1036 1038/1124/1038
f 796/797/796 795/796/795 1038/1124/1038
f 796/797/796 1038/1124/1038 1040/1126/1040
f 797/798/797 796/797/796 1040/1126/1040
f 797/798/797 1040/1126/1040 1042/1128/1042
f 798/799/798 797/798/797 1042/1128/1042
f 798/799/798 1042/1128/1042 1044/1130/1044
f 799/800/799 798/799/798 1044/1130/1044
f 799/800/799 1044/1130/1044 1046/1132/1046
f 800/801/800 799/800/799 1046/1132/1046
f 800/801/800 1046/1132/1046 1048/1134/1048
f 801/802/801 800/801/800 1048/1134/1048
f 801/802/801 1048/1134/1048 1050/1136/1050
f 802/803/802 801/802/801 1050/1136/1050
f 802/803/802 1050/1136/1050 1052/1138/1052
f 803/804/803 802/803/802 1052/1138/1052
f 803/804/803 1052/1138/1052 1054/1140/1054
f 804/805/804 803/804/803 1054/1140/1054
f 804/805/804 1054/1140/1054 1056/1142/1056
f 805/806/805 804/805/804 1056/1142/1056
f 805/806/805 1056/1142/1056 1058/1144/1058
f 806/807/806 805/806/805 1058/1144/1058
f 806/807/806 1058/1144/1058 1060/1146/1060
f 807/808/807 806/807/806 1060/1146/1060
f 807/808/807 1060/1146/1060 1062/1148/1062
f 808/809/808 807/808/807 1062/1148/1062
f 808/809/808 1062/1148/1062 1064/1150/1064
f 809/810/809 808/809/808 1064/1150/1064
f 809/810/809 1064/1150/1064 1066/1152/1066
f 810/811/810 809/810/809 1066/1152/1066
f 810/811/810 1066/1152/1066 1068/1154/1068
f 811/812/811 810/811/810 1068/1154/1068
f 811/812/811 1068/1154/1068 1070/1156/1070
f 812/813/812 811/812/811 1070/1156/1070
f 812/813/812 1070/1156/1070 1072/1158/1072
f 813/814/813 812/813/812 1072/1158/1072
f 813/814/813 1072/1158/1072 1074/1160/1074
f 814/815/814 813/814/813 1074/1160/1074
f 814/815/814 1074/1160/1074 1076/1162/1076
f 815/816/815 814/815/814 1076/1162/1076
f 815/816/815 1076/1162/1076 1078/1164/1078
f 816/817/816 815/816/815 1078/1164/1078
f 816/817/816 1078/1164/1078 819/820/819
f 818/819/818 816/817/816 819/820/819
f 188/188/188 547/547/547 549/549/549
f 1081/1167/1081 1083/1169/1083 181/181/181
f 551/552/551 370/370/370 1084/1170/1084
f 910/911/910 4/4/4 7/7/7
f 910/911/910 7/7/7 912/998/912
f 2/2/2 366/366/366 1085/1171/1085
f 822/823/822 729/730/729 731/732/731
f 822/823/822 731/732/731 1086/1172/1086
f 823/824/823 822/823/822 1086/1172/1086
f 823/824/823 1086/1172/1086 1087/1173/1087
f 824/825/824 823/824/823 1087/1173/1087
f 824/825/824 1087/1173/1087 1088/1174/1088
f 825/826/825 824/825/824 1088/1174/1088
f 825/826/825 1088/1174/1088 1089/1175/1089
f 826/827/826 825/826/825 1089/1175/1089
f 826/827/826 1089/1175/1089 1090/1176/1090
f 827/828/827 826/827/826 1090/1176/1090
f 827/828/827 1090/1176/1090 1091/1177/1091
f 828/829/828 827/828/827 1091/1177/1091
f 828/829/828 1091/1177/1091 1092/1178/1092
f 829/830/829 828/829/828 1092/1178/1092
f 829/830/829 1092/1178/1092 1093/1179/1093
f 830/831/830 829/830/829 1093/1179/1093
f 830/831/830 1093/1179/1093 1094/1180/1094
f 831/832/831 830/831/830 1094/1180/1094
f 831/832/831 1094/1180/1094 1095/1181/1095
f 832/833/832 831/832/831 1095/1181/1095
f 832/833/832 1095/1181/1095 1096/1182/1096
f 833/834/833 832/833/832 1096/1182/1096
f 833/834/833 1096/1182/1096 1097/1183/1097
f 834/835/834 833/834/833 1097/1183/1097
f 834/835/834 1097/1183/1097 1098/1184/1098
f 835/836/835 834/835/834 1098/1184/1098
f 835/836/835 1098/1184/1098 1099/1185/1099
f 836/837/836 835/836/835 1099/1185/1099
f 836/837/836 1099/1185/1099 1100/1186/1100
f 837/838/837 836/837/836 1100/1186/1100
f 837/838/837 1100/1186/1100 1101/1187/1101
f 838/839/838 837/838/837 1101/1187/1101
f 838/839/838 1101/1187/1101 1102/1188/1102
f 839/840/839 838/839/838 1102/1188/1102
f 839/840/839 1102/1188/1102 1103/1189/1103
f 840/841/840 839/840/839 1103/1189/1103
f 840/841/840 1103/1189/1103 1104/1190/1104
f 841/842/841 840/841/840 1104/1190/1104
f 841/842/841 1104/1190/1104 1105/1191/1105
f 842/843/842 841/842/841 1105/1191/1105
f 842/843/842 1105/1191/1105 1106/1192/1106
f 843/844/843 842/843/842 1106/1192/1106
f 843/844/843 1106/1192/1106 1107/1193/1107
f 844/845/844 843/844/843 1107/1193/1107
f 844/845/844 1107/1193/1107 1108/1194/1108
f 845/846/845 844/845/844 1108/1194/1108
f 845/846/845 1108/1194/1108 1109/1195/1109
f 846/847/846 845/846/845 1109/1195/1109
f 846/847/846 1109/1195/1109 1110/1196/1110
f 847/848/847 846/847/846 1110/1196/1110
f 847/848/847 1110/1196/1110 1111/1197/1111
f 848/849/848 847/848/847 1111/1197/1111
f 848/849/848 1111/1197/1111 1112/1198/1112
f 849/850/849 848/849/848 1112/1198/1112
f 849/850/849 1112/1198/1112 1113/1199/1113
f 850/851/850 849/850/849 1113/1199/1113
f 850/851/850 1113/1199/1113 1114/1200/1114
f 851/852/851 850/851/850 1114/1200/1114
f 851/852/851 1114/1200/1114 1115/1201/1115
f 852/853/852 851/852/851 1115/1201/1115
f 852/853/852 1115/1201/1115 1116/1202/1116
f 853/854/853 852/853/852 1116/1202/1116
f 853/854/853 1116/1202/1116 1117/1203/1117
f 854/855/854 853/854/853 1117/1203/1117
f 854/855/854 1117/1203/1117 1118/1204/1118
f 855/856/855 854/855/854 1118/1204/1118
f 855/856/855 1118/1204/1118 1119/1205/1119
f 856/857/856 855/856/855 1119/1205/1119
f 856/857/856 1119/1205/1119 1120/1206/1120
f 857/858/857 856/857/856 1120/1206/1120
f 857/858/857 1120/1206/1120 1121/1207/1121
f 858/859/858 857/858/857 1121/1207/1121
f 858/859/858 1121/1207/1121 1122/1208/1122
f 859/860/859 858/859/858 1122/1208/1122
f 859/860/859 1122/1208/1122 1123/1209/1123
f 860/861/860 859/860/859 1123/1209/1123
f 860/861/860 1123/1209/1123 1124/1210/1124
f 861/862/861 860/861/860 1124/1210/1124
f 861/862/861 1124/1210/1124 1125/1211/1125
f 862/863/862 861/862/861 1125/1211/1125
f 862/863/862 1125/1211/1125 1126/1212/1126
f 863/864/863 862/863/862 1126/1212/1126
f 863/864/863 1126/1212/1126 1127/1213/1127
f 864/865/864 863/864/863 1127/1213/1127
f 864/865/864 1127/1213/1127 1128/1214/1128
f 865/866/865 864/865/864 1128/1214/1128
f 865/866/865 1128/1214/1128 1129/1215/1129
f 866/867/866 865/866/865 1129/1215/1129
f 866/867/866 1129/1215/1129 1130/1216/1130
f 867/868/867 866/867/866 1130/1216/1130
f 867/868/867 1130/1216/1130 1131/1217/1131
f 868/869/868 867/868/867 1131/1217/1131
f 868/869/868 1131/1217/1131 1132/1218/1132
f 869/870/869 868/869/868 1132/1218/1132
f 869/870/869 1132/1218/1132 1133/1219/1133
f 870/871/870 869/870/869 1133/1219/1133
f 870/871/870 1133/1219/1133 1134/1220/1134
f 871/872/871 870/871/870 1134/1220/1134
f 871/872/871 1134/1220/1134 1135/1221/1135
f 872/873/872 871/872/871 1135/1221/1135
f 872/873/872 1135/1221/1135 1136/1222/1136
f 873/874/873 872/873/872 1136/1222/1136
f 873/874/873 1136/1222/1136 1137/1223/1137
f 874/875/874 873/874/873 1137/1223/1137
f 874/875/874 1137/1223/1137 1138/1224/1138
f 875/876/875 874/875/874 1138/1224/1138
f 875/876/875 1138/1224/1138 1139/1225/1139
f 876/877/876 875/876/875 1139/1225/1139
f 876/877/876 1139/1225/1139 1140/1226/1140
f 877/878/877 876/877/876 1140/1226/1140
f 877/878/877 1140/1226/1140 1141/1227/1141
f 878/879/878 877/878/877 1141/1227/1141
f 878/879/878 1141/1227/1141 1142/1228/1142
f 879/880/879 878/879/878 1142/1228/1142
f 879/880/879 1142/1228/1142 1143/1229/1143
f 880/881/880 879/880/879 1143/1229/1143
f 880/881/880 1143/1229/1143 1144/1230/1144
f 881/882/881 880/881/880 1144/1230/1144
f 881/882/881 1144/1230/1144 1145/1231/1145
f 882/883/882 881/882/881 1145/1231/1145
f 882/883/882 1145/1231/1145 1146/1232/1146
f 883/884/883 882/883/882 1146/1232/1146
f 883/884/883 1146/1232/1146 1147/1233/1147
f 884/885/884 883/884/883 1147/1233/1147
f 884/885/884 1147/1233/1147 1148/1234/1148
f 885/886/885 884/885/884 1148/1234/1148
f 885/886/885 1148/1234/1148 1149/1235/1149
f 886/887/886 885/886/885 1149/1235/1149
f 886/887/886 1149/1235/1149 1150/1236/1150
f 887/888/887 886/887/886 1150/1236/1150
f 887/888/887 1150/1236/1150 1151/1237/1151
f 888/889/888 887/888/887 1151/1237/1151
f 888/889/888 1151/1237/1151 1152/1238/1152
f 889/890/889 888/889/888 1152/1238/1152
f 889/890/889 1152/1238/1152 1153/1239/1153
f 890/891/890 889/890/889 1153/1239/1153
f 890/891/890 1153/1239/1153 1154/1240/1154
f 891/892/891 890/891/890 1154/1240/1154
f 891/892/891 1154/1240/1154 1155/1241/1155
f 892/893/892 891/892/891 1155/1241/1155
f 892/893/892 1155/1241/1155 1156/1242/1156
f 893/894/893 892/893/892 1156/1242/1156
f 893/894/893 1156/1242/1156 1157/1243/1157
f 894/895/894 893/894/893 1157/1243/1157
f 894/895/894 1157/1243/1157 1158/1244/1158
f 895/896/895 894/895/894 1158/1244/1158
f 895/896/895 1158/1244/1158 1159/1245/1159
f 896/897/896 895/896/895 1159/1245/1159
f 896/897/896 1159/1245/1159 1160/1246/1160
f 897/898/897 896/897/896 1160/1246/1160
f 897/898/897 1160/1246/1160 1161/1247/1161
f 898/899/898 897/898/897 1161/1247/1161
f 898/899/898 1161/1247/1161 1162/1248/1162
f 899/900/899 898/899/898 1162/1248/1162
f 899/900/899 1162/1248/1162 1163/1249/1163
f 900/901/900 899/900/899 1163/1249/1163
f 900/901/900 1163/1249/1163 1164/1250/1164
f 901/902/901 900/901/900 1164/1250/1164
f 901/902/901 1164/1250/1164 1165/1251/1165
f 902/903/902 901/902/901 1165/1251/1165
f 902/903/902 1165/1251/1165 1166/1252/1166
f 903/904/903 902/903/902 1166/1252/1166
f 903/904/903 1166/1252/1166 1167/1253/1167
f 904/905/904 903/904/903 1167/1253/1167
f 904/905/904 1167/1253/1167 1168/1254/1168
f 905/906/905 904/905/904 1168/1254/1168
f 905/906/905 1168/1254/1168 1169/1255/1169
f 906/907/906 905/906/905 1169/1255/1169
f 906/907/906 1169/1255/1169 1083/1169/1083
f 1080/1166/1080 721/722/721 723/724/723
f 1081/1167/1081 906/907/906 1083/1169/1083
f 731/732/731 730/731/730 373/373/373
f 731/732/731 373/373/373 194/194/194
f 183/183/183 363/363/363 1080/1166/1080
f 180/180/180 179/179/179 817/818/817
f 1086/1172/1086 731/732/731 194/194/194
f 1086/1172/1086 194/194/194 193/193/193
f 1087/1173/1087 1086/1172/1086 193/193/193
f 1087/1173/1087 193/193/193 197/197/197
f 1088/1174/1088 1087/1173/1087 197/197/197
f 1088/1174/1088 197/197/197 199/199/199
f 1089/1175/1089 1088/1174/1088 199/199/199
f 1089/1175/1089 199/199/199 201/201/201
f 1090/1176/1090 1089/1175/1089 201/201/201
f 1090/1176/1090 201/201/201 203/203/203
f 1091/1177/1091 1090/1176/1090 203/203/203
f 1091/1177/1091 203/203/203 205/205/205
f 1092/1178/1092 1091/1177/1091 205/205/205
f 1092/1178/1092 205/205/205 207/207/207
f 1093/1179/1093 1092/1178/1092 207/207/207
f 1093/1179/1093 207/207/207 209/209/209
f 1094/1180/1094 1093/1179/1093 209/209/209
f 1094/1180/1094 209/209/209 211/211/211
f 1095/1181/1095 1094/1180/1094 211/211/211
f 1095/1181/1095 211/211/211 213/213/213
f 1096/1182/1096 1095/1181/1095 213/213/213
f 1096/1182/1096 213/213/213 215/215/215
f 1097/1183/1097 1096/1182/1096 215/215/215
f 1097/1183/1097 215/215/215 217/217/217
f 1098/1184/1098 1097/1183/1097 217/217/217
f 1098/1184/1098 217/217/217 219/219/219
f 1099/1185/1099 1098/1184/1098 219/219/219
f 1099/1185/1099 219/219/219 221/221/221
f 1100/1186/1100 1099/1185/1099 221/221/221
f 1100/1186/1100 221/221/221 223/223/223
f 1101/1187/1101 1100/1186/1100 223/223/223
f 1101/1187/1101 223/223/223 225/225/225
f 1102/1188/1102 1101/1187/1101 225/225/225
f 1102/1188/1102 225/225/225 227/227/227
f 1103/1189/1103 1102/1188/1102 227/227/227
f 1103/1189/1103 227/227/227 229/229/229
f 1104/1190/1104 1103/1189/1103 229/229/229
f 1104/1190/1104 229/229/229 231/231/231
f 1105/1191/1105 1104/1190/1104 231/231/231
f 1105/1191/1105 231/231/231 233/233/233
f 1106/1192/1106 1105/1191/1105 233/233/233
f 1106/1192/1106 233/233/233 235/235/235
f 1107/1193/1107 1106/1192/1106 235/235/235
f 1107/1193/1107 235/235/235 237/237/237
f 1108/1194/1108 1107/1193/1107 237/237/237
f 1108/1194/1108 237/237/237 239/239/239
f 1109/1195/1109 1108/1194/1108 239/239/239
f 1109/1195/1109 239/239/239 241/241/241
f 1110/1196/1110 1109/1195/1109 241/241/241
f 1110/1196/1110 241/241/241 243/243/243
f 1111/1197/1111 1110/1196/1110 243/243/243
f 1111/1197/1111 243/243/243 245/245/245
f 1112/1198/1112 1111/1197/1111 245/245/245
f 1112/1198/1112 245/245/245 247/247/247
f 1113/1199/1113 1112/1198/1112 247/247/247
f 1113/1199/1113 247/247/247 249/249/249
f 1114/1200/1114 1113/1199/1113 249/249/249
f 1114/1200/1114 249/249/249 251/251/251
f 1115/1201/1115 1114/1200/1114 251/251/251
f 1115/1201/1115 251/251/251 253/253/253
f 1116/1202/1116 1115/1201/1115 253/253/253
f 1116/1202/1116 253/253/253 255/255/255
f 1117/1203/1117 1116/1202/1116 255/255/255
f 1117/1203/1117 255/255/255 257/257/257
f 1118/1204/1118 1117/1203/1117 257/257/257
f 1118/1204/1118 257/257/257 259/259/259
f 1119/1205/1119 1118/1204/1118 259/259/259
f 1119/1205/1119 259/259/259 261/261/261
f 1120/1206/1120 1119/1205/1119 261/261/261
f 1120/1206/1120 261/261/261 263/263/263
f 1121/1207/1121 1120/1206/1120 263/263/263
f 1121/1207/1121 263/263/263 265/265/265
f 1122/1208/1122 1121/1207/1121 265/265/265
f 1122/1208/1122 265/265/265 267/267/267
f 1123/1209/1123 1122/1208/1122 267/267/267
f 1123/1209/1123 267/267/267 269/269/269
f 1124/1210/1124 1123/1209/1123 269/269/269
f 1124/1210/1124 269/269/269 271/271/271
f 1125/1211/1125 1124/1210/1124 271/271/271
f 1125/1211/1125 271/271/271 273/273/273
f 1126/1212/1126 1125/1211/1125 273/273/273
f 1126/1212/1126 273/273/273 275/275/275
f 1127/1213/1127 1126/1212/1126 275/275/275
f 1127/1213/1127 275/275/275 277/277/277
f 1128/1214/1128 1127/1213/1127 277/277/277
f 1128/1214/1128 277/277/277 279/279/279
f 1129/1215/1129 1128/1214/1128 279/279/279
f 1129/1215/1129 279/279/279 281/281/281
f 1130/1216/1130 1129/1215/1129 281/281/281
f 1130/1216/1130 281/281/281 283/283/283
f 1131/1217/1131 1130/1216/1130 283/283/283
f 1131/1217/1131 283/283/283 285/285/285
f 1132/1218/1132 1131/1217/1131 285/285/285
f 1132/1218/1132 285/285/285 287/287/287
f 1133/1219/1133 1132/1218/1132 287/287/287
f 1133/1219/1133 287/287/287 289/289/289
f 1134/1220/1134 1133/1219/1133 289/289/289
f 1134/1220/1134 289/289/289 291/291/291
f 1135/1221/1135 1134/1220/1134 291/291/291
f 1135/1221/1135 291/291/291 293/293/293
f 1136/1222/1136 1135/1221/1135 293/293/293
f 1136/1222/1136 293/293/293 295/295/295
f 1137/1223/1137 1136/1222/1136 295/295/295
f 1137/1223/1137 295/295/295 297/297/297
f 1138/1224/1138 1137/1223/1137 297/297/297
f 1138/1224/1138 297/297/297 299/299/299
f 1139/1225/1139 1138/1224/1138 299/299/299
f 1139/1225/1139 299/299/299 301/301/301
f 1140/1226/1140 1139/1225/1139 301/301/301
f 1140/1226/1140 301/301/301 303/303/303
f 1141/1227/1141 1140/1226/1140 303/303/303
f 1141/1227/1141 303/303/303 305/305/305
f 1142/1228/1142 1141/1227/1141 305/305/305
f 1142/1228/1142 305/305/305 307/307/307
f 1143/1229/1143 1142/1228/1142 307/307/307
f 1143/1229/1143 307/307/307 309/309/309
f 1144/1230/1144 1143/1229/1143 309/309/309
f 1144/1230/1144 309/309/309 311/311/311
f 1145/1231/1145 1144/1230/1144 311/311/311
f 1145/1231/1145 311/311/311 313/313/313
f 1146/1232/1146 1145/1231/1145 313/313/313
f 1146/1232/1146 313/313/313 315/315/315
f 1147/1233/1147 1146/1232/1146 315/315/315
f 1147/1233/1147 315/315/315 317/317/317
f 1148/1234/1148 1147/1233/1147 317/317/317
f 1148/1234/1148 317/317/317 319/319/319
f 1149/1235/1149 1148/1234/1148 319/319/319
f 1149/1235/1149 319/319/319 321/321/321
f 1150/1236/1150 1149/1235/1149 321/321/321
f 1150/1236/1150 321/321/321 323/323/323
f 1151/1237/1151 1150/1236/1150 323/323/323
f 1151/1237/1151 323/323/323 325/325/325
f 1152/1238/1152 1151/1237/1151 325/325/325
f 1152/1238/1152 325/325/325 327/327/327
f 1153/1239/1153 1152/1238/1152 327/327/327
f 1153/1239/1153 327/327/327 329/329/329
f 1154/1240/1154 1153/1239/1153 329/329/329
f 1154/1240/1154 329/329/329 331/331/331
f 1155/1241/1155 1154/1240/1154 331/331/331
f 1155/1241/1155 331/331/331 333/333/333
f 1156/1242/1156 1155/1241/1155 333/333/333
f 1156/1242/1156 333/333/333 335/335/335
f 1157/1243/1157 1156/1242/1156 335/335/335
f 1157/1243/1157 335/335/335 337/337/337
f 1158/1244/1158 1157/1243/1157 337/337/337
f 1158/1244/1158 337/337/337 339/339/339
f 1159/1245/1159 1158/1244/1158 339/339/339
f 1159/1245/1159 339/339/339 341/341/341
f 1160/1246/1160 1159/1245/1159 341/341/341
f 1160/1246/1160 341/341/341 343/343/343
f 1161/1247/1161 1160/1246/1160 343/343/343
f 1161/1247/1161 343/343/343 345/345/345
f 1162/1248/1162 1161/1247/1161 345/345/345
f 1162/1248/1162 345/345/345 347/347/347
f 1163/1249/1163 1162/1248/1162 347/347/347
f 1163/1249/1163 347/347/347 349/349/349
f 1164/1250/1164 1163/1249/1163 349/349/349
f 1164/1250/1164 349/349/349 351/351/351
f 1165/1251/1165 1164/1250/1164 351/351/351
f 1165/1251/1165 351/351/351 353/353/353
f 1166/1252/1166 1165/1251/1165 353/353/353
f 1166/1252/1166 353/353/353 355/355/355
f 1167/1253/1167 1166/1252/1166 355/355/355
f 1167/1253/1167 355/355/355 357/357/357
f 1168/1254/1168 1167/1253/1167 357/357/357
f 1168/1254/1168 357/357/357 359/359/359
f 1169/1255/1169 1168/1254/1168 359/359/359
f 1169/1255/1169 359/359/359 361/361/361
f 1083/1169/1083 1169/1255/1169 361/361/361
f 1083/1169/1083 361/361/361 182/182/182
f 181/181/181 1083/1169/1083 182/182/182
f 549/549/549 548/548/548 907/908/907
f 725/726/725 365/365/365 1170/1256/1170
f 185/185/185 365/365/365 725/726/725
f 185/185/185 725/726/725 820/821/820
f 820/821/820 725/726/725 5/5/5
f 820/821/820 5/5/5 4/4/4
f 726/727/726 725/726/725 1170/1256/1170
f 909/910/909 5/5/5 726/727/726
f 552/553/552 6/6/6 909/910/909
f 1170/1256/1170 365/365/365 908/909/908
f 908/909/908 364/364/364 369/369/369
f 1084/1170/1084 370/370/370 371/371/371
f 1082/1168/1082 551/552/551 1084/1170/1084
f 369/369/369 368/368/368 1082/1168/1082
f 3/3/3 2/2/2 1085/1171/1085
f 367/367/367 189/189/189 552/553/552
f 371/371/371 191/191/191 192/192/192
f 192/192/192 1/1/1 3/3/3
f 1085/1171/1085 366/366/366 367/367/367
f 912/998/912 7/7/7 190/190/190
f 912/998/912 190/190/190 378/378/378
f 1171/1257/1 1172/1258/2 1173/1259/3
f 1174/1260/4 1175/1261/5 1176/1262/6
f 1174/1260/4 1176/1262/6 1177/1263/7
f 1178/1264/8 1179/1265/9 1180/1266/10
f 1178/1264/8 1180/1266/10 1181/1267/11
f 1182/1268/12 1178/1264/8 1181/1267/11
f 1182/1268/12 1181/1267/11 1183/1269/13
f 1184/1270/14 1182/1268/12 1183/1269/13
f 1184/1270/14 1183/1269/13 1185/1271/15
f 1186/1272/16 1184/1270/14 1185/1271/15
f 1186/1272/16 1185/1271/15 1187/1273/17
f 1188/1274/18 1186/1272/16 1187/1273/17
f 1188/1274/18 1187/1273/17 1189/1275/19
f 1190/1276/20 1188/1274/18 1189/1275/19
f 1190/1276/20 1189/1275/19 1191/1277/21
f 1192/1278/22 1190/1276/20 1191/1277/21
f 1192/1278/22 1191/1277/21 1193/1279/23
f 1194/1280/1171 1192/1278/22 1193/1279/23
f 1194/1280/1171 1193/1279/23 1195/1281/25
f 1196/1282/26 1194/1280/1171 1195/1281/25
f 1196/1282/26 1195/1281/25 1197/1283/27
f 1198/1284/28 1196/1282/26 1197/1283/27
f 1198/1284/28 1197/1283/27 1199/1285/29
f 1200/1286/30 1198/1284/28 1199/1285/29
f 1200/1286/30 1199/1285/29 1201/1287/31
f 1202/1288/32 1200/1286/30 1201/1287/31
f 1202/1288/32 1201/1287/31 1203/1289/33
f 1204/1290/34 1202/1288/32 1203/1289/33
f 1204/1290/34 1203/1289/33 1205/1291/35
f 1206/1292/36 1204/1290/34 1205/1291/35
f 1206/1292/36 1205/1291/35 1207/1293/37
f 1208/1294/38 1206/1292/36 1207/1293/37
f 1208/1294/38 1207/1293/37 1209/1295/39
f 1210/1296/40 1208/1294/38 1209/1295/39
f 1210/1296/40 1209/1295/39 1211/1297/41
f 1212/1298/42 1210/1296/40 1211/1297/41
f 1212/1298/42 1211/1297/41 1213/1299/43
f 1214/1300/44 1212/1298/42 1213/1299/43
f 1214/1300/44 1213/1299/43 1215/1301/45
f 1216/1302/46 1214/1300/44 1215/1301/45
f 1216/1302/46 1215/1301/45 1217/1303/47
f 1218/1304/48 1216/1302/46 1217/1303/47
f 1218/1304/48 1217/1303/47 1219/1305/49
f 1220/1306/50 1218/1304/48 1219/1305/49
f 1220/1306/50 1219/1305/49 1221/1307/51
f 1222/1308/52 1220/1306/50 1221/1307/51
f 1222/1308/52 1221/1307/51 1223/1309/53
f 1224/1310/54 1222/1308/52 1223/1309/53
f 1224/1310/54 1223/1309/53 1225/1311/55
f 1226/1312/56 1224/1310/54 1225/1311/55
f 1226/1312/56 1225/1311/55 1227/1313/57
f 1228/1314/58 1226/1312/56 1227/1313/57
f 1228/1314/58 1227/1313/57 1229/1315/59
f 1230/1316/60 1228/1314/58 1229/1315/59
f 1230/1316/60 1229/1315/59 1231/1317/61
f 1232/1318/62 1230/1316/60 1231/1317/61
f 1232/1318/62 1231/1317/61 1233/1319/63
f 1234/1320/64 1232/1318/62 1233/1319/63
f 1234/1320/64 1233/1319/63 1235/1321/1172
f 1236/1322/66 1234/1320/64 1235/1321/1172
f 1236/1322/66 1235/1321/1172 1237/1323/67
f 1238/1324/68 1236/1322/66 1237/1323/67
f 1238/1324/68 1237/1323/67 1239/1325/69
f 1240/1326/70 1238/1324/68 1239/1325/69
f 1240/1326/70 1239/1325/69 1241/1327/71
f 1242/1328/72 1240/1326/70 1241/1327/71
f 1242/1328/72 1241/1327/71 1243/1329/73
f 1244/1330/74 1242/1328/72 1243/1329/73
f 1244/1330/74 1243/1329/73 1245/1331/75
f 1246/1332/76 1244/1330/74 1245/1331/75
f 1246/1332/76 1245/1331/75 1247/1333/77
f 1248/1334/78 1246/1332/76 1247/1333/77
f 1248/1334/78 1247/1333/77 1249/1335/79
f 1250/1336/80 1248/1334/78 1249/1335/79
f 1250/1336/80 1249/1335/79 1251/1337/81
f 1252/1338/82 1250/1336/80 1251/1337/81
f 1252/1338/82 1251/1337/81 1253/1339/83
f 1254/1340/84 1252/1338/82 1253/1339/83
f 1254/1340/84 1253/1339/83 1255/1341/85
f 1256/1342/86 1254/1340/84 1255/1341/85
f 1256/1342/86 1255/1341/85 1257/1343/87
f 1258/1344/88 1256/1342/86 1257/1343/87
f 1258/1344/88 1257/1343/87 1259/1345/89
f 1260/1346/90 1258/1344/88 1259/1345/89
f 1260/1346/90 1259/1345/89 1261/1347/91
f 1262/1348/92 1260/1346/90 1261/1347/91
f 1262/1348/92 1261/1347/91 1263/1349/93
f 1264/1350/94 1262/1348/92 1263/1349/93
f 1264/1350/94 1263/1349/93 1265/1351/95
f 1266/1352/96 1264/1350/94 1265/1351/95
f 1266/1352/96 1265/1351/95 1267/1353/97
f 1268/1354/98 1266/1352/96 1267/1353/97
f 1268/1354/98 1267/1353/97 1269/1355/99
f 1270/1356/100 1268/1354/98 1269/1355/99
f 1270/1356/100 1269/1355/99 1271/1357/101
f 1272/1358/102 1270/1356/100 1271/1357/101
f 1272/1358/102 1271/1357/101 1273/1359/103
f 1274/1360/104 1272/1358/102 1273/1359/103
f 1274/1360/104 1273/1359/103 1275/1361/105
f 1276/1362/106 1274/1360/104 1275/1361/105
f 1276/1362/106 1275/1361/105 1277/1363/107
f 1278/1364/108 1276/1362/106 1277/1363/107
f 1278/1364/108 1277/1363/107 1279/1365/109
f 1280/1366/110 1278/1364/108 1279/1365/109
f 1280/1366/110 1279/1365/109 1281/1367/111
f 1282/1368/112 1280/1366/110 1281/1367/111
f 1282/1368/112 1281/1367/111 1283/1369/113
f 1284/1370/114 1282/1368/112 1283/1369/113
f 1284/1370/114 1283/1369/113 1285/1371/115
f 1286/1372/116 1284/1370/114 1285/1371/115
f 1286/1372/116 1285/1371/115 1287/1373/117
f 1288/1374/118 1286/1372/116 1287/1373/117
f 1288/1374/118 1287/1373/117 1289/1375/119
f 1290/1376/120 1288/1374/118 1289/1375/119
f 1290/1376/120 1289/1375/119 1291/1377/121
f 1292/1378/122 1290/1376/120 1291/1377/121
f 1292/1378/122 1291/1377/121 1293/1379/123
f 1294/1380/124 1292/1378/122 1293/1379/123
f 1294/1380/124 1293/1379/123 1295/1381/125
f 1296/1382/126 1294/1380/124 1295/1381/125
f 1296/1382/126 1295/1381/125 1297/1383/127
f 1298/1384/128 1296/1382/126 1297/1383/127
f 1298/1384/128 1297/1383/127 1299/1385/129
f 1300/1386/130 1298/1384/128 1299/1385/129
f 1300/1386/130 1299/1385/129 1301/1387/131
f 1302/1388/132 1300/1386/130 1301/1387/131
f 1302/1388/132 1301/1387/131 1303/1389/133
f 1304/1390/134 1302/1388/132 1303/1389/133
f 1304/1390/134 1303/1389/133 1305/1391/135
f 1306/1392/136 1304/1390/134 1305/1391/135
f 1306/1392/136 1305/1391/135 1307/1393/137
f 1308/1394/138 1306/1392/136 1307/1393/137
f 1308/1394/138 1307/1393/137 1309/1395/139
f 1310/1396/140 1308/1394/138 1309/1395/139
f 1310/1396/140 1309/1395/139 1311/1397/141
f 1312/1398/142 1310/1396/140 1311/1397/141
f 1312/1398/142 1311/1397/141 1313/1399/143
f 1314/1400/144 1312/1398/142 1313/1399/143
f 1314/1400/144 1313/1399/143 1315/1401/145
f 1316/1402/146 1314/1400/144 1315/1401/145
f 1316/1402/146 1315/1401/145 1317/1403/147
f 1318/1404/148 1316/1402/146 1317/1403/147
f 1318/1404/148 1317/1403/147 1319/1405/149
f 1320/1406/150 1318/1404/148 1319/1405/149
f 1320/1406/150 1319/1405/149 1321/1407/151
f 1322/1408/152 1320/1406/150 1321/1407/151
f 1322/1408/152 1321/1407/151 1323/1409/153
f 1324/1410/154 1322/1408/152 1323/1409/153
f 1324/1410/154 1323/1409/153 1325/1411/155
f 1326/1412/156 1324/1410/154 1325/1411/155
f 1326/1412/156 1325/1411/155 1327/1413/157
f 1328/1414/158 1326/1412/156 1327/1413/157
f 1328/1414/158 1327/1413/157 1329/1415/159
f 1330/1416/160 1328/1414/158 1329/1415/159
f 1330/1416/160 1329/1415/159 1331/1417/161
f 1332/1418/162 1330/1416/160 1331/1417/161
f 1332/1418/162 1331/1417/161 1333/1419/163
f 1334/1420/164 1332/1418/162 1333/1419/163
f 1334/1420/164 1333/1419/163 1335/1421/165
f 1336/1422/166 1334/1420/164 1335/1421/165
f 1336/1422/166 1335/1421/165 1337/1423/167
f 1338/1424/168 1336/1422/166 1337/1423/167
f 1338/1424/168 1337/1423/167 1339/1425/169
f 1340/1426/170 1338/1424/168 1339/1425/169
f 1340/1426/170 1339/1425/169 1341/1427/171
f 1342/1428/172 1340/1426/170 1341/1427/171
f 1342/1428/172 1341/1427/171 1343/1429/173
f 1344/1430/174 1342/1428/172 1343/1429/173
f 1344/1430/174 1343/1429/173 1345/1431/175
f 1346/1432/176 1344/1430/174 1345/1431/175
f 1346/1432/176 1345/1431/175 1347/1433/177
f 1348/1434/178 1346/1432/176 1347/1433/177
f 1348/1434/178 1347/1433/177 1349/1435/179
f 1350/1436/180 1348/1434/178 1349/1435/179
f 1351/1437/181 1352/1438/182 1353/1439/183
f 1179/1265/9 1354/1440/1173 1355/1441/185
f 1179/1265/9 1355/1441/185 1180/1266/10
f 1356/1442/186 1357/1443/187 1358/1444/188
f 1177/1263/7 1176/1262/6 1359/1445/189
f 1177/1263/7 1359/1445/189 1360/1446/190
f 1361/1447/191 1171/1257/1 1362/1448/192
f 1363/1449/193 1364/1450/194 1365/1451/195
f 1363/1449/193 1365/1451/195 1366/1452/196
f 1367/1453/197 1363/1449/193 1366/1452/196
f 1367/1453/197 1366/1452/196 1368/1454/198
f 1369/1455/199 1367/1453/197 1368/1454/198
f 1369/1455/199 1368/1454/198 1370/1456/200
f 1371/1457/201 1369/1455/199 1370/1456/200
f 1371/1457/201 1370/1456/200 1372/1458/202
f 1373/1459/203 1371/1457/201 1372/1458/202
f 1373/1459/203 1372/1458/202 1374/1460/204
f 1375/1461/205 1373/1459/203 1374/1460/204
f 1375/1461/205 1374/1460/204 1376/1462/206
f 1377/1463/207 1375/1461/205 1376/1462/206
f 1377/1463/207 1376/1462/206 1378/1464/208
f 1379/1465/209 1377/1463/207 1378/1464/208
f 1379/1465/209 1378/1464/208 1380/1466/210
f 1381/1467/211 1379/1465/209 1380/1466/210
f 1381/1467/211 1380/1466/210 1382/1468/1174
f 1383/1469/213 1381/1467/211 1382/1468/1174
f 1383/1469/213 1382/1468/1174 1384/1470/214
f 1385/1471/215 1383/1469/213 1384/1470/214
f 1385/1471/215 1384/1470/214 1386/1472/216
f 1387/1473/217 1385/1471/215 1386/1472/216
f 1387/1473/217 1386/1472/216 1388/1474/218
f 1389/1475/219 1387/1473/217 1388/1474/218
f 1389/1475/219 1388/1474/218 1390/1476/220
f 1391/1477/221 1389/1475/219 1390/1476/220
f 1391/1477/221 1390/1476/220 1392/1478/222
f 1393/1479/223 1391/1477/221 1392/1478/222
f 1393/1479/223 1392/1478/222 1394/1480/224
f 1395/1481/225 1393/1479/223 1394/1480/224
f 1395/1481/225 1394/1480/224 1396/1482/226
f 1397/1483/227 1395/1481/225 1396/1482/226
f 1397/1483/227 1396/1482/226 1398/1484/228
f 1399/1485/229 1397/1483/227 1398/1484/228
f 1399/1485/229 1398/1484/228 1400/1486/230
f 1401/1487/231 1399/1485/229 1400/1486/230
f 1401/1487/231 1400/1486/230 1402/1488/232
f 1403/1489/233 1401/1487/231 1402/1488/232
f 1403/1489/233 1402/1488/232 1404/1490/234
f 1405/1491/235 1403/1489/233 1404/1490/234
f 1405/1491/235 1404/1490/234 1406/1492/236
f 1407/1493/237 1405/1491/235 1406/1492/236
f 1407/1493/237 1406/1492/236 1408/1494/238
f 1409/1495/239 1407/1493/237 1408/1494/238
f 1409/1495/239 1408/1494/238 1410/1496/240
f 1411/1497/241 1409/1495/239 1410/1496/240
f 1411/1497/241 1410/1496/240 1412/1498/242
f 1413/1499/243 1411/1497/241 1412/1498/242
f 1413/1499/243 1412/1498/242 1414/1500/244
f 1415/1501/245 1413/1499/243 1414/1500/244
f 1415/1501/245 1414/1500/244 1416/1502/246
f 1417/1503/247 1415/1501/245 1416/1502/246
f 1417/1503/247 1416/1502/246 1418/1504/248
f 1419/1505/249 1417/1503/247 1418/1504/248
f 1419/1505/249 1418/1504/248 1420/1506/250
f 1421/1507/251 1419/1505/249 1420/1506/250
f 1421/1507/251 1420/1506/250 1422/1508/252
f 1423/1509/253 1421/1507/251 1422/1508/252
f 1423/1509/253 1422/1508/252 1424/1510/254
f 1425/1511/255 1423/1509/253 1424/1510/254
f 1425/1511/255 1424/1510/254 1426/1512/256
f 1427/1513/257 1425/1511/255 1426/1512/256
f 1427/1513/257 1426/1512/256 1428/1514/258
f 1429/1515/259 1427/1513/257 1428/1514/258
f 1429/1515/259 1428/1514/258 1430/1516/260
f 1431/1517/261 1429/1515/259 1430/1516/260
f 1431/1517/261 1430/1516/260 1432/1518/262
f 1433/1519/263 1431/1517/261 1432/1518/262
f 1433/1519/263 1432/1518/262 1434/1520/264
f 1435/1521/265 1433/1519/263 1434/1520/264
f 1435/1521/265 1434/1520/264 1436/1522/266
f 1437/1523/267 1435/1521/265 1436/1522/266
f 1437/1523/267 1436/1522/266 1438/1524/268
f 1439/1525/269 1437/1523/267 1438/1524/268
f 1439/1525/269 1438/1524/268 1440/1526/270
f 1441/1527/271 1439/1525/269 1440/1526/270
f 1441/1527/271 1440/1526/270 1442/1528/272
f 1443/1529/273 1441/1527/271 1442/1528/272
f 1443/1529/273 1442/1528/272 1444/1530/274
f 1445/1531/275 1443/1529/273 1444/1530/274
f 1445/1531/275 1444/1530/274 1446/1532/276
f 1447/1533/277 1445/1531/275 1446/1532/276
f 1447/1533/277 1446/1532/276 1448/1534/278
f 1449/1535/279 1447/1533/277 1448/1534/278
f 1449/1535/279 1448/1534/278 1450/1536/280
f 1451/1537/281 1449/1535/279 1450/1536/280
f 1451/1537/281 1450/1536/280 1452/1538/282
f 1453/1539/283 1451/1537/281 1452/1538/282
f 1453/1539/283 1452/1538/282 1454/1540/284
f 1455/1541/285 1453/1539/283 1454/1540/284
f 1455/1541/285 1454/1540/284 1456/1542/286
f 1457/1543/287 1455/1541/285 1456/1542/286
f 1457/1543/287 1456/1542/286 1458/1544/288
f 1459/1545/289 1457/1543/287 1458/1544/288
f 1459/1545/289 1458/1544/288 1460/1546/290
f 1461/1547/291 1459/1545/289 1460/1546/290
f 1461/1547/291 1460/1546/290 1462/1548/292
f 1463/1549/293 1461/1547/291 1462/1548/292
f 1463/1549/293 1462/1548/292 1464/1550/294
f 1465/1551/295 1463/1549/293 1464/1550/294
f 1465/1551/295 1464/1550/294 1466/1552/296
f 1467/1553/297 1465/1551/295 1466/1552/296
f 1467/1553/297 1466/1552/296 1468/1554/298
f 1469/1555/299 1467/1553/297 1468/1554/298
f 1469/1555/299 1468/1554/298 1470/1556/300
f 1471/1557/301 1469/1555/299 1470/1556/300
f 1471/1557/301 1470/1556/300 1472/1558/302
f 1473/1559/303 1471/1557/301 1472/1558/302
f 1473/1559/303 1472/1558/302 1474/1560/304
f 1475/1561/305 1473/1559/303 1474/1560/304
f 1475/1561/305 1474/1560/304 1476/1562/306
f 1477/1563/307 1475/1561/305 1476/1562/306
f 1477/1563/307 1476/1562/306 1478/1564/308
f 1479/1565/309 1477/1563/307 1478/1564/308
f 1479/1565/309 1478/1564/308 1480/1566/310
f 1481/1567/311 1479/1565/309 1480/1566/310
f 1481/1567/311 1480/1566/310 1482/1568/312
f 1483/1569/313 1481/1567/311 1482/1568/312
f 1483/1569/313 1482/1568/312 1484/1570/314
f 1485/1571/315 1483/1569/313 1484/1570/314
f 1485/1571/315 1484/1570/314 1486/1572/316
f 1487/1573/317 1485/1571/315 1486/1572/316
f 1487/1573/317 1486/1572/316 1488/1574/318
f 1489/1575/319 1487/1573/317 1488/1574/318
f 1489/1575/319 1488/1574/318 1490/1576/320
f 1491/1577/321 1489/1575/319 1490/1576/320
f 1491/1577/321 1490/1576/320 1492/1578/322
f 1493/1579/323 1491/1577/321 1492/1578/322
f 1493/1579/323 1492/1578/322 1494/1580/324
f 1495/1581/325 1493/1579/323 1494/1580/324
f 1495/1581/325 1494/1580/324 1496/1582/326
f 1497/1583/327 1495/1581/325 1496/1582/326
f 1497/1583/327 1496/1582/326 1498/1584/328
f 1499/1585/329 1497/1583/327 1498/1584/328
f 1499/1585/329 1498/1584/328 1500/1586/330
f 1501/1587/331 1499/1585/329 1500/1586/330
f 1501/1587/331 1500/1586/330 1502/1588/332
f 1503/1589/333 1501/1587/331 1502/1588/332
f 1503/1589/333 1502/1588/332 1504/1590/334
f 1505/1591/335 1503/1589/333 1504/1590/334
f 1505/1591/335 1504/1590/334 1506/1592/336
f 1507/1593/337 1505/1591/335 1506/1592/336
f 1507/1593/337 1506/1592/336 1508/1594/338
f 1509/1595/339 1507/1593/337 1508/1594/338
f 1509/1595/339 1508/1594/338 1510/1596/340
f 1511/1597/341 1509/1595/339 1510/1596/340
f 1511/1597/341 1510/1596/340 1512/1598/342
f 1513/1599/343 1511/1597/341 1512/1598/342
f 1513/1599/343 1512/1598/342 1514/1600/344
f 1515/1601/345 1513/1599/343 1514/1600/344
f 1515/1601/345 1514/1600/344 1516/1602/346
f 1517/1603/347 1515/1601/345 1516/1602/346
f 1517/1603/347 1516/1602/346 1518/1604/348
f 1519/1605/349 1517/1603/347 1518/1604/348
f 1519/1605/349 1518/1604/348 1520/1606/350
f 1521/1607/351 1519/1605/349 1520/1606/350
f 1521/1607/351 1520/1606/350 1522/1608/352
f 1523/1609/353 1521/1607/351 1522/1608/352
f 1523/1609/353 1522/1608/352 1524/1610/354
f 1525/1611/355 1523/1609/353 1524/1610/354
f 1525/1611/355 1524/1610/354 1526/1612/356
f 1527/1613/357 1525/1611/355 1526/1612/356
f 1527/1613/357 1526/1612/356 1528/1614/1175
f 1529/1615/359 1527/1613/357 1528/1614/1175
f 1529/1615/359 1528/1614/1175 1530/1616/360
f 1531/1617/361 1529/1615/359 1530/1616/360
f 1531/1617/361 1530/1616/360 1532/1618/362
f 1352/1438/182 1531/1617/361 1532/1618/362
f 1352/1438/182 1532/1618/362 1533/1619/363
f 1353/1439/183 1352/1438/182 1533/1619/363
f 1354/1440/1173 1534/1620/364 1535/1621/365
f 1354/1440/1173 1535/1621/365 1355/1441/185
f 1536/1622/366 1359/1445/189 1537/1623/367
f 1534/1620/364 1538/1624/368 1539/1625/369
f 1540/1626/370 1361/1447/191 1541/1627/371
f 1542/1628/372 1538/1624/368 1534/1620/364
f 1542/1628/372 1534/1620/364 1354/1440/1173
f 1364/1450/194 1543/1629/373 1544/1630/374
f 1364/1450/194 1544/1630/374 1365/1451/195
f 1365/1451/195 1544/1630/374 1545/1631/375
f 1365/1451/195 1545/1631/375 1546/1632/376
f 1547/1633/377 1548/1634/378 1549/1635/379
f 1547/1633/377 1549/1635/379 1550/1636/380
f 1551/1637/381 1547/1633/377 1550/1636/380
f 1551/1637/381 1550/1636/380 1552/1638/382
f 1553/1639/383 1551/1637/381 1552/1638/382
f 1553/1639/383 1552/1638/382 1554/1640/384
f 1555/1641/385 1553/1639/383 1554/1640/384
f 1555/1641/385 1554/1640/384 1556/1642/386
f 1557/1643/387 1555/1641/385 1556/1642/386
f 1557/1643/387 1556/1642/386 1558/1644/388
f 1559/1645/389 1557/1643/387 1558/1644/388
f 1559/1645/389 1558/1644/388 1560/1646/390
f 1561/1647/391 1559/1645/389 1560/1646/390
f 1561/1647/391 1560/1646/390 1562/1648/392
f 1563/1649/393 1561/1647/391 1562/1648/392
f 1563/1649/393 1562/1648/392 1564/1650/394
f 1565/1651/395 1563/1649/393 1564/1650/394
f 1565/1651/395 1564/1650/394 1566/1652/396
f 1567/1653/397 1565/1651/395 1566/1652/396
f 1567/1653/397 1566/1652/396 1568/1654/398
f 1569/1655/399 1567/1653/397 1568/1654/398
f 1569/1655/399 1568/1654/398 1570/1656/400
f 1571/1657/401 1569/1655/399 1570/1656/400
f 1571/1657/401 1570/1656/400 1572/1658/402
f 1573/1659/403 1571/1657/401 1572/1658/402
f 1573/1659/403 1572/1658/402 1574/1660/404
f 1575/1661/405 1573/1659/403 1574/1660/404
f 1575/1661/405 1574/1660/404 1576/1662/406
f 1577/1663/407 1575/1661/405 1576/1662/406
f 1577/1663/407 1576/1662/406 1578/1664/408
f 1579/1665/409 1577/1663/407 1578/1664/408
f 1579/1665/409 1578/1664/408 1580/1666/410
f 1581/1667/411 1579/1665/409 1580/1666/410
f 1581/1667/411 1580/1666/410 1582/1668/412
f 1583/1669/413 1581/1667/411 1582/1668/412
f 1583/1669/413 1582/1668/412 1584/1670/414
f 1585/1671/415 1583/1669/413 1584/1670/414
f 1585/1671/415 1584/1670/414 1586/1672/416
f 1587/1673/1176 1585/1671/415 1586/1672/416
f 1587/1673/1176 1586/1672/416 1588/1674/418
f 1589/1675/419 1587/1673/1176 1588/1674/418
f 1589/1675/419 1588/1674/418 1590/1676/420
f 1591/1677/421 1589/1675/419 1590/1676/420
f 1591/1677/421 1590/1676/420 1592/1678/422
f 1593/1679/423 1591/1677/421 1592/1678/422
f 1593/1679/423 1592/1678/422 1594/1680/424
f 1595/1681/425 1593/1679/423 1594/1680/424
f 1595/1681/425 1594/1680/424 1596/1682/426
f 1597/1683/427 1595/1681/425 1596/1682/426
f 1597/1683/427 1596/1682/426 1598/1684/428
f 1599/1685/429 1597/1683/427 1598/1684/428
f 1599/1685/429 1598/1684/428 1600/1686/430
f 1601/1687/431 1599/1685/429 1600/1686/430
f 1601/1687/431 1600/1686/430 1602/1688/1177
f 1603/1689/433 1601/1687/431 1602/1688/1177
f 1603/1689/433 1602/1688/1177 1604/1690/434
f 1605/1691/435 1603/1689/433 1604/1690/434
f 1605/1691/435 1604/1690/434 1606/1692/436
f 1607/1693/437 1605/1691/435 1606/1692/436
f 1607/1693/437 1606/1692/436 1608/1694/438
f 1609/1695/439 1607/1693/437 1608/1694/438
f 1609/1695/439 1608/1694/438 1610/1696/440
f 1611/1697/441 1609/1695/439 1610/1696/440
f 1611/1697/441 1610/1696/440 1612/1698/442
f 1613/1699/443 1611/1697/441 1612/1698/442
f 1613/1699/443 1612/1698/442 1614/1700/444
f 1615/1701/445 1613/1699/443 1614/1700/444
f 1615/1701/445 1614/1700/444 1616/1702/446
f 1617/1703/447 1615/1701/445 1616/1702/446
f 1617/1703/447 1616/1702/446 1618/1704/448
f 1619/1705/449 1617/1703/447 1618/1704/448
f 1619/1705/449 1618/1704/448 1620/1706/450
f 1621/1707/451 1619/1705/449 1620/1706/450
f 1621/1707/451 1620/1706/450 1622/1708/452
f 1623/1709/453 1621/1707/451 1622/1708/452
f 1623/1709/453 1622/1708/452 1624/1710/454
f 1625/1711/455 1623/1709/453 1624/1710/454
f 1625/1711/455 1624/1710/454 1626/1712/456
f 1627/1713/457 1625/1711/455 1626/1712/456
f 1627/1713/457 1626/1712/456 1628/1714/458
f 1629/1715/459 1627/1713/457 1628/1714/458
f 1629/1715/459 1628/1714/458 1630/1716/460
f 1631/1717/461 1629/1715/459 1630/1716/460
f 1631/1717/461 1630/1716/460 1632/1718/462
f 1633/1719/463 1631/1717/461 1632/1718/462
f 1633/1719/463 1632/1718/462 1634/1720/464
f 1635/1721/465 1633/1719/463 1634/1720/464
f 1635/1721/465 1634/1720/464 1636/1722/466
f 1637/1723/467 1635/1721/465 1636/1722/466
f 1637/1723/467 1636/1722/466 1638/1724/468
f 1639/1725/469 1637/1723/467 1638/1724/468
f 1639/1725/469 1638/1724/468 1640/1726/470
f 1641/1727/471 1639/1725/469 1640/1726/470
f 1641/1727/471 1640/1726/470 1642/1728/472
f 1643/1729/473 1641/1727/471 1642/1728/472
f 1643/1729/473 1642/1728/472 1644/1730/474
f 1645/1731/475 1643/1729/473 1644/1730/474
f 1645/1731/475 1644/1730/474 1646/1732/476
f 1647/1733/477 1645/1731/475 1646/1732/476
f 1647/1733/477 1646/1732/476 1648/1734/478
f 1649/1735/479 1647/1733/477 1648/1734/478
f 1649/1735/479 1648/1734/478 1650/1736/480
f 1651/1737/481 1649/1735/479 1650/1736/480
f 1651/1737/481 1650/1736/480 1652/1738/482
f 1653/1739/483 1651/1737/481 1652/1738/482
f 1653/1739/483 1652/1738/482 1654/1740/484
f 1655/1741/485 1653/1739/483 1654/1740/484
f 1655/1741/485 1654/1740/484 1656/1742/486
f 1657/1743/487 1655/1741/485 1656/1742/486
f 1657/1743/487 1656/1742/486 1658/1744/488
f 1659/1745/489 1657/1743/487 1658/1744/488
f 1659/1745/489 1658/1744/488 1660/1746/490
f 1661/1747/491 1659/1745/489 1660/1746/490
f 1661/1747/491 1660/1746/490 1662/1748/492
f 1663/1749/493 1661/1747/491 1662/1748/492
f 1663/1749/493 1662/1748/492 1664/1750/494
f 1665/1751/495 1663/1749/493 1664/1750/494
f 1665/1751/495 1664/1750/494 1666/1752/496
f 1667/1753/497 1665/1751/495 1666/1752/496
f 1667/1753/497 1666/1752/496 1668/1754/498
f 1669/1755/499 1667/1753/497 1668/1754/498
f 1669/1755/499 1668/1754/498 1670/1756/500
f 1671/1757/501 1669/1755/499 1670/1756/500
f 1671/1757/501 1670/1756/500 1672/1758/502
f 1673/1759/503 1671/1757/501 1672/1758/502
f 1673/1759/503 1672/1758/502 1674/1760/504
f 1675/1761/505 1673/1759/503 1674/1760/504
f 1675/1761/505 1674/1760/504 1676/1762/506
f 1677/1763/507 1675/1761/505 1676/1762/506
f 1677/1763/507 1676/1762/506 1678/1764/508
f 1679/1765/509 1677/1763/507 1678/1764/508
f 1679/1765/509 1678/1764/508 1680/1766/510
f 1681/1767/511 1679/1765/509 1680/1766/510
f 1681/1767/511 1680/1766/510 1682/1768/512
f 1683/1769/513 1681/1767/511 1682/1768/512
f 1683/1769/513 1682/1768/512 1684/1770/514
f 1685/1771/515 1683/1769/513 1684/1770/514
f 1685/1771/515 1684/1770/514 1686/1772/516
f 1687/1773/517 1685/1771/515 1686/1772/516
f 1687/1773/517 1686/1772/516 1688/1774/518
f 1689/1775/519 1687/1773/517 1688/1774/518
f 1689/1775/519 1688/1774/518 1690/1776/520
f 1691/1777/521 1689/1775/519 1690/1776/520
f 1691/1777/521 1690/1776/520 1692/1778/522
f 1693/1779/523 1691/1777/521 1692/1778/522
f 1693/1779/523 1692/1778/522 1694/1780/524
f 1695/1781/525 1693/1779/523 1694/1780/524
f 1695/1781/525 1694/1780/524 1696/1782/526
f 1697/1783/527 1695/1781/525 1696/1782/526
f 1697/1783/527 1696/1782/526 1698/1784/528
f 1699/1785/529 1697/1783/527 1698/1784/528
f 1699/1785/529 1698/1784/528 1700/1786/530
f 1701/1787/531 1699/1785/529 1700/1786/530
f 1701/1787/531 1700/1786/530 1702/1788/532
f 1703/1789/533 1701/1787/531 1702/1788/532
f 1703/1789/533 1702/1788/532 1704/1790/534
f 1705/1791/535 1703/1789/533 1704/1790/534
f 1705/1791/535 1704/1790/534 1706/1792/536
f 1707/1793/537 1705/1791/535 1706/1792/536
f 1707/1793/537 1706/1792/536 1708/1794/538
f 1709/1795/539 1707/1793/537 1708/1794/538
f 1709/1795/539 1708/1794/538 1710/1796/540
f 1711/1797/541 1709/1795/539 1710/1796/540
f 1711/1797/541 1710/1796/540 1712/1798/542
f 1713/1799/543 1711/1797/541 1712/1798/542
f 1713/1799/543 1712/1798/542 1714/1800/544
f 1715/1801/545 1713/1799/543 1714/1800/544
f 1715/1801/545 1714/1800/544 1716/1802/546
f 1717/1803/547 1715/1801/545 1716/1802/546
f 1717/1803/547 1716/1802/546 1718/1804/548
f 1719/1805/549 1717/1803/547 1718/1804/548
f 1543/1629/373 1361/1447/191 1540/1626/370
f 1543/1629/373 1540/1626/370 1544/1630/374
f 1546/1806/376 1545/1807/375 1542/1628/372
f 1546/1806/376 1542/1628/372 1720/1808/550
f 1545/1807/375 1721/1809/551 1538/1624/368
f 1545/1807/375 1538/1624/368 1542/1628/372
f 1359/1445/189 1176/1262/6 1722/1810/552
f 1723/1811/553 1546/1806/376 1720/1808/550
f 1723/1811/553 1720/1808/550 1724/1812/554
f 1725/1813/555 1723/1811/553 1724/1812/554
f 1725/1813/555 1724/1812/554 1726/1814/556
f 1727/1815/557 1725/1813/555 1726/1814/556
f 1727/1815/557 1726/1814/556 1728/1816/558
f 1729/1817/559 1727/1815/557 1728/1816/558
f 1729/1817/559 1728/1816/558 1730/1818/560
f 1731/1819/561 1729/1817/559 1730/1818/560
f 1731/1819/561 1730/1818/560 1732/1820/562
f 1733/1821/563 1731/1819/561 1732/1820/562
f 1733/1821/563 1732/1820/562 1734/1822/564
f 1735/1823/565 1733/1821/563 1734/1822/564
f 1735/1823/565 1734/1822/564 1736/1824/566
f 1737/1825/567 1735/1823/565 1736/1824/566
f 1737/1825/567 1736/1824/566 1738/1826/568
f 1739/1827/569 1737/1825/567 1738/1826/568
f 1739/1827/569 1738/1826/568 1740/1828/570
f 1741/1829/571 1739/1827/569 1740/1828/570
f 1741/1829/571 1740/1828/570 1742/1830/572
f 1743/1831/573 1741/1829/571 1742/1830/572
f 1743/1831/573 1742/1830/572 1744/1832/574
f 1745/1833/575 1743/1831/573 1744/1832/574
f 1745/1833/575 1744/1832/574 1746/1834/576
f 1747/1835/577 1745/1833/575 1746/1834/576
f 1747/1835/577 1746/1834/576 1748/1836/578
f 1749/1837/579 1747/1835/577 1748/1836/578
f 1749/1837/579 1748/1836/578 1750/1838/580
f 1751/1839/581 1749/1837/579 1750/1838/580
f 1751/1839/581 1750/1838/580 1752/1840/582
f 1753/1841/583 1751/1839/581 1752/1840/582
f 1753/1841/583 1752/1840/582 1754/1842/584
f 1755/1843/585 1753/1841/583 1754/1842/584
f 1755/1843/585 1754/1842/584 1756/1844/586
f 1757/1845/587 1755/1843/585 1756/1844/586
f 1757/1845/587 1756/1844/586 1758/1846/588
f 1759/1847/589 1757/1845/587 1758/1846/588
f 1759/1847/589 1758/1846/588 1760/1848/590
f 1761/1849/591 1759/1847/589 1760/1848/590
f 1761/1849/591 1760/1848/590 1762/1850/592
f 1763/1851/593 1761/1849/591 1762/1850/592
f 1763/1851/593 1762/1850/592 1764/1852/594
f 1765/1853/595 1763/1851/593 1764/1852/594
f 1765/1853/595 1764/1852/594 1766/1854/596
f 1767/1855/597 1765/1853/595 1766/1854/596
f 1767/1855/597 1766/1854/596 1768/1856/598
f 1769/1857/599 1767/1855/597 1768/1856/598
f 1769/1857/599 1768/1856/598 1770/1858/600
f 1771/1859/601 1769/1857/599 1770/1858/600
f 1771/1859/601 1770/1858/600 1772/1860/602
f 1773/1861/603 1771/1859/601 1772/1860/602
f 1773/1861/603 1772/1860/602 1774/1862/604
f 1775/1863/605 1773/1861/603 1774/1862/604
f 1775/1863/605 1774/1862/604 1776/1864/606
f 1777/1865/607 1775/1863/605 1776/1864/606
f 1777/1865/607 1776/1864/606 1778/1866/608
f 1779/1867/609 1777/1865/607 1778/1866/608
f 1779/1867/609 1778/1866/608 1780/1868/610
f 1781/1869/611 1779/1867/609 1780/1868/610
f 1781/1869/611 1780/1868/610 1782/1870/612
f 1783/1871/613 1781/1869/611 1782/1870/612
f 1783/1871/613 1782/1870/612 1784/1872/614
f 1785/1873/615 1783/1871/613 1784/1872/614
f 1785/1873/615 1784/1872/614 1786/1874/616
f 1787/1875/617 1785/1873/615 1786/1874/616
f 1787/1875/617 1786/1874/616 1788/1876/618
f 1789/1877/619 1787/1875/617 1788/1876/618
f 1789/1877/619 1788/1876/618 1790/1878/620
f 1791/1879/621 1789/1877/619 1790/1878/620
f 1791/1879/621 1790/1878/620 1792/1880/622
f 1793/1881/623 1791/1879/621 1792/1880/622
f 1793/1881/623 1792/1880/622 1794/1882/624
f 1795/1883/625 1793/1881/623 1794/1882/624
f 1795/1883/625 1794/1882/624 1796/1884/626
f 1797/1885/627 1795/1883/625 1796/1884/626
f 1797/1885/627 1796/1884/626 1798/1886/628
f 1799/1887/629 1797/1885/627 1798/1886/628
f 1799/1887/629 1798/1886/628 1800/1888/630
f 1801/1889/631 1799/1887/629 1800/1888/630
f 1801/1889/631 1800/1888/630 1802/1890/632
f 1803/1891/633 1801/1889/631 1802/1890/632
f 1803/1891/633 1802/1890/632 1804/1892/634
f 1805/1893/635 1803/1891/633 1804/1892/634
f 1805/1893/635 1804/1892/634 1806/1894/636
f 1807/1895/637 1805/1893/635 1806/1894/636
f 1807/1895/637 1806/1894/636 1808/1896/638
f 1809/1897/639 1807/1895/637 1808/1896/638
f 1809/1897/639 1808/1896/638 1810/1898/640
f 1811/1899/641 1809/1897/639 1810/1898/640
f 1811/1899/641 1810/1898/640 1812/1900/642
f 1813/1901/1178 1811/1899/641 1812/1900/642
f 1813/1901/1178 1812/1900/642 1814/1902/644
f 1815/1903/645 1813/1901/1178 1814/1902/644
f 1815/1903/645 1814/1902/644 1816/1904/646
f 1817/1905/647 1815/1903/645 1816/1904/646
f 1817/1905/647 1816/1904/646 1818/1906/648
f 1819/1907/649 1817/1905/647 1818/1906/648
f 1819/1907/649 1818/1906/648 1820/1908/650
f 1821/1909/651 1819/1907/649 1820/1908/650
f 1821/1909/651 1820/1908/650 1822/1910/652
f 1823/1911/653 1821/1909/651 1822/1910/652
f 1823/1911/653 1822/1910/652 1824/1912/654
f 1825/1913/655 1823/1911/653 1824/1912/654
f 1825/1913/655 1824/1912/654 1826/1914/656
f 1827/1915/657 1825/1913/655 1826/1914/656
f 1827/1915/657 1826/1914/656 1828/1916/658
f 1829/1917/659 1827/1915/657 1828/1916/658
f 1829/1917/659 1828/1916/658 1830/1918/660
f 1831/1919/661 1829/1917/659 1830/1918/660
f 1831/1919/661 1830/1918/660 1832/1920/662
f 1833/1921/663 1831/1919/661 1832/1920/662
f 1833/1921/663 1832/1920/662 1834/1922/664
f 1835/1923/665 1833/1921/663 1834/1922/664
f 1835/1923/665 1834/1922/664 1836/1924/666
f 1837/1925/667 1835/1923/665 1836/1924/666
f 1837/1925/667 1836/1924/666 1838/1926/668
f 1839/1927/669 1837/1925/667 1838/1926/668
f 1839/1927/669 1838/1926/668 1840/1928/670
f 1841/1929/671 1839/1927/669 1840/1928/670
f 1841/1929/671 1840/1928/670 1842/1930/672
f 1843/1931/673 1841/1929/671 1842/1930/672
f 1843/1931/673 1842/1930/672 1844/1932/674
f 1845/1933/675 1843/1931/673 1844/1932/674
f 1845/1933/675 1844/1932/674 1846/1934/676
f 1847/1935/677 1845/1933/675 1846/1934/676
f 1847/1935/677 1846/1934/676 1848/1936/678
f 1849/1937/679 1847/1935/677 1848/1936/678
f 1849/1937/679 1848/1936/678 1850/1938/680
f 1851/1939/681 1849/1937/679 1850/1938/680
f 1851/1939/681 1850/1938/680 1852/1940/682
f 1853/1941/683 1851/1939/681 1852/1940/682
f 1853/1941/683 1852/1940/682 1854/1942/684
f 1855/1943/685 1853/1941/683 1854/1942/684
f 1855/1943/685 1854/1942/684 1856/1944/686
f 1857/1945/687 1855/1943/685 1856/1944/686
f 1857/1945/687 1856/1944/686 1858/1946/688
f 1859/1947/689 1857/1945/687 1858/1946/688
f 1859/1947/689 1858/1946/688 1860/1948/690
f 1861/1949/691 1859/1947/689 1860/1948/690
f 1861/1949/691 1860/1948/690 1862/1950/692
f 1863/1951/693 1861/1949/691 1862/1950/692
f 1863/1951/693 1862/1950/692 1864/1952/694
f 1865/1953/695 1863/1951/693 1864/1952/694
f 1865/1953/695 1864/1952/694 1866/1954/696
f 1867/1955/697 1865/1953/695 1866/1954/696
f 1867/1955/697 1866/1954/696 1868/1956/698
f 1869/1957/699 1867/1955/697 1868/1956/698
f 1869/1957/699 1868/1956/698 1870/1958/700
f 1871/1959/701 1869/1957/699 1870/1958/700
f 1871/1959/701 1870/1958/700 1872/1960/702
f 1873/1961/703 1871/1959/701 1872/1960/702
f 1873/1961/703 1872/1960/702 1874/1962/704
f 1875/1963/705 1873/1961/703 1874/1962/704
f 1875/1963/705 1874/1962/704 1876/1964/706
f 1877/1965/707 1875/1963/705 1876/1964/706
f 1877/1965/707 1876/1964/706 1878/1966/708
f 1879/1967/709 1877/1965/707 1878/1966/708
f 1879/1967/709 1878/1966/708 1880/1968/710
f 1881/1969/711 1879/1967/709 1880/1968/710
f 1881/1969/711 1880/1968/710 1882/1970/712
f 1883/1971/713 1881/1969/711 1882/1970/712
f 1883/1971/713 1882/1970/712 1884/1972/714
f 1885/1973/715 1883/1971/713 1884/1972/714
f 1885/1973/715 1884/1972/714 1886/1974/716
f 1887/1975/717 1885/1973/715 1886/1974/716
f 1887/1975/717 1886/1974/716 1888/1976/718
f 1889/1977/719 1887/1975/717 1888/1976/718
f 1889/1977/719 1888/1976/718 1890/1978/720
f 1891/1979/721 1889/1977/719 1890/1978/720
f 1891/1979/721 1890/1978/720 1892/1980/722
f 1893/1981/723 1891/1979/721 1892/1980/722
f 1893/1981/723 1892/1980/722 1894/1982/724
f 1175/1261/5 1895/1983/725 1896/1984/726
f 1549/1635/379 1897/1985/727 1898/1986/728
f 1549/1635/379 1898/1986/728 1899/1987/729
f 1899/1987/729 1898/1986/728 1900/1988/730
f 1899/1987/729 1900/1988/730 1901/1989/731
f 1183/1269/13 1181/1267/11 1902/1990/732
f 1183/1269/13 1902/1990/732 1903/1991/733
f 1185/1271/15 1183/1269/13 1903/1991/733
f 1185/1271/15 1903/1991/733 1904/1992/734
f 1187/1273/17 1185/1271/15 1904/1992/734
f 1187/1273/17 1904/1992/734 1905/1993/735
f 1189/1275/19 1187/1273/17 1905/1993/735
f 1189/1275/19 1905/1993/735 1906/1994/736
f 1191/1277/21 1189/1275/19 1906/1994/736
f 1191/1277/21 1906/1994/736 1907/1995/737
f 1193/1279/23 1191/1277/21 1907/1995/737
f 1193/1279/23 1907/1995/737 1908/1996/738
f 1195/1281/25 1193/1279/23 1908/1996/738
f 1195/1281/25 1908/1996/738 1909/1997/739
f 1197/1283/27 1195/1281/25 1909/1997/739
f 1197/1283/27 1909/1997/739 1910/1998/740
f 1199/1285/29 1197/1283/27 1910/1998/740
f 1199/1285/29 1910/1998/740 1911/1999/741
f 1201/1287/31 1199/1285/29 1911/1999/741
f 1201/1287/31 1911/1999/741 1912/2000/742
f 1203/1289/33 1201/1287/31 1912/2000/742
f 1203/1289/33 1912/2000/742 1913/2001/743
f 1205/1291/35 1203/1289/33 1913/2001/743
f 1205/1291/35 1913/2001/743 1914/2002/744
f 1207/1293/37 1205/1291/35 1914/2002/744
f 1207/1293/37 1914/2002/744 1915/2003/745
f 1209/1295/39 1207/1293/37 1915/2003/745
f 1209/1295/39 1915/2003/745 1916/2004/746
f 1211/1297/41 1209/1295/39 1916/2004/746
f 1211/1297/41 1916/2004/746 1917/2005/747
f 1213/1299/43 1211/1297/41 1917/2005/747
f 1213/1299/43 1917/2005/747 1918/2006/748
f 1215/1301/45 1213/1299/43 1918/2006/748
f 1215/1301/45 1918/2006/748 1919/2007/749
f 1217/1303/47 1215/1301/45 1919/2007/749
f 1217/1303/47 1919/2007/749 1920/2008/750
f 1219/1305/49 1217/1303/47 1920/2008/750
f 1219/1305/49 1920/2008/750 1921/2009/751
f 1221/1307/51 1219/1305/49 1921/2009/751
f 1221/1307/51 1921/2009/751 1922/2010/752
f 1223/1309/53 1221/1307/51 1922/2010/752
f 1223/1309/53 1922/2010/752 1923/2011/753
f 1225/1311/55 1223/1309/53 1923/2011/753
f 1225/1311/55 1923/2011/753 1924/2012/754
f 1227/1313/57 1225/1311/55 1924/2012/754
f 1227/1313/57 1924/2012/754 1925/2013/755
f 1229/1315/59 1227/1313/57 1925/2013/755
f 1229/1315/59 1925/2013/755 1926/2014/756
f 1231/1317/61 1229/1315/59 1926/2014/756
f 1231/1317/61 1926/2014/756 1927/2015/757
f 1233/1319/63 1231/1317/61 1927/2015/757
f 1233/1319/63 1927/2015/757 1928/2016/758
f 1235/1321/1172 1233/1319/63 1928/2016/758
f 1235/1321/1172 1928/2016/758 1929/2017/759
f 1237/1323/67 1235/1321/1172 1929/2017/759
f 1237/1323/67 1929/2017/759 1930/2018/760
f 1239/1325/69 1237/1323/67 1930/2018/760
f 1239/1325/69 1930/2018/760 1931/2019/761
f 1241/1327/71 1239/1325/69 1931/2019/761
f 1241/1327/71 1931/2019/761 1932/2020/762
f 1243/1329/73 1241/1327/71 1932/2020/762
f 1243/1329/73 1932/2020/762 1933/2021/763
f 1245/1331/75 1243/1329/73 1933/2021/763
f 1245/1331/75 1933/2021/763 1934/2022/764
f 1247/1333/77 1245/1331/75 1934/2022/764
f 1247/1333/77 1934/2022/764 1935/2023/765
f 1249/1335/79 1247/1333/77 1935/2023/765
f 1249/1335/79 1935/2023/765 1936/2024/766
f 1251/1337/81 1249/1335/79 1936/2024/766
f 1251/1337/81 1936/2024/766 1937/2025/767
f 1253/1339/83 1251/1337/81 1937/2025/767
f 1253/1339/83 1937/2025/767 1938/2026/768
f 1255/1341/85 1253/1339/83 1938/2026/768
f 1255/1341/85 1938/2026/768 1939/2027/769
f 1257/1343/87 1255/1341/85 1939/2027/769
f 1257/1343/87 1939/2027/769 1940/2028/770
f 1259/1345/89 1257/1343/87 1940/2028/770
f 1259/1345/89 1940/2028/770 1941/2029/771
f 1261/1347/91 1259/1345/89 1941/2029/771
f 1261/1347/91 1941/2029/771 1942/2030/772
f 1263/1349/93 1261/1347/91 1942/2030/772
f 1263/1349/93 1942/2030/772 1943/2031/773
f 1265/1351/95 1263/1349/93 1943/2031/773
f 1265/1351/95 1943/2031/773 1944/2032/774
f 1267/1353/97 1265/1351/95 1944/2032/774
f 1267/1353/97 1944/2032/774 1945/2033/775
f 1269/1355/99 1267/1353/97 1945/2033/775
f 1269/1355/99 1945/2033/775 1946/2034/776
f 1271/1357/101 1269/1355/99 1946/2034/776
f 1271/1357/101 1946/2034/776 1947/2035/777
f 1273/1359/103 1271/1357/101 1947/2035/777
f 1273/1359/103 1947/2035/777 1948/2036/778
f 1275/1361/105 1273/1359/103 1948/2036/778
f 1275/1361/105 1948/2036/778 1949/2037/779
f 1277/1363/107 1275/1361/105 1949/2037/779
f 1277/1363/107 1949/2037/779 1950/2038/780
f 1279/1365/109 1277/1363/107 1950/2038/780
f 1279/1365/109 1950/2038/780 1951/2039/781
f 1281/1367/111 1279/1365/109 1951/2039/781
f 1281/1367/111 1951/2039/781 1952/2040/782
f 1283/1369/113 1281/1367/111 1952/2040/782
f 1283/1369/113 1952/2040/782 1953/2041/783
f 1285/1371/115 1283/1369/113 1953/2041/783
f 1285/1371/115 1953/2041/783 1954/2042/784
f 1287/1373/117 1285/1371/115 1954/2042/784
f 1287/1373/117 1954/2042/784 1955/2043/785
f 1289/1375/119 1287/1373/117 1955/2043/785
f 1289/1375/119 1955/2043/785 1956/2044/786
f 1291/1377/121 1289/1375/119 1956/2044/786
f 1291/1377/121 1956/2044/786 1957/2045/787
f 1293/1379/123 1291/1377/121 1957/2045/787
f 1293/1379/123 1957/2045/787 1958/2046/788
f 1295/1381/125 1293/1379/123 1958/2046/788
f 1295/1381/125 1958/2046/788 1959/2047/789
f 1297/1383/127 1295/1381/125 1959/2047/789
f 1297/1383/127 1959/2047/789 1960/2048/790
f 1299/1385/129 1297/1383/127 1960/2048/790
f 1299/1385/129 1960/2048/790 1961/2049/791
f 1301/1387/131 1299/1385/129 1961/2049/791
f 1301/1387/131 1961/2049/791 1962/2050/792
f 1303/1389/133 1301/1387/131 1962/2050/792
f 1303/1389/133 1962/2050/792 1963/2051/793
f 1305/1391/135 1303/1389/133 1963/2051/793
f 1305/1391/135 1963/2051/793 1964/2052/794
f 1307/1393/137 1305/1391/135 1964/2052/794
f 1307/1393/137 1964/2052/794 1965/2053/795
f 1309/1395/139 1307/1393/137 1965/2053/795
f 1309/1395/139 1965/2053/795 1966/2054/796
f 1311/1397/141 1309/1395/139 1966/2054/796
f 1311/1397/141 1966/2054/796 1967/2055/797
f 1313/1399/143 1311/1397/141 1967/2055/797
f 1313/1399/143 1967/2055/797 1968/2056/798
f 1315/1401/145 1313/1399/143 1968/2056/798
f 1315/1401/145 1968/2056/798 1969/2057/799
f 1317/1403/147 1315/1401/145 1969/2057/799
f 1317/1403/147 1969/2057/799 1970/2058/800
f 1319/1405/149 1317/1403/147 1970/2058/800
f 1319/1405/149 1970/2058/800 1971/2059/801
f 1321/1407/151 1319/1405/149 1971/2059/801
f 1321/1407/151 1971/2059/801 1972/2060/802
f 1323/1409/153 1321/1407/151 1972/2060/802
f 1323/1409/153 1972/2060/802 1973/2061/803
f 1325/1411/155 1323/1409/153 1973/2061/803
f 1325/1411/155 1973/2061/803 1974/2062/804
f 1327/1413/157 1325/1411/155 1974/2062/804
f 1327/1413/157 1974/2062/804 1975/2063/805
f 1329/1415/159 1327/1413/157 1975/2063/805
f 1329/1415/159 1975/2063/805 1976/2064/806
f 1331/1417/161 1329/1415/159 1976/2064/806
f 1331/1417/161 1976/2064/806 1977/2065/807
f 1333/1419/163 1331/1417/161 1977/2065/807
f 1333/1419/163 1977/2065/807 1978/2066/808
f 1335/1421/165 1333/1419/163 1978/2066/808
f 1335/1421/165 1978/2066/808 1979/2067/809
f 1337/1423/167 1335/1421/165 1979/2067/809
f 1337/1423/167 1979/2067/809 1980/2068/810
f 1339/1425/169 1337/1423/167 1980/2068/810
f 1339/1425/169 1980/2068/810 1981/2069/811
f 1341/1427/171 1339/1425/169 1981/2069/811
f 1341/1427/171 1981/2069/811 1982/2070/812
f 1343/1429/173 1341/1427/171 1982/2070/812
f 1343/1429/173 1982/2070/812 1983/2071/813
f 1345/1431/175 1343/1429/173 1983/2071/813
f 1345/1431/175 1983/2071/813 1984/2072/814
f 1347/1433/177 1345/1431/175 1984/2072/814
f 1347/1433/177 1984/2072/814 1985/2073/815
f 1349/1435/179 1347/1433/177 1985/2073/815
f 1349/1435/179 1985/2073/815 1986/2074/816
f 1987/2075/817 1349/1435/179 1986/2074/816
f 1897/1985/727 1536/1622/366 1172/1258/2
f 1897/1985/727 1172/1258/2 1898/1986/728
f 1988/2076/818 1989/2077/819 1356/1442/186
f 1180/1266/10 1355/1441/185 1990/2078/820
f 1180/1266/10 1990/2078/820 1991/2079/821
f 1898/1986/728 1172/1258/2 1171/1257/1
f 1898/1986/728 1171/1257/1 1900/1988/730
f 1548/1634/378 1360/1446/190 1897/1985/727
f 1548/1634/378 1897/1985/727 1549/1635/379
f 1550/1636/380 1549/1635/379 1899/1987/729
f 1550/1636/380 1899/1987/729 1992/2080/822
f 1552/1638/382 1550/1636/380 1992/2080/822
f 1552/1638/382 1992/2080/822 1993/2081/823
f 1554/1640/384 1552/1638/382 1993/2081/823
f 1554/1640/384 1993/2081/823 1994/2082/824
f 1556/1642/386 1554/1640/384 1994/2082/824
f 1556/1642/386 1994/2082/824 1995/2083/825
f 1558/1644/388 1556/1642/386 1995/2083/825
f 1558/1644/388 1995/2083/825 1996/2084/826
f 1560/1646/390 1558/1644/388 1996/2084/826
f 1560/1646/390 1996/2084/826 1997/2085/827
f 1562/1648/392 1560/1646/390 1997/2085/827
f 1562/1648/392 1997/2085/827 1998/2086/828
f 1564/1650/394 1562/1648/392 1998/2086/828
f 1564/1650/394 1998/2086/828 1999/2087/829
f 1566/1652/396 1564/1650/394 1999/2087/829
f 1566/1652/396 1999/2087/829 2000/2088/830
f 1568/1654/398 1566/1652/396 2000/2088/830
f 1568/1654/398 2000/2088/830 2001/2089/831
f 1570/1656/400 1568/1654/398 2001/2089/831
f 1570/1656/400 2001/2089/831 2002/2090/832
f 1572/1658/402 1570/1656/400 2002/2090/832
f 1572/1658/402 2002/2090/832 2003/2091/833
f 1574/1660/404 1572/1658/402 2003/2091/833
f 1574/1660/404 2003/2091/833 2004/2092/834
f 1576/1662/406 1574/1660/404 2004/2092/834
f 1576/1662/406 2004/2092/834 2005/2093/835
f 1578/1664/408 1576/1662/406 2005/2093/835
f 1578/1664/408 2005/2093/835 2006/2094/836
f 1580/1666/410 1578/1664/408 2006/2094/836
f 1580/1666/410 2006/2094/836 2007/2095/837
f 1582/1668/412 1580/1666/410 2007/2095/837
f 1582/1668/412 2007/2095/837 2008/2096/838
f 1584/1670/414 1582/1668/412 2008/2096/838
f 1584/1670/414 2008/2096/838 2009/2097/839
f 1586/1672/416 1584/1670/414 2009/2097/839
f 1586/1672/416 2009/2097/839 2010/2098/840
f 1588/1674/418 1586/1672/416 2010/2098/840
f 1588/1674/418 2010/2098/840 2011/2099/841
f 1590/1676/420 1588/1674/418 2011/2099/841
f 1590/1676/420 2011/2099/841 2012/2100/842
f 1592/1678/422 1590/1676/420 2012/2100/842
f 1592/1678/422 2012/2100/842 2013/2101/843
f 1594/1680/424 1592/1678/422 2013/2101/843
f 1594/1680/424 2013/2101/843 2014/2102/844
f 1596/1682/426 1594/1680/424 2014/2102/844
f 1596/1682/426 2014/2102/844 2015/2103/845
f 1598/1684/428 1596/1682/426 2015/2103/845
f 1598/1684/428 2015/2103/845 2016/2104/846
f 1600/1686/430 1598/1684/428 2016/2104/846
f 1600/1686/430 2016/2104/846 2017/2105/847
f 1602/1688/1177 1600/1686/430 2017/2105/847
f 1602/1688/1177 2017/2105/847 2018/2106/848
f 1604/1690/434 1602/1688/1177 2018/2106/848
f 1604/1690/434 2018/2106/848 2019/2107/849
f 1606/1692/436 1604/1690/434 2019/2107/849
f 1606/1692/436 2019/2107/849 2020/2108/850
f 1608/1694/438 1606/1692/436 2020/2108/850
f 1608/1694/438 2020/2108/850 2021/2109/851
f 1610/1696/440 1608/1694/438 2021/2109/851
f 1610/1696/440 2021/2109/851 2022/2110/852
f 1612/1698/442 1610/1696/440 2022/2110/852
f 1612/1698/442 2022/2110/852 2023/2111/853
f 1614/1700/444 1612/1698/442 2023/2111/853
f 1614/1700/444 2023/2111/853 2024/2112/854
f 1616/1702/446 1614/1700/444 2024/2112/854
f 1616/1702/446 2024/2112/854 2025/2113/855
f 1618/1704/448 1616/1702/446 2025/2113/855
f 1618/1704/448 2025/2113/855 2026/2114/856
f 1620/1706/450 1618/1704/448 2026/2114/856
f 1620/1706/450 2026/2114/856 2027/2115/857
f 1622/1708/452 1620/1706/450 2027/2115/857
f 1622/1708/452 2027/2115/857 2028/2116/858
f 1624/1710/454 1622/1708/452 2028/2116/858
f 1624/1710/454 2028/2116/858 2029/2117/859
f 1626/1712/456 1624/1710/454 2029/2117/859
f 1626/1712/456 2029/2117/859 2030/2118/860
f 1628/1714/458 1626/1712/456 2030/2118/860
f 1628/1714/458 2030/2118/860 2031/2119/861
f 1630/1716/460 1628/1714/458 2031/2119/861
f 1630/1716/460 2031/2119/861 2032/2120/1179
f 1632/1718/462 1630/1716/460 2032/2120/1179
f 1632/1718/462 2032/2120/1179 2033/2121/863
f 1634/1720/464 1632/1718/462 2033/2121/863
f 1634/1720/464 2033/2121/863 2034/2122/864
f 1636/1722/466 1634/1720/464 2034/2122/864
f 1636/1722/466 2034/2122/864 2035/2123/865
f 1638/1724/468 1636/1722/466 2035/2123/865
f 1638/1724/468 2035/2123/865 2036/2124/866
f 1640/1726/470 1638/1724/468 2036/2124/866
f 1640/1726/470 2036/2124/866 2037/2125/867
f 1642/1728/472 1640/1726/470 2037/2125/867
f 1642/1728/472 2037/2125/867 2038/2126/868
f 1644/1730/474 1642/1728/472 2038/2126/868
f 1644/1730/474 2038/2126/868 2039/2127/869
f 1646/1732/476 1644/1730/474 2039/2127/869
f 1646/1732/476 2039/2127/869 2040/2128/870
f 1648/1734/478 1646/1732/476 2040/2128/870
f 1648/1734/478 2040/2128/870 2041/2129/871
f 1650/1736/480 1648/1734/478 2041/2129/871
f 1650/1736/480 2041/2129/871 2042/2130/872
f 1652/1738/482 1650/1736/480 2042/2130/872
f 1652/1738/482 2042/2130/872 2043/2131/873
f 1654/1740/484 1652/1738/482 2043/2131/873
f 1654/1740/484 2043/2131/873 2044/2132/874
f 1656/1742/486 1654/1740/484 2044/2132/874
f 1656/1742/486 2044/2132/874 2045/2133/875
f 1658/1744/488 1656/1742/486 2045/2133/875
f 1658/1744/488 2045/2133/875 2046/2134/876
f 1660/1746/490 1658/1744/488 2046/2134/876
f 1660/1746/490 2046/2134/876 2047/2135/877
f 1662/1748/492 1660/1746/490 2047/2135/877
f 1662/1748/492 2047/2135/877 2048/2136/878
f 1664/1750/494 1662/1748/492 2048/2136/878
f 1664/1750/494 2048/2136/878 2049/2137/879
f 1666/1752/496 1664/1750/494 2049/2137/879
f 1666/1752/496 2049/2137/879 2050/2138/880
f 1668/1754/498 1666/1752/496 2050/2138/880
f 1668/1754/498 2050/2138/880 2051/2139/881
f 1670/1756/500 1668/1754/498 2051/2139/881
f 1670/1756/500 2051/2139/881 2052/2140/882
f 1672/1758/502 1670/1756/500 2052/2140/882
f 1672/1758/502 2052/2140/882 2053/2141/883
f 1674/1760/504 1672/1758/502 2053/2141/883
f 1674/1760/504 2053/2141/883 2054/2142/884
f 1676/1762/506 1674/1760/504 2054/2142/884
f 1676/1762/506 2054/2142/884 2055/2143/885
f 1678/1764/508 1676/1762/506 2055/2143/885
f 1678/1764/508 2055/2143/885 2056/2144/886
f 1680/1766/510 1678/1764/508 2056/2144/886
f 1680/1766/510 2056/2144/886 2057/2145/887
f 1682/1768/512 1680/1766/510 2057/2145/887
f 1682/1768/512 2057/2145/887 2058/2146/888
f 1684/1770/514 1682/1768/512 2058/2146/888
f 1684/1770/514 2058/2146/888 2059/2147/889
f 1686/1772/516 1684/1770/514 2059/2147/889
f 1686/1772/516 2059/2147/889 2060/2148/890
f 1688/1774/518 1686/1772/516 2060/2148/890
f 1688/1774/518 2060/2148/890 2061/2149/891
f 1690/1776/520 1688/1774/518 2061/2149/891
f 1690/1776/520 2061/2149/891 2062/2150/892
f 1692/1778/522 1690/1776/520 2062/2150/892
f 1692/1778/522 2062/2150/892 2063/2151/893
f 1694/1780/524 1692/1778/522 2063/2151/893
f 1694/1780/524 2063/2151/893 2064/2152/894
f 1696/1782/526 1694/1780/524 2064/2152/894
f 1696/1782/526 2064/2152/894 2065/2153/895
f 1698/1784/528 1696/1782/526 2065/2153/895
f 1698/1784/528 2065/2153/895 2066/2154/896
f 1700/1786/530 1698/1784/528 2066/2154/896
f 1700/1786/530 2066/2154/896 2067/2155/897
f 1702/1788/532 1700/1786/530 2067/2155/897
f 1702/1788/532 2067/2155/897 2068/2156/898
f 1704/1790/534 1702/1788/532 2068/2156/898
f 1704/1790/534 2068/2156/898 2069/2157/899
f 1706/1792/536 1704/1790/534 2069/2157/899
f 1706/1792/536 2069/2157/899 2070/2158/900
f 1708/1794/538 1706/1792/536 2070/2158/900
f 1708/1794/538 2070/2158/900 2071/2159/901
f 1710/1796/540 1708/1794/538 2071/2159/901
f 1710/1796/540 2071/2159/901 2072/2160/902
f 1712/1798/542 1710/1796/540 2072/2160/902
f 1712/1798/542 2072/2160/902 2073/2161/903
f 1714/1800/544 1712/1798/542 2073/2161/903
f 1714/1800/544 2073/2161/903 2074/2162/904
f 1716/1802/546 1714/1800/544 2074/2162/904
f 1716/1802/546 2074/2162/904 2075/2163/905
f 1718/1804/548 1716/1802/546 2075/2163/905
f 1718/1804/548 2075/2163/905 2076/2164/906
f 2077/2165/907 1718/1804/548 2076/2164/906
f 1894/1982/724 1348/1434/178 1350/1436/180
f 1535/1621/365 1534/1620/364 2078/2166/908
f 1176/1262/6 1175/1261/5 2079/2167/909
f 1902/1990/732 1991/2079/821 2080/2168/910
f 1902/1990/732 2080/2168/910 2081/2169/911
f 1724/1812/554 1720/1808/550 1179/1265/9
f 1724/1812/554 1179/1265/9 1178/1264/8
f 1726/1814/556 1724/1812/554 1178/1264/8
f 1726/1814/556 1178/1264/8 1182/1268/12
f 1728/1816/558 1726/1814/556 1182/1268/12
f 1728/1816/558 1182/1268/12 1184/1270/14
f 1730/1818/560 1728/1816/558 1184/1270/14
f 1730/1818/560 1184/1270/14 1186/1272/16
f 1732/1820/562 1730/1818/560 1186/1272/16
f 1732/1820/562 1186/1272/16 1188/1274/18
f 1734/1822/564 1732/1820/562 1188/1274/18
f 1734/1822/564 1188/1274/18 1190/1276/20
f 1736/1824/566 1734/1822/564 1190/1276/20
f 1736/1824/566 1190/1276/20 1192/1278/22
f 1738/1826/568 1736/1824/566 1192/1278/22
f 1738/1826/568 1192/1278/22 1194/1280/1171
f 1740/1828/570 1738/1826/568 1194/1280/1171
f 1740/1828/570 1194/1280/1171 1196/1282/26
f 1742/1830/572 1740/1828/570 1196/1282/26
f 1742/1830/572 1196/1282/26 1198/1284/28
f 1744/1832/574 1742/1830/572 1198/1284/28
f 1744/1832/574 1198/1284/28 1200/1286/30
f 1746/1834/576 1744/1832/574 1200/1286/30
f 1746/1834/576 1200/1286/30 1202/1288/32
f 1748/1836/578 1746/1834/576 1202/1288/32
f 1748/1836/578 1202/1288/32 1204/1290/34
f 1750/1838/580 1748/1836/578 1204/1290/34
f 1750/1838/580 1204/1290/34 1206/1292/36
f 1752/1840/582 1750/1838/580 1206/1292/36
f 1752/1840/582 1206/1292/36 1208/1294/38
f 1754/1842/584 1752/1840/582 1208/1294/38
f 1754/1842/584 1208/1294/38 1210/1296/40
f 1756/1844/586 1754/1842/584 1210/1296/40
f 1756/1844/586 1210/1296/40 1212/1298/42
f 1758/1846/588 1756/1844/586 1212/1298/42
f 1758/1846/588 1212/1298/42 1214/1300/44
f 1760/1848/590 1758/1846/588 1214/1300/44
f 1760/1848/590 1214/1300/44 1216/1302/46
f 1762/1850/592 1760/1848/590 1216/1302/46
f 1762/1850/592 1216/1302/46 1218/1304/48
f 1764/1852/594 1762/1850/592 1218/1304/48
f 1764/1852/594 1218/1304/48 1220/1306/50
f 1766/1854/596 1764/1852/594 1220/1306/50
f 1766/1854/596 1220/1306/50 1222/1308/52
f 1768/1856/598 1766/1854/596 1222/1308/52
f 1768/1856/598 1222/1308/52 1224/1310/54
f 1770/1858/600 1768/1856/598 1224/1310/54
f 1770/1858/600 1224/1310/54 1226/1312/56
f 1772/1860/602 1770/1858/600 1226/1312/56
f 1772/1860/602 1226/1312/56 1228/1314/58
f 1774/1862/604 1772/1860/602 1228/1314/58
f 1774/1862/604 1228/1314/58 1230/1316/60
f 1776/1864/606 1774/1862/604 1230/1316/60
f 1776/1864/606 1230/1316/60 1232/1318/62
f 1778/1866/608 1776/1864/606 1232/1318/62
f 1778/1866/608 1232/1318/62 1234/1320/64
f 1780/1868/610 1778/1866/608 1234/1320/64
f 1780/1868/610 1234/1320/64 1236/1322/66
f 1782/1870/612 1780/1868/610 1236/1322/66
f 1782/1870/612 1236/1322/66 1238/1324/68
f 1784/1872/614 1782/1870/612 1238/1324/68
f 1784/1872/614 1238/1324/68 1240/1326/70
f 1786/1874/616 1784/1872/614 1240/1326/70
f 1786/1874/616 1240/1326/70 1242/1328/72
f 1788/1876/618 1786/1874/616 1242/1328/72
f 1788/1876/618 1242/1328/72 1244/1330/74
f 1790/1878/620 1788/1876/618 1244/1330/74
f 1790/1878/620 1244/1330/74 1246/1332/76
f 1792/1880/622 1790/1878/620 1246/1332/76
f 1792/1880/622 1246/1332/76 1248/1334/78
f 1794/1882/624 1792/1880/622 1248/1334/78
f 1794/1882/624 1248/1334/78 1250/1336/80
f 1796/1884/626 1794/1882/624 1250/1336/80
f 1796/1884/626 1250/1336/80 1252/1338/82
f 1798/1886/628 1796/1884/626 1252/1338/82
f 1798/1886/628 1252/1338/82 1254/1340/84
f 1800/1888/630 1798/1886/628 1254/1340/84
f 1800/1888/630 1254/1340/84 1256/1342/86
f 1802/1890/632 1800/1888/630 1256/1342/86
f 1802/1890/632 1256/1342/86 1258/1344/88
f 1804/1892/634 1802/1890/632 1258/1344/88
f 1804/1892/634 1258/1344/88 1260/1346/90
f 1806/1894/636 1804/1892/634 1260/1346/90
f 1806/1894/636 1260/1346/90 1262/1348/92
f 1808/1896/638 1806/1894/636 1262/1348/92
f 1808/1896/638 1262/1348/92 1264/1350/94
f 1810/1898/640 1808/1896/638 1264/1350/94
f 1810/1898/640 1264/1350/94 1266/1352/96
f 1812/1900/642 1810/1898/640 1266/1352/96
f 1812/1900/642 1266/1352/96 1268/1354/98
f 1814/1902/644 1812/1900/642 1268/1354/98
f 1814/1902/644 1268/1354/98 1270/1356/100
f 1816/1904/646 1814/1902/644 1270/1356/100
f 1816/1904/646 1270/1356/100 1272/1358/102
f 1818/1906/648 1816/1904/646 1272/1358/102
f 1818/1906/648 1272/1358/102 1274/1360/104
f 1820/1908/650 1818/1906/648 1274/1360/104
f 1820/1908/650 1274/1360/104 1276/1362/106
f 1822/1910/652 1820/1908/650 1276/1362/106
f 1822/1910/652 1276/1362/106 1278/1364/108
f 1824/1912/654 1822/1910/652 1278/1364/108
f 1824/1912/654 1278/1364/108 1280/1366/110
f 1826/1914/656 1824/1912/654 1280/1366/110
f 1826/1914/656 1280/1366/110 1282/1368/112
f 1828/1916/658 1826/1914/656 1282/1368/112
f 1828/1916/658 1282/1368/112 1284/1370/114
f 1830/1918/660 1828/1916/658 1284/1370/114
f 1830/1918/660 1284/1370/114 1286/1372/116
f 1832/1920/662 1830/1918/660 1286/1372/116
f 1832/1920/662 1286/1372/116 1288/1374/118
f 1834/1922/664 1832/1920/662 1288/1374/118
f 1834/1922/664 1288/1374/118 1290/1376/120
f 1836/1924/666 1834/1922/664 1290/1376/120
f 1836/1924/666 1290/1376/120 1292/1378/122
f 1838/1926/668 1836/1924/666 1292/1378/122
f 1838/1926/668 1292/1378/122 1294/1380/124
f 1840/1928/670 1838/1926/668 1294/1380/124
f 1840/1928/670 1294/1380/124 1296/1382/126
f 1842/1930/672 1840/1928/670 1296/1382/126
f 1842/1930/672 1296/1382/126 1298/1384/128
f 1844/1932/674 1842/1930/672 1298/1384/128
f 1844/1932/674 1298/1384/128 1300/1386/130
f 1846/1934/676 1844/1932/674 1300/1386/130
f 1846/1934/676 1300/1386/130 1302/1388/132
f 1848/1936/678 1846/1934/676 1302/1388/132
f 1848/1936/678 1302/1388/132 1304/1390/134
f 1850/1938/680 1848/1936/678 1304/1390/134
f 1850/1938/680 1304/1390/134 1306/1392/136
f 1852/1940/682 1850/1938/680 1306/1392/136
f 1852/1940/682 1306/1392/136 1308/1394/138
f 1854/1942/684 1852/1940/682 1308/1394/138
f 1854/1942/684 1308/1394/138 1310/1396/140
f 1856/1944/686 1854/1942/684 1310/1396/140
f 1856/1944/686 1310/1396/140 1312/1398/142
f 1858/1946/688 1856/1944/686 1312/1398/142
f 1858/1946/688 1312/1398/142 1314/1400/144
f 1860/1948/690 1858/1946/688 1314/1400/144
f 1860/1948/690 1314/1400/144 1316/1402/146
f 1862/1950/692 1860/1948/690 1316/1402/146
f 1862/1950/692 1316/1402/146 1318/1404/148
f 1864/1952/694 1862/1950/692 1318/1404/148
f 1864/1952/694 1318/1404/148 1320/1406/150
f 1866/1954/696 1864/1952/694 1320/1406/150
f 1866/1954/696 1320/1406/150 1322/1408/152
f 1868/1956/698 1866/1954/696 1322/1408/152
f 1868/1956/698 1322/1408/152 1324/1410/154
f 1870/1958/700 1868/1956/698 1324/1410/154
f 1870/1958/700 1324/1410/154 1326/1412/156
f 1872/1960/702 1870/1958/700 1326/1412/156
f 1872/1960/702 1326/1412/156 1328/1414/158
f 1874/1962/704 1872/1960/702 1328/1414/158
f 1874/1962/704 1328/1414/158 1330/1416/160
f 1876/1964/706 1874/1962/704 1330/1416/160
f 1876/1964/706 1330/1416/160 1332/1418/162
f 1878/1966/708 1876/1964/706 1332/1418/162
f 1878/1966/708 1332/1418/162 1334/1420/164
f 1880/1968/710 1878/1966/708 1334/1420/164
f 1880/1968/710 1334/1420/164 1336/1422/166
f 1882/1970/712 1880/1968/710 1336/1422/166
f 1882/1970/712 1336/1422/166 1338/1424/168
f 1884/1972/714 1882/1970/712 1338/1424/168
f 1884/1972/714 1338/1424/168 1340/1426/170
f 1886/1974/716 1884/1972/714 1340/1426/170
f 1886/1974/716 1340/1426/170 1342/1428/172
f 1888/1976/718 1886/1974/716 1342/1428/172
f 1888/1976/718 1342/1428/172 1344/1430/174
f 1890/1978/720 1888/1976/718 1344/1430/174
f 1890/1978/720 1344/1430/174 1346/1432/176
f 1892/1980/722 1890/1978/720 1346/1432/176
f 1892/1980/722 1346/1432/176 1348/1434/178
f 1894/1982/724 1892/1980/722 1348/1434/178
f 1360/1446/190 1359/1445/189 1536/1622/366
f 1360/1446/190 1536/1622/366 1897/1985/727
f 1991/2079/821 1990/2078/820 1174/1260/4
f 1991/2079/821 1174/1260/4 2080/2168/910
f 2081/2169/911 2080/2168/910 2082/2170/912
f 2081/2169/911 2082/2170/912 2083/2171/913
f 2084/2172/914 2081/2169/911 2083/2171/913
f 2084/2172/914 2083/2171/913 2085/2173/915
f 2086/2174/916 2084/2172/914 2085/2173/915
f 2086/2174/916 2085/2173/915 2087/2175/1180
f 2088/2176/918 2086/2174/916 2087/2175/1180
f 2088/2176/918 2087/2175/1180 2089/2177/919
f 2090/2178/920 2088/2176/918 2089/2177/919
f 2090/2178/920 2089/2177/919 2091/2179/921
f 2092/2180/922 2090/2178/920 2091/2179/921
f 2092/2180/922 2091/2179/921 2093/2181/923
f 2094/2182/924 2092/2180/922 2093/2181/923
f 2094/2182/924 2093/2181/923 2095/2183/925
f 2096/2184/926 2094/2182/924 2095/2183/925
f 2096/2184/926 2095/2183/925 2097/2185/927
f 2098/2186/928 2096/2184/926 2097/2185/927
f 2098/2186/928 2097/2185/927 2099/2187/929
f 2100/2188/930 2098/2186/928 2099/2187/929
f 2100/2188/930 2099/2187/929 2101/2189/931
f 2102/2190/932 2100/2188/930 2101/2189/931
f 2102/2190/932 2101/2189/931 2103/2191/1181
f 2104/2192/934 2102/2190/932 2103/2191/1181
f 2104/2192/934 2103/2191/1181 2105/2193/935
f 2106/2194/936 2104/2192/934 2105/2193/935
f 2106/2194/936 2105/2193/935 2107/2195/937
f 2108/2196/938 2106/2194/936 2107/2195/937
f 2108/2196/938 2107/2195/937 2109/2197/939
f 2110/2198/940 2108/2196/938 2109/2197/939
f 2110/2198/940 2109/2197/939 2111/2199/941
f 2112/2200/942 2110/2198/940 2111/2199/941
f 2112/2200/942 2111/2199/941 2113/2201/943
f 2114/2202/944 2112/2200/942 2113/2201/943
f 2114/2202/944 2113/2201/943 2115/2203/945
f 2116/2204/946 2114/2202/944 2115/2203/945
f 2116/2204/946 2115/2203/945 2117/2205/947
f 2118/2206/948 2116/2204/946 2117/2205/947
f 2118/2206/948 2117/2205/947 2119/2207/949
f 2120/2208/950 2118/2206/948 2119/2207/949
f 2120/2208/950 2119/2207/949 2121/2209/1182
f 2122/2210/952 2120/2208/950 2121/2209/1182
f 2122/2210/952 2121/2209/1182 2123/2211/953
f 2124/2212/954 2122/2210/952 2123/2211/953
f 2124/2212/954 2123/2211/953 2125/2213/955
f 2126/2214/956 2124/2212/954 2125/2213/955
f 2126/2214/956 2125/2213/955 2127/2215/957
f 2128/2216/958 2126/2214/956 2127/2215/957
f 2128/2216/958 2127/2215/957 2129/2217/959
f 2130/2218/960 2128/2216/958 2129/2217/959
f 2130/2218/960 2129/2217/959 2131/2219/961
f 2132/2220/962 2130/2218/960 2131/2219/961
f 2132/2220/962 2131/2219/961 2133/2221/963
f 2134/2222/964 2132/2220/962 2133/2221/963
f 2134/2222/964 2133/2221/963 2135/2223/965
f 2136/2224/1183 2134/2222/964 2135/2223/965
f 2136/2224/1183 2135/2223/965 2137/2225/967
f 2138/2226/968 2136/2224/1183 2137/2225/967
f 2138/2226/968 2137/2225/967 2139/2227/969
f 2140/2228/970 2138/2226/968 2139/2227/969
f 2140/2228/970 2139/2227/969 2141/2229/971
f 2142/2230/972 2140/2228/970 2141/2229/971
f 2142/2230/972 2141/2229/971 2143/2231/973
f 2144/2232/974 2142/2230/972 2143/2231/973
f 2144/2232/974 2143/2231/973 2145/2233/975
f 2146/2234/976 2144/2232/974 2145/2233/975
f 2146/2234/976 2145/2233/975 2147/2235/977
f 2148/2236/978 2146/2234/976 2147/2235/977
f 2148/2236/978 2147/2235/977 2149/2237/979
f 2150/2238/980 2148/2236/978 2149/2237/979
f 2150/2238/980 2149/2237/979 2151/2239/981
f 2152/2240/982 2150/2238/980 2151/2239/981
f 2152/2240/982 2151/2239/981 2153/2241/983
f 2154/2242/984 2152/2240/982 2153/2241/983
f 2154/2242/984 2153/2241/983 2155/2243/985
f 2156/2244/986 2154/2242/984 2155/2243/985
f 2156/2244/986 2155/2243/985 2157/2245/987
f 2158/2246/988 2156/2244/986 2157/2245/987
f 2158/2246/988 2157/2245/987 2159/2247/989
f 2160/2248/990 2158/2246/988 2159/2247/989
f 2160/2248/990 2159/2247/989 2161/2249/991
f 2162/2250/992 2160/2248/990 2161/2249/991
f 2162/2250/992 2161/2249/991 2163/2251/993
f 2164/2252/994 2162/2250/992 2163/2251/993
f 2164/2252/994 2163/2251/993 2165/2253/995
f 2166/2254/996 2164/2252/994 2165/2253/995
f 2166/2254/996 2165/2253/995 2167/2255/997
f 2168/2256/998 2166/2254/996 2167/2255/997
f 2168/2256/998 2167/2255/997 2169/2257/999
f 2170/2258/1000 2168/2256/998 2169/2257/999
f 2170/2258/1000 2169/2257/999 2171/2259/1001
f 2172/2260/1002 2170/2258/1000 2171/2259/1001
f 2172/2260/1002 2171/2259/1001 2173/2261/1003
f 2174/2262/1004 2172/2260/1002 2173/2261/1003
f 2174/2262/1004 2173/2261/1003 2175/2263/1005
f 2176/2264/1006 2174/2262/1004 2175/2263/1005
f 2176/2264/1006 2175/2263/1005 2177/2265/1007
f 2178/2266/1008 2176/2264/1006 2177/2265/1007
f 2178/2266/1008 2177/2265/1007 2179/2267/1009
f 2180/2268/1010 2178/2266/1008 2179/2267/1009
f 2180/2268/1010 2179/2267/1009 2181/2269/1011
f 2182/2270/1012 2180/2268/1010 2181/2269/1011
f 2182/2270/1012 2181/2269/1011 2183/2271/1013
f 2184/2272/1014 2182/2270/1012 2183/2271/1013
f 2184/2272/1014 2183/2271/1013 2185/2273/1015
f 2186/2274/1016 2184/2272/1014 2185/2273/1015
f 2186/2274/1016 2185/2273/1015 2187/2275/1017
f 2188/2276/1018 2186/2274/1016 2187/2275/1017
f 2188/2276/1018 2187/2275/1017 2189/2277/1019
f 2190/2278/1020 2188/2276/1018 2189/2277/1019
f 2190/2278/1020 2189/2277/1019 2191/2279/1021
f 2192/2280/1022 2190/2278/1020 2191/2279/1021
f 2192/2280/1022 2191/2279/1021 2193/2281/1023
f 2194/2282/1024 2192/2280/1022 2193/2281/1023
f 2194/2282/1024 2193/2281/1023 2195/2283/1025
f 2196/2284/1026 2194/2282/1024 2195/2283/1025
f 2196/2284/1026 2195/2283/1025 2197/2285/1027
f 2198/2286/1028 2196/2284/1026 2197/2285/1027
f 2198/2286/1028 2197/2285/1027 2199/2287/1029
f 2200/2288/1030 2198/2286/1028 2199/2287/1029
f 2200/2288/1030 2199/2287/1029 2201/2289/1031
f 2202/2290/1032 2200/2288/1030 2201/2289/1031
f 2202/2290/1032 2201/2289/1031 2203/2291/1033
f 2204/2292/1034 2202/2290/1032 2203/2291/1033
f 2204/2292/1034 2203/2291/1033 2205/2293/1035
f 2206/2294/1036 2204/2292/1034 2205/2293/1035
f 2206/2294/1036 2205/2293/1035 2207/2295/1037
f 2208/2296/1038 2206/2294/1036 2207/2295/1037
f 2208/2296/1038 2207/2295/1037 2209/2297/1039
f 2210/2298/1040 2208/2296/1038 2209/2297/1039
f 2210/2298/1040 2209/2297/1039 2211/2299/1041
f 2212/2300/1042 2210/2298/1040 2211/2299/1041
f 2212/2300/1042 2211/2299/1041 2213/2301/1043
f 2214/2302/1044 2212/2300/1042 2213/2301/1043
f 2214/2302/1044 2213/2301/1043 2215/2303/1045
f 2216/2304/1046 2214/2302/1044 2215/2303/1045
f 2216/2304/1046 2215/2303/1045 2217/2305/1047
f 2218/2306/1048 2216/2304/1046 2217/2305/1047
f 2218/2306/1048 2217/2305/1047 2219/2307/1049
f 2220/2308/1050 2218/2306/1048 2219/2307/1049
f 2220/2308/1050 2219/2307/1049 2221/2309/1051
f 2222/2310/1052 2220/2308/1050 2221/2309/1051
f 2222/2310/1052 2221/2309/1051 2223/2311/1053
f 2224/2312/1054 2222/2310/1052 2223/2311/1053
f 2224/2312/1054 2223/2311/1053 2225/2313/1055
f 2226/2314/1056 2224/2312/1054 2225/2313/1055
f 2226/2314/1056 2225/2313/1055 2227/2315/1057
f 2228/2316/1058 2226/2314/1056 2227/2315/1057
f 2228/2316/1058 2227/2315/1057 2229/2317/1059
f 2230/2318/1060 2228/2316/1058 2229/2317/1059
f 2230/2318/1060 2229/2317/1059 2231/2319/1061
f 2232/2320/1062 2230/2318/1060 2231/2319/1061
f 2232/2320/1062 2231/2319/1061 2233/2321/1063
f 2234/2322/1064 2232/2320/1062 2233/2321/1063
f 2234/2322/1064 2233/2321/1063 2235/2323/1065
f 2236/2324/1066 2234/2322/1064 2235/2323/1065
f 2236/2324/1066 2235/2323/1065 2237/2325/1067
f 2238/2326/1068 2236/2324/1066 2237/2325/1067
f 2238/2326/1068 2237/2325/1067 2239/2327/1069
f 2240/2328/1070 2238/2326/1068 2239/2327/1069
f 2240/2328/1070 2239/2327/1069 2241/2329/1071
f 2242/2330/1072 2240/2328/1070 2241/2329/1071
f 2242/2330/1072 2241/2329/1071 2243/2331/1073
f 2244/2332/1074 2242/2330/1072 2243/2331/1073
f 2244/2332/1074 2243/2331/1073 2245/2333/1075
f 2246/2334/1076 2244/2332/1074 2245/2333/1075
f 2246/2334/1076 2245/2333/1075 2247/2335/1077
f 2248/2336/1078 2246/2334/1076 2247/2335/1077
f 2248/2336/1078 2247/2335/1077 2249/2337/1079
f 1989/2077/819 2248/2336/1078 2249/2337/1079
f 1989/2077/819 2249/2337/1079 1357/1443/187
f 1356/1442/186 1989/2077/819 1357/1443/187
f 1900/1988/730 1171/1257/1 1361/1447/191
f 1900/1988/730 1361/1447/191 1543/1629/373
f 1181/1267/11 1180/1266/10 1991/2079/821
f 1181/1267/11 1991/2079/821 1902/1990/732
f 1544/1630/374 1540/1626/370 1721/1809/551
f 1544/1630/374 1721/1809/551 1545/1631/375
f 2083/2171/913 2082/2170/912 1548/1634/378
f 2083/2171/913 1548/1634/378 1547/1633/377
f 1366/1452/196 1365/1451/195 1546/1632/376
f 1366/1452/196 1546/1632/376 1723/2338/553
f 2085/2173/915 2083/2171/913 1547/1633/377
f 2085/2173/915 1547/1633/377 1551/1637/381
f 1368/1454/198 1366/1452/196 1723/2338/553
f 1368/1454/198 1723/2338/553 1725/2339/555
f 2087/2175/1180 2085/2173/915 1551/1637/381
f 2087/2175/1180 1551/1637/381 1553/1639/383
f 1370/1456/200 1368/1454/198 1725/2339/555
f 1370/1456/200 1725/2339/555 1727/2340/557
f 2089/2177/919 2087/2175/1180 1553/1639/383
f 2089/2177/919 1553/1639/383 1555/1641/385
f 1372/1458/202 1370/1456/200 1727/2340/557
f 1372/1458/202 1727/2340/557 1729/2341/559
f 2091/2179/921 2089/2177/919 1555/1641/385
f 2091/2179/921 1555/1641/385 1557/1643/387
f 1374/1460/204 1372/1458/202 1729/2341/559
f 1374/1460/204 1729/2341/559 1731/2342/561
f 2093/2181/923 2091/2179/921 1557/1643/387
f 2093/2181/923 1557/1643/387 1559/1645/389
f 1376/1462/206 1374/1460/204 1731/2342/561
f 1376/1462/206 1731/2342/561 1733/2343/563
f 2095/2183/925 2093/2181/923 1559/1645/389
f 2095/2183/925 1559/1645/389 1561/1647/391
f 1378/1464/208 1376/1462/206 1733/2343/563
f 1378/1464/208 1733/2343/563 1735/2344/565
f 2097/2185/927 2095/2183/925 1561/1647/391
f 2097/2185/927 1561/1647/391 1563/1649/393
f 1380/1466/210 1378/1464/208 1735/2344/565
f 1380/1466/210 1735/2344/565 1737/2345/567
f 2099/2187/929 2097/2185/927 1563/1649/393
f 2099/2187/929 1563/1649/393 1565/1651/395
f 1382/1468/1174 1380/1466/210 1737/2345/567
f 1382/1468/1174 1737/2345/567 1739/2346/569
f 2101/2189/931 2099/2187/929 1565/1651/395
f 2101/2189/931 1565/1651/395 1567/1653/397
f 1384/1470/214 1382/1468/1174 1739/2346/569
f 1384/1470/214 1739/2346/569 1741/2347/571
f 2103/2191/1181 2101/2189/931 1567/1653/397
f 2103/2191/1181 1567/1653/397 1569/1655/399
f 1386/1472/216 1384/1470/214 1741/2347/571
f 1386/1472/216 1741/2347/571 1743/2348/573
f 2105/2193/935 2103/2191/1181 1569/1655/399
f 2105/2193/935 1569/1655/399 1571/1657/401
f 1388/1474/218 1386/1472/216 1743/2348/573
f 1388/1474/218 1743/2348/573 1745/2349/575
f 2107/2195/937 2105/2193/935 1571/1657/401
f 2107/2195/937 1571/1657/401 1573/1659/403
f 1390/1476/220 1388/1474/218 1745/2349/575
f 1390/1476/220 1745/2349/575 1747/2350/577
f 2109/2197/939 2107/2195/937 1573/1659/403
f 2109/2197/939 1573/1659/403 1575/1661/405
f 1392/1478/222 1390/1476/220 1747/2350/577
f 1392/1478/222 1747/2350/577 1749/2351/579
f 2111/2199/941 2109/2197/939 1575/1661/405
f 2111/2199/941 1575/1661/405 1577/1663/407
f 1394/1480/224 1392/1478/222 1749/2351/579
f 1394/1480/224 1749/2351/579 1751/2352/581
f 2113/2201/943 2111/2199/941 1577/1663/407
f 2113/2201/943 1577/1663/407 1579/1665/409
f 1396/1482/226 1394/1480/224 1751/2352/581
f 1396/1482/226 1751/2352/581 1753/2353/583
f 2115/2203/945 2113/2201/943 1579/1665/409
f 2115/2203/945 1579/1665/409 1581/1667/411
f 1398/1484/228 1396/1482/226 1753/2353/583
f 1398/1484/228 1753/2353/583 1755/2354/585
f 2117/2205/947 2115/2203/945 1581/1667/411
f 2117/2205/947 1581/1667/411 1583/1669/413
f 1400/1486/230 1398/1484/228 1755/2354/585
f 1400/1486/230 1755/2354/585 1757/2355/587
f 2119/2207/949 2117/2205/947 1583/1669/413
f 2119/2207/949 1583/1669/413 1585/1671/415
f 1402/1488/232 1400/1486/230 1757/2355/587
f 1402/1488/232 1757/2355/587 1759/2356/589
f 2121/2209/1182 2119/2207/949 1585/1671/415
f 2121/2209/1182 1585/1671/415 1587/1673/1176
f 1404/1490/234 1402/1488/232 1759/2356/589
f 1404/1490/234 1759/2356/589 1761/2357/591
f 2123/2211/953 2121/2209/1182 1587/1673/1176
f 2123/2211/953 1587/1673/1176 1589/1675/419
f 1406/1492/236 1404/1490/234 1761/2357/591
f 1406/1492/236 1761/2357/591 1763/2358/593
f 2125/2213/955 2123/2211/953 1589/1675/419
f 2125/2213/955 1589/1675/419 1591/1677/421
f 1408/1494/238 1406/1492/236 1763/2358/593
f 1408/1494/238 1763/2358/593 1765/2359/595
f 2127/2215/957 2125/2213/955 1591/1677/421
f 2127/2215/957 1591/1677/421 1593/1679/423
f 1410/1496/240 1408/1494/238 1765/2359/595
f 1410/1496/240 1765/2359/595 1767/2360/597
f 2129/2217/959 2127/2215/957 1593/1679/423
f 2129/2217/959 1593/1679/423 1595/1681/425
f 1412/1498/242 1410/1496/240 1767/2360/597
f 1412/1498/242 1767/2360/597 1769/2361/599
f 2131/2219/961 2129/2217/959 1595/1681/425
f 2131/2219/961 1595/1681/425 1597/1683/427
f 1414/1500/244 1412/1498/242 1769/2361/599
f 1414/1500/244 1769/2361/599 1771/2362/601
f 2133/2221/963 2131/2219/961 1597/1683/427
f 2133/2221/963 1597/1683/427 1599/1685/429
f 1416/1502/246 1414/1500/244 1771/2362/601
f 1416/1502/246 1771/2362/601 1773/2363/603
f 2135/2223/965 2133/2221/963 1599/1685/429
f 2135/2223/965 1599/1685/429 1601/1687/431
f 1418/1504/248 1416/1502/246 1773/2363/603
f 1418/1504/248 1773/2363/603 1775/2364/605
f 2137/2225/967 2135/2223/965 1601/1687/431
f 2137/2225/967 1601/1687/431 1603/1689/433
f 1420/1506/250 1418/1504/248 1775/2364/605
f 1420/1506/250 1775/2364/605 1777/2365/607
f 2139/2227/969 2137/2225/967 1603/1689/433
f 2139/2227/969 1603/1689/433 1605/1691/435
f 1422/1508/252 1420/1506/250 1777/2365/607
f 1422/1508/252 1777/2365/607 1779/2366/609
f 2141/2229/971 2139/2227/969 1605/1691/435
f 2141/2229/971 1605/1691/435 1607/1693/437
f 1424/1510/254 1422/1508/252 1779/2366/609
f 1424/1510/254 1779/2366/609 1781/2367/611
f 2143/2231/973 2141/2229/971 1607/1693/437
f 2143/2231/973 1607/1693/437 1609/1695/439
f 1426/1512/256 1424/1510/254 1781/2367/611
f 1426/1512/256 1781/2367/611 1783/2368/613
f 2145/2233/975 2143/2231/973 1609/1695/439
f 2145/2233/975 1609/1695/439 1611/1697/441
f 1428/1514/258 1426/1512/256 1783/2368/613
f 1428/1514/258 1783/2368/613 1785/2369/615
f 2147/2235/977 2145/2233/975 1611/1697/441
f 2147/2235/977 1611/1697/441 1613/1699/443
f 1430/1516/260 1428/1514/258 1785/2369/615
f 1430/1516/260 1785/2369/615 1787/2370/617
f 2149/2237/979 2147/2235/977 1613/1699/443
f 2149/2237/979 1613/1699/443 1615/1701/445
f 1432/1518/262 1430/1516/260 1787/2370/617
f 1432/1518/262 1787/2370/617 1789/2371/619
f 2151/2239/981 2149/2237/979 1615/1701/445
f 2151/2239/981 1615/1701/445 1617/1703/447
f 1434/1520/264 1432/1518/262 1789/2371/619
f 1434/1520/264 1789/2371/619 1791/2372/621
f 2153/2241/983 2151/2239/981 1617/1703/447
f 2153/2241/983 1617/1703/447 1619/1705/449
f 1436/1522/266 1434/1520/264 1791/2372/621
f 1436/1522/266 1791/2372/621 1793/2373/623
f 2155/2243/985 2153/2241/983 1619/1705/449
f 2155/2243/985 1619/1705/449 1621/1707/451
f 1438/1524/268 1436/1522/266 1793/2373/623
f 1438/1524/268 1793/2373/623 1795/2374/625
f 2157/2245/987 2155/2243/985 1621/1707/451
f 2157/2245/987 1621/1707/451 1623/1709/453
f 1440/1526/270 1438/1524/268 1795/2374/625
f 1440/1526/270 1795/2374/625 1797/2375/627
f 2159/2247/989 2157/2245/987 1623/1709/453
f 2159/2247/989 1623/1709/453 1625/1711/455
f 1442/1528/272 1440/1526/270 1797/2375/627
f 1442/1528/272 1797/2375/627 1799/2376/629
f 2161/2249/991 2159/2247/989 1625/1711/455
f 2161/2249/991 1625/1711/455 1627/1713/457
f 1444/1530/274 1442/1528/272 1799/2376/629
f 1444/1530/274 1799/2376/629 1801/2377/631
f 2163/2251/993 2161/2249/991 1627/1713/457
f 2163/2251/993 1627/1713/457 1629/1715/459
f 1446/1532/276 1444/1530/274 1801/2377/631
f 1446/1532/276 1801/2377/631 1803/2378/633
f 2165/2253/995 2163/2251/993 1629/1715/459
f 2165/2253/995 1629/1715/459 1631/1717/461
f 1448/1534/278 1446/1532/276 1803/2378/633
f 1448/1534/278 1803/2378/633 1805/2379/635
f 2167/2255/997 2165/2253/995 1631/1717/461
f 2167/2255/997 1631/1717/461 1633/1719/463
f 1450/1536/280 1448/1534/278 1805/2379/635
f 1450/1536/280 1805/2379/635 1807/2380/637
f 2169/2257/999 2167/2255/997 1633/1719/463
f 2169/2257/999 1633/1719/463 1635/1721/465
f 1452/1538/282 1450/1536/280 1807/2380/637
f 1452/1538/282 1807/2380/637 1809/2381/639
f 2171/2259/1001 2169/2257/999 1635/1721/465
f 2171/2259/1001 1635/1721/465 1637/1723/467
f 1454/1540/284 1452/1538/282 1809/2381/639
f 1454/1540/284 1809/2381/639 1811/2382/641
f 2173/2261/1003 2171/2259/1001 1637/1723/467
f 2173/2261/1003 1637/1723/467 1639/1725/469
f 1456/1542/286 1454/1540/284 1811/2382/641
f 1456/1542/286 1811/2382/641 1813/2383/1178
f 2175/2263/1005 2173/2261/1003 1639/1725/469
f 2175/2263/1005 1639/1725/469 1641/1727/471
f 1458/1544/288 1456/1542/286 1813/2383/1178
f 1458/1544/288 1813/2383/1178 1815/2384/645
f 2177/2265/1007 2175/2263/1005 1641/1727/471
f 2177/2265/1007 1641/1727/471 1643/1729/473
f 1460/1546/290 1458/1544/288 1815/2384/645
f 1460/1546/290 1815/2384/645 1817/2385/647
f 2179/2267/1009 2177/2265/1007 1643/1729/473
f 2179/2267/1009 1643/1729/473 1645/1731/475
f 1462/1548/292 1460/1546/290 1817/2385/647
f 1462/1548/292 1817/2385/647 1819/2386/649
f 2181/2269/1011 2179/2267/1009 1645/1731/475
f 2181/2269/1011 1645/1731/475 1647/1733/477
f 1464/1550/294 1462/1548/292 1819/2386/649
f 1464/1550/294 1819/2386/649 1821/2387/651
f 2183/2271/1013 2181/2269/1011 1647/1733/477
f 2183/2271/1013 1647/1733/477 1649/1735/479
f 1466/1552/296 1464/1550/294 1821/2387/651
f 1466/1552/296 1821/2387/651 1823/2388/653
f 2185/2273/1015 2183/2271/1013 1649/1735/479
f 2185/2273/1015 1649/1735/479 1651/1737/481
f 1468/1554/298 1466/1552/296 1823/2388/653
f 1468/1554/298 1823/2388/653 1825/2389/655
f 2187/2275/1017 2185/2273/1015 1651/1737/481
f 2187/2275/1017 1651/1737/481 1653/1739/483
f 1470/1556/300 1468/1554/298 1825/2389/655
f 1470/1556/300 1825/2389/655 1827/2390/657
f 2189/2277/1019 2187/2275/1017 1653/1739/483
f 2189/2277/1019 1653/1739/483 1655/1741/485
f 1472/1558/302 1470/1556/300 1827/2390/657
f 1472/1558/302 1827/2390/657 1829/2391/659
f 2191/2279/1021 2189/2277/1019 1655/1741/485
f 2191/2279/1021 1655/1741/485 1657/1743/487
f 1474/1560/304 1472/1558/302 1829/2391/659
f 1474/1560/304 1829/2391/659 1831/2392/661
f 2193/2281/1023 2191/2279/1021 1657/1743/487
f 2193/2281/1023 1657/1743/487 1659/1745/489
f 1476/1562/306 1474/1560/304 1831/2392/661
f 1476/1562/306 1831/2392/661 1833/2393/663
f 2195/2283/1025 2193/2281/1023 1659/1745/489
f 2195/2283/1025 1659/1745/489 1661/1747/491
f 1478/1564/308 1476/1562/306 1833/2393/663
f 1478/1564/308 1833/2393/663 1835/2394/665
f 2197/2285/1027 2195/2283/1025 1661/1747/491
f 2197/2285/1027 1661/1747/491 1663/1749/493
f 1480/1566/310 1478/1564/308 1835/2394/665
f 1480/1566/310 1835/2394/665 1837/2395/667
f 2199/2287/1029 2197/2285/1027 1663/1749/493
f 2199/2287/1029 1663/1749/493 1665/1751/495
f 1482/1568/312 1480/1566/310 1837/2395/667
f 1482/1568/312 1837/2395/667 1839/2396/669
f 2201/2289/1031 2199/2287/1029 1665/1751/495
f 2201/2289/1031 1665/1751/495 1667/1753/497
f 1484/1570/314 1482/1568/312 1839/2396/669
f 1484/1570/314 1839/2396/669 1841/2397/671
f 2203/2291/1033 2201/2289/1031 1667/1753/497
f 2203/2291/1033 1667/1753/497 1669/1755/499
f 1486/1572/316 1484/1570/314 1841/2397/671
f 1486/1572/316 1841/2397/671 1843/2398/673
f 2205/2293/1035 2203/2291/1033 1669/1755/499
f 2205/2293/1035 1669/1755/499 1671/1757/501
f 1488/1574/318 1486/1572/316 1843/2398/673
f 1488/1574/318 1843/2398/673 1845/2399/675
f 2207/2295/1037 2205/2293/1035 1671/1757/501
f 2207/2295/1037 1671/1757/501 1673/1759/503
f 1490/1576/320 1488/1574/318 1845/2399/675
f 1490/1576/320 1845/2399/675 1847/2400/677
f 2209/2297/1039 2207/2295/1037 1673/1759/503
f 2209/2297/1039 1673/1759/503 1675/1761/505
f 1492/1578/322 1490/1576/320 1847/2400/677
f 1492/1578/322 1847/2400/677 1849/2401/679
f 2211/2299/1041 2209/2297/1039 1675/1761/505
f 2211/2299/1041 1675/1761/505 1677/1763/507
f 1494/1580/324 1492/1578/322 1849/2401/679
f 1494/1580/324 1849/2401/679 1851/2402/681
f 2213/2301/1043 2211/2299/1041 1677/1763/507
f 2213/2301/1043 1677/1763/507 1679/1765/509
f 1496/1582/326 1494/1580/324 1851/2402/681
f 1496/1582/326 1851/2402/681 1853/2403/683
f 2215/2303/1045 2213/2301/1043 1679/1765/509
f 2215/2303/1045 1679/1765/509 1681/1767/511
f 1498/1584/328 1496/1582/326 1853/2403/683
f 1498/1584/328 1853/2403/683 1855/2404/685
f 2217/2305/1047 2215/2303/1045 1681/1767/511
f 2217/2305/1047 1681/1767/511 1683/1769/513
f 1500/1586/330 1498/1584/328 1855/2404/685
f 1500/1586/330 1855/2404/685 1857/2405/687
f 2219/2307/1049 2217/2305/1047 1683/1769/513
f 2219/2307/1049 1683/1769/513 1685/1771/515
f 1502/1588/332 1500/1586/330 1857/2405/687
f 1502/1588/332 1857/2405/687 1859/2406/689
f 2221/2309/1051 2219/2307/1049 1685/1771/515
f 2221/2309/1051 1685/1771/515 1687/1773/517
f 1504/1590/334 1502/1588/332 1859/2406/689
f 1504/1590/334 1859/2406/689 1861/2407/691
f 2223/2311/1053 2221/2309/1051 1687/1773/517
f 2223/2311/1053 1687/1773/517 1689/1775/519
f 1506/1592/336 1504/1590/334 1861/2407/691
f 1506/1592/336 1861/2407/691 1863/2408/693
f 2225/2313/1055 2223/2311/1053 1689/1775/519
f 2225/2313/1055 1689/1775/519 1691/1777/521
f 1508/1594/338 1506/1592/336 1863/2408/693
f 1508/1594/338 1863/2408/693 1865/2409/695
f 2227/2315/1057 2225/2313/1055 1691/1777/521
f 2227/2315/1057 1691/1777/521 1693/1779/523
f 1510/1596/340 1508/1594/338 1865/2409/695
f 1510/1596/340 1865/2409/695 1867/2410/697
f 2229/2317/1059 2227/2315/1057 1693/1779/523
f 2229/2317/1059 1693/1779/523 1695/1781/525
f 1512/1598/342 1510/1596/340 1867/2410/697
f 1512/1598/342 1867/2410/697 1869/2411/699
f 2231/2319/1061 2229/2317/1059 1695/1781/525
f 2231/2319/1061 1695/1781/525 1697/1783/527
f 1514/1600/344 1512/1598/342 1869/2411/699
f 1514/1600/344 1869/2411/699 1871/2412/701
f 2233/2321/1063 2231/2319/1061 1697/1783/527
f 2233/2321/1063 1697/1783/527 1699/1785/529
f 1516/1602/346 1514/1600/344 1871/2412/701
f 1516/1602/346 1871/2412/701 1873/2413/703
f 2235/2323/1065 2233/2321/1063 1699/1785/529
f 2235/2323/1065 1699/1785/529 1701/1787/531
f 1518/1604/348 1516/1602/346 1873/2413/703
f 1518/1604/348 1873/2413/703 1875/2414/705
f 2237/2325/1067 2235/2323/1065 1701/1787/531
f 2237/2325/1067 1701/1787/531 1703/1789/533
f 1520/1606/350 1518/1604/348 1875/2414/705
f 1520/1606/350 1875/2414/705 1877/2415/707
f 2239/2327/1069 2237/2325/1067 1703/1789/533
f 2239/2327/1069 1703/1789/533 1705/1791/535
f 1522/1608/352 1520/1606/350 1877/2415/707
f 1522/1608/352 1877/2415/707 1879/2416/709
f 2241/2329/1071 2239/2327/1069 1705/1791/535
f 2241/2329/1071 1705/1791/535 1707/1793/537
f 1524/1610/354 1522/1608/352 1879/2416/709
f 1524/1610/354 1879/2416/709 1881/2417/711
f 2243/2331/1073 2241/2329/1071 1707/1793/537
f 2243/2331/1073 1707/1793/537 1709/1795/539
f 1526/1612/356 1524/1610/354 1881/2417/711
f 1526/1612/356 1881/2417/711 1883/2418/713
f 2245/2333/1075 2243/2331/1073 1709/1795/539
f 2245/2333/1075 1709/1795/539 1711/1797/541
f 1528/1614/1175 1526/1612/356 1883/2418/713
f 1528/1614/1175 1883/2418/713 1885/2419/715
f 2247/2335/1077 2245/2333/1075 1711/1797/541
f 2247/2335/1077 1711/1797/541 1713/1799/543
f 1530/1616/360 1528/1614/1175 1885/2419/715
f 1530/1616/360 1885/2419/715 1887/2420/717
f 2249/2337/1079 2247/2335/1077 1713/1799/543
f 2249/2337/1079 1713/1799/543 1715/1801/545
f 1532/1618/362 1530/1616/360 1887/2420/717
f 1532/1618/362 1887/2420/717 1889/2421/719
f 1357/1443/187 2249/2337/1079 1715/1801/545
f 1357/1443/187 1715/1801/545 1717/1803/547
f 1533/1619/363 1532/1618/362 1889/2421/719
f 1533/1619/363 1889/2421/719 1891/1979/721
f 1358/1444/188 1357/1443/187 1717/1803/547
f 2250/2422/1184 1533/1619/363 1891/1979/721
f 1987/2075/817 1986/2074/816 1988/2076/818
f 2077/2165/907 2076/2164/906 2251/2423/1081
f 1720/1808/550 1542/1628/372 1354/1440/1173
f 1720/1808/550 1354/1440/1173 1179/1265/9
f 1538/1624/368 1721/1809/551 2252/2424/1082
f 1903/1991/733 1902/1990/732 2081/2169/911
f 1903/1991/733 2081/2169/911 2084/2172/914
f 1904/1992/734 1903/1991/733 2084/2172/914
f 1904/1992/734 2084/2172/914 2086/2174/916
f 1905/1993/735 1904/1992/734 2086/2174/916
f 1905/1993/735 2086/2174/916 2088/2176/918
f 1906/1994/736 1905/1993/735 2088/2176/918
f 1906/1994/736 2088/2176/918 2090/2178/920
f 1907/1995/737 1906/1994/736 2090/2178/920
f 1907/1995/737 2090/2178/920 2092/2180/922
f 1908/1996/738 1907/1995/737 2092/2180/922
f 1908/1996/738 2092/2180/922 2094/2182/924
f 1909/1997/739 1908/1996/738 2094/2182/924
f 1909/1997/739 2094/2182/924 2096/2184/926
f 1910/1998/740 1909/1997/739 2096/2184/926
f 1910/1998/740 2096/2184/926 2098/2186/928
f 1911/1999/741 1910/1998/740 2098/2186/928
f 1911/1999/741 2098/2186/928 2100/2188/930
f 1912/2000/742 1911/1999/741 2100/2188/930
f 1912/2000/742 2100/2188/930 2102/2190/932
f 1913/2001/743 1912/2000/742 2102/2190/932
f 1913/2001/743 2102/2190/932 2104/2192/934
f 1914/2002/744 1913/2001/743 2104/2192/934
f 1914/2002/744 2104/2192/934 2106/2194/936
f 1915/2003/745 1914/2002/744 2106/2194/936
f 1915/2003/745 2106/2194/936 2108/2196/938
f 1916/2004/746 1915/2003/745 2108/2196/938
f 1916/2004/746 2108/2196/938 2110/2198/940
f 1917/2005/747 1916/2004/746 2110/2198/940
f 1917/2005/747 2110/2198/940 2112/2200/942
f 1918/2006/748 1917/2005/747 2112/2200/942
f 1918/2006/748 2112/2200/942 2114/2202/944
f 1919/2007/749 1918/2006/748 2114/2202/944
f 1919/2007/749 2114/2202/944 2116/2204/946
f 1920/2008/750 1919/2007/749 2116/2204/946
f 1920/2008/750 2116/2204/946 2118/2206/948
f 1921/2009/751 1920/2008/750 2118/2206/948
f 1921/2009/751 2118/2206/948 2120/2208/950
f 1922/2010/752 1921/2009/751 2120/2208/950
f 1922/2010/752 2120/2208/950 2122/2210/952
f 1923/2011/753 1922/2010/752 2122/2210/952
f 1923/2011/753 2122/2210/952 2124/2212/954
f 1924/2012/754 1923/2011/753 2124/2212/954
f 1924/2012/754 2124/2212/954 2126/2214/956
f 1925/2013/755 1924/2012/754 2126/2214/956
f 1925/2013/755 2126/2214/956 2128/2216/958
f 1926/2014/756 1925/2013/755 2128/2216/958
f 1926/2014/756 2128/2216/958 2130/2218/960
f 1927/2015/757 1926/2014/756 2130/2218/960
f 1927/2015/757 2130/2218/960 2132/2220/962
f 1928/2016/758 1927/2015/757 2132/2220/962
f 1928/2016/758 2132/2220/962 2134/2222/964
f 1929/2017/759 1928/2016/758 2134/2222/964
f 1929/2017/759 2134/2222/964 2136/2224/1183
f 1930/2018/760 1929/2017/759 2136/2224/1183
f 1930/2018/760 2136/2224/1183 2138/2226/968
f 1931/2019/761 1930/2018/760 2138/2226/968
f 1931/2019/761 2138/2226/968 2140/2228/970
f 1932/2020/762 1931/2019/761 2140/2228/970
f 1932/2020/762 2140/2228/970 2142/2230/972
f 1933/2021/763 1932/2020/762 2142/2230/972
f 1933/2021/763 2142/2230/972 2144/2232/974
f 1934/2022/764 1933/2021/763 2144/2232/974
f 1934/2022/764 2144/2232/974 2146/2234/976
f 1935/2023/765 1934/2022/764 2146/2234/976
f 1935/2023/765 2146/2234/976 2148/2236/978
f 1936/2024/766 1935/2023/765 2148/2236/978
f 1936/2024/766 2148/2236/978 2150/2238/980
f 1937/2025/767 1936/2024/766 2150/2238/980
f 1937/2025/767 2150/2238/980 2152/2240/982
f 1938/2026/768 1937/2025/767 2152/2240/982
f 1938/2026/768 2152/2240/982 2154/2242/984
f 1939/2027/769 1938/2026/768 2154/2242/984
f 1939/2027/769 2154/2242/984 2156/2244/986
f 1940/2028/770 1939/2027/769 2156/2244/986
f 1940/2028/770 2156/2244/986 2158/2246/988
f 1941/2029/771 1940/2028/770 2158/2246/988
f 1941/2029/771 2158/2246/988 2160/2248/990
f 1942/2030/772 1941/2029/771 2160/2248/990
f 1942/2030/772 2160/2248/990 2162/2250/992
f 1943/2031/773 1942/2030/772 2162/2250/992
f 1943/2031/773 2162/2250/992 2164/2252/994
f 1944/2032/774 1943/2031/773 2164/2252/994
f 1944/2032/774 2164/2252/994 2166/2254/996
f 1945/2033/775 1944/2032/774 2166/2254/996
f 1945/2033/775 2166/2254/996 2168/2256/998
f 1946/2034/776 1945/2033/775 2168/2256/998
f 1946/2034/776 2168/2256/998 2170/2258/1000
f 1947/2035/777 1946/2034/776 2170/2258/1000
f 1947/2035/777 2170/2258/1000 2172/2260/1002
f 1948/2036/778 1947/2035/777 2172/2260/1002
f 1948/2036/778 2172/2260/1002 2174/2262/1004
f 1949/2037/779 1948/2036/778 2174/2262/1004
f 1949/2037/779 2174/2262/1004 2176/2264/1006
f 1950/2038/780 1949/2037/779 2176/2264/1006
f 1950/2038/780 2176/2264/1006 2178/2266/1008
f 1951/2039/781 1950/2038/780 2178/2266/1008
f 1951/2039/781 2178/2266/1008 2180/2268/1010
f 1952/2040/782 1951/2039/781 2180/2268/1010
f 1952/2040/782 2180/2268/1010 2182/2270/1012
f 1953/2041/783 1952/2040/782 2182/2270/1012
f 1953/2041/783 2182/2270/1012 2184/2272/1014
f 1954/2042/784 1953/2041/783 2184/2272/1014
f 1954/2042/784 2184/2272/1014 2186/2274/1016
f 1955/2043/785 1954/2042/784 2186/2274/1016
f 1955/2043/785 2186/2274/1016 2188/2276/1018
f 1956/2044/786 1955/2043/785 2188/2276/1018
f 1956/2044/786 2188/2276/1018 2190/2278/1020
f 1957/2045/787 1956/2044/786 2190/2278/1020
f 1957/2045/787 2190/2278/1020 2192/2280/1022
f 1958/2046/788 1957/2045/787 2192/2280/1022
f 1958/2046/788 2192/2280/1022 2194/2282/1024
f 1959/2047/789 1958/2046/788 2194/2282/1024
f 1959/2047/789 2194/2282/1024 2196/2284/1026
f 1960/2048/790 1959/2047/789 2196/2284/1026
f 1960/2048/790 2196/2284/1026 2198/2286/1028
f 1961/2049/791 1960/2048/790 2198/2286/1028
f 1961/2049/791 2198/2286/1028 2200/2288/1030
f 1962/2050/792 1961/2049/791 2200/2288/1030
f 1962/2050/792 2200/2288/1030 2202/2290/1032
f 1963/2051/793 1962/2050/792 2202/2290/1032
f 1963/2051/793 2202/2290/1032 2204/2292/1034
f 1964/2052/794 1963/2051/793 2204/2292/1034
f 1964/2052/794 2204/2292/1034 2206/2294/1036
f 1965/2053/795 1964/2052/794 2206/2294/1036
f 1965/2053/795 2206/2294/1036 2208/2296/1038
f 1966/2054/796 1965/2053/795 2208/2296/1038
f 1966/2054/796 2208/2296/1038 2210/2298/1040
f 1967/2055/797 1966/2054/796 2210/2298/1040
f 1967/2055/797 2210/2298/1040 2212/2300/1042
f 1968/2056/798 1967/2055/797 2212/2300/1042
f 1968/2056/798 2212/2300/1042 2214/2302/1044
f 1969/2057/799 1968/2056/798 2214/2302/1044
f 1969/2057/799 2214/2302/1044 2216/2304/1046
f 1970/2058/800 1969/2057/799 2216/2304/1046
f 1970/2058/800 2216/2304/1046 2218/2306/1048
f 1971/2059/801 1970/2058/800 2218/2306/1048
f 1971/2059/801 2218/2306/1048 2220/2308/1050
f 1972/2060/802 1971/2059/801 2220/2308/1050
f 1972/2060/802 2220/2308/1050 2222/2310/1052
f 1973/2061/803 1972/2060/802 2222/2310/1052
f 1973/2061/803 2222/2310/1052 2224/2312/1054
f 1974/2062/804 1973/2061/803 2224/2312/1054
f 1974/2062/804 2224/2312/1054 2226/2314/1056
f 1975/2063/805 1974/2062/804 2226/2314/1056
f 1975/2063/805 2226/2314/1056 2228/2316/1058
f 1976/2064/806 1975/2063/805 2228/2316/1058
f 1976/2064/806 2228/2316/1058 2230/2318/1060
f 1977/2065/807 1976/2064/806 2230/2318/1060
f 1977/2065/807 2230/2318/1060 2232/2320/1062
f 1978/2066/808 1977/2065/807 2232/2320/1062
f 1978/2066/808 2232/2320/1062 2234/2322/1064
f 1979/2067/809 1978/2066/808 2234/2322/1064
f 1979/2067/809 2234/2322/1064 2236/2324/1066
f 1980/2068/810 1979/2067/809 2236/2324/1066
f 1980/2068/810 2236/2324/1066 2238/2326/1068
f 1981/2069/811 1980/2068/810 2238/2326/1068
f 1981/2069/811 2238/2326/1068 2240/2328/1070
f 1982/2070/812 1981/2069/811 2240/2328/1070
f 1982/2070/812 2240/2328/1070 2242/2330/1072
f 1983/2071/813 1982/2070/812 2242/2330/1072
f 1983/2071/813 2242/2330/1072 2244/2332/1074
f 1984/2072/814 1983/2071/813 2244/2332/1074
f 1984/2072/814 2244/2332/1074 2246/2334/1076
f 1985/2073/815 1984/2072/814 2246/2334/1076
f 1985/2073/815 2246/2334/1076 2248/2336/1078
f 1986/2074/816 1985/2073/815 2248/2336/1078
f 1986/2074/816 2248/2336/1078 1989/2077/819
f 1988/2076/818 1986/2074/816 1989/2077/819
f 1358/1444/188 1717/1803/547 1719/1805/549
f 2251/2423/1081 2253/2425/1083 1351/1437/181
f 1721/1809/551 1540/1626/370 2254/2426/1084
f 2080/2168/910 1174/1260/4 1177/1263/7
f 2080/2168/910 1177/1263/7 2082/2170/912
f 1172/1258/2 1536/1622/366 2255/2427/1085
f 1992/2080/822 1899/1987/729 1901/1989/731
f 1992/2080/822 1901/1989/731 2256/2428/1086
f 1993/2081/823 1992/2080/822 2256/2428/1086
f 1993/2081/823 2256/2428/1086 2257/2429/1087
f 1994/2082/824 1993/2081/823 2257/2429/1087
f 1994/2082/824 2257/2429/1087 2258/2430/1088
f 1995/2083/825 1994/2082/824 2258/2430/1088
f 1995/2083/825 2258/2430/1088 2259/2431/1089
f 1996/2084/826 1995/2083/825 2259/2431/1089
f 1996/2084/826 2259/2431/1089 2260/2432/1090
f 1997/2085/827 1996/2084/826 2260/2432/1090
f 1997/2085/827 2260/2432/1090 2261/2433/1091
f 1998/2086/828 1997/2085/827 2261/2433/1091
f 1998/2086/828 2261/2433/1091 2262/2434/1092
f 1999/2087/829 1998/2086/828 2262/2434/1092
f 1999/2087/829 2262/2434/1092 2263/2435/1093
f 2000/2088/830 1999/2087/829 2263/2435/1093
f 2000/2088/830 2263/2435/1093 2264/2436/1094
f 2001/2089/831 2000/2088/830 2264/2436/1094
f 2001/2089/831 2264/2436/1094 2265/2437/1095
f 2002/2090/832 2001/2089/831 2265/2437/1095
f 2002/2090/832 2265/2437/1095 2266/2438/1096
f 2003/2091/833 2002/2090/832 2266/2438/1096
f 2003/2091/833 2266/2438/1096 2267/2439/1097
f 2004/2092/834 2003/2091/833 2267/2439/1097
f 2004/2092/834 2267/2439/1097 2268/2440/1098
f 2005/2093/835 2004/2092/834 2268/2440/1098
f 2005/2093/835 2268/2440/1098 2269/2441/1099
f 2006/2094/836 2005/2093/835 2269/2441/1099
f 2006/2094/836 2269/2441/1099 2270/2442/1100
f 2007/2095/837 2006/2094/836 2270/2442/1100
f 2007/2095/837 2270/2442/1100 2271/2443/1101
f 2008/2096/838 2007/2095/837 2271/2443/1101
f 2008/2096/838 2271/2443/1101 2272/2444/1102
f 2009/2097/839 2008/2096/838 2272/2444/1102
f 2009/2097/839 2272/2444/1102 2273/2445/1103
f 2010/2098/840 2009/2097/839 2273/2445/1103
f 2010/2098/840 2273/2445/1103 2274/2446/1104
f 2011/2099/841 2010/2098/840 2274/2446/1104
f 2011/2099/841 2274/2446/1104 2275/2447/1105
f 2012/2100/842 2011/2099/841 2275/2447/1105
f 2012/2100/842 2275/2447/1105 2276/2448/1106
f 2013/2101/843 2012/2100/842 2276/2448/1106
f 2013/2101/843 2276/2448/1106 2277/2449/1107
f 2014/2102/844 2013/2101/843 2277/2449/1107
f 2014/2102/844 2277/2449/1107 2278/2450/1108
f 2015/2103/845 2014/2102/844 2278/2450/1108
f 2015/2103/845 2278/2450/1108 2279/2451/1109
f 2016/2104/846 2015/2103/845 2279/2451/1109
f 2016/2104/846 2279/2451/1109 2280/2452/1110
f 2017/2105/847 2016/2104/846 2280/2452/1110
f 2017/2105/847 2280/2452/1110 2281/2453/1111
f 2018/2106/848 2017/2105/847 2281/2453/1111
f 2018/2106/848 2281/2453/1111 2282/2454/1112
f 2019/2107/849 2018/2106/848 2282/2454/1112
f 2019/2107/849 2282/2454/1112 2283/2455/1113
f 2020/2108/850 2019/2107/849 2283/2455/1113
f 2020/2108/850 2283/2455/1113 2284/2456/1114
f 2021/2109/851 2020/2108/850 2284/2456/1114
f 2021/2109/851 2284/2456/1114 2285/2457/1115
f 2022/2110/852 2021/2109/851 2285/2457/1115
f 2022/2110/852 2285/2457/1115 2286/2458/1116
f 2023/2111/853 2022/2110/852 2286/2458/1116
f 2023/2111/853 2286/2458/1116 2287/2459/1117
f 2024/2112/854 2023/2111/853 2287/2459/1117
f 2024/2112/854 2287/2459/1117 2288/2460/1118
f 2025/2113/855 2024/2112/854 2288/2460/1118
f 2025/2113/855 2288/2460/1118 2289/2461/1119
f 2026/2114/856 2025/2113/855 2289/2461/1119
f 2026/2114/856 2289/2461/1119 2290/2462/1120
f 2027/2115/857 2026/2114/856 2290/2462/1120
f 2027/2115/857 2290/2462/1120 2291/2463/1185
f 2028/2116/858 2027/2115/857 2291/2463/1185
f 2028/2116/858 2291/2463/1185 2292/2464/1122
f 2029/2117/859 2028/2116/858 2292/2464/1122
f 2029/2117/859 2292/2464/1122 2293/2465/1123
f 2030/2118/860 2029/2117/859 2293/2465/1123
f 2030/2118/860 2293/2465/1123 2294/2466/1124
f 2031/2119/861 2030/2118/860 2294/2466/1124
f 2031/2119/861 2294/2466/1124 2295/2467/1125
f 2032/2120/1179 2031/2119/861 2295/2467/1125
f 2032/2120/1179 2295/2467/1125 2296/2468/1126
f 2033/2121/863 2032/2120/1179 2296/2468/1126
f 2033/2121/863 2296/2468/1126 2297/2469/1127
f 2034/2122/864 2033/2121/863 2297/2469/1127
f 2034/2122/864 2297/2469/1127 2298/2470/1128
f 2035/2123/865 2034/2122/864 2298/2470/1128
f 2035/2123/865 2298/2470/1128 2299/2471/1129
f 2036/2124/866 2035/2123/865 2299/2471/1129
f 2036/2124/866 2299/2471/1129 2300/2472/1130
f 2037/2125/867 2036/2124/866 2300/2472/1130
f 2037/2125/867 2300/2472/1130 2301/2473/1131
f 2038/2126/868 2037/2125/867 2301/2473/1131
f 2038/2126/868 2301/2473/1131 2302/2474/1132
f 2039/2127/869 2038/2126/868 2302/2474/1132
f 2039/2127/869 2302/2474/1132 2303/2475/1133
f 2040/2128/870 2039/2127/869 2303/2475/1133
f 2040/2128/870 2303/2475/1133 2304/2476/1134
f 2041/2129/871 2040/2128/870 2304/2476/1134
f 2041/2129/871 2304/2476/1134 2305/2477/1135
f 2042/2130/872 2041/2129/871 2305/2477/1135
f 2042/2130/872 2305/2477/1135 2306/2478/1186
f 2043/2131/873 2042/2130/872 2306/2478/1186
f 2043/2131/873 2306/2478/1186 2307/2479/1137
f 2044/2132/874 2043/2131/873 2307/2479/1137
f 2044/2132/874 2307/2479/1137 2308/2480/1138
f 2045/2133/875 2044/2132/874 2308/2480/1138
f 2045/2133/875 2308/2480/1138 2309/2481/1139
f 2046/2134/876 2045/2133/875 2309/2481/1139
f 2046/2134/876 2309/2481/1139 2310/2482/1140
f 2047/2135/877 2046/2134/876 2310/2482/1140
f 2047/2135/877 2310/2482/1140 2311/2483/1141
f 2048/2136/878 2047/2135/877 2311/2483/1141
f 2048/2136/878 2311/2483/1141 2312/2484/1142
f 2049/2137/879 2048/2136/878 2312/2484/1142
f 2049/2137/879 2312/2484/1142 2313/2485/1143
f 2050/2138/880 2049/2137/879 2313/2485/1143
f 2050/2138/880 2313/2485/1143 2314/2486/1144
f 2051/2139/881 2050/2138/880 2314/2486/1144
f 2051/2139/881 2314/2486/1144 2315/2487/1145
f 2052/2140/882 2051/2139/881 2315/2487/1145
f 2052/2140/882 2315/2487/1145 2316/2488/1146
f 2053/2141/883 2052/2140/882 2316/2488/1146
f 2053/2141/883 2316/2488/1146 2317/2489/1147
f 2054/2142/884 2053/2141/883 2317/2489/1147
f 2054/2142/884 2317/2489/1147 2318/2490/1148
f 2055/2143/885 2054/2142/884 2318/2490/1148
f 2055/2143/885 2318/2490/1148 2319/2491/1149
f 2056/2144/886 2055/2143/885 2319/2491/1149
f 2056/2144/886 2319/2491/1149 2320/2492/1150
f 2057/2145/887 2056/2144/886 2320/2492/1150
f 2057/2145/887 2320/2492/1150 2321/2493/1151
f 2058/2146/888 2057/2145/887 2321/2493/1151
f 2058/2146/888 2321/2493/1151 2322/2494/1152
f 2059/2147/889 2058/2146/888 2322/2494/1152
f 2059/2147/889 2322/2494/1152 2323/2495/1153
f 2060/2148/890 2059/2147/889 2323/2495/1153
f 2060/2148/890 2323/2495/1153 2324/2496/1154
f 2061/2149/891 2060/2148/890 2324/2496/1154
f 2061/2149/891 2324/2496/1154 2325/2497/1155
f 2062/2150/892 2061/2149/891 2325/2497/1155
f 2062/2150/892 2325/2497/1155 2326/2498/1156
f 2063/2151/893 2062/2150/892 2326/2498/1156
f 2063/2151/893 2326/2498/1156 2327/2499/1157
f 2064/2152/894 2063/2151/893 2327/2499/1157
f 2064/2152/894 2327/2499/1157 2328/2500/1158
f 2065/2153/895 2064/2152/894 2328/2500/1158
f 2065/2153/895 2328/2500/1158 2329/2501/1159
f 2066/2154/896 2065/2153/895 2329/2501/1159
f 2066/2154/896 2329/2501/1159 2330/2502/1160
f 2067/2155/897 2066/2154/896 2330/2502/1160
f 2067/2155/897 2330/2502/1160 2331/2503/1161
f 2068/2156/898 2067/2155/897 2331/2503/1161
f 2068/2156/898 2331/2503/1161 2332/2504/1162
f 2069/2157/899 2068/2156/898 2332/2504/1162
f 2069/2157/899 2332/2504/1162 2333/2505/1163
f 2070/2158/900 2069/2157/899 2333/2505/1163
f 2070/2158/900 2333/2505/1163 2334/2506/1164
f 2071/2159/901 2070/2158/900 2334/2506/1164
f 2071/2159/901 2334/2506/1164 2335/2507/1165
f 2072/2160/902 2071/2159/901 2335/2507/1165
f 2072/2160/902 2335/2507/1165 2336/2508/1166
f 2073/2161/903 2072/2160/902 2336/2508/1166
f 2073/2161/903 2336/2508/1166 2337/2509/1167
f 2074/2162/904 2073/2161/903 2337/2509/1167
f 2074/2162/904 2337/2509/1167 2338/2510/1168
f 2075/2163/905 2074/2162/904 2338/2510/1168
f 2075/2163/905 2338/2510/1168 2339/2511/1169
f 2076/2164/906 2075/2163/905 2339/2511/1169
f 2076/2164/906 2339/2511/1169 2253/2425/1083
f 2250/2422/1184 1891/1979/721 1893/1981/723
f 2251/2423/1081 2076/2164/906 2253/2425/1083
f 1901/1989/731 1900/1988/730 1543/1629/373
f 1901/1989/731 1543/1629/373 1364/1450/194
f 1353/1439/183 1533/1619/363 2250/2422/1184
f 1350/1436/180 1349/1435/179 1987/2075/817
f 2256/2428/1086 1901/1989/731 1364/1450/194
f 2256/2428/1086 1364/1450/194 1363/1449/193
f 2257/2429/1087 2256/2428/1086 1363/1449/193
f 2257/2429/1087 1363/1449/193 1367/1453/197
f 2258/2430/1088 2257/2429/1087 1367/1453/197
f 2258/2430/1088 1367/1453/197 1369/1455/199
f 2259/2431/1089 2258/2430/1088 1369/1455/199
f 2259/2431/1089 1369/1455/199 1371/1457/201
f 2260/2432/1090 2259/2431/1089 1371/1457/201
f 2260/2432/1090 1371/1457/201 1373/1459/203
f 2261/2433/1091 2260/2432/1090 1373/1459/203
f 2261/2433/1091 1373/1459/203 1375/1461/205
f 2262/2434/1092 2261/2433/1091 1375/1461/205
f 2262/2434/1092 1375/1461/205 1377/1463/207
f 2263/2435/1093 2262/2434/1092 1377/1463/207
f 2263/2435/1093 1377/1463/207 1379/1465/209
f 2264/2436/1094 2263/2435/1093 1379/1465/209
f 2264/2436/1094 1379/1465/209 1381/1467/211
f 2265/2437/1095 2264/2436/1094 1381/1467/211
f 2265/2437/1095 1381/1467/211 1383/1469/213
f 2266/2438/1096 2265/2437/1095 1383/1469/213
f 2266/2438/1096 1383/1469/213 1385/1471/215
f 2267/2439/1097 2266/2438/1096 1385/1471/215
f 2267/2439/1097 1385/1471/215 1387/1473/217
f 2268/2440/1098 2267/2439/1097 1387/1473/217
f 2268/2440/1098 1387/1473/217 1389/1475/219
f 2269/2441/1099 2268/2440/1098 1389/1475/219
f 2269/2441/1099 1389/1475/219 1391/1477/221
f 2270/2442/1100 2269/2441/1099 1391/1477/221
f 2270/2442/1100 1391/1477/221 1393/1479/223
f 2271/2443/1101 2270/2442/1100 1393/1479/223
f 2271/2443/1101 1393/1479/223 1395/1481/225
f 2272/2444/1102 2271/2443/1101 1395/1481/225
f 2272/2444/1102 1395/1481/225 1397/1483/227
f 2273/2445/1103 2272/2444/1102 1397/1483/227
f 2273/2445/1103 1397/1483/227 1399/1485/229
f 2274/2446/1104 2273/2445/1103 1399/1485/229
f 2274/2446/1104 1399/1485/229 1401/1487/231
f 2275/2447/1105 2274/2446/1104 1401/1487/231
f 2275/2447/1105 1401/1487/231 1403/1489/233
f 2276/2448/1106 2275/2447/1105 1403/1489/233
f 2276/2448/1106 1403/1489/233 1405/1491/235
f 2277/2449/1107 2276/2448/1106 1405/1491/235
f 2277/2449/1107 1405/1491/235 1407/1493/237
f 2278/2450/1108 2277/2449/1107 1407/1493/237
f 2278/2450/1108 1407/1493/237 1409/1495/239
f 2279/2451/1109 2278/2450/1108 1409/1495/239
f 2279/2451/1109 1409/1495/239 1411/1497/241
f 2280/2452/1110 2279/2451/1109 1411/1497/241
f 2280/2452/1110 1411/1497/241 1413/1499/243
f 2281/2453/1111 2280/2452/1110 1413/1499/243
f 2281/2453/1111 1413/1499/243 1415/1501/245
f 2282/2454/1112 2281/2453/1111 1415/1501/245
f 2282/2454/1112 1415/1501/245 1417/1503/247
f 2283/2455/1113 2282/2454/1112 1417/1503/247
f 2283/2455/1113 1417/1503/247 1419/1505/249
f 2284/2456/1114 2283/2455/1113 1419/1505/249
f 2284/2456/1114 1419/1505/249 1421/1507/251
f 2285/2457/1115 2284/2456/1114 1421/1507/251
f 2285/2457/1115 1421/1507/251 1423/1509/253
f 2286/2458/1116 2285/2457/1115 1423/1509/253
f 2286/2458/1116 1423/1509/253 1425/1511/255
f 2287/2459/1117 2286/2458/1116 1425/1511/255
f 2287/2459/1117 1425/1511/255 1427/1513/257
f 2288/2460/1118 2287/2459/1117 1427/1513/257
f 2288/2460/1118 1427/1513/257 1429/1515/259
f 2289/2461/1119 2288/2460/1118 1429/1515/259
f 2289/2461/1119 1429/1515/259 1431/1517/261
f 2290/2462/1120 2289/2461/1119 1431/1517/261
f 2290/2462/1120 1431/1517/261 1433/1519/263
f 2291/2463/1185 2290/2462/1120 1433/1519/263
f 2291/2463/1185 1433/1519/263 1435/1521/265
f 2292/2464/1122 2291/2463/1185 1435/1521/265
f 2292/2464/1122 1435/1521/265 1437/1523/267
f 2293/2465/1123 2292/2464/1122 1437/1523/267
f 2293/2465/1123 1437/1523/267 1439/1525/269
f 2294/2466/1124 2293/2465/1123 1439/1525/269
f 2294/2466/1124 1439/1525/269 1441/1527/271
f 2295/2467/1125 2294/2466/1124 1441/1527/271
f 2295/2467/1125 1441/1527/271 1443/1529/273
f 2296/2468/1126 2295/2467/1125 1443/1529/273
f 2296/2468/1126 1443/1529/273 1445/1531/275
f 2297/2469/1127 2296/2468/1126 1445/1531/275
f 2297/2469/1127 1445/1531/275 1447/1533/277
f 2298/2470/1128 2297/2469/1127 1447/1533/277
f 2298/2470/1128 1447/1533/277 1449/1535/279
f 2299/2471/1129 2298/2470/1128 1449/1535/279
f 2299/2471/1129 1449/1535/279 1451/1537/281
f 2300/2472/1130 2299/2471/1129 1451/1537/281
f 2300/2472/1130 1451/1537/281 1453/1539/283
f 2301/2473/1131 2300/2472/1130 1453/1539/283
f 2301/2473/1131 1453/1539/283 1455/1541/285
f 2302/2474/1132 2301/2473/1131 1455/1541/285
f 2302/2474/1132 1455/1541/285 1457/1543/287
f 2303/2475/1133 2302/2474/1132 1457/1543/287
f 2303/2475/1133 1457/1543/287 1459/1545/289
f 2304/2476/1134 2303/2475/1133 1459/1545/289
f 2304/2476/1134 1459/1545/289 1461/1547/291
f 2305/2477/1135 2304/2476/1134 1461/1547/291
f 2305/2477/1135 1461/1547/291 1463/1549/293
f 2306/2478/1186 2305/2477/1135 1463/1549/293
f 2306/2478/1186 1463/1549/293 1465/1551/295
f 2307/2479/1137 2306/2478/1186 1465/1551/295
f 2307/2479/1137 1465/1551/295 1467/1553/297
f 2308/2480/1138 2307/2479/1137 1467/1553/297
f 2308/2480/1138 1467/1553/297 1469/1555/299
f 2309/2481/1139 2308/2480/1138 1469/1555/299
f 2309/2481/1139 1469/1555/299 1471/1557/301
f 2310/2482/1140 2309/2481/1139 1471/1557/301
f 2310/2482/1140 1471/1557/301 1473/1559/303
f 2311/2483/1141 2310/2482/1140 1473/1559/303
f 2311/2483/1141 1473/1559/303 1475/1561/305
f 2312/2484/1142 2311/2483/1141 1475/1561/305
f 2312/2484/1142 1475/1561/305 1477/1563/307
f 2313/2485/1143 2312/2484/1142 1477/1563/307
f 2313/2485/1143 1477/1563/307 1479/1565/309
f 2314/2486/1144 2313/2485/1143 1479/1565/309
f 2314/2486/1144 1479/1565/309 1481/1567/311
f 2315/2487/1145 2314/2486/1144 1481/1567/311
f 2315/2487/1145 1481/1567/311 1483/1569/313
f 2316/2488/1146 2315/2487/1145 1483/1569/313
f 2316/2488/1146 1483/1569/313 1485/1571/315
f 2317/2489/1147 2316/2488/1146 1485/1571/315
f 2317/2489/1147 1485/1571/315 1487/1573/317
f 2318/2490/1148 2317/2489/1147 1487/1573/317
f 2318/2490/1148 1487/1573/317 1489/1575/319
f 2319/2491/1149 2318/2490/1148 1489/1575/319
f 2319/2491/1149 1489/1575/319 1491/1577/321
f 2320/2492/1150 2319/2491/1149 1491/1577/321
f 2320/2492/1150 1491/1577/321 1493/1579/323
f 2321/2493/1151 2320/2492/1150 1493/1579/323
f 2321/2493/1151 1493/1579/323 1495/1581/325
f 2322/2494/1152 2321/2493/1151 1495/1581/325
f 2322/2494/1152 1495/1581/325 1497/1583/327
f 2323/2495/1153 2322/2494/1152 1497/1583/327
f 2323/2495/1153 1497/1583/327 1499/1585/329
f 2324/2496/1154 2323/2495/1153 1499/1585/329
f 2324/2496/1154 1499/1585/329 1501/1587/331
f 2325/2497/1155 2324/2496/1154 1501/1587/331
f 2325/2497/1155 1501/1587/331 1503/1589/333
f 2326/2498/1156 2325/2497/1155 1503/1589/333
f 2326/2498/1156 1503/1589/333 1505/1591/335
f 2327/2499/1157 2326/2498/1156 1505/1591/335
f 2327/2499/1157 1505/1591/335 1507/1593/337
f 2328/2500/1158 2327/2499/1157 1507/1593/337
f 2328/2500/1158 1507/1593/337 1509/1595/339
f 2329/2501/1159 2328/2500/1158 1509/1595/339
f 2329/2501/1159 1509/1595/339 1511/1597/341
f 2330/2502/1160 2329/2501/1159 1511/1597/341
f 2330/2502/1160 1511/1597/341 1513/1599/343
f 2331/2503/1161 2330/2502/1160 1513/1599/343
f 2331/2503/1161 1513/1599/343 1515/1601/345
f 2332/2504/1162 2331/2503/1161 1515/1601/345
f 2332/2504/1162 1515/1601/345 1517/1603/347
f 2333/2505/1163 2332/2504/1162 1517/1603/347
f 2333/2505/1163 1517/1603/347 1519/1605/349
f 2334/2506/1164 2333/2505/1163 1519/1605/349
f 2334/2506/1164 1519/1605/349 1521/1607/351
f 2335/2507/1165 2334/2506/1164 1521/1607/351
f 2335/2507/1165 1521/1607/351 1523/1609/353
f 2336/2508/1166 2335/2507/1165 1523/1609/353
f 2336/2508/1166 1523/1609/353 1525/1611/355
f 2337/2509/1167 2336/2508/1166 1525/1611/355
f 2337/2509/1167 1525/1611/355 1527/1613/357
f 2338/2510/1168 2337/2509/1167 1527/1613/357
f 2338/2510/1168 1527/1613/357 1529/1615/359
f 2339/2511/1169 2338/2510/1168 1529/1615/359
f 2339/2511/1169 1529/1615/359 1531/1617/361
f 2253/2425/1083 2339/2511/1169 1531/1617/361
f 2253/2425/1083 1531/1617/361 1352/1438/182
f 1351/1437/181 2253/2425/1083 1352/1438/182
f 1719/1805/549 1718/1804/548 2077/2165/907
f 1895/1983/725 1535/1621/365 2340/2512/1170
f 1355/1441/185 1535/1621/365 1895/1983/725
f 1355/1441/185 1895/1983/725 1990/2078/820
f 1990/2078/820 1895/1983/725 1175/1261/5
f 1990/2078/820 1175/1261/5 1174/1260/4
f 1896/1984/726 1895/1983/725 2340/2512/1170
f 2079/2167/909 1175/1261/5 1896/1984/726
f 1722/1810/552 1176/1262/6 2079/2167/909
f 2340/2512/1170 1535/1621/365 2078/2166/908
f 2078/2166/908 1534/1620/364 1539/1625/369
f 2254/2426/1084 1540/1626/370 1541/1627/371
f 2252/2424/1082 1721/1809/551 2254/2426/1084
f 1539/1625/369 1538/1624/368 2252/2424/1082
f 1173/1259/3 1172/1258/2 2255/2427/1085
f 1537/1623/367 1359/1445/189 1722/1810/552
f 1541/1627/371 1361/1447/191 1362/1448/192
f 1362/1448/192 1171/1257/1 1173/1259/3
f 2255/2427/1085 1536/1622/366 1537/1623/367
f 2082/2170/912 1177/1263/7 1360/1446/190
f 2082/2170/912 1360/1446/190 1548/1634/378
f 2341/2513/1187 2342/2514/1188 2343/2515/1189
f 2344/2516/1190 2345/2517/1191 2346/2518/1192
f 2344/2516/1190 2346/2518/1192 2347/2519/1193
f 2348/2520/1194 2349/2521/1195 2350/2522/1196
f 2348/2520/1194 2350/2522/1196 2351/2523/1197
f 2352/2524/1198 2348/2520/1194 2351/2523/1197
f 2352/2524/1198 2351/2523/1197 2353/2525/1199
f 2354/2526/1200 2352/2524/1198 2353/2525/1199
f 2354/2526/1200 2353/2525/1199 2355/2527/1201
f 2356/2528/1202 2354/2526/1200 2355/2527/1201
f 2356/2528/1202 2355/2527/1201 2357/2529/1203
f 2358/2530/1204 2356/2528/1202 2357/2529/1203
f 2358/2530/1204 2357/2529/1203 2359/2531/1205
f 2360/2532/1206 2358/2530/1204 2359/2531/1205
f 2360/2532/1206 2359/2531/1205 2361/2533/1207
f 2362/2534/1208 2360/2532/1206 2361/2533/1207
f 2362/2534/1208 2361/2533/1207 2363/2535/1209
f 2364/2536/1210 2362/2534/1208 2363/2535/1209
f 2364/2536/1210 2363/2535/1209 2365/2537/1211
f 2366/2538/1212 2364/2536/1210 2365/2537/1211
f 2366/2538/1212 2365/2537/1211 2367/2539/1213
f 2368/2540/1214 2366/2538/1212 2367/2539/1213
f 2368/2540/1214 2367/2539/1213 2369/2541/1215
f 2370/2542/1216 2368/2540/1214 2369/2541/1215
f 2370/2542/1216 2369/2541/1215 2371/2543/1217
f 2372/2544/1218 2370/2542/1216 2371/2543/1217
f 2372/2544/1218 2371/2543/1217 2373/2545/1219
f 2374/2546/1220 2372/2544/1218 2373/2545/1219
f 2374/2546/1220 2373/2545/1219 2375/2547/1221
f 2376/2548/1222 2374/2546/1220 2375/2547/1221
f 2376/2548/1222 2375/2547/1221 2377/2549/1223
f 2378/2550/1224 2376/2548/1222 2377/2549/1223
f 2378/2550/1224 2377/2549/1223 2379/2551/1225
f 2380/2552/1226 2378/2550/1224 2379/2551/1225
f 2380/2552/1226 2379/2551/1225 2381/2553/1227
f 2382/2554/1228 2380/2552/1226 2381/2553/1227
f 2382/2554/1228 2381/2553/1227 2383/2555/1229
f 2384/2556/1230 2382/2554/1228 2383/2555/1229
f 2384/2556/1230 2383/2555/1229 2385/2557/1231
f 2386/2558/1232 2384/2556/1230 2385/2557/1231
f 2386/2558/1232 2385/2557/1231 2387/2559/1233
f 2388/2560/1234 2386/2558/1232 2387/2559/1233
f 2388/2560/1234 2387/2559/1233 2389/2561/1235
f 2390/2562/1236 2388/2560/1234 2389/2561/1235
f 2390/2562/1236 2389/2561/1235 2391/2563/1237
f 2392/2564/1238 2390/2562/1236 2391/2563/1237
f 2392/2564/1238 2391/2563/1237 2393/2565/1239
f 2394/2566/1240 2392/2564/1238 2393/2565/1239
f 2394/2566/1240 2393/2565/1239 2395/2567/1241
f 2396/2568/1242 2394/2566/1240 2395/2567/1241
f 2396/2568/1242 2395/2567/1241 2397/2569/1243
f 2398/2570/1244 2396/2568/1242 2397/2569/1243
f 2398/2570/1244 2397/2569/1243 2399/2571/1245
f 2400/2572/1246 2398/2570/1244 2399/2571/1245
f 2400/2572/1246 2399/2571/1245 2401/2573/1247
f 2402/2574/1248 2400/2572/1246 2401/2573/1247
f 2402/2574/1248 2401/2573/1247 2403/2575/1249
f 2404/2576/1250 2402/2574/1248 2403/2575/1249
f 2404/2576/1250 2403/2575/1249 2405/2577/1251
f 2406/2578/1252 2404/2576/1250 2405/2577/1251
f 2406/2578/1252 2405/2577/1251 2407/2579/1253
f 2408/2580/1254 2406/2578/1252 2407/2579/1253
f 2408/2580/1254 2407/2579/1253 2409/2581/1255
f 2410/2582/1256 2408/2580/1254 2409/2581/1255
f 2410/2582/1256 2409/2581/1255 2411/2583/1257
f 2412/2584/1258 2410/2582/1256 2411/2583/1257
f 2412/2584/1258 2411/2583/1257 2413/2585/1259
f 2414/2586/1260 2412/2584/1258 2413/2585/1259
f 2414/2586/1260 2413/2585/1259 2415/2587/1261
f 2416/2588/1262 2414/2586/1260 2415/2587/1261
f 2416/2588/1262 2415/2587/1261 2417/2589/1263
f 2418/2590/1264 2416/2588/1262 2417/2589/1263
f 2418/2590/1264 2417/2589/1263 2419/2591/1265
f 2420/2592/1266 2418/2590/1264 2419/2591/1265
f 2420/2592/1266 2419/2591/1265 2421/2593/1267
f 2422/2594/1268 2420/2592/1266 2421/2593/1267
f 2422/2594/1268 2421/2593/1267 2423/2595/1269
f 2424/2596/1270 2422/2594/1268 2423/2595/1269
f 2424/2596/1270 2423/2595/1269 2425/2597/1271
f 2426/2598/1272 2424/2596/1270 2425/2597/1271
f 2426/2598/1272 2425/2597/1271 2427/2599/1273
f 2428/2600/1274 2426/2598/1272 2427/2599/1273
f 2428/2600/1274 2427/2599/1273 2429/2601/1275
f 2430/2602/1276 2428/2600/1274 2429/2601/1275
f 2430/2602/1276 2429/2601/1275 2431/2603/1277
f 2432/2604/1278 2430/2602/1276 2431/2603/1277
f 2432/2604/1278 2431/2603/1277 2433/2605/1279
f 2434/2606/1280 2432/2604/1278 2433/2605/1279
f 2434/2606/1280 2433/2605/1279 2435/2607/1281
f 2436/2608/1282 2434/2606/1280 2435/2607/1281
f 2436/2608/1282 2435/2607/1281 2437/2609/1283
f 2438/2610/1284 2436/2608/1282 2437/2609/1283
f 2438/2610/1284 2437/2609/1283 2439/2611/1285
f 2440/2612/1286 2438/2610/1284 2439/2611/1285
f 2440/2612/1286 2439/2611/1285 2441/2613/1287
f 2442/2614/1288 2440/2612/1286 2441/2613/1287
f 2442/2614/1288 2441/2613/1287 2443/2615/1289
f 2444/2616/1290 2442/2614/1288 2443/2615/1289
f 2444/2616/1290 2443/2615/1289 2445/2617/1291
f 2446/2618/1292 2444/2616/1290 2445/2617/1291
f 2446/2618/1292 2445/2617/1291 2447/2619/1293
f 2448/2620/1294 2446/2618/1292 2447/2619/1293
f 2448/2620/1294 2447/2619/1293 2449/2621/1295
f 2450/2622/1296 2448/2620/1294 2449/2621/1295
f 2450/2622/1296 2449/2621/1295 2451/2623/1297
f 2452/2624/1298 2450/2622/1296 2451/2623/1297
f 2452/2624/1298 2451/2623/1297 2453/2625/1299
f 2454/2626/1300 2452/2624/1298 2453/2625/1299
f 2454/2626/1300 2453/2625/1299 2455/2627/1301
f 2456/2628/1302 2454/2626/1300 2455/2627/1301
f 2456/2628/1302 2455/2627/1301 2457/2629/1303
f 2458/2630/1304 2456/2628/1302 2457/2629/1303
f 2458/2630/1304 2457/2629/1303 2459/2631/1305
f 2460/2632/1306 2458/2630/1304 2459/2631/1305
f 2460/2632/1306 2459/2631/1305 2461/2633/1307
f 2462/2634/1308 2460/2632/1306 2461/2633/1307
f 2462/2634/1308 2461/2633/1307 2463/2635/1309
f 2464/2636/1310 2462/2634/1308 2463/2635/1309
f 2464/2636/1310 2463/2635/1309 2465/2637/1311
f 2466/2638/1312 2464/2636/1310 2465/2637/1311
f 2466/2638/1312 2465/2637/1311 2467/2639/1313
f 2468/2640/1314 2466/2638/1312 2467/2639/1313
f 2468/2640/1314 2467/2639/1313 2469/2641/1315
f 2470/2642/1316 2468/2640/1314 2469/2641/1315
f 2470/2642/1316 2469/2641/1315 2471/2643/1317
f 2472/2644/1318 2470/2642/1316 2471/2643/1317
f 2472/2644/1318 2471/2643/1317 2473/2645/1319
f 2474/2646/1320 2472/2644/1318 2473/2645/1319
f 2474/2646/1320 2473/2645/1319 2475/2647/1321
f 2476/2648/1322 2474/2646/1320 2475/2647/1321
f 2476/2648/1322 2475/2647/1321 2477/2649/1323
f 2478/2650/1324 2476/2648/1322 2477/2649/1323
f 2478/2650/1324 2477/2649/1323 2479/2651/1325
f 2480/2652/1326 2478/2650/1324 2479/2651/1325
f 2480/2652/1326 2479/2651/1325 2481/2653/1327
f 2482/2654/1328 2480/2652/1326 2481/2653/1327
f 2482/2654/1328 2481/2653/1327 2483/2655/1329
f 2484/2656/1330 2482/2654/1328 2483/2655/1329
f 2484/2656/1330 2483/2655/1329 2485/2657/1331
f 2486/2658/1332 2484/2656/1330 2485/2657/1331
f 2486/2658/1332 2485/2657/1331 2487/2659/1333
f 2488/2660/1334 2486/2658/1332 2487/2659/1333
f 2488/2660/1334 2487/2659/1333 2489/2661/1335
f 2490/2662/1336 2488/2660/1334 2489/2661/1335
f 2490/2662/1336 2489/2661/1335 2491/2663/1337
f 2492/2664/1338 2490/2662/1336 2491/2663/1337
f 2492/2664/1338 2491/2663/1337 2493/2665/1339
f 2494/2666/1340 2492/2664/1338 2493/2665/1339
f 2494/2666/1340 2493/2665/1339 2495/2667/1341
f 2496/2668/1342 2494/2666/1340 2495/2667/1341
f 2496/2668/1342 2495/2667/1341 2497/2669/1343
f 2498/2670/1344 2496/2668/1342 2497/2669/1343
f 2498/2670/1344 2497/2669/1343 2499/2671/1345
f 2500/2672/1346 2498/2670/1344 2499/2671/1345
f 2500/2672/1346 2499/2671/1345 2501/2673/1347
f 2502/2674/1348 2500/2672/1346 2501/2673/1347
f 2502/2674/1348 2501/2673/1347 2503/2675/1349
f 2504/2676/1350 2502/2674/1348 2503/2675/1349
f 2504/2676/1350 2503/2675/1349 2505/2677/1351
f 2506/2678/1352 2504/2676/1350 2505/2677/1351
f 2506/2678/1352 2505/2677/1351 2507/2679/1353
f 2508/2680/1354 2506/2678/1352 2507/2679/1353
f 2508/2680/1354 2507/2679/1353 2509/2681/1355
f 2510/2682/1356 2508/2680/1354 2509/2681/1355
f 2510/2682/1356 2509/2681/1355 2511/2683/1357
f 2512/2684/1358 2510/2682/1356 2511/2683/1357
f 2512/2684/1358 2511/2683/1357 2513/2685/1359
f 2514/2686/1360 2512/2684/1358 2513/2685/1359
f 2514/2686/1360 2513/2685/1359 2515/2687/1361
f 2516/2688/1362 2514/2686/1360 2515/2687/1361
f 2516/2688/1362 2515/2687/1361 2517/2689/1363
f 2518/2690/1364 2516/2688/1362 2517/2689/1363
f 2518/2690/1364 2517/2689/1363 2519/2691/1365
f 2520/2692/1366 2518/2690/1364 2519/2691/1365
f 2521/2693/1367 2522/2694/1368 2523/2695/1369
f 2349/2521/1195 2524/2696/1370 2525/2697/1371
f 2349/2521/1195 2525/2697/1371 2350/2522/1196
f 2526/2698/1372 2527/2699/1373 2528/2700/1374
f 2347/2519/1193 2346/2518/1192 2529/2701/1375
f 2347/2519/1193 2529/2701/1375 2530/2702/1376
f 2531/2703/1377 2341/2513/1187 2532/2704/1378
f 2533/2705/1379 2534/2706/1380 2535/2707/1381
f 2533/2705/1379 2535/2707/1381 2536/2708/1382
f 2537/2709/1383 2533/2705/1379 2536/2708/1382
f 2537/2709/1383 2536/2708/1382 2538/2710/1384
f 2539/2711/1385 2537/2709/1383 2538/2710/1384
f 2539/2711/1385 2538/2710/1384 2540/2712/1386
f 2541/2713/1387 2539/2711/1385 2540/2712/1386
f 2541/2713/1387 2540/2712/1386 2542/2714/1388
f 2543/2715/1389 2541/2713/1387 2542/2714/1388
f 2543/2715/1389 2542/2714/1388 2544/2716/1390
f 2545/2717/1391 2543/2715/1389 2544/2716/1390
f 2545/2717/1391 2544/2716/1390 2546/2718/1392
f 2547/2719/1393 2545/2717/1391 2546/2718/1392
f 2547/2719/1393 2546/2718/1392 2548/2720/1394
f 2549/2721/1395 2547/2719/1393 2548/2720/1394
f 2549/2721/1395 2548/2720/1394 2550/2722/1396
f 2551/2723/1397 2549/2721/1395 2550/2722/1396
f 2551/2723/1397 2550/2722/1396 2552/2724/1398
f 2553/2725/1399 2551/2723/1397 2552/2724/1398
f 2553/2725/1399 2552/2724/1398 2554/2726/1400
f 2555/2727/1401 2553/2725/1399 2554/2726/1400
f 2555/2727/1401 2554/2726/1400 2556/2728/1402
f 2557/2729/1403 2555/2727/1401 2556/2728/1402
f 2557/2729/1403 2556/2728/1402 2558/2730/1404
f 2559/2731/1405 2557/2729/1403 2558/2730/1404
f 2559/2731/1405 2558/2730/1404 2560/2732/1406
f 2561/2733/1407 2559/2731/1405 2560/2732/1406
f 2561/2733/1407 2560/2732/1406 2562/2734/1408
f 2563/2735/1409 2561/2733/1407 2562/2734/1408
f 2563/2735/1409 2562/2734/1408 2564/2736/1410
f 2565/2737/1411 2563/2735/1409 2564/2736/1410
f 2565/2737/1411 2564/2736/1410 2566/2738/1412
f 2567/2739/1413 2565/2737/1411 2566/2738/1412
f 2567/2739/1413 2566/2738/1412 2568/2740/1414
f 2569/2741/1415 2567/2739/1413 2568/2740/1414
f 2569/2741/1415 2568/2740/1414 2570/2742/1416
f 2571/2743/1417 2569/2741/1415 2570/2742/1416
f 2571/2743/1417 2570/2742/1416 2572/2744/1418
f 2573/2745/1419 2571/2743/1417 2572/2744/1418
f 2573/2745/1419 2572/2744/1418 2574/2746/1420
f 2575/2747/1421 2573/2745/1419 2574/2746/1420
f 2575/2747/1421 2574/2746/1420 2576/2748/1422
f 2577/2749/1423 2575/2747/1421 2576/2748/1422
f 2577/2749/1423 2576/2748/1422 2578/2750/1424
f 2579/2751/1425 2577/2749/1423 2578/2750/1424
f 2579/2751/1425 2578/2750/1424 2580/2752/1426
f 2581/2753/1427 2579/2751/1425 2580/2752/1426
f 2581/2753/1427 2580/2752/1426 2582/2754/1428
f 2583/2755/1429 2581/2753/1427 2582/2754/1428
f 2583/2755/1429 2582/2754/1428 2584/2756/1430
f 2585/2757/1431 2583/2755/1429 2584/2756/1430
f 2585/2757/1431 2584/2756/1430 2586/2758/1432
f 2587/2759/1433 2585/2757/1431 2586/2758/1432
f 2587/2759/1433 2586/2758/1432 2588/2760/1434
f 2589/2761/1435 2587/2759/1433 2588/2760/1434
f 2589/2761/1435 2588/2760/1434 2590/2762/1436
f 2591/2763/1437 2589/2761/1435 2590/2762/1436
f 2591/2763/1437 2590/2762/1436 2592/2764/1438
f 2593/2765/1439 2591/2763/1437 2592/2764/1438
f 2593/2765/1439 2592/2764/1438 2594/2766/1440
f 2595/2767/1441 2593/2765/1439 2594/2766/1440
f 2595/2767/1441 2594/2766/1440 2596/2768/1442
f 2597/2769/1443 2595/2767/1441 2596/2768/1442
f 2597/2769/1443 2596/2768/1442 2598/2770/1444
f 2599/2771/1445 2597/2769/1443 2598/2770/1444
f 2599/2771/1445 2598/2770/1444 2600/2772/1446
f 2601/2773/1447 2599/2771/1445 2600/2772/1446
f 2601/2773/1447 2600/2772/1446 2602/2774/1448
f 2603/2775/1449 2601/2773/1447 2602/2774/1448
f 2603/2775/1449 2602/2774/1448 2604/2776/1450
f 2605/2777/1451 2603/2775/1449 2604/2776/1450
f 2605/2777/1451 2604/2776/1450 2606/2778/1452
f 2607/2779/1453 2605/2777/1451 2606/2778/1452
f 2607/2779/1453 2606/2778/1452 2608/2780/1454
f 2609/2781/1455 2607/2779/1453 2608/2780/1454
f 2609/2781/1455 2608/2780/1454 2610/2782/1456
f 2611/2783/1457 2609/2781/1455 2610/2782/1456
f 2611/2783/1457 2610/2782/1456 2612/2784/1458
f 2613/2785/1459 2611/2783/1457 2612/2784/1458
f 2613/2785/1459 2612/2784/1458 2614/2786/1460
f 2615/2787/1461 2613/2785/1459 2614/2786/1460
f 2615/2787/1461 2614/2786/1460 2616/2788/1462
f 2617/2789/1463 2615/2787/1461 2616/2788/1462
f 2617/2789/1463 2616/2788/1462 2618/2790/1464
f 2619/2791/1465 2617/2789/1463 2618/2790/1464
f 2619/2791/1465 2618/2790/1464 2620/2792/1466
f 2621/2793/1467 2619/2791/1465 2620/2792/1466
f 2621/2793/1467 2620/2792/1466 2622/2794/1468
f 2623/2795/1469 2621/2793/1467 2622/2794/1468
f 2623/2795/1469 2622/2794/1468 2624/2796/1470
f 2625/2797/1471 2623/2795/1469 2624/2796/1470
f 2625/2797/1471 2624/2796/1470 2626/2798/1472
f 2627/2799/1473 2625/2797/1471 2626/2798/1472
f 2627/2799/1473 2626/2798/1472 2628/2800/1474
f 2629/2801/1475 2627/2799/1473 2628/2800/1474
f 2629/2801/1475 2628/2800/1474 2630/2802/1476
f 2631/2803/1477 2629/2801/1475 2630/2802/1476
f 2631/2803/1477 2630/2802/1476 2632/2804/1478
f 2633/2805/1479 2631/2803/1477 2632/2804/1478
f 2633/2805/1479 2632/2804/1478 2634/2806/1480
f 2635/2807/1481 2633/2805/1479 2634/2806/1480
f 2635/2807/1481 2634/2806/1480 2636/2808/1482
f 2637/2809/1483 2635/2807/1481 2636/2808/1482
f 2637/2809/1483 2636/2808/1482 2638/2810/1484
f 2639/2811/1485 2637/2809/1483 2638/2810/1484
f 2639/2811/1485 2638/2810/1484 2640/2812/1486
f 2641/2813/1487 2639/2811/1485 2640/2812/1486
f 2641/2813/1487 2640/2812/1486 2642/2814/1488
f 2643/2815/1489 2641/2813/1487 2642/2814/1488
f 2643/2815/1489 2642/2814/1488 2644/2816/1490
f 2645/2817/1491 2643/2815/1489 2644/2816/1490
f 2645/2817/1491 2644/2816/1490 2646/2818/1492
f 2647/2819/1493 2645/2817/1491 2646/2818/1492
f 2647/2819/1493 2646/2818/1492 2648/2820/1494
f 2649/2821/1495 2647/2819/1493 2648/2820/1494
f 2649/2821/1495 2648/2820/1494 2650/2822/1496
f 2651/2823/1497 2649/2821/1495 2650/2822/1496
f 2651/2823/1497 2650/2822/1496 2652/2824/1498
f 2653/2825/1499 2651/2823/1497 2652/2824/1498
f 2653/2825/1499 2652/2824/1498 2654/2826/1500
f 2655/2827/1501 2653/2825/1499 2654/2826/1500
f 2655/2827/1501 2654/2826/1500 2656/2828/1502
f 2657/2829/1503 2655/2827/1501 2656/2828/1502
f 2657/2829/1503 2656/2828/1502 2658/2830/1504
f 2659/2831/1505 2657/2829/1503 2658/2830/1504
f 2659/2831/1505 2658/2830/1504 2660/2832/1506
f 2661/2833/1507 2659/2831/1505 2660/2832/1506
f 2661/2833/1507 2660/2832/1506 2662/2834/1508
f 2663/2835/1509 2661/2833/1507 2662/2834/1508
f 2663/2835/1509 2662/2834/1508 2664/2836/1510
f 2665/2837/1511 2663/2835/1509 2664/2836/1510
f 2665/2837/1511 2664/2836/1510 2666/2838/1512
f 2667/2839/1513 2665/2837/1511 2666/2838/1512
f 2667/2839/1513 2666/2838/1512 2668/2840/1514
f 2669/2841/1515 2667/2839/1513 2668/2840/1514
f 2669/2841/1515 2668/2840/1514 2670/2842/1516
f 2671/2843/1517 2669/2841/1515 2670/2842/1516
f 2671/2843/1517 2670/2842/1516 2672/2844/1518
f 2673/2845/1519 2671/2843/1517 2672/2844/1518
f 2673/2845/1519 2672/2844/1518 2674/2846/1520
f 2675/2847/1521 2673/2845/1519 2674/2846/1520
f 2675/2847/1521 2674/2846/1520 2676/2848/1522
f 2677/2849/1523 2675/2847/1521 2676/2848/1522
f 2677/2849/1523 2676/2848/1522 2678/2850/1524
f 2679/2851/1525 2677/2849/1523 2678/2850/1524
f 2679/2851/1525 2678/2850/1524 2680/2852/1526
f 2681/2853/1527 2679/2851/1525 2680/2852/1526
f 2681/2853/1527 2680/2852/1526 2682/2854/1528
f 2683/2855/1529 2681/2853/1527 2682/2854/1528
f 2683/2855/1529 2682/2854/1528 2684/2856/1530
f 2685/2857/1531 2683/2855/1529 2684/2856/1530
f 2685/2857/1531 2684/2856/1530 2686/2858/1532
f 2687/2859/1533 2685/2857/1531 2686/2858/1532
f 2687/2859/1533 2686/2858/1532 2688/2860/1534
f 2689/2861/1535 2687/2859/1533 2688/2860/1534
f 2689/2861/1535 2688/2860/1534 2690/2862/1536
f 2691/2863/1537 2689/2861/1535 2690/2862/1536
f 2691/2863/1537 2690/2862/1536 2692/2864/1538
f 2693/2865/1539 2691/2863/1537 2692/2864/1538
f 2693/2865/1539 2692/2864/1538 2694/2866/1540
f 2695/2867/1541 2693/2865/1539 2694/2866/1540
f 2695/2867/1541 2694/2866/1540 2696/2868/1542
f 2697/2869/1543 2695/2867/1541 2696/2868/1542
f 2697/2869/1543 2696/2868/1542 2698/2870/1544
f 2699/2871/1545 2697/2869/1543 2698/2870/1544
f 2699/2871/1545 2698/2870/1544 2700/2872/1546
f 2701/2873/1547 2699/2871/1545 2700/2872/1546
f 2701/2873/1547 2700/2872/1546 2702/2874/1548
f 2522/2694/1368 2701/2873/1547 2702/2874/1548
f 2522/2694/1368 2702/2874/1548 2703/2875/1549
f 2523/2695/1369 2522/2694/1368 2703/2875/1549
f 2524/2696/1370 2704/2876/1550 2705/2877/1551
f 2524/2696/1370 2705/2877/1551 2525/2697/1371
f 2706/2878/1552 2529/2701/1375 2707/2879/1553
f 2704/2876/1550 2708/2880/1554 2709/2881/1555
f 2710/2882/1556 2531/2703/1377 2711/2883/1557
f 2712/2884/1558 2708/2880/1554 2704/2876/1550
f 2712/2884/1558 2704/2876/1550 2524/2696/1370
f 2534/2706/1380 2713/2885/1559 2714/2886/1560
f 2534/2706/1380 2714/2886/1560 2535/2707/1381
f 2535/2707/1381 2714/2886/1560 2715/2887/1561
f 2535/2707/1381 2715/2887/1561 2716/2888/1562
f 2717/2889/1563 2718/2890/1564 2719/2891/1565
f 2717/2889/1563 2719/2891/1565 2720/2892/1566
f 2721/2893/1567 2717/2889/1563 2720/2892/1566
f 2721/2893/1567 2720/2892/1566 2722/2894/1568
f 2723/2895/1569 2721/2893/1567 2722/2894/1568
f 2723/2895/1569 2722/2894/1568 2724/2896/1570
f 2725/2897/1571 2723/2895/1569 2724/2896/1570
f 2725/2897/1571 2724/2896/1570 2726/2898/1572
f 2727/2899/1573 2725/2897/1571 2726/2898/1572
f 2727/2899/1573 2726/2898/1572 2728/2900/1574
f 2729/2901/1575 2727/2899/1573 2728/2900/1574
f 2729/2901/1575 2728/2900/1574 2730/2902/1576
f 2731/2903/1577 2729/2901/1575 2730/2902/1576
f 2731/2903/1577 2730/2902/1576 2732/2904/1578
f 2733/2905/1579 2731/2903/1577 2732/2904/1578
f 2733/2905/1579 2732/2904/1578 2734/2906/1580
f 2735/2907/1581 2733/2905/1579 2734/2906/1580
f 2735/2907/1581 2734/2906/1580 2736/2908/1582
f 2737/2909/1583 2735/2907/1581 2736/2908/1582
f 2737/2909/1583 2736/2908/1582 2738/2910/1584
f 2739/2911/1585 2737/2909/1583 2738/2910/1584
f 2739/2911/1585 2738/2910/1584 2740/2912/1586
f 2741/2913/1587 2739/2911/1585 2740/2912/1586
f 2741/2913/1587 2740/2912/1586 2742/2914/1588
f 2743/2915/1589 2741/2913/1587 2742/2914/1588
f 2743/2915/1589 2742/2914/1588 2744/2916/1590
f 2745/2917/1591 2743/2915/1589 2744/2916/1590
f 2745/2917/1591 2744/2916/1590 2746/2918/1592
f 2747/2919/1593 2745/2917/1591 2746/2918/1592
f 2747/2919/1593 2746/2918/1592 2748/2920/1594
f 2749/2921/1595 2747/2919/1593 2748/2920/1594
f 2749/2921/1595 2748/2920/1594 2750/2922/1596
f 2751/2923/1597 2749/2921/1595 2750/2922/1596
f 2751/2923/1597 2750/2922/1596 2752/2924/1598
f 2753/2925/1599 2751/2923/1597 2752/2924/1598
f 2753/2925/1599 2752/2924/1598 2754/2926/1600
f 2755/2927/1601 2753/2925/1599 2754/2926/1600
f 2755/2927/1601 2754/2926/1600 2756/2928/1602
f 2757/2929/1603 2755/2927/1601 2756/2928/1602
f 2757/2929/1603 2756/2928/1602 2758/2930/1604
f 2759/2931/1605 2757/2929/1603 2758/2930/1604
f 2759/2931/1605 2758/2930/1604 2760/2932/1606
f 2761/2933/1607 2759/2931/1605 2760/2932/1606
f 2761/2933/1607 2760/2932/1606 2762/2934/1608
f 2763/2935/1609 2761/2933/1607 2762/2934/1608
f 2763/2935/1609 2762/2934/1608 2764/2936/1610
f 2765/2937/1611 2763/2935/1609 2764/2936/1610
f 2765/2937/1611 2764/2936/1610 2766/2938/1612
f 2767/2939/1613 2765/2937/1611 2766/2938/1612
f 2767/2939/1613 2766/2938/1612 2768/2940/1614
f 2769/2941/1615 2767/2939/1613 2768/2940/1614
f 2769/2941/1615 2768/2940/1614 2770/2942/1616
f 2771/2943/1617 2769/2941/1615 2770/2942/1616
f 2771/2943/1617 2770/2942/1616 2772/2944/1618
f 2773/2945/1619 2771/2943/1617 2772/2944/1618
f 2773/2945/1619 2772/2944/1618 2774/2946/1620
f 2775/2947/1621 2773/2945/1619 2774/2946/1620
f 2775/2947/1621 2774/2946/1620 2776/2948/1622
f 2777/2949/1623 2775/2947/1621 2776/2948/1622
f 2777/2949/1623 2776/2948/1622 2778/2950/1624
f 2779/2951/1625 2777/2949/1623 2778/2950/1624
f 2779/2951/1625 2778/2950/1624 2780/2952/1626
f 2781/2953/1627 2779/2951/1625 2780/2952/1626
f 2781/2953/1627 2780/2952/1626 2782/2954/1628
f 2783/2955/1629 2781/2953/1627 2782/2954/1628
f 2783/2955/1629 2782/2954/1628 2784/2956/1630
f 2785/2957/1631 2783/2955/1629 2784/2956/1630
f 2785/2957/1631 2784/2956/1630 2786/2958/1632
f 2787/2959/1633 2785/2957/1631 2786/2958/1632
f 2787/2959/1633 2786/2958/1632 2788/2960/1634
f 2789/2961/1635 2787/2959/1633 2788/2960/1634
f 2789/2961/1635 2788/2960/1634 2790/2962/1636
f 2791/2963/1637 2789/2961/1635 2790/2962/1636
f 2791/2963/1637 2790/2962/1636 2792/2964/1638
f 2793/2965/1639 2791/2963/1637 2792/2964/1638
f 2793/2965/1639 2792/2964/1638 2794/2966/1640
f 2795/2967/1641 2793/2965/1639 2794/2966/1640
f 2795/2967/1641 2794/2966/1640 2796/2968/1642
f 2797/2969/1643 2795/2967/1641 2796/2968/1642
f 2797/2969/1643 2796/2968/1642 2798/2970/1644
f 2799/2971/1645 2797/2969/1643 2798/2970/1644
f 2799/2971/1645 2798/2970/1644 2800/2972/1646
f 2801/2973/1647 2799/2971/1645 2800/2972/1646
f 2801/2973/1647 2800/2972/1646 2802/2974/1648
f 2803/2975/1649 2801/2973/1647 2802/2974/1648
f 2803/2975/1649 2802/2974/1648 2804/2976/1650
f 2805/2977/1651 2803/2975/1649 2804/2976/1650
f 2805/2977/1651 2804/2976/1650 2806/2978/1652
f 2807/2979/1653 2805/2977/1651 2806/2978/1652
f 2807/2979/1653 2806/2978/1652 2808/2980/1654
f 2809/2981/1655 2807/2979/1653 2808/2980/1654
f 2809/2981/1655 2808/2980/1654 2810/2982/1656
f 2811/2983/1657 2809/2981/1655 2810/2982/1656
f 2811/2983/1657 2810/2982/1656 2812/2984/1658
f 2813/2985/1659 2811/2983/1657 2812/2984/1658
f 2813/2985/1659 2812/2984/1658 2814/2986/1660
f 2815/2987/1661 2813/2985/1659 2814/2986/1660
f 2815/2987/1661 2814/2986/1660 2816/2988/1662
f 2817/2989/1663 2815/2987/1661 2816/2988/1662
f 2817/2989/1663 2816/2988/1662 2818/2990/1664
f 2819/2991/1665 2817/2989/1663 2818/2990/1664
f 2819/2991/1665 2818/2990/1664 2820/2992/1666
f 2821/2993/1667 2819/2991/1665 2820/2992/1666
f 2821/2993/1667 2820/2992/1666 2822/2994/1668
f 2823/2995/1669 2821/2993/1667 2822/2994/1668
f 2823/2995/1669 2822/2994/1668 2824/2996/1670
f 2825/2997/1671 2823/2995/1669 2824/2996/1670
f 2825/2997/1671 2824/2996/1670 2826/2998/1672
f 2827/2999/1673 2825/2997/1671 2826/2998/1672
f 2827/2999/1673 2826/2998/1672 2828/3000/1674
f 2829/3001/1675 2827/2999/1673 2828/3000/1674
f 2829/3001/1675 2828/3000/1674 2830/3002/1676
f 2831/3003/1677 2829/3001/1675 2830/3002/1676
f 2831/3003/1677 2830/3002/1676 2832/3004/1678
f 2833/3005/1679 2831/3003/1677 2832/3004/1678
f 2833/3005/1679 2832/3004/1678 2834/3006/1680
f 2835/3007/1681 2833/3005/1679 2834/3006/1680
f 2835/3007/1681 2834/3006/1680 2836/3008/1682
f 2837/3009/1683 2835/3007/1681 2836/3008/1682
f 2837/3009/1683 2836/3008/1682 2838/3010/1684
f 2839/3011/1685 2837/3009/1683 2838/3010/1684
f 2839/3011/1685 2838/3010/1684 2840/3012/1686
f 2841/3013/1687 2839/3011/1685 2840/3012/1686
f 2841/3013/1687 2840/3012/1686 2842/3014/1688
f 2843/3015/1689 2841/3013/1687 2842/3014/1688
f 2843/3015/1689 2842/3014/1688 2844/3016/1690
f 2845/3017/1691 2843/3015/1689 2844/3016/1690
f 2845/3017/1691 2844/3016/1690 2846/3018/1692
f 2847/3019/1693 2845/3017/1691 2846/3018/1692
f 2847/3019/1693 2846/3018/1692 2848/3020/1694
f 2849/3021/1695 2847/3019/1693 2848/3020/1694
f 2849/3021/1695 2848/3020/1694 2850/3022/1696
f 2851/3023/1697 2849/3021/1695 2850/3022/1696
f 2851/3023/1697 2850/3022/1696 2852/3024/1698
f 2853/3025/1699 2851/3023/1697 2852/3024/1698
f 2853/3025/1699 2852/3024/1698 2854/3026/1700
f 2855/3027/1701 2853/3025/1699 2854/3026/1700
f 2855/3027/1701 2854/3026/1700 2856/3028/1702
f 2857/3029/1703 2855/3027/1701 2856/3028/1702
f 2857/3029/1703 2856/3028/1702 2858/3030/1704
f 2859/3031/1705 2857/3029/1703 2858/3030/1704
f 2859/3031/1705 2858/3030/1704 2860/3032/1706
f 2861/3033/1707 2859/3031/1705 2860/3032/1706
f 2861/3033/1707 2860/3032/1706 2862/3034/1708
f 2863/3035/1709 2861/3033/1707 2862/3034/1708
f 2863/3035/1709 2862/3034/1708 2864/3036/1710
f 2865/3037/1711 2863/3035/1709 2864/3036/1710
f 2865/3037/1711 2864/3036/1710 2866/3038/1712
f 2867/3039/1713 2865/3037/1711 2866/3038/1712
f 2867/3039/1713 2866/3038/1712 2868/3040/1714
f 2869/3041/1715 2867/3039/1713 2868/3040/1714
f 2869/3041/1715 2868/3040/1714 2870/3042/1716
f 2871/3043/1717 2869/3041/1715 2870/3042/1716
f 2871/3043/1717 2870/3042/1716 2872/3044/1718
f 2873/3045/1719 2871/3043/1717 2872/3044/1718
f 2873/3045/1719 2872/3044/1718 2874/3046/1720
f 2875/3047/1721 2873/3045/1719 2874/3046/1720
f 2875/3047/1721 2874/3046/1720 2876/3048/1722
f 2877/3049/1723 2875/3047/1721 2876/3048/1722
f 2877/3049/1723 2876/3048/1722 2878/3050/1724
f 2879/3051/1725 2877/3049/1723 2878/3050/1724
f 2879/3051/1725 2878/3050/1724 2880/3052/1726
f 2881/3053/1727 2879/3051/1725 2880/3052/1726
f 2881/3053/1727 2880/3052/1726 2882/3054/1728
f 2883/3055/1729 2881/3053/1727 2882/3054/1728
f 2883/3055/1729 2882/3054/1728 2884/3056/1730
f 2885/3057/1731 2883/3055/1729 2884/3056/1730
f 2885/3057/1731 2884/3056/1730 2886/3058/1732
f 2887/3059/1733 2885/3057/1731 2886/3058/1732
f 2887/3059/1733 2886/3058/1732 2888/3060/1734
f 2889/3061/1735 2887/3059/1733 2888/3060/1734
f 2713/2885/1559 2531/2703/1377 2710/2882/1556
f 2713/2885/1559 2710/2882/1556 2714/2886/1560
f 2716/2888/1562 2715/2887/1561 2712/2884/1558
f 2716/2888/1562 2712/2884/1558 2890/3062/1736
f 2715/2887/1561 2891/3063/1737 2708/2880/1554
f 2715/2887/1561 2708/2880/1554 2712/2884/1558
f 2529/2701/1375 2346/2518/1192 2892/3064/1738
f 2893/3065/1739 2716/2888/1562 2890/3062/1736
f 2893/3065/1739 2890/3062/1736 2894/3066/1740
f 2895/3067/1741 2893/3065/1739 2894/3066/1740
f 2895/3067/1741 2894/3066/1740 2896/3068/1742
f 2897/3069/1743 2895/3067/1741 2896/3068/1742
f 2897/3069/1743 2896/3068/1742 2898/3070/1744
f 2899/3071/1745 2897/3069/1743 2898/3070/1744
f 2899/3071/1745 2898/3070/1744 2900/3072/1746
f 2901/3073/1747 2899/3071/1745 2900/3072/1746
f 2901/3073/1747 2900/3072/1746 2902/3074/1748
f 2903/3075/1749 2901/3073/1747 2902/3074/1748
f 2903/3075/1749 2902/3074/1748 2904/3076/1750
f 2905/3077/1751 2903/3075/1749 2904/3076/1750
f 2905/3077/1751 2904/3076/1750 2906/3078/1752
f 2907/3079/1753 2905/3077/1751 2906/3078/1752
f 2907/3079/1753 2906/3078/1752 2908/3080/1754
f 2909/3081/1755 2907/3079/1753 2908/3080/1754
f 2909/3081/1755 2908/3080/1754 2910/3082/1756
f 2911/3083/1757 2909/3081/1755 2910/3082/1756
f 2911/3083/1757 2910/3082/1756 2912/3084/1758
f 2913/3085/1759 2911/3083/1757 2912/3084/1758
f 2913/3085/1759 2912/3084/1758 2914/3086/1760
f 2915/3087/1761 2913/3085/1759 2914/3086/1760
f 2915/3087/1761 2914/3086/1760 2916/3088/1762
f 2917/3089/1763 2915/3087/1761 2916/3088/1762
f 2917/3089/1763 2916/3088/1762 2918/3090/1764
f 2919/3091/1765 2917/3089/1763 2918/3090/1764
f 2919/3091/1765 2918/3090/1764 2920/3092/1766
f 2921/3093/1767 2919/3091/1765 2920/3092/1766
f 2921/3093/1767 2920/3092/1766 2922/3094/1768
f 2923/3095/1769 2921/3093/1767 2922/3094/1768
f 2923/3095/1769 2922/3094/1768 2924/3096/1770
f 2925/3097/1771 2923/3095/1769 2924/3096/1770
f 2925/3097/1771 2924/3096/1770 2926/3098/1772
f 2927/3099/1773 2925/3097/1771 2926/3098/1772
f 2927/3099/1773 2926/3098/1772 2928/3100/1774
f 2929/3101/1775 2927/3099/1773 2928/3100/1774
f 2929/3101/1775 2928/3100/1774 2930/3102/1776
f 2931/3103/1777 2929/3101/1775 2930/3102/1776
f 2931/3103/1777 2930/3102/1776 2932/3104/1778
f 2933/3105/1779 2931/3103/1777 2932/3104/1778
f 2933/3105/1779 2932/3104/1778 2934/3106/1780
f 2935/3107/1781 2933/3105/1779 2934/3106/1780
f 2935/3107/1781 2934/3106/1780 2936/3108/1782
f 2937/3109/1783 2935/3107/1781 2936/3108/1782
f 2937/3109/1783 2936/3108/1782 2938/3110/1784
f 2939/3111/1785 2937/3109/1783 2938/3110/1784
f 2939/3111/1785 2938/3110/1784 2940/3112/1786
f 2941/3113/1787 2939/3111/1785 2940/3112/1786
f 2941/3113/1787 2940/3112/1786 2942/3114/1788
f 2943/3115/1789 2941/3113/1787 2942/3114/1788
f 2943/3115/1789 2942/3114/1788 2944/3116/1790
f 2945/3117/1791 2943/3115/1789 2944/3116/1790
f 2945/3117/1791 2944/3116/1790 2946/3118/1792
f 2947/3119/1793 2945/3117/1791 2946/3118/1792
f 2947/3119/1793 2946/3118/1792 2948/3120/1794
f 2949/3121/1795 2947/3119/1793 2948/3120/1794
f 2949/3121/1795 2948/3120/1794 2950/3122/1796
f 2951/3123/1797 2949/3121/1795 2950/3122/1796
f 2951/3123/1797 2950/3122/1796 2952/3124/1798
f 2953/3125/1799 2951/3123/1797 2952/3124/1798
f 2953/3125/1799 2952/3124/1798 2954/3126/1800
f 2955/3127/1801 2953/3125/1799 2954/3126/1800
f 2955/3127/1801 2954/3126/1800 2956/3128/1802
f 2957/3129/1803 2955/3127/1801 2956/3128/1802
f 2957/3129/1803 2956/3128/1802 2958/3130/1804
f 2959/3131/1805 2957/3129/1803 2958/3130/1804
f 2959/3131/1805 2958/3130/1804 2960/3132/1806
f 2961/3133/1807 2959/3131/1805 2960/3132/1806
f 2961/3133/1807 2960/3132/1806 2962/3134/1808
f 2963/3135/1809 2961/3133/1807 2962/3134/1808
f 2963/3135/1809 2962/3134/1808 2964/3136/1810
f 2965/3137/1811 2963/3135/1809 2964/3136/1810
f 2965/3137/1811 2964/3136/1810 2966/3138/1812
f 2967/3139/1813 2965/3137/1811 2966/3138/1812
f 2967/3139/1813 2966/3138/1812 2968/3140/1814
f 2969/3141/1815 2967/3139/1813 2968/3140/1814
f 2969/3141/1815 2968/3140/1814 2970/3142/1816
f 2971/3143/1817 2969/3141/1815 2970/3142/1816
f 2971/3143/1817 2970/3142/1816 2972/3144/1818
f 2973/3145/1819 2971/3143/1817 2972/3144/1818
f 2973/3145/1819 2972/3144/1818 2974/3146/1820
f 2975/3147/1821 2973/3145/1819 2974/3146/1820
f 2975/3147/1821 2974/3146/1820 2976/3148/1822
f 2977/3149/1823 2975/3147/1821 2976/3148/1822
f 2977/3149/1823 2976/3148/1822 2978/3150/1824
f 2979/3151/1825 2977/3149/1823 2978/3150/1824
f 2979/3151/1825 2978/3150/1824 2980/3152/1826
f 2981/3153/1827 2979/3151/1825 2980/3152/1826
f 2981/3153/1827 2980/3152/1826 2982/3154/1828
f 2983/3155/1829 2981/3153/1827 2982/3154/1828
f 2983/3155/1829 2982/3154/1828 2984/3156/1830
f 2985/3157/1831 2983/3155/1829 2984/3156/1830
f 2985/3157/1831 2984/3156/1830 2986/3158/1832
f 2987/3159/1833 2985/3157/1831 2986/3158/1832
f 2987/3159/1833 2986/3158/1832 2988/3160/1834
f 2989/3161/1835 2987/3159/1833 2988/3160/1834
f 2989/3161/1835 2988/3160/1834 2990/3162/1836
f 2991/3163/1837 2989/3161/1835 2990/3162/1836
f 2991/3163/1837 2990/3162/1836 2992/3164/1838
f 2993/3165/1839 2991/3163/1837 2992/3164/1838
f 2993/3165/1839 2992/3164/1838 2994/3166/1840
f 2995/3167/1841 2993/3165/1839 2994/3166/1840
f 2995/3167/1841 2994/3166/1840 2996/3168/1842
f 2997/3169/1843 2995/3167/1841 2996/3168/1842
f 2997/3169/1843 2996/3168/1842 2998/3170/1844
f 2999/3171/1845 2997/3169/1843 2998/3170/1844
f 2999/3171/1845 2998/3170/1844 3000/3172/1846
f 3001/3173/1847 2999/3171/1845 3000/3172/1846
f 3001/3173/1847 3000/3172/1846 3002/3174/1848
f 3003/3175/1849 3001/3173/1847 3002/3174/1848
f 3003/3175/1849 3002/3174/1848 3004/3176/1850
f 3005/3177/1851 3003/3175/1849 3004/3176/1850
f 3005/3177/1851 3004/3176/1850 3006/3178/1852
f 3007/3179/1853 3005/3177/1851 3006/3178/1852
f 3007/3179/1853 3006/3178/1852 3008/3180/1854
f 3009/3181/1855 3007/3179/1853 3008/3180/1854
f 3009/3181/1855 3008/3180/1854 3010/3182/1856
f 3011/3183/1857 3009/3181/1855 3010/3182/1856
f 3011/3183/1857 3010/3182/1856 3012/3184/1858
f 3013/3185/1859 3011/3183/1857 3012/3184/1858
f 3013/3185/1859 3012/3184/1858 3014/3186/1860
f 3015/3187/1861 3013/3185/1859 3014/3186/1860
f 3015/3187/1861 3014/3186/1860 3016/3188/1862
f 3017/3189/1863 3015/3187/1861 3016/3188/1862
f 3017/3189/1863 3016/3188/1862 3018/3190/1864
f 3019/3191/1865 3017/3189/1863 3018/3190/1864
f 3019/3191/1865 3018/3190/1864 3020/3192/1866
f 3021/3193/1867 3019/3191/1865 3020/3192/1866
f 3021/3193/1867 3020/3192/1866 3022/3194/1868
f 3023/3195/1869 3021/3193/1867 3022/3194/1868
f 3023/3195/1869 3022/3194/1868 3024/3196/1870
f 3025/3197/1871 3023/3195/1869 3024/3196/1870
f 3025/3197/1871 3024/3196/1870 3026/3198/1872
f 3027/3199/1873 3025/3197/1871 3026/3198/1872
f 3027/3199/1873 3026/3198/1872 3028/3200/1874
f 3029/3201/1875 3027/3199/1873 3028/3200/1874
f 3029/3201/1875 3028/3200/1874 3030/3202/1876
f 3031/3203/1877 3029/3201/1875 3030/3202/1876
f 3031/3203/1877 3030/3202/1876 3032/3204/1878
f 3033/3205/1879 3031/3203/1877 3032/3204/1878
f 3033/3205/1879 3032/3204/1878 3034/3206/1880
f 3035/3207/1881 3033/3205/1879 3034/3206/1880
f 3035/3207/1881 3034/3206/1880 3036/3208/1882
f 3037/3209/1883 3035/3207/1881 3036/3208/1882
f 3037/3209/1883 3036/3208/1882 3038/3210/1884
f 3039/3211/1885 3037/3209/1883 3038/3210/1884
f 3039/3211/1885 3038/3210/1884 3040/3212/1886
f 3041/3213/1887 3039/3211/1885 3040/3212/1886
f 3041/3213/1887 3040/3212/1886 3042/3214/1888
f 3043/3215/1889 3041/3213/1887 3042/3214/1888
f 3043/3215/1889 3042/3214/1888 3044/3216/1890
f 3045/3217/1891 3043/3215/1889 3044/3216/1890
f 3045/3217/1891 3044/3216/1890 3046/3218/1892
f 3047/3219/1893 3045/3217/1891 3046/3218/1892
f 3047/3219/1893 3046/3218/1892 3048/3220/1894
f 3049/3221/1895 3047/3219/1893 3048/3220/1894
f 3049/3221/1895 3048/3220/1894 3050/3222/1896
f 3051/3223/1897 3049/3221/1895 3050/3222/1896
f 3051/3223/1897 3050/3222/1896 3052/3224/1898
f 3053/3225/1899 3051/3223/1897 3052/3224/1898
f 3053/3225/1899 3052/3224/1898 3054/3226/1900
f 3055/3227/1901 3053/3225/1899 3054/3226/1900
f 3055/3227/1901 3054/3226/1900 3056/3228/1902
f 3057/3229/1903 3055/3227/1901 3056/3228/1902
f 3057/3229/1903 3056/3228/1902 3058/3230/1904
f 3059/3231/1905 3057/3229/1903 3058/3230/1904
f 3059/3231/1905 3058/3230/1904 3060/3232/1906
f 3061/3233/1907 3059/3231/1905 3060/3232/1906
f 3061/3233/1907 3060/3232/1906 3062/3234/1908
f 3063/3235/1909 3061/3233/1907 3062/3234/1908
f 3063/3235/1909 3062/3234/1908 3064/3236/1910
f 2345/2517/1191 3065/3237/1911 3066/3238/1912
f 2719/2891/1565 3067/3239/1913 3068/3240/1914
f 2719/2891/1565 3068/3240/1914 3069/3241/1915
f 3069/3241/1915 3068/3240/1914 3070/3242/1916
f 3069/3241/1915 3070/3242/1916 3071/3243/1917
f 2353/2525/1199 2351/2523/1197 3072/3244/1918
f 2353/2525/1199 3072/3244/1918 3073/3245/1919
f 2355/2527/1201 2353/2525/1199 3073/3245/1919
f 2355/2527/1201 3073/3245/1919 3074/3246/1920
f 2357/2529/1203 2355/2527/1201 3074/3246/1920
f 2357/2529/1203 3074/3246/1920 3075/3247/1921
f 2359/2531/1205 2357/2529/1203 3075/3247/1921
f 2359/2531/1205 3075/3247/1921 3076/3248/1922
f 2361/2533/1207 2359/2531/1205 3076/3248/1922
f 2361/2533/1207 3076/3248/1922 3077/3249/1923
f 2363/2535/1209 2361/2533/1207 3077/3249/1923
f 2363/2535/1209 3077/3249/1923 3078/3250/1924
f 2365/2537/1211 2363/2535/1209 3078/3250/1924
f 2365/2537/1211 3078/3250/1924 3079/3251/1925
f 2367/2539/1213 2365/2537/1211 3079/3251/1925
f 2367/2539/1213 3079/3251/1925 3080/3252/1926
f 2369/2541/1215 2367/2539/1213 3080/3252/1926
f 2369/2541/1215 3080/3252/1926 3081/3253/1927
f 2371/2543/1217 2369/2541/1215 3081/3253/1927
f 2371/2543/1217 3081/3253/1927 3082/3254/1928
f 2373/2545/1219 2371/2543/1217 3082/3254/1928
f 2373/2545/1219 3082/3254/1928 3083/3255/1929
f 2375/2547/1221 2373/2545/1219 3083/3255/1929
f 2375/2547/1221 3083/3255/1929 3084/3256/1930
f 2377/2549/1223 2375/2547/1221 3084/3256/1930
f 2377/2549/1223 3084/3256/1930 3085/3257/1931
f 2379/2551/1225 2377/2549/1223 3085/3257/1931
f 2379/2551/1225 3085/3257/1931 3086/3258/1932
f 2381/2553/1227 2379/2551/1225 3086/3258/1932
f 2381/2553/1227 3086/3258/1932 3087/3259/1933
f 2383/2555/1229 2381/2553/1227 3087/3259/1933
f 2383/2555/1229 3087/3259/1933 3088/3260/1934
f 2385/2557/1231 2383/2555/1229 3088/3260/1934
f 2385/2557/1231 3088/3260/1934 3089/3261/1935
f 2387/2559/1233 2385/2557/1231 3089/3261/1935
f 2387/2559/1233 3089/3261/1935 3090/3262/1936
f 2389/2561/1235 2387/2559/1233 3090/3262/1936
f 2389/2561/1235 3090/3262/1936 3091/3263/1937
f 2391/2563/1237 2389/2561/1235 3091/3263/1937
f 2391/2563/1237 3091/3263/1937 3092/3264/1938
f 2393/2565/1239 2391/2563/1237 3092/3264/1938
f 2393/2565/1239 3092/3264/1938 3093/3265/1939
f 2395/2567/1241 2393/2565/1239 3093/3265/1939
f 2395/2567/1241 3093/3265/1939 3094/3266/1940
f 2397/2569/1243 2395/2567/1241 3094/3266/1940
f 2397/2569/1243 3094/3266/1940 3095/3267/1941
f 2399/2571/1245 2397/2569/1243 3095/3267/1941
f 2399/2571/1245 3095/3267/1941 3096/3268/1942
f 2401/2573/1247 2399/2571/1245 3096/3268/1942
f 2401/2573/1247 3096/3268/1942 3097/3269/1943
f 2403/2575/1249 2401/2573/1247 3097/3269/1943
f 2403/2575/1249 3097/3269/1943 3098/3270/1944
f 2405/2577/1251 2403/2575/1249 3098/3270/1944
f 2405/2577/1251 3098/3270/1944 3099/3271/1945
f 2407/2579/1253 2405/2577/1251 3099/3271/1945
f 2407/2579/1253 3099/3271/1945 3100/3272/1946
f 2409/2581/1255 2407/2579/1253 3100/3272/1946
f 2409/2581/1255 3100/3272/1946 3101/3273/1947
f 2411/2583/1257 2409/2581/1255 3101/3273/1947
f 2411/2583/1257 3101/3273/1947 3102/3274/1948
f 2413/2585/1259 2411/2583/1257 3102/3274/1948
f 2413/2585/1259 3102/3274/1948 3103/3275/1949
f 2415/2587/1261 2413/2585/1259 3103/3275/1949
f 2415/2587/1261 3103/3275/1949 3104/3276/1950
f 2417/2589/1263 2415/2587/1261 3104/3276/1950
f 2417/2589/1263 3104/3276/1950 3105/3277/1951
f 2419/2591/1265 2417/2589/1263 3105/3277/1951
f 2419/2591/1265 3105/3277/1951 3106/3278/1952
f 2421/2593/1267 2419/2591/1265 3106/3278/1952
f 2421/2593/1267 3106/3278/1952 3107/3279/1953
f 2423/2595/1269 2421/2593/1267 3107/3279/1953
f 2423/2595/1269 3107/3279/1953 3108/3280/1954
f 2425/2597/1271 2423/2595/1269 3108/3280/1954
f 2425/2597/1271 3108/3280/1954 3109/3281/1955
f 2427/2599/1273 2425/2597/1271 3109/3281/1955
f 2427/2599/1273 3109/3281/1955 3110/3282/1956
f 2429/2601/1275 2427/2599/1273 3110/3282/1956
f 2429/2601/1275 3110/3282/1956 3111/3283/1957
f 2431/2603/1277 2429/2601/1275 3111/3283/1957
f 2431/2603/1277 3111/3283/1957 3112/3284/1958
f 2433/2605/1279 2431/2603/1277 3112/3284/1958
f 2433/2605/1279 3112/3284/1958 3113/3285/1959
f 2435/2607/1281 2433/2605/1279 3113/3285/1959
f 2435/2607/1281 3113/3285/1959 3114/3286/1960
f 2437/2609/1283 2435/2607/1281 3114/3286/1960
f 2437/2609/1283 3114/3286/1960 3115/3287/1961
f 2439/2611/1285 2437/2609/1283 3115/3287/1961
f 2439/2611/1285 3115/3287/1961 3116/3288/1962
f 2441/2613/1287 2439/2611/1285 3116/3288/1962
f 2441/2613/1287 3116/3288/1962 3117/3289/1963
f 2443/2615/1289 2441/2613/1287 3117/3289/1963
f 2443/2615/1289 3117/3289/1963 3118/3290/1964
f 2445/2617/1291 2443/2615/1289 3118/3290/1964
f 2445/2617/1291 3118/3290/1964 3119/3291/1965
f 2447/2619/1293 2445/2617/1291 3119/3291/1965
f 2447/2619/1293 3119/3291/1965 3120/3292/1966
f 2449/2621/1295 2447/2619/1293 3120/3292/1966
f 2449/2621/1295 3120/3292/1966 3121/3293/1967
f 2451/2623/1297 2449/2621/1295 3121/3293/1967
f 2451/2623/1297 3121/3293/1967 3122/3294/1968
f 2453/2625/1299 2451/2623/1297 3122/3294/1968
f 2453/2625/1299 3122/3294/1968 3123/3295/1969
f 2455/2627/1301 2453/2625/1299 3123/3295/1969
f 2455/2627/1301 3123/3295/1969 3124/3296/1970
f 2457/2629/1303 2455/2627/1301 3124/3296/1970
f 2457/2629/1303 3124/3296/1970 3125/3297/1971
f 2459/2631/1305 2457/2629/1303 3125/3297/1971
f 2459/2631/1305 3125/3297/1971 3126/3298/1972
f 2461/2633/1307 2459/2631/1305 3126/3298/1972
f 2461/2633/1307 3126/3298/1972 3127/3299/1973
f 2463/2635/1309 2461/2633/1307 3127/3299/1973
f 2463/2635/1309 3127/3299/1973 3128/3300/1974
f 2465/2637/1311 2463/2635/1309 3128/3300/1974
f 2465/2637/1311 3128/3300/1974 3129/3301/1975
f 2467/2639/1313 2465/2637/1311 3129/3301/1975
f 2467/2639/1313 3129/3301/1975 3130/3302/1976
f 2469/2641/1315 2467/2639/1313 3130/3302/1976
f 2469/2641/1315 3130/3302/1976 3131/3303/1977
f 2471/2643/1317 2469/2641/1315 3131/3303/1977
f 2471/2643/1317 3131/3303/1977 3132/3304/1978
f 2473/2645/1319 2471/2643/1317 3132/3304/1978
f 2473/2645/1319 3132/3304/1978 3133/3305/1979
f 2475/2647/1321 2473/2645/1319 3133/3305/1979
f 2475/2647/1321 3133/3305/1979 3134/3306/1980
f 2477/2649/1323 2475/2647/1321 3134/3306/1980
f 2477/2649/1323 3134/3306/1980 3135/3307/1981
f 2479/2651/1325 2477/2649/1323 3135/3307/1981
f 2479/2651/1325 3135/3307/1981 3136/3308/1982
f 2481/2653/1327 2479/2651/1325 3136/3308/1982
f 2481/2653/1327 3136/3308/1982 3137/3309/1983
f 2483/2655/1329 2481/2653/1327 3137/3309/1983
f 2483/2655/1329 3137/3309/1983 3138/3310/1984
f 2485/2657/1331 2483/2655/1329 3138/3310/1984
f 2485/2657/1331 3138/3310/1984 3139/3311/1985
f 2487/2659/1333 2485/2657/1331 3139/3311/1985
f 2487/2659/1333 3139/3311/1985 3140/3312/1986
f 2489/2661/1335 2487/2659/1333 3140/3312/1986
f 2489/2661/1335 3140/3312/1986 3141/3313/1987
f 2491/2663/1337 2489/2661/1335 3141/3313/1987
f 2491/2663/1337 3141/3313/1987 3142/3314/1988
f 2493/2665/1339 2491/2663/1337 3142/3314/1988
f 2493/2665/1339 3142/3314/1988 3143/3315/1989
f 2495/2667/1341 2493/2665/1339 3143/3315/1989
f 2495/2667/1341 3143/3315/1989 3144/3316/1990
f 2497/2669/1343 2495/2667/1341 3144/3316/1990
f 2497/2669/1343 3144/3316/1990 3145/3317/1991
f 2499/2671/1345 2497/2669/1343 3145/3317/1991
f 2499/2671/1345 3145/3317/1991 3146/3318/1992
f 2501/2673/1347 2499/2671/1345 3146/3318/1992
f 2501/2673/1347 3146/3318/1992 3147/3319/1993
f 2503/2675/1349 2501/2673/1347 3147/3319/1993
f 2503/2675/1349 3147/3319/1993 3148/3320/1994
f 2505/2677/1351 2503/2675/1349 3148/3320/1994
f 2505/2677/1351 3148/3320/1994 3149/3321/1995
f 2507/2679/1353 2505/2677/1351 3149/3321/1995
f 2507/2679/1353 3149/3321/1995 3150/3322/1996
f 2509/2681/1355 2507/2679/1353 3150/3322/1996
f 2509/2681/1355 3150/3322/1996 3151/3323/1997
f 2511/2683/1357 2509/2681/1355 3151/3323/1997
f 2511/2683/1357 3151/3323/1997 3152/3324/1998
f 2513/2685/1359 2511/2683/1357 3152/3324/1998
f 2513/2685/1359 3152/3324/1998 3153/3325/1999
f 2515/2687/1361 2513/2685/1359 3153/3325/1999
f 2515/2687/1361 3153/3325/1999 3154/3326/2000
f 2517/2689/1363 2515/2687/1361 3154/3326/2000
f 2517/2689/1363 3154/3326/2000 3155/3327/2001
f 2519/2691/1365 2517/2689/1363 3155/3327/2001
f 2519/2691/1365 3155/3327/2001 3156/3328/2002
f 3157/3329/2003 2519/2691/1365 3156/3328/2002
f 3067/3239/1913 2706/2878/1552 2342/2514/1188
f 3067/3239/1913 2342/2514/1188 3068/3240/1914
f 3158/3330/2004 3159/3331/2005 2526/2698/1372
f 2350/2522/1196 2525/2697/1371 3160/3332/2006
f 2350/2522/1196 3160/3332/2006 3161/3333/2007
f 3068/3240/1914 2342/2514/1188 2341/2513/1187
f 3068/3240/1914 2341/2513/1187 3070/3242/1916
f 2718/2890/1564 2530/2702/1376 3067/3239/1913
f 2718/2890/1564 3067/3239/1913 2719/2891/1565
f 2720/2892/1566 2719/2891/1565 3069/3241/1915
f 2720/2892/1566 3069/3241/1915 3162/3334/2008
f 2722/2894/1568 2720/2892/1566 3162/3334/2008
f 2722/2894/1568 3162/3334/2008 3163/3335/2009
f 2724/2896/1570 2722/2894/1568 3163/3335/2009
f 2724/2896/1570 3163/3335/2009 3164/3336/2010
f 2726/2898/1572 2724/2896/1570 3164/3336/2010
f 2726/2898/1572 3164/3336/2010 3165/3337/2011
f 2728/2900/1574 2726/2898/1572 3165/3337/2011
f 2728/2900/1574 3165/3337/2011 3166/3338/2012
f 2730/2902/1576 2728/2900/1574 3166/3338/2012
f 2730/2902/1576 3166/3338/2012 3167/3339/2013
f 2732/2904/1578 2730/2902/1576 3167/3339/2013
f 2732/2904/1578 3167/3339/2013 3168/3340/2014
f 2734/2906/1580 2732/2904/1578 3168/3340/2014
f 2734/2906/1580 3168/3340/2014 3169/3341/2015
f 2736/2908/1582 2734/2906/1580 3169/3341/2015
f 2736/2908/1582 3169/3341/2015 3170/3342/2016
f 2738/2910/1584 2736/2908/1582 3170/3342/2016
f 2738/2910/1584 3170/3342/2016 3171/3343/2017
f 2740/2912/1586 2738/2910/1584 3171/3343/2017
f 2740/2912/1586 3171/3343/2017 3172/3344/2018
f 2742/2914/1588 2740/2912/1586 3172/3344/2018
f 2742/2914/1588 3172/3344/2018 3173/3345/2019
f 2744/2916/1590 2742/2914/1588 3173/3345/2019
f 2744/2916/1590 3173/3345/2019 3174/3346/2020
f 2746/2918/1592 2744/2916/1590 3174/3346/2020
f 2746/2918/1592 3174/3346/2020 3175/3347/2021
f 2748/2920/1594 2746/2918/1592 3175/3347/2021
f 2748/2920/1594 3175/3347/2021 3176/3348/2022
f 2750/2922/1596 2748/2920/1594 3176/3348/2022
f 2750/2922/1596 3176/3348/2022 3177/3349/2023
f 2752/2924/1598 2750/2922/1596 3177/3349/2023
f 2752/2924/1598 3177/3349/2023 3178/3350/2024
f 2754/2926/1600 2752/2924/1598 3178/3350/2024
f 2754/2926/1600 3178/3350/2024 3179/3351/2025
f 2756/2928/1602 2754/2926/1600 3179/3351/2025
f 2756/2928/1602 3179/3351/2025 3180/3352/2026
f 2758/2930/1604 2756/2928/1602 3180/3352/2026
f 2758/2930/1604 3180/3352/2026 3181/3353/2027
f 2760/2932/1606 2758/2930/1604 3181/3353/2027
f 2760/2932/1606 3181/3353/2027 3182/3354/2028
f 2762/2934/1608 2760/2932/1606 3182/3354/2028
f 2762/2934/1608 3182/3354/2028 3183/3355/2029
f 2764/2936/1610 2762/2934/1608 3183/3355/2029
f 2764/2936/1610 3183/3355/2029 3184/3356/2030
f 2766/2938/1612 2764/2936/1610 3184/3356/2030
f 2766/2938/1612 3184/3356/2030 3185/3357/2031
f 2768/2940/1614 2766/2938/1612 3185/3357/2031
f 2768/2940/1614 3185/3357/2031 3186/3358/2032
f 2770/2942/1616 2768/2940/1614 3186/3358/2032
f 2770/2942/1616 3186/3358/2032 3187/3359/2033
f 2772/2944/1618 2770/2942/1616 3187/3359/2033
f 2772/2944/1618 3187/3359/2033 3188/3360/2034
f 2774/2946/1620 2772/2944/1618 3188/3360/2034
f 2774/2946/1620 3188/3360/2034 3189/3361/2035
f 2776/2948/1622 2774/2946/1620 3189/3361/2035
f 2776/2948/1622 3189/3361/2035 3190/3362/2036
f 2778/2950/1624 2776/2948/1622 3190/3362/2036
f 2778/2950/1624 3190/3362/2036 3191/3363/2037
f 2780/2952/1626 2778/2950/1624 3191/3363/2037
f 2780/2952/1626 3191/3363/2037 3192/3364/2038
f 2782/2954/1628 2780/2952/1626 3192/3364/2038
f 2782/2954/1628 3192/3364/2038 3193/3365/2039
f 2784/2956/1630 2782/2954/1628 3193/3365/2039
f 2784/2956/1630 3193/3365/2039 3194/3366/2040
f 2786/2958/1632 2784/2956/1630 3194/3366/2040
f 2786/2958/1632 3194/3366/2040 3195/3367/2041
f 2788/2960/1634 2786/2958/1632 3195/3367/2041
f 2788/2960/1634 3195/3367/2041 3196/3368/2042
f 2790/2962/1636 2788/2960/1634 3196/3368/2042
f 2790/2962/1636 3196/3368/2042 3197/3369/2043
f 2792/2964/1638 2790/2962/1636 3197/3369/2043
f 2792/2964/1638 3197/3369/2043 3198/3370/2044
f 2794/2966/1640 2792/2964/1638 3198/3370/2044
f 2794/2966/1640 3198/3370/2044 3199/3371/2045
f 2796/2968/1642 2794/2966/1640 3199/3371/2045
f 2796/2968/1642 3199/3371/2045 3200/3372/2046
f 2798/2970/1644 2796/2968/1642 3200/3372/2046
f 2798/2970/1644 3200/3372/2046 3201/3373/2047
f 2800/2972/1646 2798/2970/1644 3201/3373/2047
f 2800/2972/1646 3201/3373/2047 3202/3374/2048
f 2802/2974/1648 2800/2972/1646 3202/3374/2048
f 2802/2974/1648 3202/3374/2048 3203/3375/2049
f 2804/2976/1650 2802/2974/1648 3203/3375/2049
f 2804/2976/1650 3203/3375/2049 3204/3376/2050
f 2806/2978/1652 2804/2976/1650 3204/3376/2050
f 2806/2978/1652 3204/3376/2050 3205/3377/2051
f 2808/2980/1654 2806/2978/1652 3205/3377/2051
f 2808/2980/1654 3205/3377/2051 3206/3378/2052
f 2810/2982/1656 2808/2980/1654 3206/3378/2052
f 2810/2982/1656 3206/3378/2052 3207/3379/2053
f 2812/2984/1658 2810/2982/1656 3207/3379/2053
f 2812/2984/1658 3207/3379/2053 3208/3380/2054
f 2814/2986/1660 2812/2984/1658 3208/3380/2054
f 2814/2986/1660 3208/3380/2054 3209/3381/2055
f 2816/2988/1662 2814/2986/1660 3209/3381/2055
f 2816/2988/1662 3209/3381/2055 3210/3382/2056
f 2818/2990/1664 2816/2988/1662 3210/3382/2056
f 2818/2990/1664 3210/3382/2056 3211/3383/2057
f 2820/2992/1666 2818/2990/1664 3211/3383/2057
f 2820/2992/1666 3211/3383/2057 3212/3384/2058
f 2822/2994/1668 2820/2992/1666 3212/3384/2058
f 2822/2994/1668 3212/3384/2058 3213/3385/2059
f 2824/2996/1670 2822/2994/1668 3213/3385/2059
f 2824/2996/1670 3213/3385/2059 3214/3386/2060
f 2826/2998/1672 2824/2996/1670 3214/3386/2060
f 2826/2998/1672 3214/3386/2060 3215/3387/2061
f 2828/3000/1674 2826/2998/1672 3215/3387/2061
f 2828/3000/1674 3215/3387/2061 3216/3388/2062
f 2830/3002/1676 2828/3000/1674 3216/3388/2062
f 2830/3002/1676 3216/3388/2062 3217/3389/2063
f 2832/3004/1678 2830/3002/1676 3217/3389/2063
f 2832/3004/1678 3217/3389/2063 3218/3390/2064
f 2834/3006/1680 2832/3004/1678 3218/3390/2064
f 2834/3006/1680 3218/3390/2064 3219/3391/2065
f 2836/3008/1682 2834/3006/1680 3219/3391/2065
f 2836/3008/1682 3219/3391/2065 3220/3392/2066
f 2838/3010/1684 2836/3008/1682 3220/3392/2066
f 2838/3010/1684 3220/3392/2066 3221/3393/2067
f 2840/3012/1686 2838/3010/1684 3221/3393/2067
f 2840/3012/1686 3221/3393/2067 3222/3394/2068
f 2842/3014/1688 2840/3012/1686 3222/3394/2068
f 2842/3014/1688 3222/3394/2068 3223/3395/2069
f 2844/3016/1690 2842/3014/1688 3223/3395/2069
f 2844/3016/1690 3223/3395/2069 3224/3396/2070
f 2846/3018/1692 2844/3016/1690 3224/3396/2070
f 2846/3018/1692 3224/3396/2070 3225/3397/2071
f 2848/3020/1694 2846/3018/1692 3225/3397/2071
f 2848/3020/1694 3225/3397/2071 3226/3398/2072
f 2850/3022/1696 2848/3020/1694 3226/3398/2072
f 2850/3022/1696 3226/3398/2072 3227/3399/2073
f 2852/3024/1698 2850/3022/1696 3227/3399/2073
f 2852/3024/1698 3227/3399/2073 3228/3400/2074
f 2854/3026/1700 2852/3024/1698 3228/3400/2074
f 2854/3026/1700 3228/3400/2074 3229/3401/2075
f 2856/3028/1702 2854/3026/1700 3229/3401/2075
f 2856/3028/1702 3229/3401/2075 3230/3402/2076
f 2858/3030/1704 2856/3028/1702 3230/3402/2076
f 2858/3030/1704 3230/3402/2076 3231/3403/2077
f 2860/3032/1706 2858/3030/1704 3231/3403/2077
f 2860/3032/1706 3231/3403/2077 3232/3404/2078
f 2862/3034/1708 2860/3032/1706 3232/3404/2078
f 2862/3034/1708 3232/3404/2078 3233/3405/2079
f 2864/3036/1710 2862/3034/1708 3233/3405/2079
f 2864/3036/1710 3233/3405/2079 3234/3406/2080
f 2866/3038/1712 2864/3036/1710 3234/3406/2080
f 2866/3038/1712 3234/3406/2080 3235/3407/2081
f 2868/3040/1714 2866/3038/1712 3235/3407/2081
f 2868/3040/1714 3235/3407/2081 3236/3408/2082
f 2870/3042/1716 2868/3040/1714 3236/3408/2082
f 2870/3042/1716 3236/3408/2082 3237/3409/2083
f 2872/3044/1718 2870/3042/1716 3237/3409/2083
f 2872/3044/1718 3237/3409/2083 3238/3410/2084
f 2874/3046/1720 2872/3044/1718 3238/3410/2084
f 2874/3046/1720 3238/3410/2084 3239/3411/2085
f 2876/3048/1722 2874/3046/1720 3239/3411/2085
f 2876/3048/1722 3239/3411/2085 3240/3412/2086
f 2878/3050/1724 2876/3048/1722 3240/3412/2086
f 2878/3050/1724 3240/3412/2086 3241/3413/2087
f 2880/3052/1726 2878/3050/1724 3241/3413/2087
f 2880/3052/1726 3241/3413/2087 3242/3414/2088
f 2882/3054/1728 2880/3052/1726 3242/3414/2088
f 2882/3054/1728 3242/3414/2088 3243/3415/2089
f 2884/3056/1730 2882/3054/1728 3243/3415/2089
f 2884/3056/1730 3243/3415/2089 3244/3416/2090
f 2886/3058/1732 2884/3056/1730 3244/3416/2090
f 2886/3058/1732 3244/3416/2090 3245/3417/2091
f 2888/3060/1734 2886/3058/1732 3245/3417/2091
f 2888/3060/1734 3245/3417/2091 3246/3418/2092
f 3247/3419/2093 2888/3060/1734 3246/3418/2092
f 3064/3236/1910 2518/2690/1364 2520/2692/1366
f 2705/2877/1551 2704/2876/1550 3248/3420/2094
f 2346/2518/1192 2345/2517/1191 3249/3421/2095
f 3072/3422/1918 3161/3423/2007 3250/3424/2096
f 3072/3422/1918 3250/3424/2096 3251/3425/2097
f 2894/3066/1740 2890/3062/1736 2349/2521/1195
f 2894/3066/1740 2349/2521/1195 2348/2520/1194
f 2896/3068/1742 2894/3066/1740 2348/2520/1194
f 2896/3068/1742 2348/2520/1194 2352/2524/1198
f 2898/3070/1744 2896/3068/1742 2352/2524/1198
f 2898/3070/1744 2352/2524/1198 2354/2526/1200
f 2900/3072/1746 2898/3070/1744 2354/2526/1200
f 2900/3072/1746 2354/2526/1200 2356/2528/1202
f 2902/3074/1748 2900/3072/1746 2356/2528/1202
f 2902/3074/1748 2356/2528/1202 2358/2530/1204
f 2904/3076/1750 2902/3074/1748 2358/2530/1204
f 2904/3076/1750 2358/2530/1204 2360/2532/1206
f 2906/3078/1752 2904/3076/1750 2360/2532/1206
f 2906/3078/1752 2360/2532/1206 2362/2534/1208
f 2908/3080/1754 2906/3078/1752 2362/2534/1208
f 2908/3080/1754 2362/2534/1208 2364/2536/1210
f 2910/3082/1756 2908/3080/1754 2364/2536/1210
f 2910/3082/1756 2364/2536/1210 2366/2538/1212
f 2912/3084/1758 2910/3082/1756 2366/2538/1212
f 2912/3084/1758 2366/2538/1212 2368/2540/1214
f 2914/3086/1760 2912/3084/1758 2368/2540/1214
f 2914/3086/1760 2368/2540/1214 2370/2542/1216
f 2916/3088/1762 2914/3086/1760 2370/2542/1216
f 2916/3088/1762 2370/2542/1216 2372/2544/1218
f 2918/3090/1764 2916/3088/1762 2372/2544/1218
f 2918/3090/1764 2372/2544/1218 2374/2546/1220
f 2920/3092/1766 2918/3090/1764 2374/2546/1220
f 2920/3092/1766 2374/2546/1220 2376/2548/1222
f 2922/3094/1768 2920/3092/1766 2376/2548/1222
f 2922/3094/1768 2376/2548/1222 2378/2550/1224
f 2924/3096/1770 2922/3094/1768 2378/2550/1224
f 2924/3096/1770 2378/2550/1224 2380/2552/1226
f 2926/3098/1772 2924/3096/1770 2380/2552/1226
f 2926/3098/1772 2380/2552/1226 2382/2554/1228
f 2928/3100/1774 2926/3098/1772 2382/2554/1228
f 2928/3100/1774 2382/2554/1228 2384/2556/1230
f 2930/3102/1776 2928/3100/1774 2384/2556/1230
f 2930/3102/1776 2384/2556/1230 2386/2558/1232
f 2932/3104/1778 2930/3102/1776 2386/2558/1232
f 2932/3104/1778 2386/2558/1232 2388/2560/1234
f 2934/3106/1780 2932/3104/1778 2388/2560/1234
f 2934/3106/1780 2388/2560/1234 2390/2562/1236
f 2936/3108/1782 2934/3106/1780 2390/2562/1236
f 2936/3108/1782 2390/2562/1236 2392/2564/1238
f 2938/3110/1784 2936/3108/1782 2392/2564/1238
f 2938/3110/1784 2392/2564/1238 2394/2566/1240
f 2940/3112/1786 2938/3110/1784 2394/2566/1240
f 2940/3112/1786 2394/2566/1240 2396/2568/1242
f 2942/3114/1788 2940/3112/1786 2396/2568/1242
f 2942/3114/1788 2396/2568/1242 2398/2570/1244
f 2944/3116/1790 2942/3114/1788 2398/2570/1244
f 2944/3116/1790 2398/2570/1244 2400/2572/1246
f 2946/3118/1792 2944/3116/1790 2400/2572/1246
f 2946/3118/1792 2400/2572/1246 2402/2574/1248
f 2948/3120/1794 2946/3118/1792 2402/2574/1248
f 2948/3120/1794 2402/2574/1248 2404/2576/1250
f 2950/3122/1796 2948/3120/1794 2404/2576/1250
f 2950/3122/1796 2404/2576/1250 2406/2578/1252
f 2952/3124/1798 2950/3122/1796 2406/2578/1252
f 2952/3124/1798 2406/2578/1252 2408/2580/1254
f 2954/3126/1800 2952/3124/1798 2408/2580/1254
f 2954/3126/1800 2408/2580/1254 2410/2582/1256
f 2956/3128/1802 2954/3126/1800 2410/2582/1256
f 2956/3128/1802 2410/2582/1256 2412/2584/1258
f 2958/3130/1804 2956/3128/1802 2412/2584/1258
f 2958/3130/1804 2412/2584/1258 2414/2586/1260
f 2960/3132/1806 2958/3130/1804 2414/2586/1260
f 2960/3132/1806 2414/2586/1260 2416/2588/1262
f 2962/3134/1808 2960/3132/1806 2416/2588/1262
f 2962/3134/1808 2416/2588/1262 2418/2590/1264
f 2964/3136/1810 2962/3134/1808 2418/2590/1264
f 2964/3136/1810 2418/2590/1264 2420/2592/1266
f 2966/3138/1812 2964/3136/1810 2420/2592/1266
f 2966/3138/1812 2420/2592/1266 2422/2594/1268
f 2968/3140/1814 2966/3138/1812 2422/2594/1268
f 2968/3140/1814 2422/2594/1268 2424/2596/1270
f 2970/3142/1816 2968/3140/1814 2424/2596/1270
f 2970/3142/1816 2424/2596/1270 2426/2598/1272
f 2972/3144/1818 2970/3142/1816 2426/2598/1272
f 2972/3144/1818 2426/2598/1272 2428/2600/1274
f 2974/3146/1820 2972/3144/1818 2428/2600/1274
f 2974/3146/1820 2428/2600/1274 2430/2602/1276
f 2976/3148/1822 2974/3146/1820 2430/2602/1276
f 2976/3148/1822 2430/2602/1276 2432/2604/1278
f 2978/3150/1824 2976/3148/1822 2432/2604/1278
f 2978/3150/1824 2432/2604/1278 2434/2606/1280
f 2980/3152/1826 2978/3150/1824 2434/2606/1280
f 2980/3152/1826 2434/2606/1280 2436/2608/1282
f 2982/3154/1828 2980/3152/1826 2436/2608/1282
f 2982/3154/1828 2436/2608/1282 2438/2610/1284
f 2984/3156/1830 2982/3154/1828 2438/2610/1284
f 2984/3156/1830 2438/2610/1284 2440/2612/1286
f 2986/3158/1832 2984/3156/1830 2440/2612/1286
f 2986/3158/1832 2440/2612/1286 2442/2614/1288
f 2988/3160/1834 2986/3158/1832 2442/2614/1288
f 2988/3160/1834 2442/2614/1288 2444/2616/1290
f 2990/3162/1836 2988/3160/1834 2444/2616/1290
f 2990/3162/1836 2444/2616/1290 2446/2618/1292
f 2992/3164/1838 2990/3162/1836 2446/2618/1292
f 2992/3164/1838 2446/2618/1292 2448/2620/1294
f 2994/3166/1840 2992/3164/1838 2448/2620/1294
f 2994/3166/1840 2448/2620/1294 2450/2622/1296
f 2996/3168/1842 2994/3166/1840 2450/2622/1296
f 2996/3168/1842 2450/2622/1296 2452/2624/1298
f 2998/3170/1844 2996/3168/1842 2452/2624/1298
f 2998/3170/1844 2452/2624/1298 2454/2626/1300
f 3000/3172/1846 2998/3170/1844 2454/2626/1300
f 3000/3172/1846 2454/2626/1300 2456/2628/1302
f 3002/3174/1848 3000/3172/1846 2456/2628/1302
f 3002/3174/1848 2456/2628/1302 2458/2630/1304
f 3004/3176/1850 3002/3174/1848 2458/2630/1304
f 3004/3176/1850 2458/2630/1304 2460/2632/1306
f 3006/3178/1852 3004/3176/1850 2460/2632/1306
f 3006/3178/1852 2460/2632/1306 2462/2634/1308
f 3008/3180/1854 3006/3178/1852 2462/2634/1308
f 3008/3180/1854 2462/2634/1308 2464/2636/1310
f 3010/3182/1856 3008/3180/1854 2464/2636/1310
f 3010/3182/1856 2464/2636/1310 2466/2638/1312
f 3012/3184/1858 3010/3182/1856 2466/2638/1312
f 3012/3184/1858 2466/2638/1312 2468/2640/1314
f 3014/3186/1860 3012/3184/1858 2468/2640/1314
f 3014/3186/1860 2468/2640/1314 2470/2642/1316
f 3016/3188/1862 3014/3186/1860 2470/2642/1316
f 3016/3188/1862 2470/2642/1316 2472/2644/1318
f 3018/3190/1864 3016/3188/1862 2472/2644/1318
f 3018/3190/1864 2472/2644/1318 2474/2646/1320
f 3020/3192/1866 3018/3190/1864 2474/2646/1320
f 3020/3192/1866 2474/2646/1320 2476/2648/1322
f 3022/3194/1868 3020/3192/1866 2476/2648/1322
f 3022/3194/1868 2476/2648/1322 2478/2650/1324
f 3024/3196/1870 3022/3194/1868 2478/2650/1324
f 3024/3196/1870 2478/2650/1324 2480/2652/1326
f 3026/3198/1872 3024/3196/1870 2480/2652/1326
f 3026/3198/1872 2480/2652/1326 2482/2654/1328
f 3028/3200/1874 3026/3198/1872 2482/2654/1328
f 3028/3200/1874 2482/2654/1328 2484/2656/1330
f 3030/3202/1876 3028/3200/1874 2484/2656/1330
f 3030/3202/1876 2484/2656/1330 2486/2658/1332
f 3032/3204/1878 3030/3202/1876 2486/2658/1332
f 3032/3204/1878 2486/2658/1332 2488/2660/1334
f 3034/3206/1880 3032/3204/1878 2488/2660/1334
f 3034/3206/1880 2488/2660/1334 2490/2662/1336
f 3036/3208/1882 3034/3206/1880 2490/2662/1336
f 3036/3208/1882 2490/2662/1336 2492/2664/1338
f 3038/3210/1884 3036/3208/1882 2492/2664/1338
f 3038/3210/1884 2492/2664/1338 2494/2666/1340
f 3040/3212/1886 3038/3210/1884 2494/2666/1340
f 3040/3212/1886 2494/2666/1340 2496/2668/1342
f 3042/3214/1888 3040/3212/1886 2496/2668/1342
f 3042/3214/1888 2496/2668/1342 2498/2670/1344
f 3044/3216/1890 3042/3214/1888 2498/2670/1344
f 3044/3216/1890 2498/2670/1344 2500/2672/1346
f 3046/3218/1892 3044/3216/1890 2500/2672/1346
f 3046/3218/1892 2500/2672/1346 2502/2674/1348
f 3048/3220/1894 3046/3218/1892 2502/2674/1348
f 3048/3220/1894 2502/2674/1348 2504/2676/1350
f 3050/3222/1896 3048/3220/1894 2504/2676/1350
f 3050/3222/1896 2504/2676/1350 2506/2678/1352
f 3052/3224/1898 3050/3222/1896 2506/2678/1352
f 3052/3224/1898 2506/2678/1352 2508/2680/1354
f 3054/3226/1900 3052/3224/1898 2508/2680/1354
f 3054/3226/1900 2508/2680/1354 2510/2682/1356
f 3056/3228/1902 3054/3226/1900 2510/2682/1356
f 3056/3228/1902 2510/2682/1356 2512/2684/1358
f 3058/3230/1904 3056/3228/1902 2512/2684/1358
f 3058/3230/1904 2512/2684/1358 2514/2686/1360
f 3060/3232/1906 3058/3230/1904 2514/2686/1360
f 3060/3232/1906 2514/2686/1360 2516/2688/1362
f 3062/3234/1908 3060/3232/1906 2516/2688/1362
f 3062/3234/1908 2516/2688/1362 2518/2690/1364
f 3064/3236/1910 3062/3234/1908 2518/2690/1364
f 2530/2702/1376 2529/2701/1375 2706/2878/1552
f 2530/2702/1376 2706/2878/1552 3067/3239/1913
f 3161/3423/2007 3160/3426/2006 2344/2516/1190
f 3161/3423/2007 2344/2516/1190 3250/3424/2096
f 3251/3425/2097 3250/3424/2096 3252/3427/2098
f 3251/3425/2097 3252/3427/2098 3253/3428/2099
f 3254/3429/2100 3251/3425/2097 3253/3428/2099
f 3254/3429/2100 3253/3428/2099 3255/3430/2101
f 3256/3431/2102 3254/3429/2100 3255/3430/2101
f 3256/3431/2102 3255/3430/2101 3257/3432/2103
f 3258/3433/2104 3256/3431/2102 3257/3432/2103
f 3258/3433/2104 3257/3432/2103 3259/3434/2105
f 3260/3435/2106 3258/3433/2104 3259/3434/2105
f 3260/3435/2106 3259/3434/2105 3261/3436/2107
f 3262/3437/2108 3260/3435/2106 3261/3436/2107
f 3262/3437/2108 3261/3436/2107 3263/3438/2109
f 3264/3439/2110 3262/3437/2108 3263/3438/2109
f 3264/3439/2110 3263/3438/2109 3265/3440/2111
f 3266/3441/2112 3264/3439/2110 3265/3440/2111
f 3266/3441/2112 3265/3440/2111 3267/3442/2113
f 3268/3443/2114 3266/3441/2112 3267/3442/2113
f 3268/3443/2114 3267/3442/2113 3269/3444/2115
f 3270/3445/2116 3268/3443/2114 3269/3444/2115
f 3270/3445/2116 3269/3444/2115 3271/3446/2117
f 3272/3447/2118 3270/3445/2116 3271/3446/2117
f 3272/3447/2118 3271/3446/2117 3273/3448/2119
f 3274/3449/2120 3272/3447/2118 3273/3448/2119
f 3274/3449/2120 3273/3448/2119 3275/3450/2121
f 3276/3451/2122 3274/3449/2120 3275/3450/2121
f 3276/3451/2122 3275/3450/2121 3277/3452/2123
f 3278/3453/2124 3276/3451/2122 3277/3452/2123
f 3278/3453/2124 3277/3452/2123 3279/3454/2125
f 3280/3455/2126 3278/3453/2124 3279/3454/2125
f 3280/3455/2126 3279/3454/2125 3281/3456/2127
f 3282/3457/2128 3280/3455/2126 3281/3456/2127
f 3282/3457/2128 3281/3456/2127 3283/3458/2129
f 3284/3459/2130 3282/3457/2128 3283/3458/2129
f 3284/3459/2130 3283/3458/2129 3285/3460/2131
f 3286/3461/2132 3284/3459/2130 3285/3460/2131
f 3286/3461/2132 3285/3460/2131 3287/3462/2133
f 3288/3463/2134 3286/3461/2132 3287/3462/2133
f 3288/3463/2134 3287/3462/2133 3289/3464/2135
f 3290/3465/2136 3288/3463/2134 3289/3464/2135
f 3290/3465/2136 3289/3464/2135 3291/3466/2137
f 3292/3467/2138 3290/3465/2136 3291/3466/2137
f 3292/3467/2138 3291/3466/2137 3293/3468/2139
f 3294/3469/2140 3292/3467/2138 3293/3468/2139
f 3294/3469/2140 3293/3468/2139 3295/3470/2141
f 3296/3471/2142 3294/3469/2140 3295/3470/2141
f 3296/3471/2142 3295/3470/2141 3297/3472/2143
f 3298/3473/2144 3296/3471/2142 3297/3472/2143
f 3298/3473/2144 3297/3472/2143 3299/3474/2145
f 3300/3475/2146 3298/3473/2144 3299/3474/2145
f 3300/3475/2146 3299/3474/2145 3301/3476/2147
f 3302/3477/2148 3300/3475/2146 3301/3476/2147
f 3302/3477/2148 3301/3476/2147 3303/3478/2149
f 3304/3479/2150 3302/3477/2148 3303/3478/2149
f 3304/3479/2150 3303/3478/2149 3305/3480/2151
f 3306/3481/2152 3304/3479/2150 3305/3480/2151
f 3306/3481/2152 3305/3480/2151 3307/3482/2153
f 3308/3483/2154 3306/3481/2152 3307/3482/2153
f 3308/3483/2154 3307/3482/2153 3309/3484/2155
f 3310/3485/2156 3308/3483/2154 3309/3484/2155
f 3310/3485/2156 3309/3484/2155 3311/3486/2157
f 3312/3487/2158 3310/3485/2156 3311/3486/2157
f 3312/3487/2158 3311/3486/2157 3313/3488/2159
f 3314/3489/2160 3312/3487/2158 3313/3488/2159
f 3314/3489/2160 3313/3488/2159 3315/3490/2161
f 3316/3491/2162 3314/3489/2160 3315/3490/2161
f 3316/3491/2162 3315/3490/2161 3317/3492/2163
f 3318/3493/2164 3316/3491/2162 3317/3492/2163
f 3318/3493/2164 3317/3492/2163 3319/3494/2165
f 3320/3495/2166 3318/3493/2164 3319/3494/2165
f 3320/3495/2166 3319/3494/2165 3321/3496/2167
f 3322/3497/2168 3320/3495/2166 3321/3496/2167
f 3322/3497/2168 3321/3496/2167 3323/3498/2169
f 3324/3499/2170 3322/3497/2168 3323/3498/2169
f 3324/3499/2170 3323/3498/2169 3325/3500/2171
f 3326/3501/2172 3324/3499/2170 3325/3500/2171
f 3326/3501/2172 3325/3500/2171 3327/3502/2173
f 3328/3503/2174 3326/3501/2172 3327/3502/2173
f 3328/3503/2174 3327/3502/2173 3329/3504/2175
f 3330/3505/2176 3328/3503/2174 3329/3504/2175
f 3330/3505/2176 3329/3504/2175 3331/3506/2177
f 3332/3507/2178 3330/3505/2176 3331/3506/2177
f 3332/3507/2178 3331/3506/2177 3333/3508/2179
f 3334/3509/2180 3332/3507/2178 3333/3508/2179
f 3334/3509/2180 3333/3508/2179 3335/3510/2181
f 3336/3511/2182 3334/3509/2180 3335/3510/2181
f 3336/3511/2182 3335/3510/2181 3337/3512/2183
f 3338/3513/2184 3336/3511/2182 3337/3512/2183
f 3338/3513/2184 3337/3512/2183 3339/3514/2185
f 3340/3515/2186 3338/3513/2184 3339/3514/2185
f 3340/3515/2186 3339/3514/2185 3341/3516/2187
f 3342/3517/2188 3340/3515/2186 3341/3516/2187
f 3342/3517/2188 3341/3516/2187 3343/3518/2189
f 3344/3519/2190 3342/3517/2188 3343/3518/2189
f 3344/3519/2190 3343/3518/2189 3345/3520/2191
f 3346/3521/2192 3344/3519/2190 3345/3520/2191
f 3346/3521/2192 3345/3520/2191 3347/3522/2193
f 3348/3523/2194 3346/3521/2192 3347/3522/2193
f 3348/3523/2194 3347/3522/2193 3349/3524/2195
f 3350/3525/2196 3348/3523/2194 3349/3524/2195
f 3350/3525/2196 3349/3524/2195 3351/3526/2197
f 3352/3527/2198 3350/3525/2196 3351/3526/2197
f 3352/3527/2198 3351/3526/2197 3353/3528/2199
f 3354/3529/2200 3352/3527/2198 3353/3528/2199
f 3354/3529/2200 3353/3528/2199 3355/3530/2201
f 3356/3531/2202 3354/3529/2200 3355/3530/2201
f 3356/3531/2202 3355/3530/2201 3357/3532/2203
f 3358/3533/2204 3356/3531/2202 3357/3532/2203
f 3358/3533/2204 3357/3532/2203 3359/3534/2205
f 3360/3535/2206 3358/3533/2204 3359/3534/2205
f 3360/3535/2206 3359/3534/2205 3361/3536/2207
f 3362/3537/2208 3360/3535/2206 3361/3536/2207
f 3362/3537/2208 3361/3536/2207 3363/3538/2209
f 3364/3539/2210 3362/3537/2208 3363/3538/2209
f 3364/3539/2210 3363/3538/2209 3365/3540/2211
f 3366/3541/2212 3364/3539/2210 3365/3540/2211
f 3366/3541/2212 3365/3540/2211 3367/3542/2213
f 3368/3543/2214 3366/3541/2212 3367/3542/2213
f 3368/3543/2214 3367/3542/2213 3369/3544/2215
f 3370/3545/2216 3368/3543/2214 3369/3544/2215
f 3370/3545/2216 3369/3544/2215 3371/3546/2217
f 3372/3547/2218 3370/3545/2216 3371/3546/2217
f 3372/3547/2218 3371/3546/2217 3373/3548/2219
f 3374/3549/2220 3372/3547/2218 3373/3548/2219
f 3374/3549/2220 3373/3548/2219 3375/3550/2221
f 3376/3551/2222 3374/3549/2220 3375/3550/2221
f 3376/3551/2222 3375/3550/2221 3377/3552/2223
f 3378/3553/2224 3376/3551/2222 3377/3552/2223
f 3378/3553/2224 3377/3552/2223 3379/3554/2225
f 3380/3555/2226 3378/3553/2224 3379/3554/2225
f 3380/3555/2226 3379/3554/2225 3381/3556/2227
f 3382/3557/2228 3380/3555/2226 3381/3556/2227
f 3382/3557/2228 3381/3556/2227 3383/3558/2229
f 3384/3559/2230 3382/3557/2228 3383/3558/2229
f 3384/3559/2230 3383/3558/2229 3385/3560/2231
f 3386/3561/2232 3384/3559/2230 3385/3560/2231
f 3386/3561/2232 3385/3560/2231 3387/3562/2233
f 3388/3563/2234 3386/3561/2232 3387/3562/2233
f 3388/3563/2234 3387/3562/2233 3389/3564/2235
f 3390/3565/2236 3388/3563/2234 3389/3564/2235
f 3390/3565/2236 3389/3564/2235 3391/3566/2237
f 3392/3567/2238 3390/3565/2236 3391/3566/2237
f 3392/3567/2238 3391/3566/2237 3393/3568/2239
f 3394/3569/2240 3392/3567/2238 3393/3568/2239
f 3394/3569/2240 3393/3568/2239 3395/3570/2241
f 3396/3571/2242 3394/3569/2240 3395/3570/2241
f 3396/3571/2242 3395/3570/2241 3397/3572/2243
f 3398/3573/2244 3396/3571/2242 3397/3572/2243
f 3398/3573/2244 3397/3572/2243 3399/3574/2245
f 3400/3575/2246 3398/3573/2244 3399/3574/2245
f 3400/3575/2246 3399/3574/2245 3401/3576/2247
f 3402/3577/2248 3400/3575/2246 3401/3576/2247
f 3402/3577/2248 3401/3576/2247 3403/3578/2249
f 3404/3579/2250 3402/3577/2248 3403/3578/2249
f 3404/3579/2250 3403/3578/2249 3405/3580/2251
f 3406/3581/2252 3404/3579/2250 3405/3580/2251
f 3406/3581/2252 3405/3580/2251 3407/3582/2253
f 3408/3583/2254 3406/3581/2252 3407/3582/2253
f 3408/3583/2254 3407/3582/2253 3409/3584/2255
f 3410/3585/2256 3408/3583/2254 3409/3584/2255
f 3410/3585/2256 3409/3584/2255 3411/3586/2257
f 3412/3587/2258 3410/3585/2256 3411/3586/2257
f 3412/3587/2258 3411/3586/2257 3413/3588/2259
f 3414/3589/2260 3412/3587/2258 3413/3588/2259
f 3414/3589/2260 3413/3588/2259 3415/3590/2261
f 3416/3591/2262 3414/3589/2260 3415/3590/2261
f 3416/3591/2262 3415/3590/2261 3417/3592/2263
f 3418/3593/2264 3416/3591/2262 3417/3592/2263
f 3418/3593/2264 3417/3592/2263 3419/3594/2265
f 3159/3331/2005 3418/3593/2264 3419/3594/2265
f 3159/3331/2005 3419/3594/2265 2527/2699/1373
f 2526/2698/1372 3159/3331/2005 2527/2699/1373
f 3070/3242/1916 2341/2513/1187 2531/2703/1377
f 3070/3242/1916 2531/2703/1377 2713/2885/1559
f 2351/2523/1197 2350/2522/1196 3161/3333/2007
f 2351/2523/1197 3161/3333/2007 3072/3244/1918
f 2714/2886/1560 2710/2882/1556 2891/3063/1737
f 2714/2886/1560 2891/3063/1737 2715/2887/1561
f 3253/3428/2099 3252/3427/2098 2718/2890/1564
f 3253/3428/2099 2718/2890/1564 2717/2889/1563
f 2536/2708/1382 2535/2707/1381 2716/2888/1562
f 2536/2708/1382 2716/2888/1562 2893/3065/1739
f 3255/3430/2101 3253/3428/2099 2717/2889/1563
f 3255/3430/2101 2717/2889/1563 2721/2893/1567
f 2538/2710/1384 2536/2708/1382 2893/3065/1739
f 2538/2710/1384 2893/3065/1739 2895/3067/1741
f 3257/3432/2103 3255/3430/2101 2721/2893/1567
f 3257/3432/2103 2721/2893/1567 2723/2895/1569
f 2540/2712/1386 2538/2710/1384 2895/3067/1741
f 2540/2712/1386 2895/3067/1741 2897/3069/1743
f 3259/3434/2105 3257/3432/2103 2723/2895/1569
f 3259/3434/2105 2723/2895/1569 2725/2897/1571
f 2542/2714/1388 2540/2712/1386 2897/3069/1743
f 2542/2714/1388 2897/3069/1743 2899/3071/1745
f 3261/3436/2107 3259/3434/2105 2725/2897/1571
f 3261/3436/2107 2725/2897/1571 2727/2899/1573
f 2544/2716/1390 2542/2714/1388 2899/3071/1745
f 2544/2716/1390 2899/3071/1745 2901/3073/1747
f 3263/3438/2109 3261/3436/2107 2727/2899/1573
f 3263/3438/2109 2727/2899/1573 2729/2901/1575
f 2546/2718/1392 2544/2716/1390 2901/3073/1747
f 2546/2718/1392 2901/3073/1747 2903/3075/1749
f 3265/3440/2111 3263/3438/2109 2729/2901/1575
f 3265/3440/2111 2729/2901/1575 2731/2903/1577
f 2548/2720/1394 2546/2718/1392 2903/3075/1749
f 2548/2720/1394 2903/3075/1749 2905/3077/1751
f 3267/3442/2113 3265/3440/2111 2731/2903/1577
f 3267/3442/2113 2731/2903/1577 2733/2905/1579
f 2550/2722/1396 2548/2720/1394 2905/3077/1751
f 2550/2722/1396 2905/3077/1751 2907/3079/1753
f 3269/3444/2115 3267/3442/2113 2733/2905/1579
f 3269/3444/2115 2733/2905/1579 2735/2907/1581
f 2552/2724/1398 2550/2722/1396 2907/3079/1753
f 2552/2724/1398 2907/3079/1753 2909/3081/1755
f 3271/3446/2117 3269/3444/2115 2735/2907/1581
f 3271/3446/2117 2735/2907/1581 2737/2909/1583
f 2554/2726/1400 2552/2724/1398 2909/3081/1755
f 2554/2726/1400 2909/3081/1755 2911/3083/1757
f 3273/3448/2119 3271/3446/2117 2737/2909/1583
f 3273/3448/2119 2737/2909/1583 2739/2911/1585
f 2556/2728/1402 2554/2726/1400 2911/3083/1757
f 2556/2728/1402 2911/3083/1757 2913/3085/1759
f 3275/3450/2121 3273/3448/2119 2739/2911/1585
f 3275/3450/2121 2739/2911/1585 2741/2913/1587
f 2558/2730/1404 2556/2728/1402 2913/3085/1759
f 2558/2730/1404 2913/3085/1759 2915/3087/1761
f 3277/3452/2123 3275/3450/2121 2741/2913/1587
f 3277/3452/2123 2741/2913/1587 2743/2915/1589
f 2560/2732/1406 2558/2730/1404 2915/3087/1761
f 2560/2732/1406 2915/3087/1761 2917/3089/1763
f 3279/3454/2125 3277/3452/2123 2743/2915/1589
f 3279/3454/2125 2743/2915/1589 2745/2917/1591
f 2562/2734/1408 2560/2732/1406 2917/3089/1763
f 2562/2734/1408 2917/3089/1763 2919/3091/1765
f 3281/3456/2127 3279/3454/2125 2745/2917/1591
f 3281/3456/2127 2745/2917/1591 2747/2919/1593
f 2564/2736/1410 2562/2734/1408 2919/3091/1765
f 2564/2736/1410 2919/3091/1765 2921/3093/1767
f 3283/3458/2129 3281/3456/2127 2747/2919/1593
f 3283/3458/2129 2747/2919/1593 2749/2921/1595
f 2566/2738/1412 2564/2736/1410 2921/3093/1767
f 2566/2738/1412 2921/3093/1767 2923/3095/1769
f 3285/3460/2131 3283/3458/2129 2749/2921/1595
f 3285/3460/2131 2749/2921/1595 2751/2923/1597
f 2568/2740/1414 2566/2738/1412 2923/3095/1769
f 2568/2740/1414 2923/3095/1769 2925/3097/1771
f 3287/3462/2133 3285/3460/2131 2751/2923/1597
f 3287/3462/2133 2751/2923/1597 2753/2925/1599
f 2570/2742/1416 2568/2740/1414 2925/3097/1771
f 2570/2742/1416 2925/3097/1771 2927/3099/1773
f 3289/3464/2135 3287/3462/2133 2753/2925/1599
f 3289/3464/2135 2753/2925/1599 2755/2927/1601
f 2572/2744/1418 2570/2742/1416 2927/3099/1773
f 2572/2744/1418 2927/3099/1773 2929/3101/1775
f 3291/3466/2137 3289/3464/2135 2755/2927/1601
f 3291/3466/2137 2755/2927/1601 2757/2929/1603
f 2574/2746/1420 2572/2744/1418 2929/3101/1775
f 2574/2746/1420 2929/3101/1775 2931/3103/1777
f 3293/3468/2139 3291/3466/2137 2757/2929/1603
f 3293/3468/2139 2757/2929/1603 2759/2931/1605
f 2576/2748/1422 2574/2746/1420 2931/3103/1777
f 2576/2748/1422 2931/3103/1777 2933/3105/1779
f 3295/3470/2141 3293/3468/2139 2759/2931/1605
f 3295/3470/2141 2759/2931/1605 2761/2933/1607
f 2578/2750/1424 2576/2748/1422 2933/3105/1779
f 2578/2750/1424 2933/3105/1779 2935/3107/1781
f 3297/3472/2143 3295/3470/2141 2761/2933/1607
f 3297/3472/2143 2761/2933/1607 2763/2935/1609
f 2580/2752/1426 2578/2750/1424 2935/3107/1781
f 2580/2752/1426 2935/3107/1781 2937/3109/1783
f 3299/3474/2145 3297/3472/2143 2763/2935/1609
f 3299/3474/2145 2763/2935/1609 2765/2937/1611
f 2582/2754/1428 2580/2752/1426 2937/3109/1783
f 2582/2754/1428 2937/3109/1783 2939/3111/1785
f 3301/3476/2147 3299/3474/2145 2765/2937/1611
f 3301/3476/2147 2765/2937/1611 2767/2939/1613
f 2584/2756/1430 2582/2754/1428 2939/3111/1785
f 2584/2756/1430 2939/3111/1785 2941/3113/1787
f 3303/3478/2149 3301/3476/2147 2767/2939/1613
f 3303/3478/2149 2767/2939/1613 2769/2941/1615
f 2586/2758/1432 2584/2756/1430 2941/3113/1787
f 2586/2758/1432 2941/3113/1787 2943/3115/1789
f 3305/3480/2151 3303/3478/2149 2769/2941/1615
f 3305/3480/2151 2769/2941/1615 2771/2943/1617
f 2588/2760/1434 2586/2758/1432 2943/3115/1789
f 2588/2760/1434 2943/3115/1789 2945/3117/1791
f 3307/3482/2153 3305/3480/2151 2771/2943/1617
f 3307/3482/2153 2771/2943/1617 2773/2945/1619
f 2590/2762/1436 2588/2760/1434 2945/3117/1791
f 2590/2762/1436 2945/3117/1791 2947/3119/1793
f 3309/3484/2155 3307/3482/2153 2773/2945/1619
f 3309/3484/2155 2773/2945/1619 2775/2947/1621
f 2592/2764/1438 2590/2762/1436 2947/3119/1793
f 2592/2764/1438 2947/3119/1793 2949/3121/1795
f 3311/3486/2157 3309/3484/2155 2775/2947/1621
f 3311/3486/2157 2775/2947/1621 2777/2949/1623
f 2594/2766/1440 2592/2764/1438 2949/3121/1795
f 2594/2766/1440 2949/3121/1795 2951/3123/1797
f 3313/3488/2159 3311/3486/2157 2777/2949/1623
f 3313/3488/2159 2777/2949/1623 2779/2951/1625
f 2596/2768/1442 2594/2766/1440 2951/3123/1797
f 2596/2768/1442 2951/3123/1797 2953/3125/1799
f 3315/3490/2161 3313/3488/2159 2779/2951/1625
f 3315/3490/2161 2779/2951/1625 2781/2953/1627
f 2598/2770/1444 2596/2768/1442 2953/3125/1799
f 2598/2770/1444 2953/3125/1799 2955/3127/1801
f 3317/3492/2163 3315/3490/2161 2781/2953/1627
f 3317/3492/2163 2781/2953/1627 2783/2955/1629
f 2600/2772/1446 2598/2770/1444 2955/3127/1801
f 2600/2772/1446 2955/3127/1801 2957/3129/1803
f 3319/3494/2165 3317/3492/2163 2783/2955/1629
f 3319/3494/2165 2783/2955/1629 2785/2957/1631
f 2602/2774/1448 2600/2772/1446 2957/3129/1803
f 2602/2774/1448 2957/3129/1803 2959/3131/1805
f 3321/3496/2167 3319/3494/2165 2785/2957/1631
f 3321/3496/2167 2785/2957/1631 2787/2959/1633
f 2604/2776/1450 2602/2774/1448 2959/3131/1805
f 2604/2776/1450 2959/3131/1805 2961/3133/1807
f 3323/3498/2169 3321/3496/2167 2787/2959/1633
f 3323/3498/2169 2787/2959/1633 2789/2961/1635
f 2606/2778/1452 2604/2776/1450 2961/3133/1807
f 2606/2778/1452 2961/3133/1807 2963/3135/1809
f 3325/3500/2171 3323/3498/2169 2789/2961/1635
f 3325/3500/2171 2789/2961/1635 2791/2963/1637
f 2608/2780/1454 2606/2778/1452 2963/3135/1809
f 2608/2780/1454 2963/3135/1809 2965/3137/1811
f 3327/3502/2173 3325/3500/2171 2791/2963/1637
f 3327/3502/2173 2791/2963/1637 2793/2965/1639
f 2610/2782/1456 2608/2780/1454 2965/3137/1811
f 2610/2782/1456 2965/3137/1811 2967/3139/1813
f 3329/3504/2175 3327/3502/2173 2793/2965/1639
f 3329/3504/2175 2793/2965/1639 2795/2967/1641
f 2612/2784/1458 2610/2782/1456 2967/3139/1813
f 2612/2784/1458 2967/3139/1813 2969/3141/1815
f 3331/3506/2177 3329/3504/2175 2795/2967/1641
f 3331/3506/2177 2795/2967/1641 2797/2969/1643
f 2614/2786/1460 2612/2784/1458 2969/3141/1815
f 2614/2786/1460 2969/3141/1815 2971/3143/1817
f 3333/3508/2179 3331/3506/2177 2797/2969/1643
f 3333/3508/2179 2797/2969/1643 2799/2971/1645
f 2616/2788/1462 2614/2786/1460 2971/3143/1817
f 2616/2788/1462 2971/3143/1817 2973/3145/1819
f 3335/3510/2181 3333/3508/2179 2799/2971/1645
f 3335/3510/2181 2799/2971/1645 2801/2973/1647
f 2618/2790/1464 2616/2788/1462 2973/3145/1819
f 2618/2790/1464 2973/3145/1819 2975/3147/1821
f 3337/3512/2183 3335/3510/2181 2801/2973/1647
f 3337/3512/2183 2801/2973/1647 2803/2975/1649
f 2620/2792/1466 2618/2790/1464 2975/3147/1821
f 2620/2792/1466 2975/3147/1821 2977/3149/1823
f 3339/3514/2185 3337/3512/2183 2803/2975/1649
f 3339/3514/2185 2803/2975/1649 2805/2977/1651
f 2622/2794/1468 2620/2792/1466 2977/3149/1823
f 2622/2794/1468 2977/3149/1823 2979/3151/1825
f 3341/3516/2187 3339/3514/2185 2805/2977/1651
f 3341/3516/2187 2805/2977/1651 2807/2979/1653
f 2624/2796/1470 2622/2794/1468 2979/3151/1825
f 2624/2796/1470 2979/3151/1825 2981/3153/1827
f 3343/3518/2189 3341/3516/2187 2807/2979/1653
f 3343/3518/2189 2807/2979/1653 2809/2981/1655
f 2626/2798/1472 2624/2796/1470 2981/3153/1827
f 2626/2798/1472 2981/3153/1827 2983/3155/1829
f 3345/3520/2191 3343/3518/2189 2809/2981/1655
f 3345/3520/2191 2809/2981/1655 2811/2983/1657
f 2628/2800/1474 2626/2798/1472 2983/3155/1829
f 2628/2800/1474 2983/3155/1829 2985/3157/1831
f 3347/3522/2193 3345/3520/2191 2811/2983/1657
f 3347/3522/2193 2811/2983/1657 2813/2985/1659
f 2630/2802/1476 2628/2800/1474 2985/3157/1831
f 2630/2802/1476 2985/3157/1831 2987/3159/1833
f 3349/3524/2195 3347/3522/2193 2813/2985/1659
f 3349/3524/2195 2813/2985/1659 2815/2987/1661
f 2632/2804/1478 2630/2802/1476 2987/3159/1833
f 2632/2804/1478 2987/3159/1833 2989/3161/1835
f 3351/3526/2197 3349/3524/2195 2815/2987/1661
f 3351/3526/2197 2815/2987/1661 2817/2989/1663
f 2634/2806/1480 2632/2804/1478 2989/3161/1835
f 2634/2806/1480 2989/3161/1835 2991/3163/1837
f 3353/3528/2199 3351/3526/2197 2817/2989/1663
f 3353/3528/2199 2817/2989/1663 2819/2991/1665
f 2636/2808/1482 2634/2806/1480 2991/3163/1837
f 2636/2808/1482 2991/3163/1837 2993/3165/1839
f 3355/3530/2201 3353/3528/2199 2819/2991/1665
f 3355/3530/2201 2819/2991/1665 2821/2993/1667
f 2638/2810/1484 2636/2808/1482 2993/3165/1839
f 2638/2810/1484 2993/3165/1839 2995/3167/1841
f 3357/3532/2203 3355/3530/2201 2821/2993/1667
f 3357/3532/2203 2821/2993/1667 2823/2995/1669
f 2640/2812/1486 2638/2810/1484 2995/3167/1841
f 2640/2812/1486 2995/3167/1841 2997/3169/1843
f 3359/3534/2205 3357/3532/2203 2823/2995/1669
f 3359/3534/2205 2823/2995/1669 2825/2997/1671
f 2642/2814/1488 2640/2812/1486 2997/3169/1843
f 2642/2814/1488 2997/3169/1843 2999/3171/1845
f 3361/3536/2207 3359/3534/2205 2825/2997/1671
f 3361/3536/2207 2825/2997/1671 2827/2999/1673
f 2644/2816/1490 2642/2814/1488 2999/3171/1845
f 2644/2816/1490 2999/3171/1845 3001/3173/1847
f 3363/3538/2209 3361/3536/2207 2827/2999/1673
f 3363/3538/2209 2827/2999/1673 2829/3001/1675
f 2646/2818/1492 2644/2816/1490 3001/3173/1847
f 2646/2818/1492 3001/3173/1847 3003/3175/1849
f 3365/3540/2211 3363/3538/2209 2829/3001/1675
f 3365/3540/2211 2829/3001/1675 2831/3003/1677
f 2648/2820/1494 2646/2818/1492 3003/3175/1849
f 2648/2820/1494 3003/3175/1849 3005/3177/1851
f 3367/3542/2213 3365/3540/2211 2831/3003/1677
f 3367/3542/2213 2831/3003/1677 2833/3005/1679
f 2650/2822/1496 2648/2820/1494 3005/3177/1851
f 2650/2822/1496 3005/3177/1851 3007/3179/1853
f 3369/3544/2215 3367/3542/2213 2833/3005/1679
f 3369/3544/2215 2833/3005/1679 2835/3007/1681
f 2652/2824/1498 2650/2822/1496 3007/3179/1853
f 2652/2824/1498 3007/3179/1853 3009/3181/1855
f 3371/3546/2217 3369/3544/2215 2835/3007/1681
f 3371/3546/2217 2835/3007/1681 2837/3009/1683
f 2654/2826/1500 2652/2824/1498 3009/3181/1855
f 2654/2826/1500 3009/3181/1855 3011/3183/1857
f 3373/3548/2219 3371/3546/2217 2837/3009/1683
f 3373/3548/2219 2837/3009/1683 2839/3011/1685
f 2656/2828/1502 2654/2826/1500 3011/3183/1857
f 2656/2828/1502 3011/3183/1857 3013/3185/1859
f 3375/3550/2221 3373/3548/2219 2839/3011/1685
f 3375/3550/2221 2839/3011/1685 2841/3013/1687
f 2658/2830/1504 2656/2828/1502 3013/3185/1859
f 2658/2830/1504 3013/3185/1859 3015/3187/1861
f 3377/3552/2223 3375/3550/2221 2841/3013/1687
f 3377/3552/2223 2841/3013/1687 2843/3015/1689
f 2660/2832/1506 2658/2830/1504 3015/3187/1861
f 2660/2832/1506 3015/3187/1861 3017/3189/1863
f 3379/3554/2225 3377/3552/2223 2843/3015/1689
f 3379/3554/2225 2843/3015/1689 2845/3017/1691
f 2662/2834/1508 2660/2832/1506 3017/3189/1863
f 2662/2834/1508 3017/3189/1863 3019/3191/1865
f 3381/3556/2227 3379/3554/2225 2845/3017/1691
f 3381/3556/2227 2845/3017/1691 2847/3019/1693
f 2664/2836/1510 2662/2834/1508 3019/3191/1865
f 2664/2836/1510 3019/3191/1865 3021/3193/1867
f 3383/3558/2229 3381/3556/2227 2847/3019/1693
f 3383/3558/2229 2847/3019/1693 2849/3021/1695
f 2666/2838/1512 2664/2836/1510 3021/3193/1867
f 2666/2838/1512 3021/3193/1867 3023/3195/1869
f 3385/3560/2231 3383/3558/2229 2849/3021/1695
f 3385/3560/2231 2849/3021/1695 2851/3023/1697
f 2668/2840/1514 2666/2838/1512 3023/3195/1869
f 2668/2840/1514 3023/3195/1869 3025/3197/1871
f 3387/3562/2233 3385/3560/2231 2851/3023/1697
f 3387/3562/2233 2851/3023/1697 2853/3025/1699
f 2670/2842/1516 2668/2840/1514 3025/3197/1871
f 2670/2842/1516 3025/3197/1871 3027/3199/1873
f 3389/3564/2235 3387/3562/2233 2853/3025/1699
f 3389/3564/2235 2853/3025/1699 2855/3027/1701
f 2672/2844/1518 2670/2842/1516 3027/3199/1873
f 2672/2844/1518 3027/3199/1873 3029/3201/1875
f 3391/3566/2237 3389/3564/2235 2855/3027/1701
f 3391/3566/2237 2855/3027/1701 2857/3029/1703
f 2674/2846/1520 2672/2844/1518 3029/3201/1875
f 2674/2846/1520 3029/3201/1875 3031/3203/1877
f 3393/3568/2239 3391/3566/2237 2857/3029/1703
f 3393/3568/2239 2857/3029/1703 2859/3031/1705
f 2676/2848/1522 2674/2846/1520 3031/3203/1877
f 2676/2848/1522 3031/3203/1877 3033/3205/1879
f 3395/3570/2241 3393/3568/2239 2859/3031/1705
f 3395/3570/2241 2859/3031/1705 2861/3033/1707
f 2678/2850/1524 2676/2848/1522 3033/3205/1879
f 2678/2850/1524 3033/3205/1879 3035/3207/1881
f 3397/3572/2243 3395/3570/2241 2861/3033/1707
f 3397/3572/2243 2861/3033/1707 2863/3035/1709
f 2680/2852/1526 2678/2850/1524 3035/3207/1881
f 2680/2852/1526 3035/3207/1881 3037/3209/1883
f 3399/3574/2245 3397/3572/2243 2863/3035/1709
f 3399/3574/2245 2863/3035/1709 2865/3037/1711
f 2682/2854/1528 2680/2852/1526 3037/3209/1883
f 2682/2854/1528 3037/3209/1883 3039/3211/1885
f 3401/3576/2247 3399/3574/2245 2865/3037/1711
f 3401/3576/2247 2865/3037/1711 2867/3039/1713
f 2684/2856/1530 2682/2854/1528 3039/3211/1885
f 2684/2856/1530 3039/3211/1885 3041/3213/1887
f 3403/3578/2249 3401/3576/2247 2867/3039/1713
f 3403/3578/2249 2867/3039/1713 2869/3041/1715
f 2686/2858/1532 2684/2856/1530 3041/3213/1887
f 2686/2858/1532 3041/3213/1887 3043/3215/1889
f 3405/3580/2251 3403/3578/2249 2869/3041/1715
f 3405/3580/2251 2869/3041/1715 2871/3043/1717
f 2688/2860/1534 2686/2858/1532 3043/3215/1889
f 2688/2860/1534 3043/3215/1889 3045/3217/1891
f 3407/3582/2253 3405/3580/2251 2871/3043/1717
f 3407/3582/2253 2871/3043/1717 2873/3045/1719
f 2690/2862/1536 2688/2860/1534 3045/3217/1891
f 2690/2862/1536 3045/3217/1891 3047/3219/1893
f 3409/3584/2255 3407/3582/2253 2873/3045/1719
f 3409/3584/2255 2873/3045/1719 2875/3047/1721
f 2692/2864/1538 2690/2862/1536 3047/3219/1893
f 2692/2864/1538 3047/3219/1893 3049/3221/1895
f 3411/3586/2257 3409/3584/2255 2875/3047/1721
f 3411/3586/2257 2875/3047/1721 2877/3049/1723
f 2694/2866/1540 2692/2864/1538 3049/3221/1895
f 2694/2866/1540 3049/3221/1895 3051/3223/1897
f 3413/3588/2259 3411/3586/2257 2877/3049/1723
f 3413/3588/2259 2877/3049/1723 2879/3051/1725
f 2696/2868/1542 2694/2866/1540 3051/3223/1897
f 2696/2868/1542 3051/3223/1897 3053/3225/1899
f 3415/3590/2261 3413/3588/2259 2879/3051/1725
f 3415/3590/2261 2879/3051/1725 2881/3053/1727
f 2698/2870/1544 2696/2868/1542 3053/3225/1899
f 2698/2870/1544 3053/3225/1899 3055/3227/1901
f 3417/3592/2263 3415/3590/2261 2881/3053/1727
f 3417/3592/2263 2881/3053/1727 2883/3055/1729
f 2700/2872/1546 2698/2870/1544 3055/3227/1901
f 2700/2872/1546 3055/3227/1901 3057/3229/1903
f 3419/3594/2265 3417/3592/2263 2883/3055/1729
f 3419/3594/2265 2883/3055/1729 2885/3057/1731
f 2702/2874/1548 2700/2872/1546 3057/3229/1903
f 2702/2874/1548 3057/3229/1903 3059/3231/1905
f 2527/2699/1373 3419/3594/2265 2885/3057/1731
f 2527/2699/1373 2885/3057/1731 2887/3059/1733
f 2703/2875/1549 2702/2874/1548 3059/3231/1905
f 2703/2875/1549 3059/3231/1905 3061/3233/1907
f 2528/2700/1374 2527/2699/1373 2887/3059/1733
f 3420/3595/2266 2703/2875/1549 3061/3233/1907
f 3157/3329/2003 3156/3328/2002 3158/3330/2004
f 3247/3419/2093 3246/3418/2092 3421/3596/2267
f 2890/3062/1736 2712/2884/1558 2524/2696/1370
f 2890/3062/1736 2524/2696/1370 2349/2521/1195
f 2708/2880/1554 2891/3063/1737 3422/3597/2268
f 3073/3598/1919 3072/3422/1918 3251/3425/2097
f 3073/3598/1919 3251/3425/2097 3254/3429/2100
f 3074/3599/1920 3073/3598/1919 3254/3429/2100
f 3074/3599/1920 3254/3429/2100 3256/3431/2102
f 3075/3600/1921 3074/3599/1920 3256/3431/2102
f 3075/3600/1921 3256/3431/2102 3258/3433/2104
f 3076/3601/1922 3075/3600/1921 3258/3433/2104
f 3076/3601/1922 3258/3433/2104 3260/3435/2106
f 3077/3602/1923 3076/3601/1922 3260/3435/2106
f 3077/3602/1923 3260/3435/2106 3262/3437/2108
f 3078/3603/1924 3077/3602/1923 3262/3437/2108
f 3078/3603/1924 3262/3437/2108 3264/3439/2110
f 3079/3604/1925 3078/3603/1924 3264/3439/2110
f 3079/3604/1925 3264/3439/2110 3266/3441/2112
f 3080/3605/1926 3079/3604/1925 3266/3441/2112
f 3080/3605/1926 3266/3441/2112 3268/3443/2114
f 3081/3606/1927 3080/3605/1926 3268/3443/2114
f 3081/3606/1927 3268/3443/2114 3270/3445/2116
f 3082/3607/1928 3081/3606/1927 3270/3445/2116
f 3082/3607/1928 3270/3445/2116 3272/3447/2118
f 3083/3608/1929 3082/3607/1928 3272/3447/2118
f 3083/3608/1929 3272/3447/2118 3274/3449/2120
f 3084/3609/1930 3083/3608/1929 3274/3449/2120
f 3084/3609/1930 3274/3449/2120 3276/3451/2122
f 3085/3610/1931 3084/3609/1930 3276/3451/2122
f 3085/3610/1931 3276/3451/2122 3278/3453/2124
f 3086/3611/1932 3085/3610/1931 3278/3453/2124
f 3086/3611/1932 3278/3453/2124 3280/3455/2126
f 3087/3612/1933 3086/3611/1932 3280/3455/2126
f 3087/3612/1933 3280/3455/2126 3282/3457/2128
f 3088/3613/1934 3087/3612/1933 3282/3457/2128
f 3088/3613/1934 3282/3457/2128 3284/3459/2130
f 3089/3614/1935 3088/3613/1934 3284/3459/2130
f 3089/3614/1935 3284/3459/2130 3286/3461/2132
f 3090/3615/1936 3089/3614/1935 3286/3461/2132
f 3090/3615/1936 3286/3461/2132 3288/3463/2134
f 3091/3616/1937 3090/3615/1936 3288/3463/2134
f 3091/3616/1937 3288/3463/2134 3290/3465/2136
f 3092/3617/1938 3091/3616/1937 3290/3465/2136
f 3092/3617/1938 3290/3465/2136 3292/3467/2138
f 3093/3618/1939 3092/3617/1938 3292/3467/2138
f 3093/3618/1939 3292/3467/2138 3294/3469/2140
f 3094/3619/1940 3093/3618/1939 3294/3469/2140
f 3094/3619/1940 3294/3469/2140 3296/3471/2142
f 3095/3620/1941 3094/3619/1940 3296/3471/2142
f 3095/3620/1941 3296/3471/2142 3298/3473/2144
f 3096/3621/1942 3095/3620/1941 3298/3473/2144
f 3096/3621/1942 3298/3473/2144 3300/3475/2146
f 3097/3622/1943 3096/3621/1942 3300/3475/2146
f 3097/3622/1943 3300/3475/2146 3302/3477/2148
f 3098/3623/1944 3097/3622/1943 3302/3477/2148
f 3098/3623/1944 3302/3477/2148 3304/3479/2150
f 3099/3624/1945 3098/3623/1944 3304/3479/2150
f 3099/3624/1945 3304/3479/2150 3306/3481/2152
f 3100/3625/1946 3099/3624/1945 3306/3481/2152
f 3100/3625/1946 3306/3481/2152 3308/3483/2154
f 3101/3626/1947 3100/3625/1946 3308/3483/2154
f 3101/3626/1947 3308/3483/2154 3310/3485/2156
f 3102/3627/1948 3101/3626/1947 3310/3485/2156
f 3102/3627/1948 3310/3485/2156 3312/3487/2158
f 3103/3628/1949 3102/3627/1948 3312/3487/2158
f 3103/3628/1949 3312/3487/2158 3314/3489/2160
f 3104/3629/1950 3103/3628/1949 3314/3489/2160
f 3104/3629/1950 3314/3489/2160 3316/3491/2162
f 3105/3630/1951 3104/3629/1950 3316/3491/2162
f 3105/3630/1951 3316/3491/2162 3318/3493/2164
f 3106/3631/1952 3105/3630/1951 3318/3493/2164
f 3106/3631/1952 3318/3493/2164 3320/3495/2166
f 3107/3632/1953 3106/3631/1952 3320/3495/2166
f 3107/3632/1953 3320/3495/2166 3322/3497/2168
f 3108/3633/1954 3107/3632/1953 3322/3497/2168
f 3108/3633/1954 3322/3497/2168 3324/3499/2170
f 3109/3634/1955 3108/3633/1954 3324/3499/2170
f 3109/3634/1955 3324/3499/2170 3326/3501/2172
f 3110/3635/1956 3109/3634/1955 3326/3501/2172
f 3110/3635/1956 3326/3501/2172 3328/3503/2174
f 3111/3636/1957 3110/3635/1956 3328/3503/2174
f 3111/3636/1957 3328/3503/2174 3330/3505/2176
f 3112/3637/1958 3111/3636/1957 3330/3505/2176
f 3112/3637/1958 3330/3505/2176 3332/3507/2178
f 3113/3638/1959 3112/3637/1958 3332/3507/2178
f 3113/3638/1959 3332/3507/2178 3334/3509/2180
f 3114/3639/1960 3113/3638/1959 3334/3509/2180
f 3114/3639/1960 3334/3509/2180 3336/3511/2182
f 3115/3640/1961 3114/3639/1960 3336/3511/2182
f 3115/3640/1961 3336/3511/2182 3338/3513/2184
f 3116/3641/1962 3115/3640/1961 3338/3513/2184
f 3116/3641/1962 3338/3513/2184 3340/3515/2186
f 3117/3642/1963 3116/3641/1962 3340/3515/2186
f 3117/3642/1963 3340/3515/2186 3342/3517/2188
f 3118/3643/1964 3117/3642/1963 3342/3517/2188
f 3118/3643/1964 3342/3517/2188 3344/3519/2190
f 3119/3644/1965 3118/3643/1964 3344/3519/2190
f 3119/3644/1965 3344/3519/2190 3346/3521/2192
f 3120/3645/1966 3119/3644/1965 3346/3521/2192
f 3120/3645/1966 3346/3521/2192 3348/3523/2194
f 3121/3646/1967 3120/3645/1966 3348/3523/2194
f 3121/3646/1967 3348/3523/2194 3350/3525/2196
f 3122/3647/1968 3121/3646/1967 3350/3525/2196
f 3122/3647/1968 3350/3525/2196 3352/3527/2198
f 3123/3648/1969 3122/3647/1968 3352/3527/2198
f 3123/3648/1969 3352/3527/2198 3354/3529/2200
f 3124/3649/1970 3123/3648/1969 3354/3529/2200
f 3124/3649/1970 3354/3529/2200 3356/3531/2202
f 3125/3650/1971 3124/3649/1970 3356/3531/2202
f 3125/3650/1971 3356/3531/2202 3358/3533/2204
f 3126/3651/1972 3125/3650/1971 3358/3533/2204
f 3126/3651/1972 3358/3533/2204 3360/3535/2206
f 3127/3652/1973 3126/3651/1972 3360/3535/2206
f 3127/3652/1973 3360/3535/2206 3362/3537/2208
f 3128/3653/1974 3127/3652/1973 3362/3537/2208
f 3128/3653/1974 3362/3537/2208 3364/3539/2210
f 3129/3654/1975 3128/3653/1974 3364/3539/2210
f 3129/3654/1975 3364/3539/2210 3366/3541/2212
f 3130/3655/1976 3129/3654/1975 3366/3541/2212
f 3130/3655/1976 3366/3541/2212 3368/3543/2214
f 3131/3656/1977 3130/3655/1976 3368/3543/2214
f 3131/3656/1977 3368/3543/2214 3370/3545/2216
f 3132/3657/1978 3131/3656/1977 3370/3545/2216
f 3132/3657/1978 3370/3545/2216 3372/3547/2218
f 3133/3658/1979 3132/3657/1978 3372/3547/2218
f 3133/3658/1979 3372/3547/2218 3374/3549/2220
f 3134/3659/1980 3133/3658/1979 3374/3549/2220
f 3134/3659/1980 3374/3549/2220 3376/3551/2222
f 3135/3660/1981 3134/3659/1980 3376/3551/2222
f 3135/3660/1981 3376/3551/2222 3378/3553/2224
f 3136/3661/1982 3135/3660/1981 3378/3553/2224
f 3136/3661/1982 3378/3553/2224 3380/3555/2226
f 3137/3662/1983 3136/3661/1982 3380/3555/2226
f 3137/3662/1983 3380/3555/2226 3382/3557/2228
f 3138/3663/1984 3137/3662/1983 3382/3557/2228
f 3138/3663/1984 3382/3557/2228 3384/3559/2230
f 3139/3664/1985 3138/3663/1984 3384/3559/2230
f 3139/3664/1985 3384/3559/2230 3386/3561/2232
f 3140/3665/1986 3139/3664/1985 3386/3561/2232
f 3140/3665/1986 3386/3561/2232 3388/3563/2234
f 3141/3666/1987 3140/3665/1986 3388/3563/2234
f 3141/3666/1987 3388/3563/2234 3390/3565/2236
f 3142/3667/1988 3141/3666/1987 3390/3565/2236
f 3142/3667/1988 3390/3565/2236 3392/3567/2238
f 3143/3668/1989 3142/3667/1988 3392/3567/2238
f 3143/3668/1989 3392/3567/2238 3394/3569/2240
f 3144/3669/1990 3143/3668/1989 3394/3569/2240
f 3144/3669/1990 3394/3569/2240 3396/3571/2242
f 3145/3670/1991 3144/3669/1990 3396/3571/2242
f 3145/3670/1991 3396/3571/2242 3398/3573/2244
f 3146/3671/1992 3145/3670/1991 3398/3573/2244
f 3146/3671/1992 3398/3573/2244 3400/3575/2246
f 3147/3672/1993 3146/3671/1992 3400/3575/2246
f 3147/3672/1993 3400/3575/2246 3402/3577/2248
f 3148/3673/1994 3147/3672/1993 3402/3577/2248
f 3148/3673/1994 3402/3577/2248 3404/3579/2250
f 3149/3674/1995 3148/3673/1994 3404/3579/2250
f 3149/3674/1995 3404/3579/2250 3406/3581/2252
f 3150/3675/1996 3149/3674/1995 3406/3581/2252
f 3150/3675/1996 3406/3581/2252 3408/3583/2254
f 3151/3676/1997 3150/3675/1996 3408/3583/2254
f 3151/3676/1997 3408/3583/2254 3410/3585/2256
f 3152/3677/1998 3151/3676/1997 3410/3585/2256
f 3152/3677/1998 3410/3585/2256 3412/3587/2258
f 3153/3678/1999 3152/3677/1998 3412/3587/2258
f 3153/3678/1999 3412/3587/2258 3414/3589/2260
f 3154/3679/2000 3153/3678/1999 3414/3589/2260
f 3154/3679/2000 3414/3589/2260 3416/3591/2262
f 3155/3680/2001 3154/3679/2000 3416/3591/2262
f 3155/3680/2001 3416/3591/2262 3418/3593/2264
f 3156/3328/2002 3155/3680/2001 3418/3593/2264
f 3156/3328/2002 3418/3593/2264 3159/3331/2005
f 3158/3330/2004 3156/3328/2002 3159/3331/2005
f 2528/2700/1374 2887/3059/1733 2889/3061/1735
f 3421/3596/2267 3423/3681/2269 2521/2693/1367
f 2891/3063/1737 2710/2882/1556 3424/3682/2270
f 3250/3424/2096 2344/2516/1190 2347/2519/1193
f 3250/3424/2096 2347/2519/1193 3252/3427/2098
f 2342/2514/1188 2706/2878/1552 3425/3683/2271
f 3162/3334/2008 3069/3241/1915 3071/3243/1917
f 3162/3334/2008 3071/3243/1917 3426/3684/2272
f 3163/3335/2009 3162/3334/2008 3426/3684/2272
f 3163/3335/2009 3426/3684/2272 3427/3685/2273
f 3164/3336/2010 3163/3335/2009 3427/3685/2273
f 3164/3336/2010 3427/3685/2273 3428/3686/2274
f 3165/3337/2011 3164/3336/2010 3428/3686/2274
f 3165/3337/2011 3428/3686/2274 3429/3687/2275
f 3166/3338/2012 3165/3337/2011 3429/3687/2275
f 3166/3338/2012 3429/3687/2275 3430/3688/2276
f 3167/3339/2013 3166/3338/2012 3430/3688/2276
f 3167/3339/2013 3430/3688/2276 3431/3689/2277
f 3168/3340/2014 3167/3339/2013 3431/3689/2277
f 3168/3340/2014 3431/3689/2277 3432/3690/2278
f 3169/3341/2015 3168/3340/2014 3432/3690/2278
f 3169/3341/2015 3432/3690/2278 3433/3691/2279
f 3170/3342/2016 3169/3341/2015 3433/3691/2279
f 3170/3342/2016 3433/3691/2279 3434/3692/2280
f 3171/3343/2017 3170/3342/2016 3434/3692/2280
f 3171/3343/2017 3434/3692/2280 3435/3693/2281
f 3172/3344/2018 3171/3343/2017 3435/3693/2281
f 3172/3344/2018 3435/3693/2281 3436/3694/2282
f 3173/3345/2019 3172/3344/2018 3436/3694/2282
f 3173/3345/2019 3436/3694/2282 3437/3695/2283
f 3174/3346/2020 3173/3345/2019 3437/3695/2283
f 3174/3346/2020 3437/3695/2283 3438/3696/2284
f 3175/3347/2021 3174/3346/2020 3438/3696/2284
f 3175/3347/2021 3438/3696/2284 3439/3697/2285
f 3176/3348/2022 3175/3347/2021 3439/3697/2285
f 3176/3348/2022 3439/3697/2285 3440/3698/2286
f 3177/3349/2023 3176/3348/2022 3440/3698/2286
f 3177/3349/2023 3440/3698/2286 3441/3699/2287
f 3178/3350/2024 3177/3349/2023 3441/3699/2287
f 3178/3350/2024 3441/3699/2287 3442/3700/2288
f 3179/3351/2025 3178/3350/2024 3442/3700/2288
f 3179/3351/2025 3442/3700/2288 3443/3701/2289
f 3180/3352/2026 3179/3351/2025 3443/3701/2289
f 3180/3352/2026 3443/3701/2289 3444/3702/2290
f 3181/3353/2027 3180/3352/2026 3444/3702/2290
f 3181/3353/2027 3444/3702/2290 3445/3703/2291
f 3182/3354/2028 3181/3353/2027 3445/3703/2291
f 3182/3354/2028 3445/3703/2291 3446/3704/2292
f 3183/3355/2029 3182/3354/2028 3446/3704/2292
f 3183/3355/2029 3446/3704/2292 3447/3705/2293
f 3184/3356/2030 3183/3355/2029 3447/3705/2293
f 3184/3356/2030 3447/3705/2293 3448/3706/2294
f 3185/3357/2031 3184/3356/2030 3448/3706/2294
f 3185/3357/2031 3448/3706/2294 3449/3707/2295
f 3186/3358/2032 3185/3357/2031 3449/3707/2295
f 3186/3358/2032 3449/3707/2295 3450/3708/2296
f 3187/3359/2033 3186/3358/2032 3450/3708/2296
f 3187/3359/2033 3450/3708/2296 3451/3709/2297
f 3188/3360/2034 3187/3359/2033 3451/3709/2297
f 3188/3360/2034 3451/3709/2297 3452/3710/2298
f 3189/3361/2035 3188/3360/2034 3452/3710/2298
f 3189/3361/2035 3452/3710/2298 3453/3711/2299
f 3190/3362/2036 3189/3361/2035 3453/3711/2299
f 3190/3362/2036 3453/3711/2299 3454/3712/2300
f 3191/3363/2037 3190/3362/2036 3454/3712/2300
f 3191/3363/2037 3454/3712/2300 3455/3713/2301
f 3192/3364/2038 3191/3363/2037 3455/3713/2301
f 3192/3364/2038 3455/3713/2301 3456/3714/2302
f 3193/3365/2039 3192/3364/2038 3456/3714/2302
f 3193/3365/2039 3456/3714/2302 3457/3715/2303
f 3194/3366/2040 3193/3365/2039 3457/3715/2303
f 3194/3366/2040 3457/3715/2303 3458/3716/2304
f 3195/3367/2041 3194/3366/2040 3458/3716/2304
f 3195/3367/2041 3458/3716/2304 3459/3717/2305
f 3196/3368/2042 3195/3367/2041 3459/3717/2305
f 3196/3368/2042 3459/3717/2305 3460/3718/2306
f 3197/3369/2043 3196/3368/2042 3460/3718/2306
f 3197/3369/2043 3460/3718/2306 3461/3719/2307
f 3198/3370/2044 3197/3369/2043 3461/3719/2307
f 3198/3370/2044 3461/3719/2307 3462/3720/2308
f 3199/3371/2045 3198/3370/2044 3462/3720/2308
f 3199/3371/2045 3462/3720/2308 3463/3721/2309
f 3200/3372/2046 3199/3371/2045 3463/3721/2309
f 3200/3372/2046 3463/3721/2309 3464/3722/2310
f 3201/3373/2047 3200/3372/2046 3464/3722/2310
f 3201/3373/2047 3464/3722/2310 3465/3723/2311
f 3202/3374/2048 3201/3373/2047 3465/3723/2311
f 3202/3374/2048 3465/3723/2311 3466/3724/2312
f 3203/3375/2049 3202/3374/2048 3466/3724/2312
f 3203/3375/2049 3466/3724/2312 3467/3725/2313
f 3204/3376/2050 3203/3375/2049 3467/3725/2313
f 3204/3376/2050 3467/3725/2313 3468/3726/2314
f 3205/3377/2051 3204/3376/2050 3468/3726/2314
f 3205/3377/2051 3468/3726/2314 3469/3727/2315
f 3206/3378/2052 3205/3377/2051 3469/3727/2315
f 3206/3378/2052 3469/3727/2315 3470/3728/2316
f 3207/3379/2053 3206/3378/2052 3470/3728/2316
f 3207/3379/2053 3470/3728/2316 3471/3729/2317
f 3208/3380/2054 3207/3379/2053 3471/3729/2317
f 3208/3380/2054 3471/3729/2317 3472/3730/2318
f 3209/3381/2055 3208/3380/2054 3472/3730/2318
f 3209/3381/2055 3472/3730/2318 3473/3731/2319
f 3210/3382/2056 3209/3381/2055 3473/3731/2319
f 3210/3382/2056 3473/3731/2319 3474/3732/2320
f 3211/3383/2057 3210/3382/2056 3474/3732/2320
f 3211/3383/2057 3474/3732/2320 3475/3733/2321
f 3212/3384/2058 3211/3383/2057 3475/3733/2321
f 3212/3384/2058 3475/3733/2321 3476/3734/2322
f 3213/3385/2059 3212/3384/2058 3476/3734/2322
f 3213/3385/2059 3476/3734/2322 3477/3735/2323
f 3214/3386/2060 3213/3385/2059 3477/3735/2323
f 3214/3386/2060 3477/3735/2323 3478/3736/2324
f 3215/3387/2061 3214/3386/2060 3478/3736/2324
f 3215/3387/2061 3478/3736/2324 3479/3737/2325
f 3216/3388/2062 3215/3387/2061 3479/3737/2325
f 3216/3388/2062 3479/3737/2325 3480/3738/2326
f 3217/3389/2063 3216/3388/2062 3480/3738/2326
f 3217/3389/2063 3480/3738/2326 3481/3739/2327
f 3218/3390/2064 3217/3389/2063 3481/3739/2327
f 3218/3390/2064 3481/3739/2327 3482/3740/2328
f 3219/3391/2065 3218/3390/2064 3482/3740/2328
f 3219/3391/2065 3482/3740/2328 3483/3741/2329
f 3220/3392/2066 3219/3391/2065 3483/3741/2329
f 3220/3392/2066 3483/3741/2329 3484/3742/2330
f 3221/3393/2067 3220/3392/2066 3484/3742/2330
f 3221/3393/2067 3484/3742/2330 3485/3743/2331
f 3222/3394/2068 3221/3393/2067 3485/3743/2331
f 3222/3394/2068 3485/3743/2331 3486/3744/2332
f 3223/3395/2069 3222/3394/2068 3486/3744/2332
f 3223/3395/2069 3486/3744/2332 3487/3745/2333
f 3224/3396/2070 3223/3395/2069 3487/3745/2333
f 3224/3396/2070 3487/3745/2333 3488/3746/2334
f 3225/3397/2071 3224/3396/2070 3488/3746/2334
f 3225/3397/2071 3488/3746/2334 3489/3747/2335
f 3226/3398/2072 3225/3397/2071 3489/3747/2335
f 3226/3398/2072 3489/3747/2335 3490/3748/2336
f 3227/3399/2073 3226/3398/2072 3490/3748/2336
f 3227/3399/2073 3490/3748/2336 3491/3749/2337
f 3228/3400/2074 3227/3399/2073 3491/3749/2337
f 3228/3400/2074 3491/3749/2337 3492/3750/2338
f 3229/3401/2075 3228/3400/2074 3492/3750/2338
f 3229/3401/2075 3492/3750/2338 3493/3751/2339
f 3230/3402/2076 3229/3401/2075 3493/3751/2339
f 3230/3402/2076 3493/3751/2339 3494/3752/2340
f 3231/3403/2077 3230/3402/2076 3494/3752/2340
f 3231/3403/2077 3494/3752/2340 3495/3753/2341
f 3232/3404/2078 3231/3403/2077 3495/3753/2341
f 3232/3404/2078 3495/3753/2341 3496/3754/2342
f 3233/3405/2079 3232/3404/2078 3496/3754/2342
f 3233/3405/2079 3496/3754/2342 3497/3755/2343
f 3234/3406/2080 3233/3405/2079 3497/3755/2343
f 3234/3406/2080 3497/3755/2343 3498/3756/2344
f 3235/3407/2081 3234/3406/2080 3498/3756/2344
f 3235/3407/2081 3498/3756/2344 3499/3757/2345
f 3236/3408/2082 3235/3407/2081 3499/3757/2345
f 3236/3408/2082 3499/3757/2345 3500/3758/2346
f 3237/3409/2083 3236/3408/2082 3500/3758/2346
f 3237/3409/2083 3500/3758/2346 3501/3759/2347
f 3238/3410/2084 3237/3409/2083 3501/3759/2347
f 3238/3410/2084 3501/3759/2347 3502/3760/2348
f 3239/3411/2085 3238/3410/2084 3502/3760/2348
f 3239/3411/2085 3502/3760/2348 3503/3761/2349
f 3240/3412/2086 3239/3411/2085 3503/3761/2349
f 3240/3412/2086 3503/3761/2349 3504/3762/2350
f 3241/3413/2087 3240/3412/2086 3504/3762/2350
f 3241/3413/2087 3504/3762/2350 3505/3763/2351
f 3242/3414/2088 3241/3413/2087 3505/3763/2351
f 3242/3414/2088 3505/3763/2351 3506/3764/2352
f 3243/3415/2089 3242/3414/2088 3506/3764/2352
f 3243/3415/2089 3506/3764/2352 3507/3765/2353
f 3244/3416/2090 3243/3415/2089 3507/3765/2353
f 3244/3416/2090 3507/3765/2353 3508/3766/2354
f 3245/3417/2091 3244/3416/2090 3508/3766/2354
f 3245/3417/2091 3508/3766/2354 3509/3767/2355
f 3246/3418/2092 3245/3417/2091 3509/3767/2355
f 3246/3418/2092 3509/3767/2355 3423/3681/2269
f 3420/3595/2266 3061/3233/1907 3063/3235/1909
f 3421/3596/2267 3246/3418/2092 3423/3681/2269
f 3071/3243/1917 3070/3242/1916 2713/2885/1559
f 3071/3243/1917 2713/2885/1559 2534/2706/1380
f 2523/2695/1369 2703/2875/1549 3420/3595/2266
f 2520/2692/1366 2519/2691/1365 3157/3329/2003
f 3426/3684/2272 3071/3243/1917 2534/2706/1380
f 3426/3684/2272 2534/2706/1380 2533/2705/1379
f 3427/3685/2273 3426/3684/2272 2533/2705/1379
f 3427/3685/2273 2533/2705/1379 2537/2709/1383
f 3428/3686/2274 3427/3685/2273 2537/2709/1383
f 3428/3686/2274 2537/2709/1383 2539/2711/1385
f 3429/3687/2275 3428/3686/2274 2539/2711/1385
f 3429/3687/2275 2539/2711/1385 2541/2713/1387
f 3430/3688/2276 3429/3687/2275 2541/2713/1387
f 3430/3688/2276 2541/2713/1387 2543/2715/1389
f 3431/3689/2277 3430/3688/2276 2543/2715/1389
f 3431/3689/2277 2543/2715/1389 2545/2717/1391
f 3432/3690/2278 3431/3689/2277 2545/2717/1391
f 3432/3690/2278 2545/2717/1391 2547/2719/1393
f 3433/3691/2279 3432/3690/2278 2547/2719/1393
f 3433/3691/2279 2547/2719/1393 2549/2721/1395
f 3434/3692/2280 3433/3691/2279 2549/2721/1395
f 3434/3692/2280 2549/2721/1395 2551/2723/1397
f 3435/3693/2281 3434/3692/2280 2551/2723/1397
f 3435/3693/2281 2551/2723/1397 2553/2725/1399
f 3436/3694/2282 3435/3693/2281 2553/2725/1399
f 3436/3694/2282 2553/2725/1399 2555/2727/1401
f 3437/3695/2283 3436/3694/2282 2555/2727/1401
f 3437/3695/2283 2555/2727/1401 2557/2729/1403
f 3438/3696/2284 3437/3695/2283 2557/2729/1403
f 3438/3696/2284 2557/2729/1403 2559/2731/1405
f 3439/3697/2285 3438/3696/2284 2559/2731/1405
f 3439/3697/2285 2559/2731/1405 2561/2733/1407
f 3440/3698/2286 3439/3697/2285 2561/2733/1407
f 3440/3698/2286 2561/2733/1407 2563/2735/1409
f 3441/3699/2287 3440/3698/2286 2563/2735/1409
f 3441/3699/2287 2563/2735/1409 2565/2737/1411
f 3442/3700/2288 3441/3699/2287 2565/2737/1411
f 3442/3700/2288 2565/2737/1411 2567/2739/1413
f 3443/3701/2289 3442/3700/2288 2567/2739/1413
f 3443/3701/2289 2567/2739/1413 2569/2741/1415
f 3444/3702/2290 3443/3701/2289 2569/2741/1415
f 3444/3702/2290 2569/2741/1415 2571/2743/1417
f 3445/3703/2291 3444/3702/2290 2571/2743/1417
f 3445/3703/2291 2571/2743/1417 2573/2745/1419
f 3446/3704/2292 3445/3703/2291 2573/2745/1419
f 3446/3704/2292 2573/2745/1419 2575/2747/1421
f 3447/3705/2293 3446/3704/2292 2575/2747/1421
f 3447/3705/2293 2575/2747/1421 2577/2749/1423
f 3448/3706/2294 3447/3705/2293 2577/2749/1423
f 3448/3706/2294 2577/2749/1423 2579/2751/1425
f 3449/3707/2295 3448/3706/2294 2579/2751/1425
f 3449/3707/2295 2579/2751/1425 2581/2753/1427
f 3450/3708/2296 3449/3707/2295 2581/2753/1427
f 3450/3708/2296 2581/2753/1427 2583/2755/1429
f 3451/3709/2297 3450/3708/2296 2583/2755/1429
f 3451/3709/2297 2583/2755/1429 2585/2757/1431
f 3452/3710/2298 3451/3709/2297 2585/2757/1431
f 3452/3710/2298 2585/2757/1431 2587/2759/1433
f 3453/3711/2299 3452/3710/2298 2587/2759/1433
f 3453/3711/2299 2587/2759/1433 2589/2761/1435
f 3454/3712/2300 3453/3711/2299 2589/2761/1435
f 3454/3712/2300 2589/2761/1435 2591/2763/1437
f 3455/3713/2301 3454/3712/2300 2591/2763/1437
f 3455/3713/2301 2591/2763/1437 2593/2765/1439
f 3456/3714/2302 3455/3713/2301 2593/2765/1439
f 3456/3714/2302 2593/2765/1439 2595/2767/1441
f 3457/3715/2303 3456/3714/2302 2595/2767/1441
f 3457/3715/2303 2595/2767/1441 2597/2769/1443
f 3458/3716/2304 3457/3715/2303 2597/2769/1443
f 3458/3716/2304 2597/2769/1443 2599/2771/1445
f 3459/3717/2305 3458/3716/2304 2599/2771/1445
f 3459/3717/2305 2599/2771/1445 2601/2773/1447
f 3460/3718/2306 3459/3717/2305 2601/2773/1447
f 3460/3718/2306 2601/2773/1447 2603/2775/1449
f 3461/3719/2307 3460/3718/2306 2603/2775/1449
f 3461/3719/2307 2603/2775/1449 2605/2777/1451
f 3462/3720/2308 3461/3719/2307 2605/2777/1451
f 3462/3720/2308 2605/2777/1451 2607/2779/1453
f 3463/3721/2309 3462/3720/2308 2607/2779/1453
f 3463/3721/2309 2607/2779/1453 2609/2781/1455
f 3464/3722/2310 3463/3721/2309 2609/2781/1455
f 3464/3722/2310 2609/2781/1455 2611/2783/1457
f 3465/3723/2311 3464/3722/2310 2611/2783/1457
f 3465/3723/2311 2611/2783/1457 2613/2785/1459
f 3466/3724/2312 3465/3723/2311 2613/2785/1459
f 3466/3724/2312 2613/2785/1459 2615/2787/1461
f 3467/3725/2313 3466/3724/2312 2615/2787/1461
f 3467/3725/2313 2615/2787/1461 2617/2789/1463
f 3468/3726/2314 3467/3725/2313 2617/2789/1463
f 3468/3726/2314 2617/2789/1463 2619/2791/1465
f 3469/3727/2315 3468/3726/2314 2619/2791/1465
f 3469/3727/2315 2619/2791/1465 2621/2793/1467
f 3470/3728/2316 3469/3727/2315 2621/2793/1467
f 3470/3728/2316 2621/2793/1467 2623/2795/1469
f 3471/3729/2317 3470/3728/2316 2623/2795/1469
f 3471/3729/2317 2623/2795/1469 2625/2797/1471
f 3472/3730/2318 3471/3729/2317 2625/2797/1471
f 3472/3730/2318 2625/2797/1471 2627/2799/1473
f 3473/3731/2319 3472/3730/2318 2627/2799/1473
f 3473/3731/2319 2627/2799/1473 2629/2801/1475
f 3474/3732/2320 3473/3731/2319 2629/2801/1475
f 3474/3732/2320 2629/2801/1475 2631/2803/1477
f 3475/3733/2321 3474/3732/2320 2631/2803/1477
f 3475/3733/2321 2631/2803/1477 2633/2805/1479
f 3476/3734/2322 3475/3733/2321 2633/2805/1479
f 3476/3734/2322 2633/2805/1479 2635/2807/1481
f 3477/3735/2323 3476/3734/2322 2635/2807/1481
f 3477/3735/2323 2635/2807/1481 2637/2809/1483
f 3478/3736/2324 3477/3735/2323 2637/2809/1483
f 3478/3736/2324 2637/2809/1483 2639/2811/1485
f 3479/3737/2325 3478/3736/2324 2639/2811/1485
f 3479/3737/2325 2639/2811/1485 2641/2813/1487
f 3480/3738/2326 3479/3737/2325 2641/2813/1487
f 3480/3738/2326 2641/2813/1487 2643/2815/1489
f 3481/3739/2327 3480/3738/2326 2643/2815/1489
f 3481/3739/2327 2643/2815/1489 2645/2817/1491
f 3482/3740/2328 3481/3739/2327 2645/2817/1491
f 3482/3740/2328 2645/2817/1491 2647/2819/1493
f 3483/3741/2329 3482/3740/2328 2647/2819/1493
f 3483/3741/2329 2647/2819/1493 2649/2821/1495
f 3484/3742/2330 3483/3741/2329 2649/2821/1495
f 3484/3742/2330 2649/2821/1495 2651/2823/1497
f 3485/3743/2331 3484/3742/2330 2651/2823/1497
f 3485/3743/2331 2651/2823/1497 2653/2825/1499
f 3486/3744/2332 3485/3743/2331 2653/2825/1499
f 3486/3744/2332 2653/2825/1499 2655/2827/1501
f 3487/3745/2333 3486/3744/2332 2655/2827/1501
f 3487/3745/2333 2655/2827/1501 2657/2829/1503
f 3488/3746/2334 3487/3745/2333 2657/2829/1503
f 3488/3746/2334 2657/2829/1503 2659/2831/1505
f 3489/3747/2335 3488/3746/2334 2659/2831/1505
f 3489/3747/2335 2659/2831/1505 2661/2833/1507
f 3490/3748/2336 3489/3747/2335 2661/2833/1507
f 3490/3748/2336 2661/2833/1507 2663/2835/1509
f 3491/3749/2337 3490/3748/2336 2663/2835/1509
f 3491/3749/2337 2663/2835/1509 2665/2837/1511
f 3492/3750/2338 3491/3749/2337 2665/2837/1511
f 3492/3750/2338 2665/2837/1511 2667/2839/1513
f 3493/3751/2339 3492/3750/2338 2667/2839/1513
f 3493/3751/2339 2667/2839/1513 2669/2841/1515
f 3494/3752/2340 3493/3751/2339 2669/2841/1515
f 3494/3752/2340 2669/2841/1515 2671/2843/1517
f 3495/3753/2341 3494/3752/2340 2671/2843/1517
f 3495/3753/2341 2671/2843/1517 2673/2845/1519
f 3496/3754/2342 3495/3753/2341 2673/2845/1519
f 3496/3754/2342 2673/2845/1519 2675/2847/1521
f 3497/3755/2343 3496/3754/2342 2675/2847/1521
f 3497/3755/2343 2675/2847/1521 2677/2849/1523
f 3498/3756/2344 3497/3755/2343 2677/2849/1523
f 3498/3756/2344 2677/2849/1523 2679/2851/1525
f 3499/3757/2345 3498/3756/2344 2679/2851/1525
f 3499/3757/2345 2679/2851/1525 2681/2853/1527
f 3500/3758/2346 3499/3757/2345 2681/2853/1527
f 3500/3758/2346 2681/2853/1527 2683/2855/1529
f 3501/3759/2347 3500/3758/2346 2683/2855/1529
f 3501/3759/2347 2683/2855/1529 2685/2857/1531
f 3502/3760/2348 3501/3759/2347 2685/2857/1531
f 3502/3760/2348 2685/2857/1531 2687/2859/1533
f 3503/3761/2349 3502/3760/2348 2687/2859/1533
f 3503/3761/2349 2687/2859/1533 2689/2861/1535
f 3504/3762/2350 3503/3761/2349 2689/2861/1535
f 3504/3762/2350 2689/2861/1535 2691/2863/1537
f 3505/3763/2351 3504/3762/2350 2691/2863/1537
f 3505/3763/2351 2691/2863/1537 2693/2865/1539
f 3506/3764/2352 3505/3763/2351 2693/2865/1539
f 3506/3764/2352 2693/2865/1539 2695/2867/1541
f 3507/3765/2353 3506/3764/2352 2695/2867/1541
f 3507/3765/2353 2695/2867/1541 2697/2869/1543
f 3508/3766/2354 3507/3765/2353 2697/2869/1543
f 3508/3766/2354 2697/2869/1543 2699/2871/1545
f 3509/3767/2355 3508/3766/2354 2699/2871/1545
f 3509/3767/2355 2699/2871/1545 2701/2873/1547
f 3423/3681/2269 3509/3767/2355 2701/2873/1547
f 3423/3681/2269 2701/2873/1547 2522/2694/1368
f 2521/2693/1367 3423/3681/2269 2522/2694/1368
f 2889/3061/1735 2888/3060/1734 3247/3419/2093
f 3065/3237/1911 2705/2877/1551 3510/3768/2356
f 2525/2697/1371 2705/2877/1551 3065/3237/1911
f 2525/2697/1371 3065/3237/1911 3160/3332/2006
f 3160/3426/2006 3065/3237/1911 2345/2517/1191
f 3160/3426/2006 2345/2517/1191 2344/2516/1190
f 3066/3238/1912 3065/3237/1911 3510/3768/2356
f 3249/3421/2095 2345/2517/1191 3066/3238/1912
f 2892/3064/1738 2346/2518/1192 3249/3421/2095
f 3510/3768/2356 2705/2877/1551 3248/3420/2094
f 3248/3420/2094 2704/2876/1550 2709/2881/1555
f 3424/3682/2270 2710/2882/1556 2711/2883/1557
f 3422/3597/2268 2891/3063/1737 3424/3682/2270
f 2709/2881/1555 2708/2880/1554 3422/3597/2268
f 2343/2515/1189 2342/2514/1188 3425/3683/2271
f 2707/2879/1553 2529/2701/1375 2892/3064/1738
f 2711/2883/1557 2531/2703/1377 2532/2704/1378
f 2532/2704/1378 2341/2513/1187 2343/2515/1189
f 3425/3683/2271 2706/2878/1552 2707/2879/1553
f 3252/3427/2098 2347/2519/1193 2530/2702/1376
f 3252/3427/2098 2530/2702/1376 2718/2890/1564
f 3511/3769/2357 3512/3770/2358 3513/3771/2359
f 3514/3772/2360 3515/3773/2361 3516/3774/2362
f 3514/3772/2360 3516/3774/2362 3517/3775/2363
f 3518/3776/2364 3519/3777/2365 3520/3778/2366
f 3518/3776/2364 3520/3778/2366 3521/3779/2367
f 3522/3780/2368 3518/3776/2364 3521/3779/2367
f 3522/3780/2368 3521/3779/2367 3523/3781/2369
f 3524/3782/2370 3522/3780/2368 3523/3781/2369
f 3524/3782/2370 3523/3781/2369 3525/3783/2371
f 3526/3784/2372 3524/3782/2370 3525/3783/2371
f 3526/3784/2372 3525/3783/2371 3527/3785/2373
f 3528/3786/2374 3526/3784/2372 3527/3785/2373
f 3528/3786/2374 3527/3785/2373 3529/3787/2375
f 3530/3788/2376 3528/3786/2374 3529/3787/2375
f 3530/3788/2376 3529/3787/2375 3531/3789/2377
f 3532/3790/2378 3530/3788/2376 3531/3789/2377
f 3532/3790/2378 3531/3789/2377 3533/3791/2379
f 3534/3792/2380 3532/3790/2378 3533/3791/2379
f 3534/3792/2380 3533/3791/2379 3535/3793/2381
f 3536/3794/2382 3534/3792/2380 3535/3793/2381
f 3536/3794/2382 3535/3793/2381 3537/3795/2383
f 3538/3796/2384 3536/3794/2382 3537/3795/2383
f 3538/3796/2384 3537/3795/2383 3539/3797/2385
f 3540/3798/2386 3538/3796/2384 3539/3797/2385
f 3540/3798/2386 3539/3797/2385 3541/3799/2387
f 3542/3800/2388 3540/3798/2386 3541/3799/2387
f 3542/3800/2388 3541/3799/2387 3543/3801/2389
f 3544/3802/2390 3542/3800/2388 3543/3801/2389
f 3544/3802/2390 3543/3801/2389 3545/3803/2391
f 3546/3804/2392 3544/3802/2390 3545/3803/2391
f 3546/3804/2392 3545/3803/2391 3547/3805/2393
f 3548/3806/2394 3546/3804/2392 3547/3805/2393
f 3548/3806/2394 3547/3805/2393 3549/3807/2395
f 3550/3808/2396 3548/3806/2394 3549/3807/2395
f 3550/3808/2396 3549/3807/2395 3551/3809/2397
f 3552/3810/2398 3550/3808/2396 3551/3809/2397
f 3552/3810/2398 3551/3809/2397 3553/3811/2399
f 3554/3812/2400 3552/3810/2398 3553/3811/2399
f 3554/3812/2400 3553/3811/2399 3555/3813/2401
f 3556/3814/2402 3554/3812/2400 3555/3813/2401
f 3556/3814/2402 3555/3813/2401 3557/3815/2403
f 3558/3816/2404 3556/3814/2402 3557/3815/2403
f 3558/3816/2404 3557/3815/2403 3559/3817/2405
f 3560/3818/2406 3558/3816/2404 3559/3817/2405
f 3560/3818/2406 3559/3817/2405 3561/3819/2407
f 3562/3820/2408 3560/3818/2406 3561/3819/2407
f 3562/3820/2408 3561/3819/2407 3563/3821/2409
f 3564/3822/2410 3562/3820/2408 3563/3821/2409
f 3564/3822/2410 3563/3821/2409 3565/3823/2411
f 3566/3824/2412 3564/3822/2410 3565/3823/2411
f 3566/3824/2412 3565/3823/2411 3567/3825/2413
f 3568/3826/2414 3566/3824/2412 3567/3825/2413
f 3568/3826/2414 3567/3825/2413 3569/3827/2415
f 3570/3828/2416 3568/3826/2414 3569/3827/2415
f 3570/3828/2416 3569/3827/2415 3571/3829/2417
f 3572/3830/2418 3570/3828/2416 3571/3829/2417
f 3572/3830/2418 3571/3829/2417 3573/3831/2419
f 3574/3832/2420 3572/3830/2418 3573/3831/2419
f 3574/3832/2420 3573/3831/2419 3575/3833/2421
f 3576/3834/2422 3574/3832/2420 3575/3833/2421
f 3576/3834/2422 3575/3833/2421 3577/3835/2423
f 3578/3836/2424 3579/3837/2425 3580/3838/2426
f 3519/3777/2365 3581/3839/2427 3582/3840/2428
f 3519/3777/2365 3582/3840/2428 3520/3778/2366
f 3583/3841/2429 3584/3842/2430 3585/3843/2431
f 3583/3841/2429 3585/3843/2431 3586/3844/2432
f 3517/3775/2363 3516/3774/2362 3587/3845/2433
f 3517/3775/2363 3587/3845/2433 3588/3846/2434
f 3589/3847/2435 3511/3769/2357 3590/3848/2436
f 3591/3849/2437 3592/3850/2438 3593/3851/2439
f 3591/3849/2437 3593/3851/2439 3594/3852/2440
f 3595/3853/2441 3591/3849/2437 3594/3852/2440
f 3595/3853/2441 3594/3852/2440 3596/3854/2442
f 3597/3855/2443 3595/3853/2441 3596/3854/2442
f 3597/3855/2443 3596/3854/2442 3598/3856/2444
f 3599/3857/2445 3597/3855/2443 3598/3856/2444
f 3599/3857/2445 3598/3856/2444 3600/3858/2446
f 3601/3859/2447 3599/3857/2445 3600/3858/2446
f 3601/3859/2447 3600/3858/2446 3602/3860/2448
f 3603/3861/2449 3601/3859/2447 3602/3860/2448
f 3603/3861/2449 3602/3860/2448 3604/3862/2450
f 3605/3863/2451 3603/3861/2449 3604/3862/2450
f 3605/3863/2451 3604/3862/2450 3606/3864/2452
f 3607/3865/2453 3605/3863/2451 3606/3864/2452
f 3607/3865/2453 3606/3864/2452 3608/3866/2454
f 3609/3867/2455 3607/3865/2453 3608/3866/2454
f 3609/3867/2455 3608/3866/2454 3610/3868/2456
f 3611/3869/2457 3609/3867/2455 3610/3868/2456
f 3611/3869/2457 3610/3868/2456 3612/3870/2458
f 3613/3871/2459 3611/3869/2457 3612/3870/2458
f 3613/3871/2459 3612/3870/2458 3614/3872/2460
f 3615/3873/2461 3613/3871/2459 3614/3872/2460
f 3615/3873/2461 3614/3872/2460 3616/3874/2462
f 3617/3875/2463 3615/3873/2461 3616/3874/2462
f 3617/3875/2463 3616/3874/2462 3618/3876/2464
f 3619/3877/2465 3617/3875/2463 3618/3876/2464
f 3619/3877/2465 3618/3876/2464 3620/3878/2466
f 3621/3879/2467 3619/3877/2465 3620/3878/2466
f 3621/3879/2467 3620/3878/2466 3622/3880/2468
f 3623/3881/2469 3621/3879/2467 3622/3880/2468
f 3623/3881/2469 3622/3880/2468 3624/3882/2470
f 3625/3883/2471 3623/3881/2469 3624/3882/2470
f 3625/3883/2471 3624/3882/2470 3626/3884/2472
f 3627/3885/2473 3625/3883/2471 3626/3884/2472
f 3627/3885/2473 3626/3884/2472 3628/3886/2474
f 3629/3887/2475 3627/3885/2473 3628/3886/2474
f 3629/3887/2475 3628/3886/2474 3630/3888/2476
f 3631/3889/2477 3629/3887/2475 3630/3888/2476
f 3631/3889/2477 3630/3888/2476 3632/3890/2478
f 3633/3891/2479 3631/3889/2477 3632/3890/2478
f 3633/3891/2479 3632/3890/2478 3634/3892/2480
f 3635/3893/2481 3633/3891/2479 3634/3892/2480
f 3635/3893/2481 3634/3892/2480 3636/3894/2482
f 3637/3895/2483 3635/3893/2481 3636/3894/2482
f 3637/3895/2483 3636/3894/2482 3638/3896/2484
f 3639/3897/2485 3637/3895/2483 3638/3896/2484
f 3639/3897/2485 3638/3896/2484 3640/3898/2486
f 3641/3899/2487 3639/3897/2485 3640/3898/2486
f 3641/3899/2487 3640/3898/2486 3642/3900/2488
f 3643/3901/2489 3641/3899/2487 3642/3900/2488
f 3643/3901/2489 3642/3900/2488 3644/3902/2490
f 3645/3903/2491 3643/3901/2489 3644/3902/2490
f 3645/3903/2491 3644/3902/2490 3646/3904/2492
f 3647/3905/2493 3645/3903/2491 3646/3904/2492
f 3647/3905/2493 3646/3904/2492 3648/3906/2494
f 3649/3907/2495 3647/3905/2493 3648/3906/2494
f 3649/3907/2495 3648/3906/2494 3650/3908/2496
f 3651/3909/2497 3649/3907/2495 3650/3908/2496
f 3651/3909/2497 3650/3908/2496 3579/3837/2425
f 3581/3839/2427 3652/3910/2498 3653/3911/2499
f 3581/3839/2427 3653/3911/2499 3582/3840/2428
f 3654/3912/2500 3587/3845/2433 3655/3913/2501
f 3650/3908/2496 3656/3914/2502 3579/3837/2425
f 3652/3910/2498 3657/3915/2503 3658/3916/2504
f 3659/3917/2505 3589/3847/2435 3660/3918/2506
f 3661/3919/2507 3657/3915/2503 3652/3910/2498
f 3661/3919/2507 3652/3910/2498 3581/3839/2427
f 3592/3850/2438 3662/3920/2508 3663/3921/2509
f 3592/3850/2438 3663/3921/2509 3593/3851/2439
f 3593/3851/2439 3663/3921/2509 3664/3922/2510
f 3593/3851/2439 3664/3922/2510 3665/3923/2511
f 3666/3924/2512 3667/3925/2513 3668/3926/2514
f 3666/3924/2512 3668/3926/2514 3669/3927/2515
f 3670/3928/2516 3666/3924/2512 3669/3927/2515
f 3670/3928/2516 3669/3927/2515 3671/3929/2517
f 3672/3930/2518 3670/3928/2516 3671/3929/2517
f 3672/3930/2518 3671/3929/2517 3673/3931/2519
f 3674/3932/2520 3672/3930/2518 3673/3931/2519
f 3674/3932/2520 3673/3931/2519 3675/3933/2521
f 3676/3934/2522 3674/3932/2520 3675/3933/2521
f 3676/3934/2522 3675/3933/2521 3677/3935/2523
f 3678/3936/2524 3676/3934/2522 3677/3935/2523
f 3678/3936/2524 3677/3935/2523 3679/3937/2525
f 3680/3938/2526 3678/3936/2524 3679/3937/2525
f 3680/3938/2526 3679/3937/2525 3681/3939/2527
f 3682/3940/2528 3680/3938/2526 3681/3939/2527
f 3682/3940/2528 3681/3939/2527 3683/3941/2529
f 3684/3942/2530 3682/3940/2528 3683/3941/2529
f 3684/3942/2530 3683/3941/2529 3685/3943/2531
f 3686/3944/2532 3684/3942/2530 3685/3943/2531
f 3686/3944/2532 3685/3943/2531 3687/3945/2533
f 3688/3946/2534 3686/3944/2532 3687/3945/2533
f 3688/3946/2534 3687/3945/2533 3689/3947/2535
f 3690/3948/2536 3688/3946/2534 3689/3947/2535
f 3690/3948/2536 3689/3947/2535 3691/3949/2537
f 3692/3950/2538 3690/3948/2536 3691/3949/2537
f 3692/3950/2538 3691/3949/2537 3693/3951/2539
f 3694/3952/2540 3692/3950/2538 3693/3951/2539
f 3694/3952/2540 3693/3951/2539 3695/3953/2541
f 3696/3954/2542 3694/3952/2540 3695/3953/2541
f 3696/3954/2542 3695/3953/2541 3697/3955/2543
f 3698/3956/2544 3696/3954/2542 3697/3955/2543
f 3698/3956/2544 3697/3955/2543 3699/3957/2545
f 3700/3958/2546 3698/3956/2544 3699/3957/2545
f 3700/3958/2546 3699/3957/2545 3701/3959/2547
f 3702/3960/2548 3700/3958/2546 3701/3959/2547
f 3702/3960/2548 3701/3959/2547 3703/3961/2549
f 3704/3962/2550 3702/3960/2548 3703/3961/2549
f 3704/3962/2550 3703/3961/2549 3705/3963/2551
f 3706/3964/2552 3704/3962/2550 3705/3963/2551
f 3706/3964/2552 3705/3963/2551 3707/3965/2553
f 3708/3966/2554 3706/3964/2552 3707/3965/2553
f 3708/3966/2554 3707/3965/2553 3709/3967/2555
f 3710/3968/2556 3708/3966/2554 3709/3967/2555
f 3710/3968/2556 3709/3967/2555 3711/3969/2557
f 3712/3970/2558 3710/3968/2556 3711/3969/2557
f 3712/3970/2558 3711/3969/2557 3713/3971/2559
f 3714/3972/2560 3712/3970/2558 3713/3971/2559
f 3714/3972/2560 3713/3971/2559 3715/3973/2561
f 3716/3974/2562 3714/3972/2560 3715/3973/2561
f 3716/3974/2562 3715/3973/2561 3717/3975/2563
f 3718/3976/2564 3716/3974/2562 3717/3975/2563
f 3718/3976/2564 3717/3975/2563 3719/3977/2565
f 3720/3978/2566 3718/3976/2564 3719/3977/2565
f 3720/3978/2566 3719/3977/2565 3721/3979/2567
f 3722/3980/2568 3720/3978/2566 3721/3979/2567
f 3722/3980/2568 3721/3979/2567 3723/3981/2569
f 3724/3982/2570 3722/3980/2568 3723/3981/2569
f 3724/3982/2570 3723/3981/2569 3725/3983/2571
f 3583/3841/2429 3724/3982/2570 3725/3983/2571
f 3583/3841/2429 3725/3983/2571 3584/3842/2430
f 3662/3920/2508 3589/3847/2435 3659/3917/2505
f 3662/3920/2508 3659/3917/2505 3663/3921/2509
f 3665/3923/2511 3664/3922/2510 3661/3919/2507
f 3665/3923/2511 3661/3919/2507 3726/3984/2572
f 3664/3922/2510 3727/3985/2573 3657/3915/2503
f 3664/3922/2510 3657/3915/2503 3661/3919/2507
f 3728/3986/2574 3665/3923/2511 3726/3984/2572
f 3728/3986/2574 3726/3984/2572 3729/3987/2575
f 3730/3988/2576 3728/3986/2574 3729/3987/2575
f 3730/3988/2576 3729/3987/2575 3731/3989/2577
f 3732/3990/2578 3730/3988/2576 3731/3989/2577
f 3732/3990/2578 3731/3989/2577 3733/3991/2579
f 3734/3992/2580 3732/3990/2578 3733/3991/2579
f 3734/3992/2580 3733/3991/2579 3735/3993/2581
f 3736/3994/2582 3734/3992/2580 3735/3993/2581
f 3736/3994/2582 3735/3993/2581 3737/3995/2583
f 3738/3996/2584 3736/3994/2582 3737/3995/2583
f 3738/3996/2584 3737/3995/2583 3739/3997/2585
f 3740/3998/2586 3738/3996/2584 3739/3997/2585
f 3740/3998/2586 3739/3997/2585 3741/3999/2587
f 3742/4000/2588 3740/3998/2586 3741/3999/2587
f 3742/4000/2588 3741/3999/2587 3743/4001/2589
f 3744/4002/2590 3742/4000/2588 3743/4001/2589
f 3744/4002/2590 3743/4001/2589 3745/4003/2591
f 3746/4004/2592 3744/4002/2590 3745/4003/2591
f 3746/4004/2592 3745/4003/2591 3747/4005/2593
f 3748/4006/2594 3746/4004/2592 3747/4005/2593
f 3748/4006/2594 3747/4005/2593 3749/4007/2595
f 3750/4008/2596 3748/4006/2594 3749/4007/2595
f 3750/4008/2596 3749/4007/2595 3751/4009/2597
f 3752/4010/2598 3750/4008/2596 3751/4009/2597
f 3752/4010/2598 3751/4009/2597 3753/4011/2599
f 3754/4012/2600 3752/4010/2598 3753/4011/2599
f 3754/4012/2600 3753/4011/2599 3755/4013/2601
f 3756/4014/2602 3754/4012/2600 3755/4013/2601
f 3756/4014/2602 3755/4013/2601 3757/4015/2603
f 3758/4016/2604 3756/4014/2602 3757/4015/2603
f 3758/4016/2604 3757/4015/2603 3759/4017/2605
f 3760/4018/2606 3758/4016/2604 3759/4017/2605
f 3760/4018/2606 3759/4017/2605 3761/4019/2607
f 3762/4020/2608 3760/4018/2606 3761/4019/2607
f 3762/4020/2608 3761/4019/2607 3763/4021/2609
f 3764/4022/2610 3762/4020/2608 3763/4021/2609
f 3764/4022/2610 3763/4021/2609 3765/4023/2611
f 3766/4024/2612 3764/4022/2610 3765/4023/2611
f 3766/4024/2612 3765/4023/2611 3767/4025/2613
f 3768/4026/2614 3766/4024/2612 3767/4025/2613
f 3768/4026/2614 3767/4025/2613 3769/4027/2615
f 3770/4028/2616 3768/4026/2614 3769/4027/2615
f 3770/4028/2616 3769/4027/2615 3771/4029/2617
f 3772/4030/2618 3770/4028/2616 3771/4029/2617
f 3772/4030/2618 3771/4029/2617 3773/4031/2619
f 3774/4032/2620 3772/4030/2618 3773/4031/2619
f 3774/4032/2620 3773/4031/2619 3775/4033/2621
f 3776/4034/2622 3774/4032/2620 3775/4033/2621
f 3776/4034/2622 3775/4033/2621 3777/4035/2623
f 3778/4036/2624 3776/4034/2622 3777/4035/2623
f 3778/4036/2624 3777/4035/2623 3779/4037/2625
f 3780/4038/2626 3778/4036/2624 3779/4037/2625
f 3780/4038/2626 3779/4037/2625 3781/4039/2627
f 3782/4040/2628 3780/4038/2626 3781/4039/2627
f 3782/4040/2628 3781/4039/2627 3783/4041/2629
f 3656/3914/2502 3782/4040/2628 3783/4041/2629
f 3656/3914/2502 3783/4041/2629 3784/4042/2630
f 3579/3837/2425 3656/3914/2502 3784/4042/2630
f 3579/3837/2425 3784/4042/2630 3580/3838/2426
f 3668/4043/2514 3785/4044/2631 3786/4045/2632
f 3668/4043/2514 3786/4045/2632 3787/4046/2633
f 3787/4046/2633 3786/4045/2632 3788/4047/2634
f 3787/4046/2633 3788/4047/2634 3789/4048/2635
f 3523/3781/2369 3521/3779/2367 3790/4049/2636
f 3523/3781/2369 3790/4049/2636 3791/4050/2637
f 3525/3783/2371 3523/3781/2369 3791/4050/2637
f 3525/3783/2371 3791/4050/2637 3792/4051/2638
f 3527/3785/2373 3525/3783/2371 3792/4051/2638
f 3527/3785/2373 3792/4051/2638 3793/4052/2639
f 3529/3787/2375 3527/3785/2373 3793/4052/2639
f 3529/3787/2375 3793/4052/2639 3794/4053/2640
f 3531/3789/2377 3529/3787/2375 3794/4053/2640
f 3531/3789/2377 3794/4053/2640 3795/4054/2641
f 3533/3791/2379 3531/3789/2377 3795/4054/2641
f 3533/3791/2379 3795/4054/2641 3796/4055/2642
f 3535/3793/2381 3533/3791/2379 3796/4055/2642
f 3535/3793/2381 3796/4055/2642 3797/4056/2643
f 3537/3795/2383 3535/3793/2381 3797/4056/2643
f 3537/3795/2383 3797/4056/2643 3798/4057/2644
f 3539/3797/2385 3537/3795/2383 3798/4057/2644
f 3539/3797/2385 3798/4057/2644 3799/4058/2645
f 3541/3799/2387 3539/3797/2385 3799/4058/2645
f 3541/3799/2387 3799/4058/2645 3800/4059/2646
f 3543/3801/2389 3541/3799/2387 3800/4059/2646
f 3543/3801/2389 3800/4059/2646 3801/4060/2647
f 3545/3803/2391 3543/3801/2389 3801/4060/2647
f 3545/3803/2391 3801/4060/2647 3802/4061/2648
f 3547/3805/2393 3545/3803/2391 3802/4061/2648
f 3547/3805/2393 3802/4061/2648 3803/4062/2649
f 3549/3807/2395 3547/3805/2393 3803/4062/2649
f 3549/3807/2395 3803/4062/2649 3804/4063/2650
f 3551/3809/2397 3549/3807/2395 3804/4063/2650
f 3551/3809/2397 3804/4063/2650 3805/4064/2651
f 3553/3811/2399 3551/3809/2397 3805/4064/2651
f 3553/3811/2399 3805/4064/2651 3806/4065/2652
f 3555/3813/2401 3553/3811/2399 3806/4065/2652
f 3555/3813/2401 3806/4065/2652 3807/4066/2653
f 3557/3815/2403 3555/3813/2401 3807/4066/2653
f 3557/3815/2403 3807/4066/2653 3808/4067/2654
f 3559/3817/2405 3557/3815/2403 3808/4067/2654
f 3559/3817/2405 3808/4067/2654 3809/4068/2655
f 3561/3819/2407 3559/3817/2405 3809/4068/2655
f 3561/3819/2407 3809/4068/2655 3810/4069/2656
f 3563/3821/2409 3561/3819/2407 3810/4069/2656
f 3563/3821/2409 3810/4069/2656 3811/4070/2657
f 3565/3823/2411 3563/3821/2409 3811/4070/2657
f 3565/3823/2411 3811/4070/2657 3812/4071/2658
f 3567/3825/2413 3565/3823/2411 3812/4071/2658
f 3567/3825/2413 3812/4071/2658 3813/4072/2659
f 3569/3827/2415 3567/3825/2413 3813/4072/2659
f 3569/3827/2415 3813/4072/2659 3814/4073/2660
f 3571/3829/2417 3569/3827/2415 3814/4073/2660
f 3571/3829/2417 3814/4073/2660 3815/4074/2661
f 3573/3831/2419 3571/3829/2417 3815/4074/2661
f 3573/3831/2419 3815/4074/2661 3816/4075/2662
f 3575/3833/2421 3573/3831/2419 3816/4075/2662
f 3575/3833/2421 3816/4075/2662 3817/4076/2663
f 3577/3835/2423 3575/3833/2421 3817/4076/2663
f 3577/3835/2423 3817/4076/2663 3818/4077/2664
f 3578/3836/2424 3577/3835/2423 3818/4077/2664
f 3578/3836/2424 3818/4077/2664 3819/4078/2665
f 3819/4078/2665 3651/4079/2497 3579/3837/2425
f 3819/4078/2665 3579/3837/2425 3578/3836/2424
f 3785/4044/2631 3654/3912/2500 3512/3770/2358
f 3785/4044/2631 3512/3770/2358 3786/4045/2632
f 3786/4045/2632 3512/3770/2358 3511/3769/2357
f 3786/4045/2632 3511/3769/2357 3788/4047/2634
f 3667/3925/2513 3588/3846/2434 3785/4080/2631
f 3667/3925/2513 3785/4080/2631 3668/3926/2514
f 3669/4081/2515 3668/4043/2514 3787/4046/2633
f 3669/4081/2515 3787/4046/2633 3820/4082/2666
f 3671/4083/2517 3669/4081/2515 3820/4082/2666
f 3671/4083/2517 3820/4082/2666 3821/4084/2667
f 3673/4085/2519 3671/4083/2517 3821/4084/2667
f 3673/4085/2519 3821/4084/2667 3822/4086/2668
f 3675/4087/2521 3673/4085/2519 3822/4086/2668
f 3675/4087/2521 3822/4086/2668 3823/4088/2669
f 3677/4089/2523 3675/4087/2521 3823/4088/2669
f 3677/4089/2523 3823/4088/2669 3824/4090/2670
f 3679/4091/2525 3677/4089/2523 3824/4090/2670
f 3679/4091/2525 3824/4090/2670 3825/4092/2671
f 3681/4093/2527 3679/4091/2525 3825/4092/2671
f 3681/4093/2527 3825/4092/2671 3826/4094/2672
f 3683/4095/2529 3681/4093/2527 3826/4094/2672
f 3683/4095/2529 3826/4094/2672 3827/4096/2673
f 3685/4097/2531 3683/4095/2529 3827/4096/2673
f 3685/4097/2531 3827/4096/2673 3828/4098/2674
f 3687/4099/2533 3685/4097/2531 3828/4098/2674
f 3687/4099/2533 3828/4098/2674 3829/4100/2675
f 3689/4101/2535 3687/4099/2533 3829/4100/2675
f 3689/4101/2535 3829/4100/2675 3830/4102/2676
f 3691/4103/2537 3689/4101/2535 3830/4102/2676
f 3691/4103/2537 3830/4102/2676 3831/4104/2677
f 3693/4105/2539 3691/4103/2537 3831/4104/2677
f 3693/4105/2539 3831/4104/2677 3832/4106/2678
f 3695/4107/2541 3693/4105/2539 3832/4106/2678
f 3695/4107/2541 3832/4106/2678 3833/4108/2679
f 3697/4109/2543 3695/4107/2541 3833/4108/2679
f 3697/4109/2543 3833/4108/2679 3834/4110/2680
f 3699/4111/2545 3697/4109/2543 3834/4110/2680
f 3699/4111/2545 3834/4110/2680 3835/4112/2681
f 3701/4113/2547 3699/4111/2545 3835/4112/2681
f 3701/4113/2547 3835/4112/2681 3836/4114/2682
f 3703/4115/2549 3701/4113/2547 3836/4114/2682
f 3703/4115/2549 3836/4114/2682 3837/4116/2683
f 3705/4117/2551 3703/4115/2549 3837/4116/2683
f 3705/4117/2551 3837/4116/2683 3838/4118/2684
f 3707/4119/2553 3705/4117/2551 3838/4118/2684
f 3707/4119/2553 3838/4118/2684 3839/4120/2685
f 3709/4121/2555 3707/4119/2553 3839/4120/2685
f 3709/4121/2555 3839/4120/2685 3840/4122/2686
f 3711/4123/2557 3709/4121/2555 3840/4122/2686
f 3711/4123/2557 3840/4122/2686 3841/4124/2687
f 3713/4125/2559 3711/4123/2557 3841/4124/2687
f 3713/4125/2559 3841/4124/2687 3842/4126/2688
f 3715/4127/2561 3713/4125/2559 3842/4126/2688
f 3715/4127/2561 3842/4126/2688 3843/4128/2689
f 3717/4129/2563 3715/4127/2561 3843/4128/2689
f 3717/4129/2563 3843/4128/2689 3844/4130/2690
f 3719/4131/2565 3717/4129/2563 3844/4130/2690
f 3719/4131/2565 3844/4130/2690 3845/4132/2691
f 3721/4133/2567 3719/4131/2565 3845/4132/2691
f 3721/4133/2567 3845/4132/2691 3846/4134/2692
f 3723/4135/2569 3721/4133/2567 3846/4134/2692
f 3723/4135/2569 3846/4134/2692 3847/4136/2693
f 3725/4137/2571 3723/4135/2569 3847/4136/2693
f 3725/4137/2571 3847/4136/2693 3848/4138/2694
f 3653/3911/2499 3652/3910/2498 3849/4139/2695
f 3516/3774/2362 3515/3773/2361 3850/4140/2696
f 3790/4049/2636 3851/4141/2697 3852/4142/2698
f 3790/4049/2636 3852/4142/2698 3853/4143/2699
f 3729/3987/2575 3726/3984/2572 3519/3777/2365
f 3729/3987/2575 3519/3777/2365 3518/3776/2364
f 3731/3989/2577 3729/3987/2575 3518/3776/2364
f 3731/3989/2577 3518/3776/2364 3522/3780/2368
f 3733/3991/2579 3731/3989/2577 3522/3780/2368
f 3733/3991/2579 3522/3780/2368 3524/3782/2370
f 3735/3993/2581 3733/3991/2579 3524/3782/2370
f 3735/3993/2581 3524/3782/2370 3526/3784/2372
f 3737/3995/2583 3735/3993/2581 3526/3784/2372
f 3737/3995/2583 3526/3784/2372 3528/3786/2374
f 3739/3997/2585 3737/3995/2583 3528/3786/2374
f 3739/3997/2585 3528/3786/2374 3530/3788/2376
f 3741/3999/2587 3739/3997/2585 3530/3788/2376
f 3741/3999/2587 3530/3788/2376 3532/3790/2378
f 3743/4001/2589 3741/3999/2587 3532/3790/2378
f 3743/4001/2589 3532/3790/2378 3534/3792/2380
f 3745/4003/2591 3743/4001/2589 3534/3792/2380
f 3745/4003/2591 3534/3792/2380 3536/3794/2382
f 3747/4005/2593 3745/4003/2591 3536/3794/2382
f 3747/4005/2593 3536/3794/2382 3538/3796/2384
f 3749/4007/2595 3747/4005/2593 3538/3796/2384
f 3749/4007/2595 3538/3796/2384 3540/3798/2386
f 3751/4009/2597 3749/4007/2595 3540/3798/2386
f 3751/4009/2597 3540/3798/2386 3542/3800/2388
f 3753/4011/2599 3751/4009/2597 3542/3800/2388
f 3753/4011/2599 3542/3800/2388 3544/3802/2390
f 3755/4013/2601 3753/4011/2599 3544/3802/2390
f 3755/4013/2601 3544/3802/2390 3546/3804/2392
f 3757/4015/2603 3755/4013/2601 3546/3804/2392
f 3757/4015/2603 3546/3804/2392 3548/3806/2394
f 3759/4017/2605 3757/4015/2603 3548/3806/2394
f 3759/4017/2605 3548/3806/2394 3550/3808/2396
f 3761/4019/2607 3759/4017/2605 3550/3808/2396
f 3761/4019/2607 3550/3808/2396 3552/3810/2398
f 3763/4021/2609 3761/4019/2607 3552/3810/2398
f 3763/4021/2609 3552/3810/2398 3554/3812/2400
f 3765/4023/2611 3763/4021/2609 3554/3812/2400
f 3765/4023/2611 3554/3812/2400 3556/3814/2402
f 3767/4025/2613 3765/4023/2611 3556/3814/2402
f 3767/4025/2613 3556/3814/2402 3558/3816/2404
f 3769/4027/2615 3767/4025/2613 3558/3816/2404
f 3769/4027/2615 3558/3816/2404 3560/3818/2406
f 3771/4029/2617 3769/4027/2615 3560/3818/2406
f 3771/4029/2617 3560/3818/2406 3562/3820/2408
f 3773/4031/2619 3771/4029/2617 3562/3820/2408
f 3773/4031/2619 3562/3820/2408 3564/3822/2410
f 3775/4033/2621 3773/4031/2619 3564/3822/2410
f 3775/4033/2621 3564/3822/2410 3566/3824/2412
f 3777/4035/2623 3775/4033/2621 3566/3824/2412
f 3777/4035/2623 3566/3824/2412 3568/3826/2414
f 3779/4037/2625 3777/4035/2623 3568/3826/2414
f 3779/4037/2625 3568/3826/2414 3570/3828/2416
f 3781/4039/2627 3779/4037/2625 3570/3828/2416
f 3781/4039/2627 3570/3828/2416 3572/3830/2418
f 3783/4041/2629 3781/4039/2627 3572/3830/2418
f 3783/4041/2629 3572/3830/2418 3574/3832/2420
f 3784/4042/2630 3783/4041/2629 3574/3832/2420
f 3784/4042/2630 3574/3832/2420 3576/3834/2422
f 3580/3838/2426 3784/4042/2630 3576/3834/2422
f 3580/3838/2426 3576/3834/2422 3578/3836/2424
f 3577/3835/2423 3578/3836/2424 3576/3834/2422
f 3588/3846/2434 3587/3845/2433 3654/3912/2500
f 3588/3846/2434 3654/3912/2500 3785/4080/2631
f 3851/4141/2697 3854/4144/2700 3514/3772/2360
f 3851/4141/2697 3514/3772/2360 3852/4142/2698
f 3853/4143/2699 3852/4142/2698 3855/4145/2701
f 3853/4143/2699 3855/4145/2701 3856/4146/2702
f 3857/4147/2703 3853/4143/2699 3856/4146/2702
f 3857/4147/2703 3856/4146/2702 3858/4148/2704
f 3859/4149/2705 3857/4147/2703 3858/4148/2704
f 3859/4149/2705 3858/4148/2704 3860/4150/2706
f 3861/4151/2707 3859/4149/2705 3860/4150/2706
f 3861/4151/2707 3860/4150/2706 3862/4152/2708
f 3863/4153/2709 3861/4151/2707 3862/4152/2708
f 3863/4153/2709 3862/4152/2708 3864/4154/2710
f 3865/4155/2711 3863/4153/2709 3864/4154/2710
f 3865/4155/2711 3864/4154/2710 3866/4156/2712
f 3867/4157/2713 3865/4155/2711 3866/4156/2712
f 3867/4157/2713 3866/4156/2712 3868/4158/2714
f 3869/4159/2715 3867/4157/2713 3868/4158/2714
f 3869/4159/2715 3868/4158/2714 3870/4160/2716
f 3871/4161/2717 3869/4159/2715 3870/4160/2716
f 3871/4161/2717 3870/4160/2716 3872/4162/2718
f 3873/4163/2719 3871/4161/2717 3872/4162/2718
f 3873/4163/2719 3872/4162/2718 3874/4164/2720
f 3875/4165/2721 3873/4163/2719 3874/4164/2720
f 3875/4165/2721 3874/4164/2720 3876/4166/2722
f 3877/4167/2723 3875/4165/2721 3876/4166/2722
f 3877/4167/2723 3876/4166/2722 3878/4168/2724
f 3879/4169/2725 3877/4167/2723 3878/4168/2724
f 3879/4169/2725 3878/4168/2724 3880/4170/2726
f 3881/4171/2727 3879/4169/2725 3880/4170/2726
f 3881/4171/2727 3880/4170/2726 3882/4172/2728
f 3883/4173/2729 3881/4171/2727 3882/4172/2728
f 3883/4173/2729 3882/4172/2728 3884/4174/2730
f 3885/4175/2731 3883/4173/2729 3884/4174/2730
f 3885/4175/2731 3884/4174/2730 3886/4176/2732
f 3887/4177/2733 3885/4175/2731 3886/4176/2732
f 3887/4177/2733 3886/4176/2732 3888/4178/2734
f 3889/4179/2735 3887/4177/2733 3888/4178/2734
f 3889/4179/2735 3888/4178/2734 3890/4180/2736
f 3891/4181/2737 3889/4179/2735 3890/4180/2736
f 3891/4181/2737 3890/4180/2736 3892/4182/2738
f 3893/4183/2739 3891/4181/2737 3892/4182/2738
f 3893/4183/2739 3892/4182/2738 3894/4184/2740
f 3895/4185/2741 3893/4183/2739 3894/4184/2740
f 3895/4185/2741 3894/4184/2740 3896/4186/2742
f 3897/4187/2743 3895/4185/2741 3896/4186/2742
f 3897/4187/2743 3896/4186/2742 3898/4188/2744
f 3899/4189/2745 3897/4187/2743 3898/4188/2744
f 3899/4189/2745 3898/4188/2744 3900/4190/2746
f 3901/4191/2747 3899/4189/2745 3900/4190/2746
f 3901/4191/2747 3900/4190/2746 3902/4192/2748
f 3903/4193/2749 3901/4191/2747 3902/4192/2748
f 3903/4193/2749 3902/4192/2748 3904/4194/2750
f 3905/4195/2751 3903/4193/2749 3904/4194/2750
f 3905/4195/2751 3904/4194/2750 3906/4196/2752
f 3907/4197/2753 3905/4195/2751 3906/4196/2752
f 3907/4197/2753 3906/4196/2752 3908/4198/2754
f 3909/4199/2755 3907/4197/2753 3908/4198/2754
f 3909/4199/2755 3908/4198/2754 3910/4200/2756
f 3911/4201/2757 3909/4199/2755 3910/4200/2756
f 3911/4201/2757 3910/4200/2756 3912/4202/2758
f 3586/3844/2432 3911/4201/2757 3912/4202/2758
f 3586/3844/2432 3912/4202/2758 3583/3841/2429
f 3788/4047/2634 3511/3769/2357 3589/3847/2435
f 3788/4047/2634 3589/3847/2435 3662/3920/2508
f 3521/3779/2367 3520/3778/2366 3851/4141/2697
f 3521/3779/2367 3851/4141/2697 3790/4049/2636
f 3913/4203/2759 3653/3911/2499 3914/4204/2760
f 3663/3921/2509 3659/3917/2505 3727/3985/2573
f 3663/3921/2509 3727/3985/2573 3664/3922/2510
f 3856/4146/2702 3855/4145/2701 3667/3925/2513
f 3856/4146/2702 3667/3925/2513 3666/3924/2512
f 3594/3852/2440 3593/3851/2439 3665/3923/2511
f 3594/3852/2440 3665/3923/2511 3728/3986/2574
f 3858/4148/2704 3856/4146/2702 3666/3924/2512
f 3858/4148/2704 3666/3924/2512 3670/3928/2516
f 3596/3854/2442 3594/3852/2440 3728/3986/2574
f 3596/3854/2442 3728/3986/2574 3730/3988/2576
f 3860/4150/2706 3858/4148/2704 3670/3928/2516
f 3860/4150/2706 3670/3928/2516 3672/3930/2518
f 3598/3856/2444 3596/3854/2442 3730/3988/2576
f 3598/3856/2444 3730/3988/2576 3732/3990/2578
f 3862/4152/2708 3860/4150/2706 3672/3930/2518
f 3862/4152/2708 3672/3930/2518 3674/3932/2520
f 3600/3858/2446 3598/3856/2444 3732/3990/2578
f 3600/3858/2446 3732/3990/2578 3734/3992/2580
f 3864/4154/2710 3862/4152/2708 3674/3932/2520
f 3864/4154/2710 3674/3932/2520 3676/3934/2522
f 3602/3860/2448 3600/3858/2446 3734/3992/2580
f 3602/3860/2448 3734/3992/2580 3736/3994/2582
f 3866/4156/2712 3864/4154/2710 3676/3934/2522
f 3866/4156/2712 3676/3934/2522 3678/3936/2524
f 3604/3862/2450 3602/3860/2448 3736/3994/2582
f 3604/3862/2450 3736/3994/2582 3738/3996/2584
f 3868/4158/2714 3866/4156/2712 3678/3936/2524
f 3868/4158/2714 3678/3936/2524 3680/3938/2526
f 3606/3864/2452 3604/3862/2450 3738/3996/2584
f 3606/3864/2452 3738/3996/2584 3740/3998/2586
f 3870/4160/2716 3868/4158/2714 3680/3938/2526
f 3870/4160/2716 3680/3938/2526 3682/3940/2528
f 3608/3866/2454 3606/3864/2452 3740/3998/2586
f 3608/3866/2454 3740/3998/2586 3742/4000/2588
f 3872/4162/2718 3870/4160/2716 3682/3940/2528
f 3872/4162/2718 3682/3940/2528 3684/3942/2530
f 3610/3868/2456 3608/3866/2454 3742/4000/2588
f 3610/3868/2456 3742/4000/2588 3744/4002/2590
f 3874/4164/2720 3872/4162/2718 3684/3942/2530
f 3874/4164/2720 3684/3942/2530 3686/3944/2532
f 3612/3870/2458 3610/3868/2456 3744/4002/2590
f 3612/3870/2458 3744/4002/2590 3746/4004/2592
f 3876/4166/2722 3874/4164/2720 3686/3944/2532
f 3876/4166/2722 3686/3944/2532 3688/3946/2534
f 3614/3872/2460 3612/3870/2458 3746/4004/2592
f 3614/3872/2460 3746/4004/2592 3748/4006/2594
f 3878/4168/2724 3876/4166/2722 3688/3946/2534
f 3878/4168/2724 3688/3946/2534 3690/3948/2536
f 3616/3874/2462 3614/3872/2460 3748/4006/2594
f 3616/3874/2462 3748/4006/2594 3750/4008/2596
f 3880/4170/2726 3878/4168/2724 3690/3948/2536
f 3880/4170/2726 3690/3948/2536 3692/3950/2538
f 3618/3876/2464 3616/3874/2462 3750/4008/2596
f 3618/3876/2464 3750/4008/2596 3752/4010/2598
f 3882/4172/2728 3880/4170/2726 3692/3950/2538
f 3882/4172/2728 3692/3950/2538 3694/3952/2540
f 3620/3878/2466 3618/3876/2464 3752/4010/2598
f 3620/3878/2466 3752/4010/2598 3754/4012/2600
f 3884/4174/2730 3882/4172/2728 3694/3952/2540
f 3884/4174/2730 3694/3952/2540 3696/3954/2542
f 3622/3880/2468 3620/3878/2466 3754/4012/2600
f 3622/3880/2468 3754/4012/2600 3756/4014/2602
f 3886/4176/2732 3884/4174/2730 3696/3954/2542
f 3886/4176/2732 3696/3954/2542 3698/3956/2544
f 3624/3882/2470 3622/3880/2468 3756/4014/2602
f 3624/3882/2470 3756/4014/2602 3758/4016/2604
f 3888/4178/2734 3886/4176/2732 3698/3956/2544
f 3888/4178/2734 3698/3956/2544 3700/3958/2546
f 3626/3884/2472 3624/3882/2470 3758/4016/2604
f 3626/3884/2472 3758/4016/2604 3760/4018/2606
f 3890/4180/2736 3888/4178/2734 3700/3958/2546
f 3890/4180/2736 3700/3958/2546 3702/3960/2548
f 3628/3886/2474 3626/3884/2472 3760/4018/2606
f 3628/3886/2474 3760/4018/2606 3762/4020/2608
f 3892/4182/2738 3890/4180/2736 3702/3960/2548
f 3892/4182/2738 3702/3960/2548 3704/3962/2550
f 3630/3888/2476 3628/3886/2474 3762/4020/2608
f 3630/3888/2476 3762/4020/2608 3764/4022/2610
f 3894/4184/2740 3892/4182/2738 3704/3962/2550
f 3894/4184/2740 3704/3962/2550 3706/3964/2552
f 3632/3890/2478 3630/3888/2476 3764/4022/2610
f 3632/3890/2478 3764/4022/2610 3766/4024/2612
f 3896/4186/2742 3894/4184/2740 3706/3964/2552
f 3896/4186/2742 3706/3964/2552 3708/3966/2554
f 3634/3892/2480 3632/3890/2478 3766/4024/2612
f 3634/3892/2480 3766/4024/2612 3768/4026/2614
f 3898/4188/2744 3896/4186/2742 3708/3966/2554
f 3898/4188/2744 3708/3966/2554 3710/3968/2556
f 3636/3894/2482 3634/3892/2480 3768/4026/2614
f 3636/3894/2482 3768/4026/2614 3770/4028/2616
f 3900/4190/2746 3898/4188/2744 3710/3968/2556
f 3900/4190/2746 3710/3968/2556 3712/3970/2558
f 3638/3896/2484 3636/3894/2482 3770/4028/2616
f 3638/3896/2484 3770/4028/2616 3772/4030/2618
f 3902/4192/2748 3900/4190/2746 3712/3970/2558
f 3902/4192/2748 3712/3970/2558 3714/3972/2560
f 3640/3898/2486 3638/3896/2484 3772/4030/2618
f 3640/3898/2486 3772/4030/2618 3774/4032/2620
f 3904/4194/2750 3902/4192/2748 3714/3972/2560
f 3904/4194/2750 3714/3972/2560 3716/3974/2562
f 3642/3900/2488 3640/3898/2486 3774/4032/2620
f 3642/3900/2488 3774/4032/2620 3776/4034/2622
f 3906/4196/2752 3904/4194/2750 3716/3974/2562
f 3906/4196/2752 3716/3974/2562 3718/3976/2564
f 3644/3902/2490 3642/3900/2488 3776/4034/2622
f 3644/3902/2490 3776/4034/2622 3778/4036/2624
f 3908/4198/2754 3906/4196/2752 3718/3976/2564
f 3908/4198/2754 3718/3976/2564 3720/3978/2566
f 3646/3904/2492 3644/3902/2490 3778/4036/2624
f 3646/3904/2492 3778/4036/2624 3780/4038/2626
f 3910/4200/2756 3908/4198/2754 3720/3978/2566
f 3910/4200/2756 3720/3978/2566 3722/3980/2568
f 3648/3906/2494 3646/3904/2492 3780/4038/2626
f 3648/3906/2494 3780/4038/2626 3782/4040/2628
f 3912/4202/2758 3910/4200/2756 3722/3980/2568
f 3912/4202/2758 3722/3980/2568 3724/3982/2570
f 3650/3908/2496 3648/3906/2494 3782/4040/2628
f 3650/3908/2496 3782/4040/2628 3656/3914/2502
f 3912/4202/2758 3724/3982/2570 3583/3841/2429
f 3727/3985/2573 3659/3917/2505 3915/4205/2761
f 3657/3915/2503 3727/3985/2573 3916/4206/2762
f 3791/4050/2637 3790/4049/2636 3853/4143/2699
f 3791/4050/2637 3853/4143/2699 3857/4147/2703
f 3792/4051/2638 3791/4050/2637 3857/4147/2703
f 3792/4051/2638 3857/4147/2703 3859/4149/2705
f 3793/4052/2639 3792/4051/2638 3859/4149/2705
f 3793/4052/2639 3859/4149/2705 3861/4151/2707
f 3794/4053/2640 3793/4052/2639 3861/4151/2707
f 3794/4053/2640 3861/4151/2707 3863/4153/2709
f 3795/4054/2641 3794/4053/2640 3863/4153/2709
f 3795/4054/2641 3863/4153/2709 3865/4155/2711
f 3796/4055/2642 3795/4054/2641 3865/4155/2711
f 3796/4055/2642 3865/4155/2711 3867/4157/2713
f 3797/4056/2643 3796/4055/2642 3867/4157/2713
f 3797/4056/2643 3867/4157/2713 3869/4159/2715
f 3798/4057/2644 3797/4056/2643 3869/4159/2715
f 3798/4057/2644 3869/4159/2715 3871/4161/2717
f 3799/4058/2645 3798/4057/2644 3871/4161/2717
f 3799/4058/2645 3871/4161/2717 3873/4163/2719
f 3800/4059/2646 3799/4058/2645 3873/4163/2719
f 3800/4059/2646 3873/4163/2719 3875/4165/2721
f 3801/4060/2647 3800/4059/2646 3875/4165/2721
f 3801/4060/2647 3875/4165/2721 3877/4167/2723
f 3802/4061/2648 3801/4060/2647 3877/4167/2723
f 3802/4061/2648 3877/4167/2723 3879/4169/2725
f 3803/4062/2649 3802/4061/2648 3879/4169/2725
f 3803/4062/2649 3879/4169/2725 3881/4171/2727
f 3804/4063/2650 3803/4062/2649 3881/4171/2727
f 3804/4063/2650 3881/4171/2727 3883/4173/2729
f 3805/4064/2651 3804/4063/2650 3883/4173/2729
f 3805/4064/2651 3883/4173/2729 3885/4175/2731
f 3806/4065/2652 3805/4064/2651 3885/4175/2731
f 3806/4065/2652 3885/4175/2731 3887/4177/2733
f 3807/4066/2653 3806/4065/2652 3887/4177/2733
f 3807/4066/2653 3887/4177/2733 3889/4179/2735
f 3808/4067/2654 3807/4066/2653 3889/4179/2735
f 3808/4067/2654 3889/4179/2735 3891/4181/2737
f 3809/4068/2655 3808/4067/2654 3891/4181/2737
f 3809/4068/2655 3891/4181/2737 3893/4183/2739
f 3810/4069/2656 3809/4068/2655 3893/4183/2739
f 3810/4069/2656 3893/4183/2739 3895/4185/2741
f 3811/4070/2657 3810/4069/2656 3895/4185/2741
f 3811/4070/2657 3895/4185/2741 3897/4187/2743
f 3812/4071/2658 3811/4070/2657 3897/4187/2743
f 3812/4071/2658 3897/4187/2743 3899/4189/2745
f 3813/4072/2659 3812/4071/2658 3899/4189/2745
f 3813/4072/2659 3899/4189/2745 3901/4191/2747
f 3814/4073/2660 3813/4072/2659 3901/4191/2747
f 3814/4073/2660 3901/4191/2747 3903/4193/2749
f 3815/4074/2661 3814/4073/2660 3903/4193/2749
f 3815/4074/2661 3903/4193/2749 3905/4195/2751
f 3816/4075/2662 3815/4074/2661 3905/4195/2751
f 3816/4075/2662 3905/4195/2751 3907/4197/2753
f 3817/4076/2663 3816/4075/2662 3907/4197/2753
f 3817/4076/2663 3907/4197/2753 3909/4199/2755
f 3818/4077/2664 3817/4076/2663 3909/4199/2755
f 3818/4077/2664 3909/4199/2755 3911/4201/2757
f 3819/4078/2665 3818/4077/2664 3911/4201/2757
f 3819/4078/2665 3911/4201/2757 3586/3844/2432
f 3586/3844/2432 3585/3843/2431 3651/4079/2497
f 3586/3844/2432 3651/4079/2497 3819/4078/2665
f 3852/4142/2698 3514/3772/2360 3517/3775/2363
f 3852/4142/2698 3517/3775/2363 3855/4145/2701
f 3512/3770/2358 3654/3912/2500 3917/4207/2763
f 3820/4082/2666 3787/4046/2633 3789/4048/2635
f 3820/4082/2666 3789/4048/2635 3918/4208/2764
f 3821/4084/2667 3820/4082/2666 3918/4208/2764
f 3821/4084/2667 3918/4208/2764 3919/4209/2765
f 3822/4086/2668 3821/4084/2667 3919/4209/2765
f 3822/4086/2668 3919/4209/2765 3920/4210/2766
f 3823/4088/2669 3822/4086/2668 3920/4210/2766
f 3823/4088/2669 3920/4210/2766 3921/4211/2767
f 3824/4090/2670 3823/4088/2669 3921/4211/2767
f 3824/4090/2670 3921/4211/2767 3922/4212/2768
f 3825/4092/2671 3824/4090/2670 3922/4212/2768
f 3825/4092/2671 3922/4212/2768 3923/4213/2769
f 3826/4094/2672 3825/4092/2671 3923/4213/2769
f 3826/4094/2672 3923/4213/2769 3924/4214/2770
f 3827/4096/2673 3826/4094/2672 3924/4214/2770
f 3827/4096/2673 3924/4214/2770 3925/4215/2771
f 3828/4098/2674 3827/4096/2673 3925/4215/2771
f 3828/4098/2674 3925/4215/2771 3926/4216/2772
f 3829/4100/2675 3828/4098/2674 3926/4216/2772
f 3829/4100/2675 3926/4216/2772 3927/4217/2773
f 3830/4102/2676 3829/4100/2675 3927/4217/2773
f 3830/4102/2676 3927/4217/2773 3928/4218/2774
f 3831/4104/2677 3830/4102/2676 3928/4218/2774
f 3831/4104/2677 3928/4218/2774 3929/4219/2775
f 3832/4106/2678 3831/4104/2677 3929/4219/2775
f 3832/4106/2678 3929/4219/2775 3930/4220/2776
f 3833/4108/2679 3832/4106/2678 3930/4220/2776
f 3833/4108/2679 3930/4220/2776 3931/4221/2777
f 3834/4110/2680 3833/4108/2679 3931/4221/2777
f 3834/4110/2680 3931/4221/2777 3932/4222/2778
f 3835/4112/2681 3834/4110/2680 3932/4222/2778
f 3835/4112/2681 3932/4222/2778 3933/4223/2779
f 3836/4114/2682 3835/4112/2681 3933/4223/2779
f 3836/4114/2682 3933/4223/2779 3934/4224/2780
f 3837/4116/2683 3836/4114/2682 3934/4224/2780
f 3837/4116/2683 3934/4224/2780 3935/4225/2781
f 3838/4118/2684 3837/4116/2683 3935/4225/2781
f 3838/4118/2684 3935/4225/2781 3936/4226/2782
f 3839/4120/2685 3838/4118/2684 3936/4226/2782
f 3839/4120/2685 3936/4226/2782 3937/4227/2783
f 3840/4122/2686 3839/4120/2685 3937/4227/2783
f 3840/4122/2686 3937/4227/2783 3938/4228/2784
f 3841/4124/2687 3840/4122/2686 3938/4228/2784
f 3841/4124/2687 3938/4228/2784 3939/4229/2785
f 3842/4126/2688 3841/4124/2687 3939/4229/2785
f 3842/4126/2688 3939/4229/2785 3940/4230/2786
f 3843/4128/2689 3842/4126/2688 3940/4230/2786
f 3843/4128/2689 3940/4230/2786 3941/4231/2787
f 3844/4130/2690 3843/4128/2689 3941/4231/2787
f 3844/4130/2690 3941/4231/2787 3942/4232/2788
f 3845/4132/2691 3844/4130/2690 3942/4232/2788
f 3845/4132/2691 3942/4232/2788 3943/4233/2789
f 3846/4134/2692 3845/4132/2691 3943/4233/2789
f 3846/4134/2692 3943/4233/2789 3944/4234/2790
f 3847/4136/2693 3846/4134/2692 3944/4234/2790
f 3847/4136/2693 3944/4234/2790 3945/4235/2791
f 3848/4138/2694 3847/4136/2693 3945/4235/2791
f 3848/4138/2694 3945/4235/2791 3946/4236/2792
f 3725/4137/2571 3848/4138/2694 3584/4237/2430
f 3584/4237/2430 3848/4138/2694 3946/4236/2792
f 3584/4237/2430 3946/4236/2792 3585/4238/2431
f 3789/4048/2635 3788/4047/2634 3662/3920/2508
f 3789/4048/2635 3662/3920/2508 3592/3850/2438
f 3515/3773/2361 3913/4203/2759 3947/4239/2793
f 3918/4208/2764 3789/4048/2635 3592/3850/2438
f 3918/4208/2764 3592/3850/2438 3591/3849/2437
f 3919/4209/2765 3918/4208/2764 3591/3849/2437
f 3919/4209/2765 3591/3849/2437 3595/3853/2441
f 3920/4210/2766 3919/4209/2765 3595/3853/2441
f 3920/4210/2766 3595/3853/2441 3597/3855/2443
f 3921/4211/2767 3920/4210/2766 3597/3855/2443
f 3921/4211/2767 3597/3855/2443 3599/3857/2445
f 3922/4212/2768 3921/4211/2767 3599/3857/2445
f 3922/4212/2768 3599/3857/2445 3601/3859/2447
f 3923/4213/2769 3922/4212/2768 3601/3859/2447
f 3923/4213/2769 3601/3859/2447 3603/3861/2449
f 3924/4214/2770 3923/4213/2769 3603/3861/2449
f 3924/4214/2770 3603/3861/2449 3605/3863/2451
f 3925/4215/2771 3924/4214/2770 3605/3863/2451
f 3925/4215/2771 3605/3863/2451 3607/3865/2453
f 3926/4216/2772 3925/4215/2771 3607/3865/2453
f 3926/4216/2772 3607/3865/2453 3609/3867/2455
f 3927/4217/2773 3926/4216/2772 3609/3867/2455
f 3927/4217/2773 3609/3867/2455 3611/3869/2457
f 3928/4218/2774 3927/4217/2773 3611/3869/2457
f 3928/4218/2774 3611/3869/2457 3613/3871/2459
f 3929/4219/2775 3928/4218/2774 3613/3871/2459
f 3929/4219/2775 3613/3871/2459 3615/3873/2461
f 3930/4220/2776 3929/4219/2775 3615/3873/2461
f 3930/4220/2776 3615/3873/2461 3617/3875/2463
f 3931/4221/2777 3930/4220/2776 3617/3875/2463
f 3931/4221/2777 3617/3875/2463 3619/3877/2465
f 3932/4222/2778 3931/4221/2777 3619/3877/2465
f 3932/4222/2778 3619/3877/2465 3621/3879/2467
f 3933/4223/2779 3932/4222/2778 3621/3879/2467
f 3933/4223/2779 3621/3879/2467 3623/3881/2469
f 3934/4224/2780 3933/4223/2779 3623/3881/2469
f 3934/4224/2780 3623/3881/2469 3625/3883/2471
f 3935/4225/2781 3934/4224/2780 3625/3883/2471
f 3935/4225/2781 3625/3883/2471 3627/3885/2473
f 3936/4226/2782 3935/4225/2781 3627/3885/2473
f 3936/4226/2782 3627/3885/2473 3629/3887/2475
f 3937/4227/2783 3936/4226/2782 3629/3887/2475
f 3937/4227/2783 3629/3887/2475 3631/3889/2477
f 3938/4228/2784 3937/4227/2783 3631/3889/2477
f 3938/4228/2784 3631/3889/2477 3633/3891/2479
f 3939/4229/2785 3938/4228/2784 3633/3891/2479
f 3939/4229/2785 3633/3891/2479 3635/3893/2481
f 3940/4230/2786 3939/4229/2785 3635/3893/2481
f 3940/4230/2786 3635/3893/2481 3637/3895/2483
f 3941/4231/2787 3940/4230/2786 3637/3895/2483
f 3941/4231/2787 3637/3895/2483 3639/3897/2485
f 3942/4232/2788 3941/4231/2787 3639/3897/2485
f 3942/4232/2788 3639/3897/2485 3641/3899/2487
f 3943/4233/2789 3942/4232/2788 3641/3899/2487
f 3943/4233/2789 3641/3899/2487 3643/3901/2489
f 3944/4234/2790 3943/4233/2789 3643/3901/2489
f 3944/4234/2790 3643/3901/2489 3645/3903/2491
f 3945/4235/2791 3944/4234/2790 3645/3903/2491
f 3945/4235/2791 3645/3903/2491 3647/3905/2493
f 3946/4236/2792 3945/4235/2791 3647/3905/2493
f 3946/4236/2792 3647/3905/2493 3649/3907/2495
f 3585/4238/2431 3946/4236/2792 3649/3907/2495
f 3585/4238/2431 3649/3907/2495 3651/3909/2497
f 3520/3778/2366 3582/3840/2428 3854/4144/2700
f 3520/3778/2366 3854/4144/2700 3851/4141/2697
f 3726/3984/2572 3661/3919/2507 3581/3839/2427
f 3726/3984/2572 3581/3839/2427 3519/3777/2365
f 3587/3845/2433 3516/3774/2362 3948/4240/2794
f 3582/3840/2428 3653/3911/2499 3913/4203/2759
f 3582/3840/2428 3913/4203/2759 3854/4144/2700
f 3854/4144/2700 3913/4203/2759 3515/3773/2361
f 3854/4144/2700 3515/3773/2361 3514/3772/2360
f 3947/4239/2793 3913/4203/2759 3914/4204/2760
f 3850/4140/2696 3515/3773/2361 3947/4239/2793
f 3948/4240/2794 3516/3774/2362 3850/4140/2696
f 3914/4204/2760 3653/3911/2499 3849/4139/2695
f 3849/4139/2695 3652/3910/2498 3658/3916/2504
f 3915/4205/2761 3659/3917/2505 3660/3918/2506
f 3916/4206/2762 3727/3985/2573 3915/4205/2761
f 3658/3916/2504 3657/3915/2503 3916/4206/2762
f 3513/3771/2359 3512/3770/2358 3917/4207/2763
f 3655/3913/2501 3587/3845/2433 3948/4240/2794
f 3660/3918/2506 3589/3847/2435 3590/3848/2436
f 3590/3848/2436 3511/3769/2357 3513/3771/2359
f 3917/4207/2763 3654/3912/2500 3655/3913/2501
f 3855/4145/2701 3517/3775/2363 3588/3846/2434
f 3855/4145/2701 3588/3846/2434 3667/3925/2513
f 3949/4241/2795 3950/4242/2796 3951/4243/2797
f 3952/4244/2798 3953/4245/2799 3954/4246/2800
f 3952/4244/2798 3954/4246/2800 3955/4247/2801
f 3956/4248/2802 3957/4249/2803 3958/4250/2804
f 3956/4248/2802 3958/4250/2804 3959/4251/2805
f 3960/4252/2806 3956/4248/2802 3959/4251/2805
f 3960/4252/2806 3959/4251/2805 3961/4253/2807
f 3962/4254/2808 3960/4252/2806 3961/4253/2807
f 3962/4254/2808 3961/4253/2807 3963/4255/2809
f 3964/4256/2810 3962/4254/2808 3963/4255/2809
f 3964/4256/2810 3963/4255/2809 3965/4257/2811
f 3966/4258/2812 3964/4256/2810 3965/4257/2811
f 3966/4258/2812 3965/4257/2811 3967/4259/2813
f 3968/4260/2814 3966/4258/2812 3967/4259/2813
f 3968/4260/2814 3967/4259/2813 3969/4261/2815
f 3970/4262/2816 3968/4260/2814 3969/4261/2815
f 3970/4262/2816 3969/4261/2815 3971/4263/2817
f 3972/4264/2818 3970/4262/2816 3971/4263/2817
f 3972/4264/2818 3971/4263/2817 3973/4265/2819
f 3974/4266/2820 3972/4264/2818 3973/4265/2819
f 3974/4266/2820 3973/4265/2819 3975/4267/2821
f 3976/4268/2822 3974/4266/2820 3975/4267/2821
f 3976/4268/2822 3975/4267/2821 3977/4269/2823
f 3978/4270/2824 3976/4268/2822 3977/4269/2823
f 3978/4270/2824 3977/4269/2823 3979/4271/2825
f 3980/4272/2826 3978/4270/2824 3979/4271/2825
f 3980/4272/2826 3979/4271/2825 3981/4273/2827
f 3982/4274/2828 3980/4272/2826 3981/4273/2827
f 3982/4274/2828 3981/4273/2827 3983/4275/2829
f 3984/4276/2830 3982/4274/2828 3983/4275/2829
f 3984/4276/2830 3983/4275/2829 3985/4277/2831
f 3986/4278/2832 3984/4276/2830 3985/4277/2831
f 3986/4278/2832 3985/4277/2831 3987/4279/2833
f 3988/4280/2834 3986/4278/2832 3987/4279/2833
f 3988/4280/2834 3987/4279/2833 3989/4281/2835
f 3990/4282/2836 3988/4280/2834 3989/4281/2835
f 3990/4282/2836 3989/4281/2835 3991/4283/2837
f 3992/4284/2838 3990/4282/2836 3991/4283/2837
f 3992/4284/2838 3991/4283/2837 3993/4285/2839
f 3994/4286/2840 3992/4284/2838 3993/4285/2839
f 3994/4286/2840 3993/4285/2839 3995/4287/2841
f 3996/4288/2842 3994/4286/2840 3995/4287/2841
f 3996/4288/2842 3995/4287/2841 3997/4289/2843
f 3998/4290/2844 3996/4288/2842 3997/4289/2843
f 3998/4290/2844 3997/4289/2843 3999/4291/2845
f 4000/4292/2846 3998/4290/2844 3999/4291/2845
f 4000/4292/2846 3999/4291/2845 4001/4293/2847
f 4002/4294/2848 4000/4292/2846 4001/4293/2847
f 4002/4294/2848 4001/4293/2847 4003/4295/2849
f 4004/4296/2850 4002/4294/2848 4003/4295/2849
f 4004/4296/2850 4003/4295/2849 4005/4297/2851
f 4006/4298/2852 4004/4296/2850 4005/4297/2851
f 4006/4298/2852 4005/4297/2851 4007/4299/2853
f 4008/4300/2854 4006/4298/2852 4007/4299/2853
f 4008/4300/2854 4007/4299/2853 4009/4301/2855
f 4010/4302/2856 4008/4300/2854 4009/4301/2855
f 4010/4302/2856 4009/4301/2855 4011/4303/2857
f 4012/4304/2858 4010/4302/2856 4011/4303/2857
f 4012/4304/2858 4011/4303/2857 4013/4305/2859
f 4014/4306/2860 4012/4304/2858 4013/4305/2859
f 4014/4306/2860 4013/4305/2859 4015/4307/2861
f 4016/4308/2862 4014/4306/2860 4015/4307/2861
f 4016/4308/2862 4015/4307/2861 4017/4309/2863
f 4018/4310/2864 4016/4308/2862 4017/4309/2863
f 4018/4310/2864 4017/4309/2863 4019/4311/2865
f 4020/4312/2866 4018/4310/2864 4019/4311/2865
f 4020/4312/2866 4019/4311/2865 4021/4313/2867
f 4022/4314/2868 4020/4312/2866 4021/4313/2867
f 4022/4314/2868 4021/4313/2867 4023/4315/2869
f 4024/4316/2870 4022/4314/2868 4023/4315/2869
f 4024/4316/2870 4023/4315/2869 4025/4317/2871
f 4026/4318/2872 4024/4316/2870 4025/4317/2871
f 4026/4318/2872 4025/4317/2871 4027/4319/2873
f 4028/4320/2874 4026/4318/2872 4027/4319/2873
f 4028/4320/2874 4027/4319/2873 4029/4321/2875
f 4030/4322/2876 4028/4320/2874 4029/4321/2875
f 4030/4322/2876 4029/4321/2875 4031/4323/2877
f 4032/4324/2878 4030/4322/2876 4031/4323/2877
f 4032/4324/2878 4031/4323/2877 4033/4325/2879
f 4034/4326/2880 4032/4324/2878 4033/4325/2879
f 4034/4326/2880 4033/4325/2879 4035/4327/2881
f 4036/4328/2882 4034/4326/2880 4035/4327/2881
f 4036/4328/2882 4035/4327/2881 4037/4329/2883
f 4038/4330/2884 4036/4328/2882 4037/4329/2883
f 4038/4330/2884 4037/4329/2883 4039/4331/2885
f 4040/4332/2886 4038/4330/2884 4039/4331/2885
f 4040/4332/2886 4039/4331/2885 4041/4333/2887
f 4042/4334/2888 4040/4332/2886 4041/4333/2887
f 4042/4334/2888 4041/4333/2887 4043/4335/2889
f 4044/4336/2890 4042/4334/2888 4043/4335/2889
f 4044/4336/2890 4043/4335/2889 4045/4337/2891
f 4046/4338/2892 4044/4336/2890 4045/4337/2891
f 4046/4338/2892 4045/4337/2891 4047/4339/2893
f 4048/4340/2894 4046/4338/2892 4047/4339/2893
f 4048/4340/2894 4047/4339/2893 4049/4341/2895
f 4050/4342/2896 4048/4340/2894 4049/4341/2895
f 4050/4342/2896 4049/4341/2895 4051/4343/2897
f 4052/4344/2898 4050/4342/2896 4051/4343/2897
f 4052/4344/2898 4051/4343/2897 4053/4345/2899
f 4054/4346/2900 4052/4344/2898 4053/4345/2899
f 4054/4346/2900 4053/4345/2899 4055/4347/2901
f 4056/4348/2902 4054/4346/2900 4055/4347/2901
f 4056/4348/2902 4055/4347/2901 4057/4349/2903
f 4058/4350/2904 4056/4348/2902 4057/4349/2903
f 4058/4350/2904 4057/4349/2903 4059/4351/2905
f 4060/4352/2906 4058/4350/2904 4059/4351/2905
f 4060/4352/2906 4059/4351/2905 4061/4353/2907
f 4062/4354/2908 4060/4352/2906 4061/4353/2907
f 4062/4354/2908 4061/4353/2907 4063/4355/2909
f 4064/4356/2910 4062/4354/2908 4063/4355/2909
f 4064/4356/2910 4063/4355/2909 4065/4357/2911
f 4066/4358/2912 4064/4356/2910 4065/4357/2911
f 4066/4358/2912 4065/4357/2911 4067/4359/2913
f 4068/4360/2914 4066/4358/2912 4067/4359/2913
f 4068/4360/2914 4067/4359/2913 4069/4361/2915
f 4070/4362/2916 4068/4360/2914 4069/4361/2915
f 4070/4362/2916 4069/4361/2915 4071/4363/2917
f 4072/4364/2918 4070/4362/2916 4071/4363/2917
f 4072/4364/2918 4071/4363/2917 4073/4365/2919
f 4074/4366/2920 4072/4364/2918 4073/4365/2919
f 4074/4366/2920 4073/4365/2919 4075/4367/2921
f 4076/4368/2922 4074/4366/2920 4075/4367/2921
f 4076/4368/2922 4075/4367/2921 4077/4369/2923
f 4078/4370/2924 4076/4368/2922 4077/4369/2923
f 4078/4370/2924 4077/4369/2923 4079/4371/2925
f 4080/4372/2926 4078/4370/2924 4079/4371/2925
f 4081/4373/2927 4082/4374/2928 4083/4375/2929
f 3957/4249/2803 4084/4376/2930 4085/4377/2931
f 3957/4249/2803 4085/4377/2931 3958/4250/2804
f 4086/4378/2932 4087/4379/2933 4088/4380/2934
f 3955/4247/2801 3954/4246/2800 4089/4381/2935
f 3955/4247/2801 4089/4381/2935 4090/4382/2936
f 4091/4383/2937 3949/4241/2795 4092/4384/2938
f 4093/4385/2939 4094/4386/2940 4095/4387/2941
f 4093/4385/2939 4095/4387/2941 4096/4388/2942
f 4097/4389/2943 4093/4385/2939 4096/4388/2942
f 4097/4389/2943 4096/4388/2942 4098/4390/2944
f 4099/4391/2945 4097/4389/2943 4098/4390/2944
f 4099/4391/2945 4098/4390/2944 4100/4392/2946
f 4101/4393/2947 4099/4391/2945 4100/4392/2946
f 4101/4393/2947 4100/4392/2946 4102/4394/2948
f 4103/4395/2949 4101/4393/2947 4102/4394/2948
f 4103/4395/2949 4102/4394/2948 4104/4396/2950
f 4105/4397/2951 4103/4395/2949 4104/4396/2950
f 4105/4397/2951 4104/4396/2950 4106/4398/2952
f 4107/4399/2953 4105/4397/2951 4106/4398/2952
f 4107/4399/2953 4106/4398/2952 4108/4400/2954
f 4109/4401/2955 4107/4399/2953 4108/4400/2954
f 4109/4401/2955 4108/4400/2954 4110/4402/2956
f 4111/4403/2957 4109/4401/2955 4110/4402/2956
f 4111/4403/2957 4110/4402/2956 4112/4404/2958
f 4113/4405/2959 4111/4403/2957 4112/4404/2958
f 4113/4405/2959 4112/4404/2958 4114/4406/2960
f 4115/4407/2961 4113/4405/2959 4114/4406/2960
f 4115/4407/2961 4114/4406/2960 4116/4408/2962
f 4117/4409/2963 4115/4407/2961 4116/4408/2962
f 4117/4409/2963 4116/4408/2962 4118/4410/2964
f 4119/4411/2965 4117/4409/2963 4118/4410/2964
f 4119/4411/2965 4118/4410/2964 4120/4412/2966
f 4121/4413/2967 4119/4411/2965 4120/4412/2966
f 4121/4413/2967 4120/4412/2966 4122/4414/2968
f 4123/4415/2969 4121/4413/2967 4122/4414/2968
f 4123/4415/2969 4122/4414/2968 4124/4416/2970
f 4125/4417/2971 4123/4415/2969 4124/4416/2970
f 4125/4417/2971 4124/4416/2970 4126/4418/2972
f 4127/4419/2973 4125/4417/2971 4126/4418/2972
f 4127/4419/2973 4126/4418/2972 4128/4420/2974
f 4129/4421/2975 4127/4419/2973 4128/4420/2974
f 4129/4421/2975 4128/4420/2974 4130/4422/2976
f 4131/4423/2977 4129/4421/2975 4130/4422/2976
f 4131/4423/2977 4130/4422/2976 4132/4424/2978
f 4133/4425/2979 4131/4423/2977 4132/4424/2978
f 4133/4425/2979 4132/4424/2978 4134/4426/2980
f 4135/4427/2981 4133/4425/2979 4134/4426/2980
f 4135/4427/2981 4134/4426/2980 4136/4428/2982
f 4137/4429/2983 4135/4427/2981 4136/4428/2982
f 4137/4429/2983 4136/4428/2982 4138/4430/2984
f 4139/4431/2985 4137/4429/2983 4138/4430/2984
f 4139/4431/2985 4138/4430/2984 4140/4432/2986
f 4141/4433/2987 4139/4431/2985 4140/4432/2986
f 4141/4433/2987 4140/4432/2986 4142/4434/2988
f 4143/4435/2989 4141/4433/2987 4142/4434/2988
f 4143/4435/2989 4142/4434/2988 4144/4436/2990
f 4145/4437/2991 4143/4435/2989 4144/4436/2990
f 4145/4437/2991 4144/4436/2990 4146/4438/2992
f 4147/4439/2993 4145/4437/2991 4146/4438/2992
f 4147/4439/2993 4146/4438/2992 4148/4440/2994
f 4149/4441/2995 4147/4439/2993 4148/4440/2994
f 4149/4441/2995 4148/4440/2994 4150/4442/2996
f 4151/4443/2997 4149/4441/2995 4150/4442/2996
f 4151/4443/2997 4150/4442/2996 4152/4444/2998
f 4153/4445/2999 4151/4443/2997 4152/4444/2998
f 4153/4445/2999 4152/4444/2998 4154/4446/3000
f 4155/4447/3001 4153/4445/2999 4154/4446/3000
f 4155/4447/3001 4154/4446/3000 4156/4448/3002
f 4157/4449/3003 4155/4447/3001 4156/4448/3002
f 4157/4449/3003 4156/4448/3002 4158/4450/3004
f 4159/4451/3005 4157/4449/3003 4158/4450/3004
f 4159/4451/3005 4158/4450/3004 4160/4452/3006
f 4161/4453/3007 4159/4451/3005 4160/4452/3006
f 4161/4453/3007 4160/4452/3006 4162/4454/3008
f 4163/4455/3009 4161/4453/3007 4162/4454/3008
f 4163/4455/3009 4162/4454/3008 4164/4456/3010
f 4165/4457/3011 4163/4455/3009 4164/4456/3010
f 4165/4457/3011 4164/4456/3010 4166/4458/3012
f 4167/4459/3013 4165/4457/3011 4166/4458/3012
f 4167/4459/3013 4166/4458/3012 4168/4460/3014
f 4169/4461/3015 4167/4459/3013 4168/4460/3014
f 4169/4461/3015 4168/4460/3014 4170/4462/3016
f 4171/4463/3017 4169/4461/3015 4170/4462/3016
f 4171/4463/3017 4170/4462/3016 4172/4464/3018
f 4173/4465/3019 4171/4463/3017 4172/4464/3018
f 4173/4465/3019 4172/4464/3018 4174/4466/3020
f 4175/4467/3021 4173/4465/3019 4174/4466/3020
f 4175/4467/3021 4174/4466/3020 4176/4468/3022
f 4177/4469/3023 4175/4467/3021 4176/4468/3022
f 4177/4469/3023 4176/4468/3022 4178/4470/3024
f 4179/4471/3025 4177/4469/3023 4178/4470/3024
f 4179/4471/3025 4178/4470/3024 4180/4472/3026
f 4181/4473/3027 4179/4471/3025 4180/4472/3026
f 4181/4473/3027 4180/4472/3026 4182/4474/3028
f 4183/4475/3029 4181/4473/3027 4182/4474/3028
f 4183/4475/3029 4182/4474/3028 4184/4476/3030
f 4185/4477/3031 4183/4475/3029 4184/4476/3030
f 4185/4477/3031 4184/4476/3030 4186/4478/3032
f 4187/4479/3033 4185/4477/3031 4186/4478/3032
f 4187/4479/3033 4186/4478/3032 4188/4480/3034
f 4189/4481/3035 4187/4479/3033 4188/4480/3034
f 4189/4481/3035 4188/4480/3034 4190/4482/3036
f 4191/4483/3037 4189/4481/3035 4190/4482/3036
f 4191/4483/3037 4190/4482/3036 4192/4484/3038
f 4193/4485/3039 4191/4483/3037 4192/4484/3038
f 4193/4485/3039 4192/4484/3038 4194/4486/3040
f 4195/4487/3041 4193/4485/3039 4194/4486/3040
f 4195/4487/3041 4194/4486/3040 4196/4488/3042
f 4197/4489/3043 4195/4487/3041 4196/4488/3042
f 4197/4489/3043 4196/4488/3042 4198/4490/3044
f 4199/4491/3045 4197/4489/3043 4198/4490/3044
f 4199/4491/3045 4198/4490/3044 4200/4492/3046
f 4201/4493/3047 4199/4491/3045 4200/4492/3046
f 4201/4493/3047 4200/4492/3046 4202/4494/3048
f 4203/4495/3049 4201/4493/3047 4202/4494/3048
f 4203/4495/3049 4202/4494/3048 4204/4496/3050
f 4205/4497/3051 4203/4495/3049 4204/4496/3050
f 4205/4497/3051 4204/4496/3050 4206/4498/3052
f 4207/4499/3053 4205/4497/3051 4206/4498/3052
f 4207/4499/3053 4206/4498/3052 4208/4500/3054
f 4209/4501/3055 4207/4499/3053 4208/4500/3054
f 4209/4501/3055 4208/4500/3054 4210/4502/3056
f 4211/4503/3057 4209/4501/3055 4210/4502/3056
f 4211/4503/3057 4210/4502/3056 4212/4504/3058
f 4213/4505/3059 4211/4503/3057 4212/4504/3058
f 4213/4505/3059 4212/4504/3058 4214/4506/3060
f 4082/4374/2928 4213/4505/3059 4214/4506/3060
f 4082/4374/2928 4214/4506/3060 4215/4507/3061
f 4083/4375/2929 4082/4374/2928 4215/4507/3061
f 4084/4376/2930 4216/4508/3062 4217/4509/3063
f 4084/4376/2930 4217/4509/3063 4085/4377/2931
f 4218/4510/3064 4089/4381/2935 4219/4511/3065
f 4216/4508/3062 4220/4512/3066 4221/4513/3067
f 4222/4514/3068 4091/4383/2937 4223/4515/3069
f 4224/4516/3070 4220/4512/3066 4216/4508/3062
f 4224/4516/3070 4216/4508/3062 4084/4376/2930
f 4094/4386/2940 4225/4517/3071 4226/4518/3072
f 4094/4386/2940 4226/4518/3072 4095/4387/2941
f 4095/4387/2941 4226/4518/3072 4227/4519/3073
f 4095/4387/2941 4227/4519/3073 4228/4520/3074
f 4229/4521/3075 4230/4522/3076 4231/4523/3077
f 4229/4521/3075 4231/4523/3077 4232/4524/3078
f 4233/4525/3079 4229/4521/3075 4232/4524/3078
f 4233/4525/3079 4232/4524/3078 4234/4526/3080
f 4235/4527/3081 4233/4525/3079 4234/4526/3080
f 4235/4527/3081 4234/4526/3080 4236/4528/3082
f 4237/4529/3083 4235/4527/3081 4236/4528/3082
f 4237/4529/3083 4236/4528/3082 4238/4530/3084
f 4239/4531/3085 4237/4529/3083 4238/4530/3084
f 4239/4531/3085 4238/4530/3084 4240/4532/3086
f 4241/4533/3087 4239/4531/3085 4240/4532/3086
f 4241/4533/3087 4240/4532/3086 4242/4534/3088
f 4243/4535/3089 4241/4533/3087 4242/4534/3088
f 4243/4535/3089 4242/4534/3088 4244/4536/3090
f 4245/4537/3091 4243/4535/3089 4244/4536/3090
f 4245/4537/3091 4244/4536/3090 4246/4538/3092
f 4247/4539/3093 4245/4537/3091 4246/4538/3092
f 4247/4539/3093 4246/4538/3092 4248/4540/3094
f 4249/4541/3095 4247/4539/3093 4248/4540/3094
f 4249/4541/3095 4248/4540/3094 4250/4542/3096
f 4251/4543/3097 4249/4541/3095 4250/4542/3096
f 4251/4543/3097 4250/4542/3096 4252/4544/3098
f 4253/4545/3099 4251/4543/3097 4252/4544/3098
f 4253/4545/3099 4252/4544/3098 4254/4546/3100
f 4255/4547/3101 4253/4545/3099 4254/4546/3100
f 4255/4547/3101 4254/4546/3100 4256/4548/3102
f 4257/4549/3103 4255/4547/3101 4256/4548/3102
f 4257/4549/3103 4256/4548/3102 4258/4550/3104
f 4259/4551/3105 4257/4549/3103 4258/4550/3104
f 4259/4551/3105 4258/4550/3104 4260/4552/3106
f 4261/4553/3107 4259/4551/3105 4260/4552/3106
f 4261/4553/3107 4260/4552/3106 4262/4554/3108
f 4263/4555/3109 4261/4553/3107 4262/4554/3108
f 4263/4555/3109 4262/4554/3108 4264/4556/3110
f 4265/4557/3111 4263/4555/3109 4264/4556/3110
f 4265/4557/3111 4264/4556/3110 4266/4558/3112
f 4267/4559/3113 4265/4557/3111 4266/4558/3112
f 4267/4559/3113 4266/4558/3112 4268/4560/3114
f 4269/4561/3115 4267/4559/3113 4268/4560/3114
f 4269/4561/3115 4268/4560/3114 4270/4562/3116
f 4271/4563/3117 4269/4561/3115 4270/4562/3116
f 4271/4563/3117 4270/4562/3116 4272/4564/3118
f 4273/4565/3119 4271/4563/3117 4272/4564/3118
f 4273/4565/3119 4272/4564/3118 4274/4566/3120
f 4275/4567/3121 4273/4565/3119 4274/4566/3120
f 4275/4567/3121 4274/4566/3120 4276/4568/3122
f 4277/4569/3123 4275/4567/3121 4276/4568/3122
f 4277/4569/3123 4276/4568/3122 4278/4570/3124
f 4279/4571/3125 4277/4569/3123 4278/4570/3124
f 4279/4571/3125 4278/4570/3124 4280/4572/3126
f 4281/4573/3127 4279/4571/3125 4280/4572/3126
f 4281/4573/3127 4280/4572/3126 4282/4574/3128
f 4283/4575/3129 4281/4573/3127 4282/4574/3128
f 4283/4575/3129 4282/4574/3128 4284/4576/3130
f 4285/4577/3131 4283/4575/3129 4284/4576/3130
f 4285/4577/3131 4284/4576/3130 4286/4578/3132
f 4287/4579/3133 4285/4577/3131 4286/4578/3132
f 4287/4579/3133 4286/4578/3132 4288/4580/3134
f 4289/4581/3135 4287/4579/3133 4288/4580/3134
f 4289/4581/3135 4288/4580/3134 4290/4582/3136
f 4291/4583/3137 4289/4581/3135 4290/4582/3136
f 4291/4583/3137 4290/4582/3136 4292/4584/3138
f 4293/4585/3139 4291/4583/3137 4292/4584/3138
f 4293/4585/3139 4292/4584/3138 4294/4586/3140
f 4295/4587/3141 4293/4585/3139 4294/4586/3140
f 4295/4587/3141 4294/4586/3140 4296/4588/3142
f 4297/4589/3143 4295/4587/3141 4296/4588/3142
f 4297/4589/3143 4296/4588/3142 4298/4590/3144
f 4299/4591/3145 4297/4589/3143 4298/4590/3144
f 4299/4591/3145 4298/4590/3144 4300/4592/3146
f 4301/4593/3147 4299/4591/3145 4300/4592/3146
f 4301/4593/3147 4300/4592/3146 4302/4594/3148
f 4303/4595/3149 4301/4593/3147 4302/4594/3148
f 4303/4595/3149 4302/4594/3148 4304/4596/3150
f 4305/4597/3151 4303/4595/3149 4304/4596/3150
f 4305/4597/3151 4304/4596/3150 4306/4598/3152
f 4307/4599/3153 4305/4597/3151 4306/4598/3152
f 4307/4599/3153 4306/4598/3152 4308/4600/3154
f 4309/4601/3155 4307/4599/3153 4308/4600/3154
f 4309/4601/3155 4308/4600/3154 4310/4602/3156
f 4311/4603/3157 4309/4601/3155 4310/4602/3156
f 4311/4603/3157 4310/4602/3156 4312/4604/3158
f 4313/4605/3159 4311/4603/3157 4312/4604/3158
f 4313/4605/3159 4312/4604/3158 4314/4606/3160
f 4315/4607/3161 4313/4605/3159 4314/4606/3160
f 4315/4607/3161 4314/4606/3160 4316/4608/3162
f 4317/4609/3163 4315/4607/3161 4316/4608/3162
f 4317/4609/3163 4316/4608/3162 4318/4610/3164
f 4319/4611/3165 4317/4609/3163 4318/4610/3164
f 4319/4611/3165 4318/4610/3164 4320/4612/3166
f 4321/4613/3167 4319/4611/3165 4320/4612/3166
f 4321/4613/3167 4320/4612/3166 4322/4614/3168
f 4323/4615/3169 4321/4613/3167 4322/4614/3168
f 4323/4615/3169 4322/4614/3168 4324/4616/3170
f 4325/4617/3171 4323/4615/3169 4324/4616/3170
f 4325/4617/3171 4324/4616/3170 4326/4618/3172
f 4327/4619/3173 4325/4617/3171 4326/4618/3172
f 4327/4619/3173 4326/4618/3172 4328/4620/3174
f 4329/4621/3175 4327/4619/3173 4328/4620/3174
f 4329/4621/3175 4328/4620/3174 4330/4622/3176
f 4331/4623/3177 4329/4621/3175 4330/4622/3176
f 4331/4623/3177 4330/4622/3176 4332/4624/3178
f 4333/4625/3179 4331/4623/3177 4332/4624/3178
f 4333/4625/3179 4332/4624/3178 4334/4626/3180
f 4335/4627/3181 4333/4625/3179 4334/4626/3180
f 4335/4627/3181 4334/4626/3180 4336/4628/3182
f 4337/4629/3183 4335/4627/3181 4336/4628/3182
f 4337/4629/3183 4336/4628/3182 4338/4630/3184
f 4339/4631/3185 4337/4629/3183 4338/4630/3184
f 4339/4631/3185 4338/4630/3184 4340/4632/3186
f 4341/4633/3187 4339/4631/3185 4340/4632/3186
f 4341/4633/3187 4340/4632/3186 4342/4634/3188
f 4343/4635/3189 4341/4633/3187 4342/4634/3188
f 4343/4635/3189 4342/4634/3188 4344/4636/3190
f 4345/4637/3191 4343/4635/3189 4344/4636/3190
f 4345/4637/3191 4344/4636/3190 4346/4638/3192
f 4347/4639/3193 4345/4637/3191 4346/4638/3192
f 4347/4639/3193 4346/4638/3192 4348/4640/3194
f 4349/4641/3195 4347/4639/3193 4348/4640/3194
f 4349/4641/3195 4348/4640/3194 4350/4642/3196
f 4351/4643/3197 4349/4641/3195 4350/4642/3196
f 4351/4643/3197 4350/4642/3196 4352/4644/3198
f 4353/4645/3199 4351/4643/3197 4352/4644/3198
f 4225/4517/3071 4091/4383/2937 4222/4514/3068
f 4225/4517/3071 4222/4514/3068 4226/4518/3072
f 4228/4520/3074 4227/4519/3073 4224/4516/3070
f 4228/4520/3074 4224/4516/3070 4354/4646/3200
f 4227/4519/3073 4355/4647/3201 4220/4512/3066
f 4227/4519/3073 4220/4512/3066 4224/4516/3070
f 4089/4381/2935 3954/4246/2800 4356/4648/3202
f 4357/4649/3203 4228/4520/3074 4354/4646/3200
f 4357/4649/3203 4354/4646/3200 4358/4650/3204
f 4359/4651/3205 4357/4649/3203 4358/4650/3204
f 4359/4651/3205 4358/4650/3204 4360/4652/3206
f 4361/4653/3207 4359/4651/3205 4360/4652/3206
f 4361/4653/3207 4360/4652/3206 4362/4654/3208
f 4363/4655/3209 4361/4653/3207 4362/4654/3208
f 4363/4655/3209 4362/4654/3208 4364/4656/3210
f 4365/4657/3211 4363/4655/3209 4364/4656/3210
f 4365/4657/3211 4364/4656/3210 4366/4658/3212
f 4367/4659/3213 4365/4657/3211 4366/4658/3212
f 4367/4659/3213 4366/4658/3212 4368/4660/3214
f 4369/4661/3215 4367/4659/3213 4368/4660/3214
f 4369/4661/3215 4368/4660/3214 4370/4662/3216
f 4371/4663/3217 4369/4661/3215 4370/4662/3216
f 4371/4663/3217 4370/4662/3216 4372/4664/3218
f 4373/4665/3219 4371/4663/3217 4372/4664/3218
f 4373/4665/3219 4372/4664/3218 4374/4666/3220
f 4375/4667/3221 4373/4665/3219 4374/4666/3220
f 4375/4667/3221 4374/4666/3220 4376/4668/3222
f 4377/4669/3223 4375/4667/3221 4376/4668/3222
f 4377/4669/3223 4376/4668/3222 4378/4670/3224
f 4379/4671/3225 4377/4669/3223 4378/4670/3224
f 4379/4671/3225 4378/4670/3224 4380/4672/3226
f 4381/4673/3227 4379/4671/3225 4380/4672/3226
f 4381/4673/3227 4380/4672/3226 4382/4674/3228
f 4383/4675/3229 4381/4673/3227 4382/4674/3228
f 4383/4675/3229 4382/4674/3228 4384/4676/3230
f 4385/4677/3231 4383/4675/3229 4384/4676/3230
f 4385/4677/3231 4384/4676/3230 4386/4678/3232
f 4387/4679/3233 4385/4677/3231 4386/4678/3232
f 4387/4679/3233 4386/4678/3232 4388/4680/3234
f 4389/4681/3235 4387/4679/3233 4388/4680/3234
f 4389/4681/3235 4388/4680/3234 4390/4682/3236
f 4391/4683/3237 4389/4681/3235 4390/4682/3236
f 4391/4683/3237 4390/4682/3236 4392/4684/3238
f 4393/4685/3239 4391/4683/3237 4392/4684/3238
f 4393/4685/3239 4392/4684/3238 4394/4686/3240
f 4395/4687/3241 4393/4685/3239 4394/4686/3240
f 4395/4687/3241 4394/4686/3240 4396/4688/3242
f 4397/4689/3243 4395/4687/3241 4396/4688/3242
f 4397/4689/3243 4396/4688/3242 4398/4690/3244
f 4399/4691/3245 4397/4689/3243 4398/4690/3244
f 4399/4691/3245 4398/4690/3244 4400/4692/3246
f 4401/4693/3247 4399/4691/3245 4400/4692/3246
f 4401/4693/3247 4400/4692/3246 4402/4694/3248
f 4403/4695/3249 4401/4693/3247 4402/4694/3248
f 4403/4695/3249 4402/4694/3248 4404/4696/3250
f 4405/4697/3251 4403/4695/3249 4404/4696/3250
f 4405/4697/3251 4404/4696/3250 4406/4698/3252
f 4407/4699/3253 4405/4697/3251 4406/4698/3252
f 4407/4699/3253 4406/4698/3252 4408/4700/3254
f 4409/4701/3255 4407/4699/3253 4408/4700/3254
f 4409/4701/3255 4408/4700/3254 4410/4702/3256
f 4411/4703/3257 4409/4701/3255 4410/4702/3256
f 4411/4703/3257 4410/4702/3256 4412/4704/3258
f 4413/4705/3259 4411/4703/3257 4412/4704/3258
f 4413/4705/3259 4412/4704/3258 4414/4706/3260
f 4415/4707/3261 4413/4705/3259 4414/4706/3260
f 4415/4707/3261 4414/4706/3260 4416/4708/3262
f 4417/4709/3263 4415/4707/3261 4416/4708/3262
f 4417/4709/3263 4416/4708/3262 4418/4710/3264
f 4419/4711/3265 4417/4709/3263 4418/4710/3264
f 4419/4711/3265 4418/4710/3264 4420/4712/3266
f 4421/4713/3267 4419/4711/3265 4420/4712/3266
f 4421/4713/3267 4420/4712/3266 4422/4714/3268
f 4423/4715/3269 4421/4713/3267 4422/4714/3268
f 4423/4715/3269 4422/4714/3268 4424/4716/3270
f 4425/4717/3271 4423/4715/3269 4424/4716/3270
f 4425/4717/3271 4424/4716/3270 4426/4718/3272
f 4427/4719/3273 4425/4717/3271 4426/4718/3272
f 4427/4719/3273 4426/4718/3272 4428/4720/3274
f 4429/4721/3275 4427/4719/3273 4428/4720/3274
f 4429/4721/3275 4428/4720/3274 4430/4722/3276
f 4431/4723/3277 4429/4721/3275 4430/4722/3276
f 4431/4723/3277 4430/4722/3276 4432/4724/3278
f 4433/4725/3279 4431/4723/3277 4432/4724/3278
f 4433/4725/3279 4432/4724/3278 4434/4726/3280
f 4435/4727/3281 4433/4725/3279 4434/4726/3280
f 4435/4727/3281 4434/4726/3280 4436/4728/3282
f 4437/4729/3283 4435/4727/3281 4436/4728/3282
f 4437/4729/3283 4436/4728/3282 4438/4730/3284
f 4439/4731/3285 4437/4729/3283 4438/4730/3284
f 4439/4731/3285 4438/4730/3284 4440/4732/3286
f 4441/4733/3287 4439/4731/3285 4440/4732/3286
f 4441/4733/3287 4440/4732/3286 4442/4734/3288
f 4443/4735/3289 4441/4733/3287 4442/4734/3288
f 4443/4735/3289 4442/4734/3288 4444/4736/3290
f 4445/4737/3291 4443/4735/3289 4444/4736/3290
f 4445/4737/3291 4444/4736/3290 4446/4738/3292
f 4447/4739/3293 4445/4737/3291 4446/4738/3292
f 4447/4739/3293 4446/4738/3292 4448/4740/3294
f 4449/4741/3295 4447/4739/3293 4448/4740/3294
f 4449/4741/3295 4448/4740/3294 4450/4742/3296
f 4451/4743/3297 4449/4741/3295 4450/4742/3296
f 4451/4743/3297 4450/4742/3296 4452/4744/3298
f 4453/4745/3299 4451/4743/3297 4452/4744/3298
f 4453/4745/3299 4452/4744/3298 4454/4746/3300
f 4455/4747/3301 4453/4745/3299 4454/4746/3300
f 4455/4747/3301 4454/4746/3300 4456/4748/3302
f 4457/4749/3303 4455/4747/3301 4456/4748/3302
f 4457/4749/3303 4456/4748/3302 4458/4750/3304
f 4459/4751/3305 4457/4749/3303 4458/4750/3304
f 4459/4751/3305 4458/4750/3304 4460/4752/3306
f 4461/4753/3307 4459/4751/3305 4460/4752/3306
f 4461/4753/3307 4460/4752/3306 4462/4754/3308
f 4463/4755/3309 4461/4753/3307 4462/4754/3308
f 4463/4755/3309 4462/4754/3308 4464/4756/3310
f 4465/4757/3311 4463/4755/3309 4464/4756/3310
f 4465/4757/3311 4464/4756/3310 4466/4758/3312
f 4467/4759/3313 4465/4757/3311 4466/4758/3312
f 4467/4759/3313 4466/4758/3312 4468/4760/3314
f 4469/4761/3315 4467/4759/3313 4468/4760/3314
f 4469/4761/3315 4468/4760/3314 4470/4762/3316
f 4471/4763/3317 4469/4761/3315 4470/4762/3316
f 4471/4763/3317 4470/4762/3316 4472/4764/3318
f 4473/4765/3319 4471/4763/3317 4472/4764/3318
f 4473/4765/3319 4472/4764/3318 4474/4766/3320
f 4475/4767/3321 4473/4765/3319 4474/4766/3320
f 4475/4767/3321 4474/4766/3320 4476/4768/3322
f 4477/4769/3323 4475/4767/3321 4476/4768/3322
f 4477/4769/3323 4476/4768/3322 4478/4770/3324
f 4479/4771/3325 4477/4769/3323 4478/4770/3324
f 4479/4771/3325 4478/4770/3324 4480/4772/3326
f 3953/4245/2799 4481/4773/3327 4482/4774/3328
f 4231/4775/3077 4483/4776/3329 4484/4777/3330
f 4231/4775/3077 4484/4777/3330 4485/4778/3331
f 4485/4778/3331 4484/4777/3330 4486/4779/3332
f 4485/4778/3331 4486/4779/3332 4487/4780/3333
f 3961/4253/2807 3959/4251/2805 4488/4781/3334
f 3961/4253/2807 4488/4781/3334 4489/4782/3335
f 3963/4255/2809 3961/4253/2807 4489/4782/3335
f 3963/4255/2809 4489/4782/3335 4490/4783/3336
f 3965/4257/2811 3963/4255/2809 4490/4783/3336
f 3965/4257/2811 4490/4783/3336 4491/4784/3337
f 3967/4259/2813 3965/4257/2811 4491/4784/3337
f 3967/4259/2813 4491/4784/3337 4492/4785/3338
f 3969/4261/2815 3967/4259/2813 4492/4785/3338
f 3969/4261/2815 4492/4785/3338 4493/4786/3339
f 3971/4263/2817 3969/4261/2815 4493/4786/3339
f 3971/4263/2817 4493/4786/3339 4494/4787/3340
f 3973/4265/2819 3971/4263/2817 4494/4787/3340
f 3973/4265/2819 4494/4787/3340 4495/4788/3341
f 3975/4267/2821 3973/4265/2819 4495/4788/3341
f 3975/4267/2821 4495/4788/3341 4496/4789/3342
f 3977/4269/2823 3975/4267/2821 4496/4789/3342
f 3977/4269/2823 4496/4789/3342 4497/4790/3343
f 3979/4271/2825 3977/4269/2823 4497/4790/3343
f 3979/4271/2825 4497/4790/3343 4498/4791/3344
f 3981/4273/2827 3979/4271/2825 4498/4791/3344
f 3981/4273/2827 4498/4791/3344 4499/4792/3345
f 3983/4275/2829 3981/4273/2827 4499/4792/3345
f 3983/4275/2829 4499/4792/3345 4500/4793/3346
f 3985/4277/2831 3983/4275/2829 4500/4793/3346
f 3985/4277/2831 4500/4793/3346 4501/4794/3347
f 3987/4279/2833 3985/4277/2831 4501/4794/3347
f 3987/4279/2833 4501/4794/3347 4502/4795/3348
f 3989/4281/2835 3987/4279/2833 4502/4795/3348
f 3989/4281/2835 4502/4795/3348 4503/4796/3349
f 3991/4283/2837 3989/4281/2835 4503/4796/3349
f 3991/4283/2837 4503/4796/3349 4504/4797/3350
f 3993/4285/2839 3991/4283/2837 4504/4797/3350
f 3993/4285/2839 4504/4797/3350 4505/4798/3351
f 3995/4287/2841 3993/4285/2839 4505/4798/3351
f 3995/4287/2841 4505/4798/3351 4506/4799/3352
f 3997/4289/2843 3995/4287/2841 4506/4799/3352
f 3997/4289/2843 4506/4799/3352 4507/4800/3353
f 3999/4291/2845 3997/4289/2843 4507/4800/3353
f 3999/4291/2845 4507/4800/3353 4508/4801/3354
f 4001/4293/2847 3999/4291/2845 4508/4801/3354
f 4001/4293/2847 4508/4801/3354 4509/4802/3355
f 4003/4295/2849 4001/4293/2847 4509/4802/3355
f 4003/4295/2849 4509/4802/3355 4510/4803/3356
f 4005/4297/2851 4003/4295/2849 4510/4803/3356
f 4005/4297/2851 4510/4803/3356 4511/4804/3357
f 4007/4299/2853 4005/4297/2851 4511/4804/3357
f 4007/4299/2853 4511/4804/3357 4512/4805/3358
f 4009/4301/2855 4007/4299/2853 4512/4805/3358
f 4009/4301/2855 4512/4805/3358 4513/4806/3359
f 4011/4303/2857 4009/4301/2855 4513/4806/3359
f 4011/4303/2857 4513/4806/3359 4514/4807/3360
f 4013/4305/2859 4011/4303/2857 4514/4807/3360
f 4013/4305/2859 4514/4807/3360 4515/4808/3361
f 4015/4307/2861 4013/4305/2859 4515/4808/3361
f 4015/4307/2861 4515/4808/3361 4516/4809/3362
f 4017/4309/2863 4015/4307/2861 4516/4809/3362
f 4017/4309/2863 4516/4809/3362 4517/4810/3363
f 4019/4311/2865 4017/4309/2863 4517/4810/3363
f 4019/4311/2865 4517/4810/3363 4518/4811/3364
f 4021/4313/2867 4019/4311/2865 4518/4811/3364
f 4021/4313/2867 4518/4811/3364 4519/4812/3365
f 4023/4315/2869 4021/4313/2867 4519/4812/3365
f 4023/4315/2869 4519/4812/3365 4520/4813/3366
f 4025/4317/2871 4023/4315/2869 4520/4813/3366
f 4025/4317/2871 4520/4813/3366 4521/4814/3367
f 4027/4319/2873 4025/4317/2871 4521/4814/3367
f 4027/4319/2873 4521/4814/3367 4522/4815/3368
f 4029/4321/2875 4027/4319/2873 4522/4815/3368
f 4029/4321/2875 4522/4815/3368 4523/4816/3369
f 4031/4323/2877 4029/4321/2875 4523/4816/3369
f 4031/4323/2877 4523/4816/3369 4524/4817/3370
f 4033/4325/2879 4031/4323/2877 4524/4817/3370
f 4033/4325/2879 4524/4817/3370 4525/4818/3371
f 4035/4327/2881 4033/4325/2879 4525/4818/3371
f 4035/4327/2881 4525/4818/3371 4526/4819/3372
f 4037/4329/2883 4035/4327/2881 4526/4819/3372
f 4037/4329/2883 4526/4819/3372 4527/4820/3373
f 4039/4331/2885 4037/4329/2883 4527/4820/3373
f 4039/4331/2885 4527/4820/3373 4528/4821/3374
f 4041/4333/2887 4039/4331/2885 4528/4821/3374
f 4041/4333/2887 4528/4821/3374 4529/4822/3375
f 4043/4335/2889 4041/4333/2887 4529/4822/3375
f 4043/4335/2889 4529/4822/3375 4530/4823/3376
f 4045/4337/2891 4043/4335/2889 4530/4823/3376
f 4045/4337/2891 4530/4823/3376 4531/4824/3377
f 4047/4339/2893 4045/4337/2891 4531/4824/3377
f 4047/4339/2893 4531/4824/3377 4532/4825/3378
f 4049/4341/2895 4047/4339/2893 4532/4825/3378
f 4049/4341/2895 4532/4825/3378 4533/4826/3379
f 4051/4343/2897 4049/4341/2895 4533/4826/3379
f 4051/4343/2897 4533/4826/3379 4534/4827/3380
f 4053/4345/2899 4051/4343/2897 4534/4827/3380
f 4053/4345/2899 4534/4827/3380 4535/4828/3381
f 4055/4347/2901 4053/4345/2899 4535/4828/3381
f 4055/4347/2901 4535/4828/3381 4536/4829/3382
f 4057/4349/2903 4055/4347/2901 4536/4829/3382
f 4057/4349/2903 4536/4829/3382 4537/4830/3383
f 4059/4351/2905 4057/4349/2903 4537/4830/3383
f 4059/4351/2905 4537/4830/3383 4538/4831/3384
f 4061/4353/2907 4059/4351/2905 4538/4831/3384
f 4061/4353/2907 4538/4831/3384 4539/4832/3385
f 4063/4355/2909 4061/4353/2907 4539/4832/3385
f 4063/4355/2909 4539/4832/3385 4540/4833/3386
f 4065/4357/2911 4063/4355/2909 4540/4833/3386
f 4065/4357/2911 4540/4833/3386 4541/4834/3387
f 4067/4359/2913 4065/4357/2911 4541/4834/3387
f 4067/4359/2913 4541/4834/3387 4542/4835/3388
f 4069/4361/2915 4067/4359/2913 4542/4835/3388
f 4069/4361/2915 4542/4835/3388 4543/4836/3389
f 4071/4363/2917 4069/4361/2915 4543/4836/3389
f 4071/4363/2917 4543/4836/3389 4544/4837/3390
f 4073/4365/2919 4071/4363/2917 4544/4837/3390
f 4073/4365/2919 4544/4837/3390 4545/4838/3391
f 4075/4367/2921 4073/4365/2919 4545/4838/3391
f 4075/4367/2921 4545/4838/3391 4546/4839/3392
f 4077/4369/2923 4075/4367/2921 4546/4839/3392
f 4077/4369/2923 4546/4839/3392 4547/4840/3393
f 4079/4371/2925 4077/4369/2923 4547/4840/3393
f 4079/4371/2925 4547/4840/3393 4548/4841/3394
f 4549/4842/3395 4079/4371/2925 4548/4841/3394
f 4483/4776/3329 4218/4510/3064 3950/4242/2796
f 4483/4776/3329 3950/4242/2796 4484/4777/3330
f 4550/4843/3396 4551/4844/3397 4086/4378/2932
f 3958/4250/2804 4085/4377/2931 4552/4845/3398
f 3958/4250/2804 4552/4845/3398 4553/4846/3399
f 4484/4777/3330 3950/4242/2796 3949/4241/2795
f 4484/4777/3330 3949/4241/2795 4486/4779/3332
f 4230/4522/3076 4090/4382/2936 4483/4847/3329
f 4230/4522/3076 4483/4847/3329 4231/4523/3077
f 4232/4848/3078 4231/4775/3077 4485/4778/3331
f 4232/4848/3078 4485/4778/3331 4554/4849/3400
f 4234/4850/3080 4232/4848/3078 4554/4849/3400
f 4234/4850/3080 4554/4849/3400 4555/4851/3401
f 4236/4852/3082 4234/4850/3080 4555/4851/3401
f 4236/4852/3082 4555/4851/3401 4556/4853/3402
f 4238/4854/3084 4236/4852/3082 4556/4853/3402
f 4238/4854/3084 4556/4853/3402 4557/4855/3403
f 4240/4856/3086 4238/4854/3084 4557/4855/3403
f 4240/4856/3086 4557/4855/3403 4558/4857/3404
f 4242/4858/3088 4240/4856/3086 4558/4857/3404
f 4242/4858/3088 4558/4857/3404 4559/4859/3405
f 4244/4860/3090 4242/4858/3088 4559/4859/3405
f 4244/4860/3090 4559/4859/3405 4560/4861/3406
f 4246/4862/3092 4244/4860/3090 4560/4861/3406
f 4246/4862/3092 4560/4861/3406 4561/4863/3407
f 4248/4864/3094 4246/4862/3092 4561/4863/3407
f 4248/4864/3094 4561/4863/3407 4562/4865/3408
f 4250/4866/3096 4248/4864/3094 4562/4865/3408
f 4250/4866/3096 4562/4865/3408 4563/4867/3409
f 4252/4868/3098 4250/4866/3096 4563/4867/3409
f 4252/4868/3098 4563/4867/3409 4564/4869/3410
f 4254/4870/3100 4252/4868/3098 4564/4869/3410
f 4254/4870/3100 4564/4869/3410 4565/4871/3411
f 4256/4872/3102 4254/4870/3100 4565/4871/3411
f 4256/4872/3102 4565/4871/3411 4566/4873/3412
f 4258/4874/3104 4256/4872/3102 4566/4873/3412
f 4258/4874/3104 4566/4873/3412 4567/4875/3413
f 4260/4876/3106 4258/4874/3104 4567/4875/3413
f 4260/4876/3106 4567/4875/3413 4568/4877/3414
f 4262/4878/3108 4260/4876/3106 4568/4877/3414
f 4262/4878/3108 4568/4877/3414 4569/4879/3415
f 4264/4880/3110 4262/4878/3108 4569/4879/3415
f 4264/4880/3110 4569/4879/3415 4570/4881/3416
f 4266/4882/3112 4264/4880/3110 4570/4881/3416
f 4266/4882/3112 4570/4881/3416 4571/4883/3417
f 4268/4884/3114 4266/4882/3112 4571/4883/3417
f 4268/4884/3114 4571/4883/3417 4572/4885/3418
f 4270/4886/3116 4268/4884/3114 4572/4885/3418
f 4270/4886/3116 4572/4885/3418 4573/4887/3419
f 4272/4888/3118 4270/4886/3116 4573/4887/3419
f 4272/4888/3118 4573/4887/3419 4574/4889/3420
f 4274/4890/3120 4272/4888/3118 4574/4889/3420
f 4274/4890/3120 4574/4889/3420 4575/4891/3421
f 4276/4892/3122 4274/4890/3120 4575/4891/3421
f 4276/4892/3122 4575/4891/3421 4576/4893/3422
f 4278/4894/3124 4276/4892/3122 4576/4893/3422
f 4278/4894/3124 4576/4893/3422 4577/4895/3423
f 4280/4896/3126 4278/4894/3124 4577/4895/3423
f 4280/4896/3126 4577/4895/3423 4578/4897/3424
f 4282/4898/3128 4280/4896/3126 4578/4897/3424
f 4282/4898/3128 4578/4897/3424 4579/4899/3425
f 4284/4900/3130 4282/4898/3128 4579/4899/3425
f 4284/4900/3130 4579/4899/3425 4580/4901/3426
f 4286/4902/3132 4284/4900/3130 4580/4901/3426
f 4286/4902/3132 4580/4901/3426 4581/4903/3427
f 4288/4904/3134 4286/4902/3132 4581/4903/3427
f 4288/4904/3134 4581/4903/3427 4582/4905/3428
f 4290/4906/3136 4288/4904/3134 4582/4905/3428
f 4290/4906/3136 4582/4905/3428 4583/4907/3429
f 4292/4908/3138 4290/4906/3136 4583/4907/3429
f 4292/4908/3138 4583/4907/3429 4584/4909/3430
f 4294/4910/3140 4292/4908/3138 4584/4909/3430
f 4294/4910/3140 4584/4909/3430 4585/4911/3431
f 4296/4912/3142 4294/4910/3140 4585/4911/3431
f 4296/4912/3142 4585/4911/3431 4586/4913/3432
f 4298/4914/3144 4296/4912/3142 4586/4913/3432
f 4298/4914/3144 4586/4913/3432 4587/4915/3433
f 4300/4916/3146 4298/4914/3144 4587/4915/3433
f 4300/4916/3146 4587/4915/3433 4588/4917/3434
f 4302/4918/3148 4300/4916/3146 4588/4917/3434
f 4302/4918/3148 4588/4917/3434 4589/4919/3435
f 4304/4920/3150 4302/4918/3148 4589/4919/3435
f 4304/4920/3150 4589/4919/3435 4590/4921/3436
f 4306/4922/3152 4304/4920/3150 4590/4921/3436
f 4306/4922/3152 4590/4921/3436 4591/4923/3437
f 4308/4924/3154 4306/4922/3152 4591/4923/3437
f 4308/4924/3154 4591/4923/3437 4592/4925/3438
f 4310/4926/3156 4308/4924/3154 4592/4925/3438
f 4310/4926/3156 4592/4925/3438 4593/4927/3439
f 4312/4928/3158 4310/4926/3156 4593/4927/3439
f 4312/4928/3158 4593/4927/3439 4594/4929/3440
f 4314/4930/3160 4312/4928/3158 4594/4929/3440
f 4314/4930/3160 4594/4929/3440 4595/4931/3441
f 4316/4932/3162 4314/4930/3160 4595/4931/3441
f 4316/4932/3162 4595/4931/3441 4596/4933/3442
f 4318/4934/3164 4316/4932/3162 4596/4933/3442
f 4318/4934/3164 4596/4933/3442 4597/4935/3443
f 4320/4936/3166 4318/4934/3164 4597/4935/3443
f 4320/4936/3166 4597/4935/3443 4598/4937/3444
f 4322/4938/3168 4320/4936/3166 4598/4937/3444
f 4322/4938/3168 4598/4937/3444 4599/4939/3445
f 4324/4940/3170 4322/4938/3168 4599/4939/3445
f 4324/4940/3170 4599/4939/3445 4600/4941/3446
f 4326/4942/3172 4324/4940/3170 4600/4941/3446
f 4326/4942/3172 4600/4941/3446 4601/4943/3447
f 4328/4944/3174 4326/4942/3172 4601/4943/3447
f 4328/4944/3174 4601/4943/3447 4602/4945/3448
f 4330/4946/3176 4328/4944/3174 4602/4945/3448
f 4330/4946/3176 4602/4945/3448 4603/4947/3449
f 4332/4948/3178 4330/4946/3176 4603/4947/3449
f 4332/4948/3178 4603/4947/3449 4604/4949/3450
f 4334/4950/3180 4332/4948/3178 4604/4949/3450
f 4334/4950/3180 4604/4949/3450 4605/4951/3451
f 4336/4952/3182 4334/4950/3180 4605/4951/3451
f 4336/4952/3182 4605/4951/3451 4606/4953/3452
f 4338/4954/3184 4336/4952/3182 4606/4953/3452
f 4338/4954/3184 4606/4953/3452 4607/4955/3453
f 4340/4956/3186 4338/4954/3184 4607/4955/3453
f 4340/4956/3186 4607/4955/3453 4608/4957/3454
f 4342/4958/3188 4340/4956/3186 4608/4957/3454
f 4342/4958/3188 4608/4957/3454 4609/4959/3455
f 4344/4960/3190 4342/4958/3188 4609/4959/3455
f 4344/4960/3190 4609/4959/3455 4610/4961/3456
f 4346/4962/3192 4344/4960/3190 4610/4961/3456
f 4346/4962/3192 4610/4961/3456 4611/4963/3457
f 4348/4964/3194 4346/4962/3192 4611/4963/3457
f 4348/4964/3194 4611/4963/3457 4612/4965/3458
f 4350/4966/3196 4348/4964/3194 4612/4965/3458
f 4350/4966/3196 4612/4965/3458 4613/4967/3459
f 4352/4644/3198 4350/4966/3196 4613/4967/3459
f 4352/4644/3198 4613/4967/3459 4614/4968/3460
f 4615/4969/3461 4352/4644/3198 4614/4968/3460
f 4480/4772/3326 4078/4370/2924 4080/4372/2926
f 4217/4509/3063 4216/4508/3062 4616/4970/3462
f 3954/4246/2800 3953/4245/2799 4617/4971/3463
f 4488/4781/3334 4553/4846/3399 4618/4972/3464
f 4488/4781/3334 4618/4972/3464 4619/4973/3465
f 4358/4650/3204 4354/4646/3200 3957/4249/2803
f 4358/4650/3204 3957/4249/2803 3956/4248/2802
f 4360/4652/3206 4358/4650/3204 3956/4248/2802
f 4360/4652/3206 3956/4248/2802 3960/4252/2806
f 4362/4654/3208 4360/4652/3206 3960/4252/2806
f 4362/4654/3208 3960/4252/2806 3962/4254/2808
f 4364/4656/3210 4362/4654/3208 3962/4254/2808
f 4364/4656/3210 3962/4254/2808 3964/4256/2810
f 4366/4658/3212 4364/4656/3210 3964/4256/2810
f 4366/4658/3212 3964/4256/2810 3966/4258/2812
f 4368/4660/3214 4366/4658/3212 3966/4258/2812
f 4368/4660/3214 3966/4258/2812 3968/4260/2814
f 4370/4662/3216 4368/4660/3214 3968/4260/2814
f 4370/4662/3216 3968/4260/2814 3970/4262/2816
f 4372/4664/3218 4370/4662/3216 3970/4262/2816
f 4372/4664/3218 3970/4262/2816 3972/4264/2818
f 4374/4666/3220 4372/4664/3218 3972/4264/2818
f 4374/4666/3220 3972/4264/2818 3974/4266/2820
f 4376/4668/3222 4374/4666/3220 3974/4266/2820
f 4376/4668/3222 3974/4266/2820 3976/4268/2822
f 4378/4670/3224 4376/4668/3222 3976/4268/2822
f 4378/4670/3224 3976/4268/2822 3978/4270/2824
f 4380/4672/3226 4378/4670/3224 3978/4270/2824
f 4380/4672/3226 3978/4270/2824 3980/4272/2826
f 4382/4674/3228 4380/4672/3226 3980/4272/2826
f 4382/4674/3228 3980/4272/2826 3982/4274/2828
f 4384/4676/3230 4382/4674/3228 3982/4274/2828
f 4384/4676/3230 3982/4274/2828 3984/4276/2830
f 4386/4678/3232 4384/4676/3230 3984/4276/2830
f 4386/4678/3232 3984/4276/2830 3986/4278/2832
f 4388/4680/3234 4386/4678/3232 3986/4278/2832
f 4388/4680/3234 3986/4278/2832 3988/4280/2834
f 4390/4682/3236 4388/4680/3234 3988/4280/2834
f 4390/4682/3236 3988/4280/2834 3990/4282/2836
f 4392/4684/3238 4390/4682/3236 3990/4282/2836
f 4392/4684/3238 3990/4282/2836 3992/4284/2838
f 4394/4686/3240 4392/4684/3238 3992/4284/2838
f 4394/4686/3240 3992/4284/2838 3994/4286/2840
f 4396/4688/3242 4394/4686/3240 3994/4286/2840
f 4396/4688/3242 3994/4286/2840 3996/4288/2842
f 4398/4690/3244 4396/4688/3242 3996/4288/2842
f 4398/4690/3244 3996/4288/2842 3998/4290/2844
f 4400/4692/3246 4398/4690/3244 3998/4290/2844
f 4400/4692/3246 3998/4290/2844 4000/4292/2846
f 4402/4694/3248 4400/4692/3246 4000/4292/2846
f 4402/4694/3248 4000/4292/2846 4002/4294/2848
f 4404/4696/3250 4402/4694/3248 4002/4294/2848
f 4404/4696/3250 4002/4294/2848 4004/4296/2850
f 4406/4698/3252 4404/4696/3250 4004/4296/2850
f 4406/4698/3252 4004/4296/2850 4006/4298/2852
f 4408/4700/3254 4406/4698/3252 4006/4298/2852
f 4408/4700/3254 4006/4298/2852 4008/4300/2854
f 4410/4702/3256 4408/4700/3254 4008/4300/2854
f 4410/4702/3256 4008/4300/2854 4010/4302/2856
f 4412/4704/3258 4410/4702/3256 4010/4302/2856
f 4412/4704/3258 4010/4302/2856 4012/4304/2858
f 4414/4706/3260 4412/4704/3258 4012/4304/2858
f 4414/4706/3260 4012/4304/2858 4014/4306/2860
f 4416/4708/3262 4414/4706/3260 4014/4306/2860
f 4416/4708/3262 4014/4306/2860 4016/4308/2862
f 4418/4710/3264 4416/4708/3262 4016/4308/2862
f 4418/4710/3264 4016/4308/2862 4018/4310/2864
f 4420/4712/3266 4418/4710/3264 4018/4310/2864
f 4420/4712/3266 4018/4310/2864 4020/4312/2866
f 4422/4714/3268 4420/4712/3266 4020/4312/2866
f 4422/4714/3268 4020/4312/2866 4022/4314/2868
f 4424/4716/3270 4422/4714/3268 4022/4314/2868
f 4424/4716/3270 4022/4314/2868 4024/4316/2870
f 4426/4718/3272 4424/4716/3270 4024/4316/2870
f 4426/4718/3272 4024/4316/2870 4026/4318/2872
f 4428/4720/3274 4426/4718/3272 4026/4318/2872
f 4428/4720/3274 4026/4318/2872 4028/4320/2874
f 4430/4722/3276 4428/4720/3274 4028/4320/2874
f 4430/4722/3276 4028/4320/2874 4030/4322/2876
f 4432/4724/3278 4430/4722/3276 4030/4322/2876
f 4432/4724/3278 4030/4322/2876 4032/4324/2878
f 4434/4726/3280 4432/4724/3278 4032/4324/2878
f 4434/4726/3280 4032/4324/2878 4034/4326/2880
f 4436/4728/3282 4434/4726/3280 4034/4326/2880
f 4436/4728/3282 4034/4326/2880 4036/4328/2882
f 4438/4730/3284 4436/4728/3282 4036/4328/2882
f 4438/4730/3284 4036/4328/2882 4038/4330/2884
f 4440/4732/3286 4438/4730/3284 4038/4330/2884
f 4440/4732/3286 4038/4330/2884 4040/4332/2886
f 4442/4734/3288 4440/4732/3286 4040/4332/2886
f 4442/4734/3288 4040/4332/2886 4042/4334/2888
f 4444/4736/3290 4442/4734/3288 4042/4334/2888
f 4444/4736/3290 4042/4334/2888 4044/4336/2890
f 4446/4738/3292 4444/4736/3290 4044/4336/2890
f 4446/4738/3292 4044/4336/2890 4046/4338/2892
f 4448/4740/3294 4446/4738/3292 4046/4338/2892
f 4448/4740/3294 4046/4338/2892 4048/4340/2894
f 4450/4742/3296 4448/4740/3294 4048/4340/2894
f 4450/4742/3296 4048/4340/2894 4050/4342/2896
f 4452/4744/3298 4450/4742/3296 4050/4342/2896
f 4452/4744/3298 4050/4342/2896 4052/4344/2898
f 4454/4746/3300 4452/4744/3298 4052/4344/2898
f 4454/4746/3300 4052/4344/2898 4054/4346/2900
f 4456/4748/3302 4454/4746/3300 4054/4346/2900
f 4456/4748/3302 4054/4346/2900 4056/4348/2902
f 4458/4750/3304 4456/4748/3302 4056/4348/2902
f 4458/4750/3304 4056/4348/2902 4058/4350/2904
f 4460/4752/3306 4458/4750/3304 4058/4350/2904
f 4460/4752/3306 4058/4350/2904 4060/4352/2906
f 4462/4754/3308 4460/4752/3306 4060/4352/2906
f 4462/4754/3308 4060/4352/2906 4062/4354/2908
f 4464/4756/3310 4462/4754/3308 4062/4354/2908
f 4464/4756/3310 4062/4354/2908 4064/4356/2910
f 4466/4758/3312 4464/4756/3310 4064/4356/2910
f 4466/4758/3312 4064/4356/2910 4066/4358/2912
f 4468/4760/3314 4466/4758/3312 4066/4358/2912
f 4468/4760/3314 4066/4358/2912 4068/4360/2914
f 4470/4762/3316 4468/4760/3314 4068/4360/2914
f 4470/4762/3316 4068/4360/2914 4070/4362/2916
f 4472/4764/3318 4470/4762/3316 4070/4362/2916
f 4472/4764/3318 4070/4362/2916 4072/4364/2918
f 4474/4766/3320 4472/4764/3318 4072/4364/2918
f 4474/4766/3320 4072/4364/2918 4074/4366/2920
f 4476/4768/3322 4474/4766/3320 4074/4366/2920
f 4476/4768/3322 4074/4366/2920 4076/4368/2922
f 4478/4770/3324 4476/4768/3322 4076/4368/2922
f 4478/4770/3324 4076/4368/2922 4078/4370/2924
f 4480/4772/3326 4478/4770/3324 4078/4370/2924
f 4090/4382/2936 4089/4381/2935 4218/4510/3064
f 4090/4382/2936 4218/4510/3064 4483/4847/3329
f 4553/4846/3399 4552/4845/3398 3952/4244/2798
f 4553/4846/3399 3952/4244/2798 4618/4972/3464
f 4619/4973/3465 4618/4972/3464 4620/4974/3466
f 4619/4973/3465 4620/4974/3466 4621/4975/3467
f 4622/4976/3468 4619/4973/3465 4621/4975/3467
f 4622/4976/3468 4621/4975/3467 4623/4977/3469
f 4624/4978/3470 4622/4976/3468 4623/4977/3469
f 4624/4978/3470 4623/4977/3469 4625/4979/3471
f 4626/4980/3472 4624/4978/3470 4625/4979/3471
f 4626/4980/3472 4625/4979/3471 4627/4981/3473
f 4628/4982/3474 4626/4980/3472 4627/4981/3473
f 4628/4982/3474 4627/4981/3473 4629/4983/3475
f 4630/4984/3476 4628/4982/3474 4629/4983/3475
f 4630/4984/3476 4629/4983/3475 4631/4985/3477
f 4632/4986/3478 4630/4984/3476 4631/4985/3477
f 4632/4986/3478 4631/4985/3477 4633/4987/3479
f 4634/4988/3480 4632/4986/3478 4633/4987/3479
f 4634/4988/3480 4633/4987/3479 4635/4989/3481
f 4636/4990/3482 4634/4988/3480 4635/4989/3481
f 4636/4990/3482 4635/4989/3481 4637/4991/3483
f 4638/4992/3484 4636/4990/3482 4637/4991/3483
f 4638/4992/3484 4637/4991/3483 4639/4993/3485
f 4640/4994/3486 4638/4992/3484 4639/4993/3485
f 4640/4994/3486 4639/4993/3485 4641/4995/3487
f 4642/4996/3488 4640/4994/3486 4641/4995/3487
f 4642/4996/3488 4641/4995/3487 4643/4997/3489
f 4644/4998/3490 4642/4996/3488 4643/4997/3489
f 4644/4998/3490 4643/4997/3489 4645/4999/3491
f 4646/5000/3492 4644/4998/3490 4645/4999/3491
f 4646/5000/3492 4645/4999/3491 4647/5001/3493
f 4648/5002/3494 4646/5000/3492 4647/5001/3493
f 4648/5002/3494 4647/5001/3493 4649/5003/3495
f 4650/5004/3496 4648/5002/3494 4649/5003/3495
f 4650/5004/3496 4649/5003/3495 4651/5005/3497
f 4652/5006/3498 4650/5004/3496 4651/5005/3497
f 4652/5006/3498 4651/5005/3497 4653/5007/3499
f 4654/5008/3500 4652/5006/3498 4653/5007/3499
f 4654/5008/3500 4653/5007/3499 4655/5009/3501
f 4656/5010/3502 4654/5008/3500 4655/5009/3501
f 4656/5010/3502 4655/5009/3501 4657/5011/3503
f 4658/5012/3504 4656/5010/3502 4657/5011/3503
f 4658/5012/3504 4657/5011/3503 4659/5013/3505
f 4660/5014/3506 4658/5012/3504 4659/5013/3505
f 4660/5014/3506 4659/5013/3505 4661/5015/3507
f 4662/5016/3508 4660/5014/3506 4661/5015/3507
f 4662/5016/3508 4661/5015/3507 4663/5017/3509
f 4664/5018/3510 4662/5016/3508 4663/5017/3509
f 4664/5018/3510 4663/5017/3509 4665/5019/3511
f 4666/5020/3512 4664/5018/3510 4665/5019/3511
f 4666/5020/3512 4665/5019/3511 4667/5021/3513
f 4668/5022/3514 4666/5020/3512 4667/5021/3513
f 4668/5022/3514 4667/5021/3513 4669/5023/3515
f 4670/5024/3516 4668/5022/3514 4669/5023/3515
f 4670/5024/3516 4669/5023/3515 4671/5025/3517
f 4672/5026/3518 4670/5024/3516 4671/5025/3517
f 4672/5026/3518 4671/5025/3517 4673/5027/3519
f 4674/5028/3520 4672/5026/3518 4673/5027/3519
f 4674/5028/3520 4673/5027/3519 4675/5029/3521
f 4676/5030/3522 4674/5028/3520 4675/5029/3521
f 4676/5030/3522 4675/5029/3521 4677/5031/3523
f 4678/5032/3524 4676/5030/3522 4677/5031/3523
f 4678/5032/3524 4677/5031/3523 4679/5033/3525
f 4680/5034/3526 4678/5032/3524 4679/5033/3525
f 4680/5034/3526 4679/5033/3525 4681/5035/3527
f 4682/5036/3528 4680/5034/3526 4681/5035/3527
f 4682/5036/3528 4681/5035/3527 4683/5037/3529
f 4684/5038/3530 4682/5036/3528 4683/5037/3529
f 4684/5038/3530 4683/5037/3529 4685/5039/3531
f 4686/5040/3532 4684/5038/3530 4685/5039/3531
f 4686/5040/3532 4685/5039/3531 4687/5041/3533
f 4688/5042/3534 4686/5040/3532 4687/5041/3533
f 4688/5042/3534 4687/5041/3533 4689/5043/3535
f 4690/5044/3536 4688/5042/3534 4689/5043/3535
f 4690/5044/3536 4689/5043/3535 4691/5045/3537
f 4692/5046/3538 4690/5044/3536 4691/5045/3537
f 4692/5046/3538 4691/5045/3537 4693/5047/3539
f 4694/5048/3540 4692/5046/3538 4693/5047/3539
f 4694/5048/3540 4693/5047/3539 4695/5049/3541
f 4696/5050/3542 4694/5048/3540 4695/5049/3541
f 4696/5050/3542 4695/5049/3541 4697/5051/3543
f 4698/5052/3544 4696/5050/3542 4697/5051/3543
f 4698/5052/3544 4697/5051/3543 4699/5053/3545
f 4700/5054/3546 4698/5052/3544 4699/5053/3545
f 4700/5054/3546 4699/5053/3545 4701/5055/3547
f 4702/5056/3548 4700/5054/3546 4701/5055/3547
f 4702/5056/3548 4701/5055/3547 4703/5057/3549
f 4704/5058/3550 4702/5056/3548 4703/5057/3549
f 4704/5058/3550 4703/5057/3549 4705/5059/3551
f 4706/5060/3552 4704/5058/3550 4705/5059/3551
f 4706/5060/3552 4705/5059/3551 4707/5061/3553
f 4708/5062/3554 4706/5060/3552 4707/5061/3553
f 4708/5062/3554 4707/5061/3553 4709/5063/3555
f 4710/5064/3556 4708/5062/3554 4709/5063/3555
f 4710/5064/3556 4709/5063/3555 4711/5065/3557
f 4712/5066/3558 4710/5064/3556 4711/5065/3557
f 4712/5066/3558 4711/5065/3557 4713/5067/3559
f 4714/5068/3560 4712/5066/3558 4713/5067/3559
f 4714/5068/3560 4713/5067/3559 4715/5069/3561
f 4716/5070/3562 4714/5068/3560 4715/5069/3561
f 4716/5070/3562 4715/5069/3561 4717/5071/3563
f 4718/5072/3564 4716/5070/3562 4717/5071/3563
f 4718/5072/3564 4717/5071/3563 4719/5073/3565
f 4720/5074/3566 4718/5072/3564 4719/5073/3565
f 4720/5074/3566 4719/5073/3565 4721/5075/3567
f 4722/5076/3568 4720/5074/3566 4721/5075/3567
f 4722/5076/3568 4721/5075/3567 4723/5077/3569
f 4724/5078/3570 4722/5076/3568 4723/5077/3569
f 4724/5078/3570 4723/5077/3569 4725/5079/3571
f 4726/5080/3572 4724/5078/3570 4725/5079/3571
f 4726/5080/3572 4725/5079/3571 4727/5081/3573
f 4728/5082/3574 4726/5080/3572 4727/5081/3573
f 4728/5082/3574 4727/5081/3573 4729/5083/3575
f 4730/5084/3576 4728/5082/3574 4729/5083/3575
f 4730/5084/3576 4729/5083/3575 4731/5085/3577
f 4732/5086/3578 4730/5084/3576 4731/5085/3577
f 4732/5086/3578 4731/5085/3577 4733/5087/3579
f 4734/5088/3580 4732/5086/3578 4733/5087/3579
f 4734/5088/3580 4733/5087/3579 4735/5089/3581
f 4736/5090/3582 4734/5088/3580 4735/5089/3581
f 4736/5090/3582 4735/5089/3581 4737/5091/3583
f 4738/5092/3584 4736/5090/3582 4737/5091/3583
f 4738/5092/3584 4737/5091/3583 4739/5093/3585
f 4551/4844/3397 4738/5092/3584 4739/5093/3585
f 4551/4844/3397 4739/5093/3585 4087/4379/2933
f 4086/4378/2932 4551/4844/3397 4087/4379/2933
f 4486/4779/3332 3949/4241/2795 4091/4383/2937
f 4486/4779/3332 4091/4383/2937 4225/4517/3071
f 3959/4251/2805 3958/4250/2804 4553/4846/3399
f 3959/4251/2805 4553/4846/3399 4488/4781/3334
f 4226/4518/3072 4222/4514/3068 4355/4647/3201
f 4226/4518/3072 4355/4647/3201 4227/4519/3073
f 4621/4975/3467 4620/4974/3466 4230/4522/3076
f 4621/4975/3467 4230/4522/3076 4229/4521/3075
f 4096/4388/2942 4095/4387/2941 4228/4520/3074
f 4096/4388/2942 4228/4520/3074 4357/4649/3203
f 4623/4977/3469 4621/4975/3467 4229/4521/3075
f 4623/4977/3469 4229/4521/3075 4233/4525/3079
f 4098/4390/2944 4096/4388/2942 4357/4649/3203
f 4098/4390/2944 4357/4649/3203 4359/4651/3205
f 4625/4979/3471 4623/4977/3469 4233/4525/3079
f 4625/4979/3471 4233/4525/3079 4235/4527/3081
f 4100/4392/2946 4098/4390/2944 4359/4651/3205
f 4100/4392/2946 4359/4651/3205 4361/4653/3207
f 4627/4981/3473 4625/4979/3471 4235/4527/3081
f 4627/4981/3473 4235/4527/3081 4237/4529/3083
f 4102/4394/2948 4100/4392/2946 4361/4653/3207
f 4102/4394/2948 4361/4653/3207 4363/4655/3209
f 4629/4983/3475 4627/4981/3473 4237/4529/3083
f 4629/4983/3475 4237/4529/3083 4239/4531/3085
f 4104/4396/2950 4102/4394/2948 4363/4655/3209
f 4104/4396/2950 4363/4655/3209 4365/4657/3211
f 4631/4985/3477 4629/4983/3475 4239/4531/3085
f 4631/4985/3477 4239/4531/3085 4241/4533/3087
f 4106/4398/2952 4104/4396/2950 4365/4657/3211
f 4106/4398/2952 4365/4657/3211 4367/4659/3213
f 4633/4987/3479 4631/4985/3477 4241/4533/3087
f 4633/4987/3479 4241/4533/3087 4243/4535/3089
f 4108/4400/2954 4106/4398/2952 4367/4659/3213
f 4108/4400/2954 4367/4659/3213 4369/4661/3215
f 4635/4989/3481 4633/4987/3479 4243/4535/3089
f 4635/4989/3481 4243/4535/3089 4245/4537/3091
f 4110/4402/2956 4108/4400/2954 4369/4661/3215
f 4110/4402/2956 4369/4661/3215 4371/4663/3217
f 4637/4991/3483 4635/4989/3481 4245/4537/3091
f 4637/4991/3483 4245/4537/3091 4247/4539/3093
f 4112/4404/2958 4110/4402/2956 4371/4663/3217
f 4112/4404/2958 4371/4663/3217 4373/4665/3219
f 4639/4993/3485 4637/4991/3483 4247/4539/3093
f 4639/4993/3485 4247/4539/3093 4249/4541/3095
f 4114/4406/2960 4112/4404/2958 4373/4665/3219
f 4114/4406/2960 4373/4665/3219 4375/4667/3221
f 4641/4995/3487 4639/4993/3485 4249/4541/3095
f 4641/4995/3487 4249/4541/3095 4251/4543/3097
f 4116/4408/2962 4114/4406/2960 4375/4667/3221
f 4116/4408/2962 4375/4667/3221 4377/4669/3223
f 4643/4997/3489 4641/4995/3487 4251/4543/3097
f 4643/4997/3489 4251/4543/3097 4253/4545/3099
f 4118/4410/2964 4116/4408/2962 4377/4669/3223
f 4118/4410/2964 4377/4669/3223 4379/4671/3225
f 4645/4999/3491 4643/4997/3489 4253/4545/3099
f 4645/4999/3491 4253/4545/3099 4255/4547/3101
f 4120/4412/2966 4118/4410/2964 4379/4671/3225
f 4120/4412/2966 4379/4671/3225 4381/4673/3227
f 4647/5001/3493 4645/4999/3491 4255/4547/3101
f 4647/5001/3493 4255/4547/3101 4257/4549/3103
f 4122/4414/2968 4120/4412/2966 4381/4673/3227
f 4122/4414/2968 4381/4673/3227 4383/4675/3229
f 4649/5003/3495 4647/5001/3493 4257/4549/3103
f 4649/5003/3495 4257/4549/3103 4259/4551/3105
f 4124/4416/2970 4122/4414/2968 4383/4675/3229
f 4124/4416/2970 4383/4675/3229 4385/4677/3231
f 4651/5005/3497 4649/5003/3495 4259/4551/3105
f 4651/5005/3497 4259/4551/3105 4261/4553/3107
f 4126/4418/2972 4124/4416/2970 4385/4677/3231
f 4126/4418/2972 4385/4677/3231 4387/4679/3233
f 4653/5007/3499 4651/5005/3497 4261/4553/3107
f 4653/5007/3499 4261/4553/3107 4263/4555/3109
f 4128/4420/2974 4126/4418/2972 4387/4679/3233
f 4128/4420/2974 4387/4679/3233 4389/4681/3235
f 4655/5009/3501 4653/5007/3499 4263/4555/3109
f 4655/5009/3501 4263/4555/3109 4265/4557/3111
f 4130/4422/2976 4128/4420/2974 4389/4681/3235
f 4130/4422/2976 4389/4681/3235 4391/4683/3237
f 4657/5011/3503 4655/5009/3501 4265/4557/3111
f 4657/5011/3503 4265/4557/3111 4267/4559/3113
f 4132/4424/2978 4130/4422/2976 4391/4683/3237
f 4132/4424/2978 4391/4683/3237 4393/4685/3239
f 4659/5013/3505 4657/5011/3503 4267/4559/3113
f 4659/5013/3505 4267/4559/3113 4269/4561/3115
f 4134/4426/2980 4132/4424/2978 4393/4685/3239
f 4134/4426/2980 4393/4685/3239 4395/4687/3241
f 4661/5015/3507 4659/5013/3505 4269/4561/3115
f 4661/5015/3507 4269/4561/3115 4271/4563/3117
f 4136/4428/2982 4134/4426/2980 4395/4687/3241
f 4136/4428/2982 4395/4687/3241 4397/4689/3243
f 4663/5017/3509 4661/5015/3507 4271/4563/3117
f 4663/5017/3509 4271/4563/3117 4273/4565/3119
f 4138/4430/2984 4136/4428/2982 4397/4689/3243
f 4138/4430/2984 4397/4689/3243 4399/4691/3245
f 4665/5019/3511 4663/5017/3509 4273/4565/3119
f 4665/5019/3511 4273/4565/3119 4275/4567/3121
f 4140/4432/2986 4138/4430/2984 4399/4691/3245
f 4140/4432/2986 4399/4691/3245 4401/4693/3247
f 4667/5021/3513 4665/5019/3511 4275/4567/3121
f 4667/5021/3513 4275/4567/3121 4277/4569/3123
f 4142/4434/2988 4140/4432/2986 4401/4693/3247
f 4142/4434/2988 4401/4693/3247 4403/4695/3249
f 4669/5023/3515 4667/5021/3513 4277/4569/3123
f 4669/5023/3515 4277/4569/3123 4279/4571/3125
f 4144/4436/2990 4142/4434/2988 4403/4695/3249
f 4144/4436/2990 4403/4695/3249 4405/4697/3251
f 4671/5025/3517 4669/5023/3515 4279/4571/3125
f 4671/5025/3517 4279/4571/3125 4281/4573/3127
f 4146/4438/2992 4144/4436/2990 4405/4697/3251
f 4146/4438/2992 4405/4697/3251 4407/4699/3253
f 4673/5027/3519 4671/5025/3517 4281/4573/3127
f 4673/5027/3519 4281/4573/3127 4283/4575/3129
f 4148/4440/2994 4146/4438/2992 4407/4699/3253
f 4148/4440/2994 4407/4699/3253 4409/4701/3255
f 4675/5029/3521 4673/5027/3519 4283/4575/3129
f 4675/5029/3521 4283/4575/3129 4285/4577/3131
f 4150/4442/2996 4148/4440/2994 4409/4701/3255
f 4150/4442/2996 4409/4701/3255 4411/4703/3257
f 4677/5031/3523 4675/5029/3521 4285/4577/3131
f 4677/5031/3523 4285/4577/3131 4287/4579/3133
f 4152/4444/2998 4150/4442/2996 4411/4703/3257
f 4152/4444/2998 4411/4703/3257 4413/4705/3259
f 4679/5033/3525 4677/5031/3523 4287/4579/3133
f 4679/5033/3525 4287/4579/3133 4289/4581/3135
f 4154/4446/3000 4152/4444/2998 4413/4705/3259
f 4154/4446/3000 4413/4705/3259 4415/4707/3261
f 4681/5035/3527 4679/5033/3525 4289/4581/3135
f 4681/5035/3527 4289/4581/3135 4291/4583/3137
f 4156/4448/3002 4154/4446/3000 4415/4707/3261
f 4156/4448/3002 4415/4707/3261 4417/4709/3263
f 4683/5037/3529 4681/5035/3527 4291/4583/3137
f 4683/5037/3529 4291/4583/3137 4293/4585/3139
f 4158/4450/3004 4156/4448/3002 4417/4709/3263
f 4158/4450/3004 4417/4709/3263 4419/4711/3265
f 4685/5039/3531 4683/5037/3529 4293/4585/3139
f 4685/5039/3531 4293/4585/3139 4295/4587/3141
f 4160/4452/3006 4158/4450/3004 4419/4711/3265
f 4160/4452/3006 4419/4711/3265 4421/4713/3267
f 4687/5041/3533 4685/5039/3531 4295/4587/3141
f 4687/5041/3533 4295/4587/3141 4297/4589/3143
f 4162/4454/3008 4160/4452/3006 4421/4713/3267
f 4162/4454/3008 4421/4713/3267 4423/4715/3269
f 4689/5043/3535 4687/5041/3533 4297/4589/3143
f 4689/5043/3535 4297/4589/3143 4299/4591/3145
f 4164/4456/3010 4162/4454/3008 4423/4715/3269
f 4164/4456/3010 4423/4715/3269 4425/4717/3271
f 4691/5045/3537 4689/5043/3535 4299/4591/3145
f 4691/5045/3537 4299/4591/3145 4301/4593/3147
f 4166/4458/3012 4164/4456/3010 4425/4717/3271
f 4166/4458/3012 4425/4717/3271 4427/4719/3273
f 4693/5047/3539 4691/5045/3537 4301/4593/3147
f 4693/5047/3539 4301/4593/3147 4303/4595/3149
f 4168/4460/3014 4166/4458/3012 4427/4719/3273
f 4168/4460/3014 4427/4719/3273 4429/4721/3275
f 4695/5049/3541 4693/5047/3539 4303/4595/3149
f 4695/5049/3541 4303/4595/3149 4305/4597/3151
f 4170/4462/3016 4168/4460/3014 4429/4721/3275
f 4170/4462/3016 4429/4721/3275 4431/4723/3277
f 4697/5051/3543 4695/5049/3541 4305/4597/3151
f 4697/5051/3543 4305/4597/3151 4307/4599/3153
f 4172/4464/3018 4170/4462/3016 4431/4723/3277
f 4172/4464/3018 4431/4723/3277 4433/4725/3279
f 4699/5053/3545 4697/5051/3543 4307/4599/3153
f 4699/5053/3545 4307/4599/3153 4309/4601/3155
f 4174/4466/3020 4172/4464/3018 4433/4725/3279
f 4174/4466/3020 4433/4725/3279 4435/4727/3281
f 4701/5055/3547 4699/5053/3545 4309/4601/3155
f 4701/5055/3547 4309/4601/3155 4311/4603/3157
f 4176/4468/3022 4174/4466/3020 4435/4727/3281
f 4176/4468/3022 4435/4727/3281 4437/4729/3283
f 4703/5057/3549 4701/5055/3547 4311/4603/3157
f 4703/5057/3549 4311/4603/3157 4313/4605/3159
f 4178/4470/3024 4176/4468/3022 4437/4729/3283
f 4178/4470/3024 4437/4729/3283 4439/4731/3285
f 4705/5059/3551 4703/5057/3549 4313/4605/3159
f 4705/5059/3551 4313/4605/3159 4315/4607/3161
f 4180/4472/3026 4178/4470/3024 4439/4731/3285
f 4180/4472/3026 4439/4731/3285 4441/4733/3287
f 4707/5061/3553 4705/5059/3551 4315/4607/3161
f 4707/5061/3553 4315/4607/3161 4317/4609/3163
f 4182/4474/3028 4180/4472/3026 4441/4733/3287
f 4182/4474/3028 4441/4733/3287 4443/4735/3289
f 4709/5063/3555 4707/5061/3553 4317/4609/3163
f 4709/5063/3555 4317/4609/3163 4319/4611/3165
f 4184/4476/3030 4182/4474/3028 4443/4735/3289
f 4184/4476/3030 4443/4735/3289 4445/4737/3291
f 4711/5065/3557 4709/5063/3555 4319/4611/3165
f 4711/5065/3557 4319/4611/3165 4321/4613/3167
f 4186/4478/3032 4184/4476/3030 4445/4737/3291
f 4186/4478/3032 4445/4737/3291 4447/4739/3293
f 4713/5067/3559 4711/5065/3557 4321/4613/3167
f 4713/5067/3559 4321/4613/3167 4323/4615/3169
f 4188/4480/3034 4186/4478/3032 4447/4739/3293
f 4188/4480/3034 4447/4739/3293 4449/4741/3295
f 4715/5069/3561 4713/5067/3559 4323/4615/3169
f 4715/5069/3561 4323/4615/3169 4325/4617/3171
f 4190/4482/3036 4188/4480/3034 4449/4741/3295
f 4190/4482/3036 4449/4741/3295 4451/4743/3297
f 4717/5071/3563 4715/5069/3561 4325/4617/3171
f 4717/5071/3563 4325/4617/3171 4327/4619/3173
f 4192/4484/3038 4190/4482/3036 4451/4743/3297
f 4192/4484/3038 4451/4743/3297 4453/4745/3299
f 4719/5073/3565 4717/5071/3563 4327/4619/3173
f 4719/5073/3565 4327/4619/3173 4329/4621/3175
f 4194/4486/3040 4192/4484/3038 4453/4745/3299
f 4194/4486/3040 4453/4745/3299 4455/4747/3301
f 4721/5075/3567 4719/5073/3565 4329/4621/3175
f 4721/5075/3567 4329/4621/3175 4331/4623/3177
f 4196/4488/3042 4194/4486/3040 4455/4747/3301
f 4196/4488/3042 4455/4747/3301 4457/4749/3303
f 4723/5077/3569 4721/5075/3567 4331/4623/3177
f 4723/5077/3569 4331/4623/3177 4333/4625/3179
f 4198/4490/3044 4196/4488/3042 4457/4749/3303
f 4198/4490/3044 4457/4749/3303 4459/4751/3305
f 4725/5079/3571 4723/5077/3569 4333/4625/3179
f 4725/5079/3571 4333/4625/3179 4335/4627/3181
f 4200/4492/3046 4198/4490/3044 4459/4751/3305
f 4200/4492/3046 4459/4751/3305 4461/4753/3307
f 4727/5081/3573 4725/5079/3571 4335/4627/3181
f 4727/5081/3573 4335/4627/3181 4337/4629/3183
f 4202/4494/3048 4200/4492/3046 4461/4753/3307
f 4202/4494/3048 4461/4753/3307 4463/4755/3309
f 4729/5083/3575 4727/5081/3573 4337/4629/3183
f 4729/5083/3575 4337/4629/3183 4339/4631/3185
f 4204/4496/3050 4202/4494/3048 4463/4755/3309
f 4204/4496/3050 4463/4755/3309 4465/4757/3311
f 4731/5085/3577 4729/5083/3575 4339/4631/3185
f 4731/5085/3577 4339/4631/3185 4341/4633/3187
f 4206/4498/3052 4204/4496/3050 4465/4757/3311
f 4206/4498/3052 4465/4757/3311 4467/4759/3313
f 4733/5087/3579 4731/5085/3577 4341/4633/3187
f 4733/5087/3579 4341/4633/3187 4343/4635/3189
f 4208/4500/3054 4206/4498/3052 4467/4759/3313
f 4208/4500/3054 4467/4759/3313 4469/4761/3315
f 4735/5089/3581 4733/5087/3579 4343/4635/3189
f 4735/5089/3581 4343/4635/3189 4345/4637/3191
f 4210/4502/3056 4208/4500/3054 4469/4761/3315
f 4210/4502/3056 4469/4761/3315 4471/4763/3317
f 4737/5091/3583 4735/5089/3581 4345/4637/3191
f 4737/5091/3583 4345/4637/3191 4347/4639/3193
f 4212/4504/3058 4210/4502/3056 4471/4763/3317
f 4212/4504/3058 4471/4763/3317 4473/4765/3319
f 4739/5093/3585 4737/5091/3583 4347/4639/3193
f 4739/5093/3585 4347/4639/3193 4349/4641/3195
f 4214/4506/3060 4212/4504/3058 4473/4765/3319
f 4214/4506/3060 4473/4765/3319 4475/4767/3321
f 4087/4379/2933 4739/5093/3585 4349/4641/3195
f 4087/4379/2933 4349/4641/3195 4351/4643/3197
f 4215/4507/3061 4214/4506/3060 4475/4767/3321
f 4215/4507/3061 4475/4767/3321 4477/4769/3323
f 4088/4380/2934 4087/4379/2933 4351/4643/3197
f 4740/5094/3586 4215/4507/3061 4477/4769/3323
f 4549/4842/3395 4548/4841/3394 4550/4843/3396
f 4615/4969/3461 4614/4968/3460 4741/5095/3587
f 4354/4646/3200 4224/4516/3070 4084/4376/2930
f 4354/4646/3200 4084/4376/2930 3957/4249/2803
f 4220/4512/3066 4355/4647/3201 4742/5096/3588
f 4489/4782/3335 4488/4781/3334 4619/4973/3465
f 4489/4782/3335 4619/4973/3465 4622/4976/3468
f 4490/4783/3336 4489/4782/3335 4622/4976/3468
f 4490/4783/3336 4622/4976/3468 4624/4978/3470
f 4491/4784/3337 4490/4783/3336 4624/4978/3470
f 4491/4784/3337 4624/4978/3470 4626/4980/3472
f 4492/4785/3338 4491/4784/3337 4626/4980/3472
f 4492/4785/3338 4626/4980/3472 4628/4982/3474
f 4493/4786/3339 4492/4785/3338 4628/4982/3474
f 4493/4786/3339 4628/4982/3474 4630/4984/3476
f 4494/4787/3340 4493/4786/3339 4630/4984/3476
f 4494/4787/3340 4630/4984/3476 4632/4986/3478
f 4495/4788/3341 4494/4787/3340 4632/4986/3478
f 4495/4788/3341 4632/4986/3478 4634/4988/3480
f 4496/4789/3342 4495/4788/3341 4634/4988/3480
f 4496/4789/3342 4634/4988/3480 4636/4990/3482
f 4497/4790/3343 4496/4789/3342 4636/4990/3482
f 4497/4790/3343 4636/4990/3482 4638/4992/3484
f 4498/4791/3344 4497/4790/3343 4638/4992/3484
f 4498/4791/3344 4638/4992/3484 4640/4994/3486
f 4499/4792/3345 4498/4791/3344 4640/4994/3486
f 4499/4792/3345 4640/4994/3486 4642/4996/3488
f 4500/4793/3346 4499/4792/3345 4642/4996/3488
f 4500/4793/3346 4642/4996/3488 4644/4998/3490
f 4501/4794/3347 4500/4793/3346 4644/4998/3490
f 4501/4794/3347 4644/4998/3490 4646/5000/3492
f 4502/4795/3348 4501/4794/3347 4646/5000/3492
f 4502/4795/3348 4646/5000/3492 4648/5002/3494
f 4503/4796/3349 4502/4795/3348 4648/5002/3494
f 4503/4796/3349 4648/5002/3494 4650/5004/3496
f 4504/4797/3350 4503/4796/3349 4650/5004/3496
f 4504/4797/3350 4650/5004/3496 4652/5006/3498
f 4505/4798/3351 4504/4797/3350 4652/5006/3498
f 4505/4798/3351 4652/5006/3498 4654/5008/3500
f 4506/4799/3352 4505/4798/3351 4654/5008/3500
f 4506/4799/3352 4654/5008/3500 4656/5010/3502
f 4507/4800/3353 4506/4799/3352 4656/5010/3502
f 4507/4800/3353 4656/5010/3502 4658/5012/3504
f 4508/4801/3354 4507/4800/3353 4658/5012/3504
f 4508/4801/3354 4658/5012/3504 4660/5014/3506
f 4509/4802/3355 4508/4801/3354 4660/5014/3506
f 4509/4802/3355 4660/5014/3506 4662/5016/3508
f 4510/4803/3356 4509/4802/3355 4662/5016/3508
f 4510/4803/3356 4662/5016/3508 4664/5018/3510
f 4511/4804/3357 4510/4803/3356 4664/5018/3510
f 4511/4804/3357 4664/5018/3510 4666/5020/3512
f 4512/4805/3358 4511/4804/3357 4666/5020/3512
f 4512/4805/3358 4666/5020/3512 4668/5022/3514
f 4513/4806/3359 4512/4805/3358 4668/5022/3514
f 4513/4806/3359 4668/5022/3514 4670/5024/3516
f 4514/4807/3360 4513/4806/3359 4670/5024/3516
f 4514/4807/3360 4670/5024/3516 4672/5026/3518
f 4515/4808/3361 4514/4807/3360 4672/5026/3518
f 4515/4808/3361 4672/5026/3518 4674/5028/3520
f 4516/4809/3362 4515/4808/3361 4674/5028/3520
f 4516/4809/3362 4674/5028/3520 4676/5030/3522
f 4517/4810/3363 4516/4809/3362 4676/5030/3522
f 4517/4810/3363 4676/5030/3522 4678/5032/3524
f 4518/4811/3364 4517/4810/3363 4678/5032/3524
f 4518/4811/3364 4678/5032/3524 4680/5034/3526
f 4519/4812/3365 4518/4811/3364 4680/5034/3526
f 4519/4812/3365 4680/5034/3526 4682/5036/3528
f 4520/4813/3366 4519/4812/3365 4682/5036/3528
f 4520/4813/3366 4682/5036/3528 4684/5038/3530
f 4521/4814/3367 4520/4813/3366 4684/5038/3530
f 4521/4814/3367 4684/5038/3530 4686/5040/3532
f 4522/4815/3368 4521/4814/3367 4686/5040/3532
f 4522/4815/3368 4686/5040/3532 4688/5042/3534
f 4523/4816/3369 4522/4815/3368 4688/5042/3534
f 4523/4816/3369 4688/5042/3534 4690/5044/3536
f 4524/4817/3370 4523/4816/3369 4690/5044/3536
f 4524/4817/3370 4690/5044/3536 4692/5046/3538
f 4525/4818/3371 4524/4817/3370 4692/5046/3538
f 4525/4818/3371 4692/5046/3538 4694/5048/3540
f 4526/4819/3372 4525/4818/3371 4694/5048/3540
f 4526/4819/3372 4694/5048/3540 4696/5050/3542
f 4527/4820/3373 4526/4819/3372 4696/5050/3542
f 4527/4820/3373 4696/5050/3542 4698/5052/3544
f 4528/4821/3374 4527/4820/3373 4698/5052/3544
f 4528/4821/3374 4698/5052/3544 4700/5054/3546
f 4529/4822/3375 4528/4821/3374 4700/5054/3546
f 4529/4822/3375 4700/5054/3546 4702/5056/3548
f 4530/4823/3376 4529/4822/3375 4702/5056/3548
f 4530/4823/3376 4702/5056/3548 4704/5058/3550
f 4531/4824/3377 4530/4823/3376 4704/5058/3550
f 4531/4824/3377 4704/5058/3550 4706/5060/3552
f 4532/4825/3378 4531/4824/3377 4706/5060/3552
f 4532/4825/3378 4706/5060/3552 4708/5062/3554
f 4533/4826/3379 4532/4825/3378 4708/5062/3554
f 4533/4826/3379 4708/5062/3554 4710/5064/3556
f 4534/4827/3380 4533/4826/3379 4710/5064/3556
f 4534/4827/3380 4710/5064/3556 4712/5066/3558
f 4535/4828/3381 4534/4827/3380 4712/5066/3558
f 4535/4828/3381 4712/5066/3558 4714/5068/3560
f 4536/4829/3382 4535/4828/3381 4714/5068/3560
f 4536/4829/3382 4714/5068/3560 4716/5070/3562
f 4537/4830/3383 4536/4829/3382 4716/5070/3562
f 4537/4830/3383 4716/5070/3562 4718/5072/3564
f 4538/4831/3384 4537/4830/3383 4718/5072/3564
f 4538/4831/3384 4718/5072/3564 4720/5074/3566
f 4539/4832/3385 4538/4831/3384 4720/5074/3566
f 4539/4832/3385 4720/5074/3566 4722/5076/3568
f 4540/4833/3386 4539/4832/3385 4722/5076/3568
f 4540/4833/3386 4722/5076/3568 4724/5078/3570
f 4541/4834/3387 4540/4833/3386 4724/5078/3570
f 4541/4834/3387 4724/5078/3570 4726/5080/3572
f 4542/4835/3388 4541/4834/3387 4726/5080/3572
f 4542/4835/3388 4726/5080/3572 4728/5082/3574
f 4543/4836/3389 4542/4835/3388 4728/5082/3574
f 4543/4836/3389 4728/5082/3574 4730/5084/3576
f 4544/4837/3390 4543/4836/3389 4730/5084/3576
f 4544/4837/3390 4730/5084/3576 4732/5086/3578
f 4545/4838/3391 4544/4837/3390 4732/5086/3578
f 4545/4838/3391 4732/5086/3578 4734/5088/3580
f 4546/4839/3392 4545/4838/3391 4734/5088/3580
f 4546/4839/3392 4734/5088/3580 4736/5090/3582
f 4547/4840/3393 4546/4839/3392 4736/5090/3582
f 4547/4840/3393 4736/5090/3582 4738/5092/3584
f 4548/4841/3394 4547/4840/3393 4738/5092/3584
f 4548/4841/3394 4738/5092/3584 4551/4844/3397
f 4550/4843/3396 4548/4841/3394 4551/4844/3397
f 4088/4380/2934 4351/4643/3197 4353/4645/3199
f 4741/5095/3587 4743/5097/3589 4081/4373/2927
f 4355/4647/3201 4222/4514/3068 4744/5098/3590
f 4618/4972/3464 3952/4244/2798 3955/4247/2801
f 4618/4972/3464 3955/4247/2801 4620/4974/3466
f 3950/4242/2796 4218/4510/3064 4745/5099/3591
f 4554/4849/3400 4485/4778/3331 4487/4780/3333
f 4554/4849/3400 4487/4780/3333 4746/5100/3592
f 4555/4851/3401 4554/4849/3400 4746/5100/3592
f 4555/4851/3401 4746/5100/3592 4747/5101/3593
f 4556/4853/3402 4555/4851/3401 4747/5101/3593
f 4556/4853/3402 4747/5101/3593 4748/5102/3594
f 4557/4855/3403 4556/4853/3402 4748/5102/3594
f 4557/4855/3403 4748/5102/3594 4749/5103/3595
f 4558/4857/3404 4557/4855/3403 4749/5103/3595
f 4558/4857/3404 4749/5103/3595 4750/5104/3596
f 4559/4859/3405 4558/4857/3404 4750/5104/3596
f 4559/4859/3405 4750/5104/3596 4751/5105/3597
f 4560/4861/3406 4559/4859/3405 4751/5105/3597
f 4560/4861/3406 4751/5105/3597 4752/5106/3598
f 4561/4863/3407 4560/4861/3406 4752/5106/3598
f 4561/4863/3407 4752/5106/3598 4753/5107/3599
f 4562/4865/3408 4561/4863/3407 4753/5107/3599
f 4562/4865/3408 4753/5107/3599 4754/5108/3600
f 4563/4867/3409 4562/4865/3408 4754/5108/3600
f 4563/4867/3409 4754/5108/3600 4755/5109/3601
f 4564/4869/3410 4563/4867/3409 4755/5109/3601
f 4564/4869/3410 4755/5109/3601 4756/5110/3602
f 4565/4871/3411 4564/4869/3410 4756/5110/3602
f 4565/4871/3411 4756/5110/3602 4757/5111/3603
f 4566/4873/3412 4565/4871/3411 4757/5111/3603
f 4566/4873/3412 4757/5111/3603 4758/5112/3604
f 4567/4875/3413 4566/4873/3412 4758/5112/3604
f 4567/4875/3413 4758/5112/3604 4759/5113/3605
f 4568/4877/3414 4567/4875/3413 4759/5113/3605
f 4568/4877/3414 4759/5113/3605 4760/5114/3606
f 4569/4879/3415 4568/4877/3414 4760/5114/3606
f 4569/4879/3415 4760/5114/3606 4761/5115/3607
f 4570/4881/3416 4569/4879/3415 4761/5115/3607
f 4570/4881/3416 4761/5115/3607 4762/5116/3608
f 4571/4883/3417 4570/4881/3416 4762/5116/3608
f 4571/4883/3417 4762/5116/3608 4763/5117/3609
f 4572/4885/3418 4571/4883/3417 4763/5117/3609
f 4572/4885/3418 4763/5117/3609 4764/5118/3610
f 4573/4887/3419 4572/4885/3418 4764/5118/3610
f 4573/4887/3419 4764/5118/3610 4765/5119/3611
f 4574/4889/3420 4573/4887/3419 4765/5119/3611
f 4574/4889/3420 4765/5119/3611 4766/5120/3612
f 4575/4891/3421 4574/4889/3420 4766/5120/3612
f 4575/4891/3421 4766/5120/3612 4767/5121/3613
f 4576/4893/3422 4575/4891/3421 4767/5121/3613
f 4576/4893/3422 4767/5121/3613 4768/5122/3614
f 4577/4895/3423 4576/4893/3422 4768/5122/3614
f 4577/4895/3423 4768/5122/3614 4769/5123/3615
f 4578/4897/3424 4577/4895/3423 4769/5123/3615
f 4578/4897/3424 4769/5123/3615 4770/5124/3616
f 4579/4899/3425 4578/4897/3424 4770/5124/3616
f 4579/4899/3425 4770/5124/3616 4771/5125/3617
f 4580/4901/3426 4579/4899/3425 4771/5125/3617
f 4580/4901/3426 4771/5125/3617 4772/5126/3618
f 4581/4903/3427 4580/4901/3426 4772/5126/3618
f 4581/4903/3427 4772/5126/3618 4773/5127/3619
f 4582/4905/3428 4581/4903/3427 4773/5127/3619
f 4582/4905/3428 4773/5127/3619 4774/5128/3620
f 4583/4907/3429 4582/4905/3428 4774/5128/3620
f 4583/4907/3429 4774/5128/3620 4775/5129/3621
f 4584/4909/3430 4583/4907/3429 4775/5129/3621
f 4584/4909/3430 4775/5129/3621 4776/5130/3622
f 4585/4911/3431 4584/4909/3430 4776/5130/3622
f 4585/4911/3431 4776/5130/3622 4777/5131/3623
f 4586/4913/3432 4585/4911/3431 4777/5131/3623
f 4586/4913/3432 4777/5131/3623 4778/5132/3624
f 4587/4915/3433 4586/4913/3432 4778/5132/3624
f 4587/4915/3433 4778/5132/3624 4779/5133/3625
f 4588/4917/3434 4587/4915/3433 4779/5133/3625
f 4588/4917/3434 4779/5133/3625 4780/5134/3626
f 4589/4919/3435 4588/4917/3434 4780/5134/3626
f 4589/4919/3435 4780/5134/3626 4781/5135/3627
f 4590/4921/3436 4589/4919/3435 4781/5135/3627
f 4590/4921/3436 4781/5135/3627 4782/5136/3628
f 4591/4923/3437 4590/4921/3436 4782/5136/3628
f 4591/4923/3437 4782/5136/3628 4783/5137/3629
f 4592/4925/3438 4591/4923/3437 4783/5137/3629
f 4592/4925/3438 4783/5137/3629 4784/5138/3630
f 4593/4927/3439 4592/4925/3438 4784/5138/3630
f 4593/4927/3439 4784/5138/3630 4785/5139/3631
f 4594/4929/3440 4593/4927/3439 4785/5139/3631
f 4594/4929/3440 4785/5139/3631 4786/5140/3632
f 4595/4931/3441 4594/4929/3440 4786/5140/3632
f 4595/4931/3441 4786/5140/3632 4787/5141/3633
f 4596/4933/3442 4595/4931/3441 4787/5141/3633
f 4596/4933/3442 4787/5141/3633 4788/5142/3634
f 4597/4935/3443 4596/4933/3442 4788/5142/3634
f 4597/4935/3443 4788/5142/3634 4789/5143/3635
f 4598/4937/3444 4597/4935/3443 4789/5143/3635
f 4598/4937/3444 4789/5143/3635 4790/5144/3636
f 4599/4939/3445 4598/4937/3444 4790/5144/3636
f 4599/4939/3445 4790/5144/3636 4791/5145/3637
f 4600/4941/3446 4599/4939/3445 4791/5145/3637
f 4600/4941/3446 4791/5145/3637 4792/5146/3638
f 4601/4943/3447 4600/4941/3446 4792/5146/3638
f 4601/4943/3447 4792/5146/3638 4793/5147/3639
f 4602/4945/3448 4601/4943/3447 4793/5147/3639
f 4602/4945/3448 4793/5147/3639 4794/5148/3640
f 4603/4947/3449 4602/4945/3448 4794/5148/3640
f 4603/4947/3449 4794/5148/3640 4795/5149/3641
f 4604/4949/3450 4603/4947/3449 4795/5149/3641
f 4604/4949/3450 4795/5149/3641 4796/5150/3642
f 4605/4951/3451 4604/4949/3450 4796/5150/3642
f 4605/4951/3451 4796/5150/3642 4797/5151/3643
f 4606/4953/3452 4605/4951/3451 4797/5151/3643
f 4606/4953/3452 4797/5151/3643 4798/5152/3644
f 4607/4955/3453 4606/4953/3452 4798/5152/3644
f 4607/4955/3453 4798/5152/3644 4799/5153/3645
f 4608/4957/3454 4607/4955/3453 4799/5153/3645
f 4608/4957/3454 4799/5153/3645 4800/5154/3646
f 4609/4959/3455 4608/4957/3454 4800/5154/3646
f 4609/4959/3455 4800/5154/3646 4801/5155/3647
f 4610/4961/3456 4609/4959/3455 4801/5155/3647
f 4610/4961/3456 4801/5155/3647 4802/5156/3648
f 4611/4963/3457 4610/4961/3456 4802/5156/3648
f 4611/4963/3457 4802/5156/3648 4803/5157/3649
f 4612/4965/3458 4611/4963/3457 4803/5157/3649
f 4612/4965/3458 4803/5157/3649 4804/5158/3650
f 4613/4967/3459 4612/4965/3458 4804/5158/3650
f 4613/4967/3459 4804/5158/3650 4805/5159/3651
f 4614/4968/3460 4613/4967/3459 4805/5159/3651
f 4614/4968/3460 4805/5159/3651 4743/5097/3589
f 4740/5094/3586 4477/4769/3323 4479/4771/3325
f 4741/5095/3587 4614/4968/3460 4743/5097/3589
f 4487/4780/3333 4486/4779/3332 4225/4517/3071
f 4487/4780/3333 4225/4517/3071 4094/4386/2940
f 4083/4375/2929 4215/4507/3061 4740/5094/3586
f 4080/4372/2926 4079/4371/2925 4549/4842/3395
f 4746/5100/3592 4487/4780/3333 4094/4386/2940
f 4746/5100/3592 4094/4386/2940 4093/4385/2939
f 4747/5101/3593 4746/5100/3592 4093/4385/2939
f 4747/5101/3593 4093/4385/2939 4097/4389/2943
f 4748/5102/3594 4747/5101/3593 4097/4389/2943
f 4748/5102/3594 4097/4389/2943 4099/4391/2945
f 4749/5103/3595 4748/5102/3594 4099/4391/2945
f 4749/5103/3595 4099/4391/2945 4101/4393/2947
f 4750/5104/3596 4749/5103/3595 4101/4393/2947
f 4750/5104/3596 4101/4393/2947 4103/4395/2949
f 4751/5105/3597 4750/5104/3596 4103/4395/2949
f 4751/5105/3597 4103/4395/2949 4105/4397/2951
f 4752/5106/3598 4751/5105/3597 4105/4397/2951
f 4752/5106/3598 4105/4397/2951 4107/4399/2953
f 4753/5107/3599 4752/5106/3598 4107/4399/2953
f 4753/5107/3599 4107/4399/2953 4109/4401/2955
f 4754/5108/3600 4753/5107/3599 4109/4401/2955
f 4754/5108/3600 4109/4401/2955 4111/4403/2957
f 4755/5109/3601 4754/5108/3600 4111/4403/2957
f 4755/5109/3601 4111/4403/2957 4113/4405/2959
f 4756/5110/3602 4755/5109/3601 4113/4405/2959
f 4756/5110/3602 4113/4405/2959 4115/4407/2961
f 4757/5111/3603 4756/5110/3602 4115/4407/2961
f 4757/5111/3603 4115/4407/2961 4117/4409/2963
f 4758/5112/3604 4757/5111/3603 4117/4409/2963
f 4758/5112/3604 4117/4409/2963 4119/4411/2965
f 4759/5113/3605 4758/5112/3604 4119/4411/2965
f 4759/5113/3605 4119/4411/2965 4121/4413/2967
f 4760/5114/3606 4759/5113/3605 4121/4413/2967
f 4760/5114/3606 4121/4413/2967 4123/4415/2969
f 4761/5115/3607 4760/5114/3606 4123/4415/2969
f 4761/5115/3607 4123/4415/2969 4125/4417/2971
f 4762/5116/3608 4761/5115/3607 4125/4417/2971
f 4762/5116/3608 4125/4417/2971 4127/4419/2973
f 4763/5117/3609 4762/5116/3608 4127/4419/2973
f 4763/5117/3609 4127/4419/2973 4129/4421/2975
f 4764/5118/3610 4763/5117/3609 4129/4421/2975
f 4764/5118/3610 4129/4421/2975 4131/4423/2977
f 4765/5119/3611 4764/5118/3610 4131/4423/2977
f 4765/5119/3611 4131/4423/2977 4133/4425/2979
f 4766/5120/3612 4765/5119/3611 4133/4425/2979
f 4766/5120/3612 4133/4425/2979 4135/4427/2981
f 4767/5121/3613 4766/5120/3612 4135/4427/2981
f 4767/5121/3613 4135/4427/2981 4137/4429/2983
f 4768/5122/3614 4767/5121/3613 4137/4429/2983
f 4768/5122/3614 4137/4429/2983 4139/4431/2985
f 4769/5123/3615 4768/5122/3614 4139/4431/2985
f 4769/5123/3615 4139/4431/2985 4141/4433/2987
f 4770/5124/3616 4769/5123/3615 4141/4433/2987
f 4770/5124/3616 4141/4433/2987 4143/4435/2989
f 4771/5125/3617 4770/5124/3616 4143/4435/2989
f 4771/5125/3617 4143/4435/2989 4145/4437/2991
f 4772/5126/3618 4771/5125/3617 4145/4437/2991
f 4772/5126/3618 4145/4437/2991 4147/4439/2993
f 4773/5127/3619 4772/5126/3618 4147/4439/2993
f 4773/5127/3619 4147/4439/2993 4149/4441/2995
f 4774/5128/3620 4773/5127/3619 4149/4441/2995
f 4774/5128/3620 4149/4441/2995 4151/4443/2997
f 4775/5129/3621 4774/5128/3620 4151/4443/2997
f 4775/5129/3621 4151/4443/2997 4153/4445/2999
f 4776/5130/3622 4775/5129/3621 4153/4445/2999
f 4776/5130/3622 4153/4445/2999 4155/4447/3001
f 4777/5131/3623 4776/5130/3622 4155/4447/3001
f 4777/5131/3623 4155/4447/3001 4157/4449/3003
f 4778/5132/3624 4777/5131/3623 4157/4449/3003
f 4778/5132/3624 4157/4449/3003 4159/4451/3005
f 4779/5133/3625 4778/5132/3624 4159/4451/3005
f 4779/5133/3625 4159/4451/3005 4161/4453/3007
f 4780/5134/3626 4779/5133/3625 4161/4453/3007
f 4780/5134/3626 4161/4453/3007 4163/4455/3009
f 4781/5135/3627 4780/5134/3626 4163/4455/3009
f 4781/5135/3627 4163/4455/3009 4165/4457/3011
f 4782/5136/3628 4781/5135/3627 4165/4457/3011
f 4782/5136/3628 4165/4457/3011 4167/4459/3013
f 4783/5137/3629 4782/5136/3628 4167/4459/3013
f 4783/5137/3629 4167/4459/3013 4169/4461/3015
f 4784/5138/3630 4783/5137/3629 4169/4461/3015
f 4784/5138/3630 4169/4461/3015 4171/4463/3017
f 4785/5139/3631 4784/5138/3630 4171/4463/3017
f 4785/5139/3631 4171/4463/3017 4173/4465/3019
f 4786/5140/3632 4785/5139/3631 4173/4465/3019
f 4786/5140/3632 4173/4465/3019 4175/4467/3021
f 4787/5141/3633 4786/5140/3632 4175/4467/3021
f 4787/5141/3633 4175/4467/3021 4177/4469/3023
f 4788/5142/3634 4787/5141/3633 4177/4469/3023
f 4788/5142/3634 4177/4469/3023 4179/4471/3025
f 4789/5143/3635 4788/5142/3634 4179/4471/3025
f 4789/5143/3635 4179/4471/3025 4181/4473/3027
f 4790/5144/3636 4789/5143/3635 4181/4473/3027
f 4790/5144/3636 4181/4473/3027 4183/4475/3029
f 4791/5145/3637 4790/5144/3636 4183/4475/3029
f 4791/5145/3637 4183/4475/3029 4185/4477/3031
f 4792/5146/3638 4791/5145/3637 4185/4477/3031
f 4792/5146/3638 4185/4477/3031 4187/4479/3033
f 4793/5147/3639 4792/5146/3638 4187/4479/3033
f 4793/5147/3639 4187/4479/3033 4189/4481/3035
f 4794/5148/3640 4793/5147/3639 4189/4481/3035
f 4794/5148/3640 4189/4481/3035 4191/4483/3037
f 4795/5149/3641 4794/5148/3640 4191/4483/3037
f 4795/5149/3641 4191/4483/3037 4193/4485/3039
f 4796/5150/3642 4795/5149/3641 4193/4485/3039
f 4796/5150/3642 4193/4485/3039 4195/4487/3041
f 4797/5151/3643 4796/5150/3642 4195/4487/3041
f 4797/5151/3643 4195/4487/3041 4197/4489/3043
f 4798/5152/3644 4797/5151/3643 4197/4489/3043
f 4798/5152/3644 4197/4489/3043 4199/4491/3045
f 4799/5153/3645 4798/5152/3644 4199/4491/3045
f 4799/5153/3645 4199/4491/3045 4201/4493/3047
f 4800/5154/3646 4799/5153/3645 4201/4493/3047
f 4800/5154/3646 4201/4493/3047 4203/4495/3049
f 4801/5155/3647 4800/5154/3646 4203/4495/3049
f 4801/5155/3647 4203/4495/3049 4205/4497/3051
f 4802/5156/3648 4801/5155/3647 4205/4497/3051
f 4802/5156/3648 4205/4497/3051 4207/4499/3053
f 4803/5157/3649 4802/5156/3648 4207/4499/3053
f 4803/5157/3649 4207/4499/3053 4209/4501/3055
f 4804/5158/3650 4803/5157/3649 4209/4501/3055
f 4804/5158/3650 4209/4501/3055 4211/4503/3057
f 4805/5159/3651 4804/5158/3650 4211/4503/3057
f 4805/5159/3651 4211/4503/3057 4213/4505/3059
f 4743/5097/3589 4805/5159/3651 4213/4505/3059
f 4743/5097/3589 4213/4505/3059 4082/4374/2928
f 4081/4373/2927 4743/5097/3589 4082/4374/2928
f 4353/4645/3199 4352/4644/3198 4615/4969/3461
f 4481/4773/3327 4217/4509/3063 4806/5160/3652
f 4085/4377/2931 4217/4509/3063 4481/4773/3327
f 4085/4377/2931 4481/4773/3327 4552/4845/3398
f 4552/4845/3398 4481/4773/3327 3953/4245/2799
f 4552/4845/3398 3953/4245/2799 3952/4244/2798
f 4482/4774/3328 4481/4773/3327 4806/5160/3652
f 4617/4971/3463 3953/4245/2799 4482/4774/3328
f 4356/4648/3202 3954/4246/2800 4617/4971/3463
f 4806/5160/3652 4217/4509/3063 4616/4970/3462
f 4616/4970/3462 4216/4508/3062 4221/4513/3067
f 4744/5098/3590 4222/4514/3068 4223/4515/3069
f 4742/5096/3588 4355/4647/3201 4744/5098/3590
f 4221/4513/3067 4220/4512/3066 4742/5096/3588
f 3951/4243/2797 3950/4242/2796 4745/5099/3591
f 4219/4511/3065 4089/4381/2935 4356/4648/3202
f 4223/4515/3069 4091/4383/2937 4092/4384/2938
f 4092/4384/2938 3949/4241/2795 3951/4243/2797
f 4745/5099/3591 4218/4510/3064 4219/4511/3065
f 4620/4974/3466 3955/4247/2801 4090/4382/2936
f 4620/4974/3466 4090/4382/2936 4230/4522/3076
